[
	{
	"code": "saltpeter",
	"enabled": false,
	"comment": "Potassium nitrate can also be produced by neutralizing nitric acid with potassium hydroxide. This reaction is highly exothermic. Which basically means you should cool, not cook it, but VS does not allow mixing of two liquids in a barrel...",
	"perishableProps": {
		"type": "None",
		"freshHours": { "avg": 72 },
		"transitionHours": { "avg": 72 },
		"transitionRatio": 1,
		"transitionedStack": { "type": "item", "code": "game:saltpeter" }
	},
	"shape": { "base": "game:block/food/meal/liquid" },
	"ingredients": [
		{
		"code": "nitricacid", "minQuantity": 1, "maxQuantity": 1,
		"validStacks": [ { "type": "item", "code": "game:acid-full-nitric", "shapeElement": "bowl/water" } ],
		"portionSizeLitres": 1
		},
		{
		"code": "potassiumhydroxide", "minQuantity": 1, "maxQuantity": 1,
		"validStacks": [ { "type": "item", "code": "em:causticpotashportion", "shapeElement": "bowl/water" } ],
		"portionSizeLitres": 1
		}
	],
	"cooksInto": { "type": "item", "code": "game:saltpeter", "quantity": 1 }
	}
]
