{
  "code": "brush",
  "attributes": {
    "rackable": true,
    "toolrackTransform": {
      "translation": {
        "x": 0,
        "y": -0.9,
        "z": 0.1
      },
      "rotation": {
        "x": -180,
        "y": -48,
        "z": 0
      },
      "scale": 1.69
    },
    "groundTransform": {
      "translation": {
        "x": 0,
        "y": 0.4,
        "z": 0
      },
      "rotation": {
        "x": 0,
        "y": 0,
        "z": 0
      },
      "origin": {
        "x": 0.5,
        "y": 0.45,
        "z": 0.5
      },
      "scale": 4.61
    }
  },
  "behaviors": [
    {
      "name": "GroundStorable",
      "properties": {
        "layout": "Quadrants"
      }
    }
  ],
  //"maxstacksize": 16,
  "shape": { "base": "aldiclasses:item/brush" },
  "durability": 32,
  "creativeinventory": {
    "general": [ "*" ],
    "items": [ "*" ],
    "aldiclasses": [ "*" ]
  },
  "fpHandTransform": {
    "translation": {
      "x": 0.0468,
      "y": 0,
      "z": 0
    },
    "rotation": {
      "x": -161,
      "y": 20,
      "z": 90
    },
    "scale": 2.5
  },
  "guiTransform": {
    "translation": {
      "x": 0,
      "y": 0,
      "z": 0
    },
    "rotation": {
      "x": 145,
      "y": 17,
      "z": -20
    },
    "origin": {
      "x": 0.5,
      "y": 0.1,
      "z": 0.45
    },
    "scale": 5.13
  },
  "groundTransform": {
    "translation": {
      "x": 0,
      "y": 0.4,
      "z": 0
    },
    "rotation": {
      "x": 0,
      "y": 0,
      "z": 0
    },
    "origin": {
      "x": 0.5,
      "y": 0.45,
      "z": 0.5
    },
    "scale": 4.29
  },
  "tpHandTransform": {
    "translation": {
      "x": -0.5,
      "y": -0.4,
      "z": 0.1
    },
    "rotation": {
      "x": 91,
      "y": -153,
      "z": -4
    },
    "scale": 1
  }
}