{
  "code": "stonering",
  "maxstacksize": 64,
  "shape": { "base": "aldiclasses:item/stonering" },
  "attributes": {
    "onTongTransform": {
      "translation": {
        "x": -0.6,
        "y": -0.75,
        "z": -0.57
      },
      "rotation": {
        "x": 8,
        "y": 6,
        "z": 90
      }
    }
  },
  "creativeinventory": {
    "general": [ "*" ],
    "items": [ "*" ],
    "aldiclasses": [ "*" ]
  },
  "fpHandTransform": {
      "translation": {
        "x": 0.1,
        "y": 0.2,
        "z": 0.4
      },
      "rotation": {
        "x": -20,
        "y": 71,
        "z": 61
      },
      "scale": 2.77
  },
  "guiTransform": {
      "rotate": true,
      "translation": {
        "x": 0,
        "y": 0,
        "z": 0
      },
      "rotation": {
        "x": 9,
        "y": -152,
        "z": 142
      },
      "origin": {
        "x": 0.49,
        "y": 0.06,
        "z": 0.56
      },
      "scale": 3.4
  },
  "groundTransform": {
    "translation": {
      "x": 0,
      "y": 0,
      "z": 0
    },
    "rotation": {
      "x": 0,
      "y": 0,
      "z": 0
    },
    "origin": {
      "x": 0.5,
      "y": 0,
      "z": 0.55
    },
    "scale": 3.5
  },
  "tpHandTransform": {
      "translation": {
        "x": -0.74,
        "y": -0.11,
        "z": -0.48
      },
      "rotation": {
        "x": 0,
        "y": 0,
        "z": -10
      },
      "scale": 1
    }
  }
