{
  "code": "wetshroom",
  "Variantgroups": [
    {
      "code": "mushroom",
      "states": [ "golddropmilkcap", "earthball", "deathcap", "flyagaric", "devilbolete", "bitterbolete", "funeralbell", "elfinsaddle", "pinkbonnet", "devilstooth", "jackolantern" ]
    }
  ],
  "behaviors": [
    {
      "name": "GroundStorable",
      "properties": {
        "layout": "Stacking",
        "stackingModel": "aldiclasses:item/food/mushroom/mushroompile.json",
        "upSolid": false,
        "modelItemsToStackSizeRatio": 4,
        "stackingCapacity": 64,
        "transferQuantity": 1,
        "bulkTransferQuantity": 8,
        "collisionBox": {
          "x1": 0,
          "y1": 0,
          "z1": 0,
          "x2": 1,
          "y2": 0.12,
          "z2": 1
        },
        "cbScaleYByLayer": 0.12
      }
    }
  ],
  "creativeinventory": {
    "general": [ "*-normal" ],
    "flora": [ "*-normal" ],
    "aldiclasses": [ "*" ]
  },
  "drawtype": "JSON",
  "maxstacksize": 64,
  "storageFlags": 33,
  "shapeByType": {
    "*-golddropmilkcap": { "base": "aldiclasses:item/food/mushroom/washed/{mushroom}" },
    "*-earthball": { "base": "aldiclasses:item/food/mushroom/washed/{mushroom}" },
    "*-deathcap": { "base": "aldiclasses:item/food/mushroom/washed/{mushroom}" },
    "*-flyagaric": { "base": "aldiclasses:item/food/mushroom/washed/{mushroom}" },
    "*-devilbolete": { "base": "aldiclasses:item/food/mushroom/washed/{mushroom}" },
    "*-bitterbolete": { "base": "aldiclasses:item/food/mushroom/washed/{mushroom}" },
    "*-funeralbell": { "base": "aldiclasses:item/food/mushroom/washed/{mushroom}" },
    "*-elfinsaddle": { "base": "aldiclasses:item/food/mushroom/washed/{mushroom}" },
    "*-pinkbonnet": { "base": "aldiclasses:item/food/mushroom/washed/{mushroom}" },
    "*-devilstooth": { "base": "aldiclasses:item/food/mushroom/washed/{mushroom}" },
    "*-jackolantern": { "base": "aldiclasses:item/food/mushroom/washed/{mushroom}" }
  },
  "doNotRenderAtLod2": true,
  "blockmaterial": "Plant",
  "sideopaque": {
    "all": false
  },
  "sidesolid": {
    "all": false
  },
  "replaceable": 3000,
  "lightAbsorption": 0,
  "resistance": 1.5,
  "collisionbox": null,
  "selectionBox": {
    "x1": 0.125,
    "y1": 0,
    "z1": 0.125,
    "x2": 0.875,
    "y2": 0.25,
    "z2": 0.875
  },
  "guiTransform": {
    "rotation": {
      "x": -22,
      "y": 107,
      "z": -180
    },
    "origin": {
      "x": 0.5,
      "y": 0.2,
      "z": 0.5
    },
    "scale": 3,
    "rotate": true
  },
  "groundTransform": {
    "origin": {
      "x": 0.5,
      "y": 0,
      "z": 0.5
    },
    "scale": 5
  },
  "tpHandTransform": {
    "translation": {
      "x": -0.93,
      "y": -0.17,
      "z": -0.8
    },
    "rotation": {
      "x": 15,
      "y": -10,
      "z": -114
    },
    "origin": {
      "x": 0.5,
      "y": 0.1,
      "z": 0.5
    },
    "scale": 0.58
  },
  "sounds": {
    "place": "game:block/plant",
    "break": "game:block/plant",
    "hit": "game:block/plant"
  },
  "rainPermeable": true,
  "transitionablePropsByType": {
    "*": [
      {
        "type": "Dry",
        "freshHours": { "avg": 0 },
        "transitionHours": { "avg": 72 },
        "transitionedStack": {
          "type": "item",
          "code": "aldiclasses:dryshroom-{mushroom}"
        },
        "transitionRatio": 1
      }
    ]
  },
  "materialDensity": 200
}