[
  {
    "file": "wethology:entities/land/bearded-dragon.json",
    "op": "addmerge",
    "path": "/attributes",
    "side": "Server",
    "value": {
      "biorealm": [
        "pacific nearctic",
        "atlantic nearctic",
        "atlantic palearctic",
        "central palearctic",
        "eastern palearctic",
        "pacific palearctic",
        "pacific neotropic",
        "atlantic neotropic",
        "atlantic afrotropic",
        "eastern afrotropic",
        "australasian",
        "oceanic"
      ]
    },
    "dependsOn": [
      {
        "modid": "biomes"
      }
    ]
  },
  {
    "file": "wethology:entities/land/mountaingoat-female.json",
    "op": "addmerge",
    "path": "/attributes",
    "side": "Server",
    "value": {
      "biorealm": [
        "pacific nearctic",
        "atlantic nearctic",
        "atlantic palearctic",
        "central palearctic",
        "eastern palearctic",
        "pacific palearctic"
      ]
    },
    "dependsOn": [
      {
        "modid": "biomes"
      }
    ]
  },
  {
    "file": "wethology:entities/land/mountaingoat-kid.json",
    "op": "addmerge",
    "path": "/attributes",
    "side": "Server",
    "value": {
      "biorealm": [
        "pacific nearctic",
        "atlantic nearctic",
        "atlantic palearctic",
        "central palearctic",
        "eastern palearctic",
        "pacific palearctic"
      ]
    },
    "dependsOn": [
      {
        "modid": "biomes"
      }
    ]
  },
  {
    "file": "wethology:entities/land/mountaingoat-male.json",
    "op": "addmerge",
    "path": "/attributes",
    "side": "Server",
    "value": {
      "biorealm": [
        "pacific nearctic",
        "atlantic nearctic",
        "atlantic palearctic",
        "central palearctic",
        "eastern palearctic",
        "pacific palearctic"
      ]
    },
    "dependsOn": [
      {
        "modid": "biomes"
      }
    ]
  },
  {
    "file": "wethology:entities/land/mountainsheep-female.json",
    "op": "addmerge",
    "path": "/attributes",
    "side": "Server",
    "value": {
      "biorealm": [
        "pacific nearctic",
        "atlantic nearctic",
        "atlantic palearctic",
        "central palearctic",
        "eastern palearctic",
        "pacific palearctic"
      ]
    },
    "dependsOn": [
      {
        "modid": "biomes"
      }
    ]
  },
  {
    "file": "wethology:entities/land/mountainsheep-lamb.json",
    "op": "addmerge",
    "path": "/attributes",
    "side": "Server",
    "value": {
      "biorealm": [
        "pacific nearctic",
        "atlantic nearctic",
        "atlantic palearctic",
        "central palearctic",
        "eastern palearctic",
        "pacific palearctic"
      ]
    },
    "dependsOn": [
      {
        "modid": "biomes"
      }
    ]
  },
  {
    "file": "wethology:entities/land/mountainsheep-male.json",
    "op": "addmerge",
    "path": "/attributes",
    "side": "Server",
    "value": {
      "biorealm": [
        "pacific nearctic",
        "atlantic nearctic",
        "atlantic palearctic",
        "central palearctic",
        "eastern palearctic",
        "pacific palearctic"
      ]
    },
    "dependsOn": [
      {
        "modid": "biomes"
      }
    ]
  }
]