[


  {
    "file": "millwright:recipes/grid/windmillrotor",
    "op": "addmerge",
    "path": "/-",
    "side": "server",
    "value": {
      "ingredientPattern": "MHC,ELF",
      "requiresTrait": "timberwright",
      "enabled": true,
      "shapeless": false,
      "ingredients": {
        "H": {
          "type": "item",
          "code": "game:hammer-*",
          "isTool": true
        },
        "C": {
          "type": "item",
          "code": "game:chisel-*",
          "isTool": true
        },
        "L": {
          "type": "block",
          "code": "game:log-placed-*-ud",
          "name": "wood",
          "quantity": 2
        },
        "E": {
          "type": "item",
          "code": "game:resin"
        },
        "M": {
          "type": "item",
          "code": "game:metalplate-iron",
          "quantity": 2
        },
        "F": {
          "type": "item",
          "code": "game:fat"
        }
      },
      "width": 3,
      "height": 2,
      "recipeGroup": 2,
      "output": {
        "type": "block",
        "code": "millwright:windmillrotor-single-north",
        "quantity": 2
      }
    },
    "dependsOn": [
      {
        "modid": "millwright"
      }
    ]
  },

  {
    "file": "millwright:recipes/grid/windmillrotor",
    "op": "addmerge",
    "path": "/-",
    "side": "server",
    "value": {
      "ingredientPattern": "HCS,LRE",
      "requiresTrait": "timberwright",
      "enabled": true,
      "shapeless": false,
      "ingredients": {
        "H": {
          "type": "item",
          "code": "game:hammer-*",
          "isTool": true
        },
        "C": {
          "type": "item",
          "code": "game:chisel-*",
          "isTool": true
        },
        "S": {
          "type": "item",
          "code": "game:saw-*",
          "isTool": true
        },
        "R": {
          "type": "block",
          "code": "millwright:windmillrotor-single-*"
        },
        "L": {
          "type": "block",
          "code": "game:log-placed-*-ud",
          "name": "wood",
          "quantity": 2
        },
        "E": {
          "type": "item",
          "code": "game:resin",
          "quantity": 2
        }
      },
      "width": 3,
      "height": 2,
      "recipegroup": 2,
      "output": {
        "type": "block",
        "code": "millwright:windmillrotor-double-north",
        "quantity": 2
      }
    },
    "dependsOn": [
      {
        "modid": "millwright"
      }
    ]
  }
]
