[

    {
        "file": "millwright:recipes/grid/sails",
        "op": "addmerge",
        "path": "/-",
        "side": "server",
        "value": {
            "ingredientPattern": "HLS,LSL,SL_",
            "requiresTrait": "sailwright",
            "ingredients": {
                "H": {
                    "type": "item",
                    "code": "game:hammer-*",
                    "isTool": true
                },
                "S": {
                    "type": "item",
                    "code": "game:stick",
                    "quantity": 8
                },
                "L": {
                    "type": "block",
                    "code": "game:linen-*",
                    "quantity": 4
                }
            },
            "width": 3,
            "height": 3,
            "recipeGroup": 2,
            "output": {
                "type": "item",
                "code": "millwright:sailcentered",
                "quantity": 12
            }
        },
        "dependsOn": [
            {
                "modid": "millwright"
            }
        ]
    },
    {
        "op": "replace",
        "path": "/3/output",
        "value": {
            "type": "block",
            "code": "game:linen-normal-down",
            "quantity": 1
        },
        "file": "millwright:recipes/grid/sails.json",
        "dependsOn": [ { "modid": "millwright" } ]
    },
    {
        "file": "millwright:recipes/grid/sails",
        "op": "addmerge",
        "path": "/-",
        "side": "server",
        "value": {
            "ingredientPattern": "SLH,LSL,_LS",
            "requiresTrait": "sailwright",
            "ingredients": {
                "H": {
                    "type": "item",
                    "code": "game:hammer-*",
                    "isTool": true
                },
                "S": {
                    "type": "item",
                    "code": "game:stick",
                    "quantity": 4
                },
                "L": {
                    "type": "block",
                    "code": "game:linen-*",
                    "quantity": 4
                }
            },
            "width": 3,
            "height": 3,
            "recipeGroup": 2,
            "output": {
                "type": "item",
                "code": "millwright:sailangled",
                "quantity": 12
            }
        },
        "dependsOn": [
            {
                "modid": "millwright"
            }
        ]
    },
    {
        "op": "replace",
        "path": "/4/output",
        "value": {
            "type": "block",
            "code": "game:linen-normal-down",
            "quantity": 1
        },
        "file": "millwright:recipes/grid/sails.json",
        "dependsOn": [ { "modid": "millwright" } ]
    },
    {
        "file": "millwright:recipes/grid/sails",
        "op": "addmerge",
        "path": "/-",
        "side": "server",
        "value": {
            "ingredientPattern": "SLH,_SL,__S",
            "requiresTrait": "sailwright",
            "ingredients": {
                "H": {
                    "type": "item",
                    "code": "game:hammer-*",
                    "isTool": true
                },
                "S": {
                    "type": "item",
                    "code": "game:stick",
                    "quantity": 8
                },
                "L": {
                    "type": "block",
                    "code": "game:linen-*",
                    "quantity": 8
                }
            },
            "width": 3,
            "height": 3,
            "recipeGroup": 2,
            "output": {
                "type": "item",
                "code": "millwright:sailwide",
                "quantity": 12
            }
        },
        "dependsOn": [
            {
                "modid": "millwright"
            }
        ]
    },
    {
        "op": "replace",
        "path": "/5/output",
        "value": {
            "type": "block",
            "code": "game:linen-normal-down",
            "quantity": 1
        },
        "file": "millwright:recipes/grid/sails.json",
        "dependsOn": [ { "modid": "millwright" } ]
    },
    {
        "op": "replace",
        "path": "/6/ingredients",
        "value": {
            "K": {
                "type": "item",
                "code": "game:knife-*",
                "isTool": true
            },
            "S": {
                "type": "item",
                "code": "game:sail",
                "quantity": 2
            }
        },
        "file": "millwright:recipes/grid/sails.json",
        "dependsOn": [ { "modid": "millwright" } ]
        
    }
]
