[
  //this file sets percentages for every class for every xSkill skill. changing the values directly affects the game.
  {
    "file": "xskills:skills/combat",
    "op": "addmerge",
    "path": "/classexpmult",
    "value": {
      "potter": -0.15,
      "farmer": -0.15,
      "lumberjack": -0.05,
      "carpenter": -0.1,
      "squire": 0.15,
      "blacksmith": 0.1,
      "druid": 0.1,
      "mercenary": 0.2,
      "wildrunner": 0.2,
      "wanderer": -0.05,
      "innkeeper": 0.05,
      "handwright": 0.1,
      "entropic": -0.05,
      "threadweaver": -0.05,
      "earthshaper": -0.05,
      "deepforger": 0.1,
      "shadowstrider": -0.25,
        "timberborn": 0.1
    }
  },
  {
    "file": "xskills:skills/cooking",
    "op": "addmerge",
    "path": "/classexpmult",
    "value": {
      "potter": 0.1,
      "farmer": 0.1,
      "lumberjack": -0.1,
      "carpenter": -0.1,
      "squire": 0.15,
      "blacksmith": 0.1,
      "druid": 0.05,
      "mercenary": -0.2,
      "wildrunner": -0.2,
      "wanderer": 0.1,
      "innkeeper": 0.25,
      "threadweaver": 0.05,
      "earthshaper": 0.05,
      "deepforger": -0.1,
      "shadowstrider": -0.05,
      "timberborn": 0.05

    }
  },
  {
    "file": "xskills:skills/digging",
    "op": "addmerge",
    "path": "/classexpmult",
    "value": {
      "potter": 0.2,
      "farmer": -0.1,
      "lumberjack": 0.15,
      "carpenter": 0.1,
      "squire": 0.05,
      "blacksmith": 0.1,
      "druid": -0.05,
      "wildrunner": -0.2,
      "innkeeper": 0.1,
      "threadweaver": -0.05,
      "earthshaper": 0.25,
      "deepforger": 0.15,
      "shadowstrider": -0.05,
      "timberborn": -0.1

    }
  },
  {
    "file": "xskills:skills/farming",
    "op": "addmerge",
    "path": "/classexpmult",
    "value": {
      "potter": 0.05,
      "farmer": 0.25,
      "lumberjack": 0.15,
      "carpenter": -0.05,
      "squire": -0.05,
      "blacksmith": -0.1,
      "druid": 0.15,
      "mercenary": -0.1,
      "wildrunner": -0.1,
      "innkeeper": -0.1,
      "handwright": -0.1,
      "threadweaver": 0.1,
      "earthshaper": 0.1,
      "shadowstrider": -0.05,
      "timberborn": 0.05

    }
  },
  {
    "file": "xskills:skills/forestry",
    "op": "addmerge",
    "path": "/classexpmult",
    "value": {
      "potter": 0.1,
      "farmer": -0.05,
      "lumberjack": 0.25,
      "carpenter": 0.15,
      "squire": 0.15,
      "blacksmith": -0.05,
      "druid": -0.1,
      "wanderer": 0.1,
      "innkeeper": 0.15,
      "handwright": 0.1,
      "earthshaper": -0.1,
      "deepforger": 0.05,
      "shadowstrider": -0.05,
      "timberborn": 0.25
    }
  },
  {
    "file": "xskills:skills/husbandry",
    "op": "addmerge",
    "path": "/classexpmult",
    "value": {
      "potter": -0.05,
      "farmer": 0.15,
      "lumberjack": 0.1,
      "carpenter": -0.1,
      "squire": 0.05,
      "blacksmith": -0.1,
      "druid": 0.05,
      "mercenary": -0.1,
      "wildrunner": -0.1,
      "wanderer": -0.2,
      "innkeeper": 0.25,
      "handwright": -0.1,
      "shadowstrider": -0.05,
      "timberborn": -0.1
    }
  },
  {
    "file": "xskills:skills/metalworking",
    "op": "addmerge",
    "path": "/classexpmult",
    "value": {
      "potter": 0.1,
      "farmer": -0.15,
      "lumberjack": -0.1,
      "carpenter": 0.05,
      "squire": 0.05,
      "blacksmith": 0.25,
      "druid": -0.15,
      "wildrunner": -0.1,
      "wanderer": 0.05,
      "innkeeper": 0.05,
      "handwright": 0.1,
      "entropic": 0.2,
      "deepforger": 0.25,
      "shadowstrider": -0.05,
      "timberborn": -0.05

    }
  },
  {
    "file": "xskills:skills/mining",
    "op": "addmerge",
    "path": "/classexpmult",
    "value": {
      "potter": 0.15,
      "farmer": -0.15,
      "lumberjack": -0.05,
      "carpenter": 0.15,
      "squire": -0.05,
      "blacksmith": 0.15,
      "druid": -0.1,
      "mercenary": -0.1,
      "wildrunner": -0.1,
      "wanderer": -0.05,
      "innkeeper": -0.1,
      "entropic": 0.15,
      "deepforger": 0.25,
      "shadowstrider": -0.05,
      "timberborn": -0.1
    }
  },
  {
    "file": "xskills:skills/pottery",
    "op": "addmerge",
    "path": "/classexpmult",
    "value": {
      "potter": 0.25,
      "farmer": -0.1,
      "lumberjack": -0.1,
      "carpenter": 0.1,
      "squire": 0.1,
      "blacksmith": 0.15,
      "druid": -0.1,
      "mercenary": -0.2,
      "wildrunner": -0.05,
      "wanderer": 0.1,
      "innkeeper": -0.1,
      "handwright": 0.1,
      "threadweaver": 0.05,
      "earthshaper": 0.25,
      "deepforger": -0.1,
      "shadowstrider": -0.05


    }
  },
  {
    "file": "xskills:skills/survival",
    "op": "addmerge",
    "path": "/classexpmult",
    "value": {
      "potter": -0.15,
      "farmer": 0.1,
      "lumberjack": 0.1,
      "carpenter": -0.1,
      "squire": 0.15,
      "blacksmith": -0.05,
      "druid": 0.15,
      "mercenary": 0.1,
      "wildrunner": 0.2,
      "wanderer": 0.25,
      "innkeeper": 0.05,
      "handwright": -0.2,
      "entropic": 0.1,
      "threadweaver": 0.05,
      "earthshaper": 0.05,
      "deepforger": 0.1,
      "shadowstrider": 0.3,
      "timberborn": 0.15

    }
  },
  {
    "file": "xskills:skills/temporaladaptation",
    "op": "addmerge",
    "path": "/classexpmult",
    "value": {
      "potter": -0.1,
      "farmer": -0.15,
      "lumberjack": -0.1,
      "carpenter": -0.1,
      "squire": -0.1,
      "blacksmith": -0.05,
      "druid": 0.1,
      "mercenary": 0.15,
      "wildrunner": 0.15,
      "wanderer": 0.15,
      "innkeeper": -0.05,
      "entropic": 0.25,
      "threadweaver": 0.15,
      "deepforger": -0.05,
      "shadowstrider": 0.25,
      "timberborn": 0.1
    }
  }
]
  