{
  "code": "cavespiremarker",
  "class": "Block",
  "entityclass": "BlockEntityRiftSpireMarker",

  "attributes": {
    "riftRespawn": {
      "hours": 168,
      "radius": 50,
      "blockCode": "wrustbound:cavespire-juvenile1"
    },
    "handbook": {
      "exclude": true
    }
  },

  "blockmaterial": "Stone",
  "creativeinventory": {
    "general": [ "*" ]
  },

  "shape": {
    "base": "game:block/basic/cube"
  },
  "sounds": {},
  "drops": [],

  "lightAbsorption": 0,

  "resistance": 10,
  "hardness": 6
}