{
	"editor": {
		"backDropShape": "",
		"collapsedPaths": "",
		"allAngles": false,
		"entityTextureMode": false,
		"singleTexture": false,
		"vsFormatConverted": false
	},
	"textureWidth": 8,
	"textureHeight": 8,
	"textureSizes": {
		"birch": [32, 32],
		"rope": [32, 32],
		"aged": [32, 32],
		"oak": [32, 32],
		"copper": [32, 32],
		"lid": [16, 16],
		"sides": [16, 16],
		"accessories": [16, 16]
	},
	"textures": {
		"birch": "game:block/wood/debarked/birch",
		"rope": "game:item/resource/rope",
		"aged": "game:block/wood/debarked/aged",
		"oak": "game:block/wood/oak",
		"copper": "game:block/metal/plate/copper",
		"lid": "game:block/wood/trunk/lid",
		"sides": "game:block/wood/trunk/sides",
		"accessories": "game:block/wood/trunk/accessories"
	},
	"elements": [
		{
			"name": "ChestBackrack",
			"from": [0, -1.65, 8],
			"to": [0, -1.65, 8],
			"rotationOrigin": [0, -1.65, 8],
			"children": [
				{
					"name": "Frame",
					"from": [8, 8, 0],
					"to": [8, 8, 0],
					"rotationOrigin": [8, 8, 0],
					"children": [
						{
							"name": "frame1",
							"from": [-5, -9, -3],
							"to": [-4, 7, -1],
							"rotationOrigin": [-5, 0, -1],
							"faces": {
								"north": {"texture": "#aged", "uv": [29, 0, 32, 32], "autoUv": false, "snapUv": false},
								"east": {"texture": "#aged", "uv": [3, 0, 7, 32], "autoUv": false, "snapUv": false},
								"south": {"texture": "#aged", "uv": [20, 0, 23, 32], "autoUv": false, "snapUv": false},
								"west": {"texture": "#aged", "uv": [0, 0, 3, 32], "autoUv": false, "snapUv": false},
								"up": {"texture": "#birch", "uv": [6, 4, 10, 10], "autoUv": false, "snapUv": false},
								"down": {"texture": "#birch", "uv": [8, 5, 11, 9], "autoUv": false, "snapUv": false}
							},
							"renderPass": 0
						},
						{
							"name": "frame2",
							"from": [-5, -9, 1],
							"to": [-4, 7, 3],
							"rotationOrigin": [-5, 0, 3],
							"faces": {
								"north": {"texture": "#aged", "uv": [0, 0, 3, 32], "autoUv": false, "snapUv": false},
								"east": {"texture": "#aged", "uv": [25, 0, 29, 32], "autoUv": false, "snapUv": false},
								"south": {"texture": "#aged", "uv": [14, 0, 16, 32], "autoUv": false, "snapUv": false},
								"west": {"texture": "#aged", "uv": [11, 0, 16, 32], "autoUv": false, "snapUv": false},
								"up": {"texture": "#birch", "uv": [9, 5, 12, 9], "autoUv": false, "snapUv": false},
								"down": {"texture": "#birch", "uv": [12, 16, 15, 20], "autoUv": false, "snapUv": false}
							},
							"renderPass": 0
						},
						{
							"name": "frame3",
							"from": [-5, -6, 3],
							"to": [4, -4, 4],
							"rotationOrigin": [-5, 3, 5],
							"faces": {
								"north": {"texture": "#aged", "uv": [0, 27, 32, 32], "autoUv": false, "snapUv": false},
								"east": {"texture": "#birch", "uv": [10, 23, 14, 27], "autoUv": false, "snapUv": false},
								"south": {"texture": "#aged", "uv": [0, 9, 32, 15], "autoUv": false, "snapUv": false},
								"west": {"texture": "#birch", "uv": [3, 15, 7, 20], "autoUv": false, "snapUv": false},
								"up": {"texture": "#aged", "uv": [0, 0, 32, 3], "autoUv": false, "snapUv": false},
								"down": {"texture": "#aged", "uv": [0, 23, 32, 26], "autoUv": false, "snapUv": false}
							},
							"renderPass": 0
						},
						{
							"name": "frame4",
							"from": [-5, -6, -4],
							"to": [4, -4, -3],
							"rotationOrigin": [-5, 3, -2],
							"faces": {
								"north": {"texture": "#aged", "uv": [0, 27, 32, 32], "autoUv": false, "snapUv": false},
								"east": {"texture": "#birch", "uv": [10, 23, 14, 27], "autoUv": false, "snapUv": false},
								"south": {"texture": "#aged", "uv": [0, 9, 32, 15], "autoUv": false, "snapUv": false},
								"west": {"texture": "#birch", "uv": [3, 15, 7, 20], "autoUv": false, "snapUv": false},
								"up": {"texture": "#aged", "uv": [0, 0, 32, 3], "autoUv": false, "snapUv": false},
								"down": {"texture": "#aged", "uv": [0, 23, 32, 26], "autoUv": false, "snapUv": false}
							},
							"renderPass": 0
						},
						{
							"name": "frame5",
							"from": [-4, 3, -5],
							"to": [-3, 4, 5],
							"rotationOrigin": [-5, 11, 1],
							"faces": {
								"north": {"texture": "#birch", "uv": [2, 19, 6, 24], "autoUv": false, "snapUv": false},
								"east": {"texture": "#aged", "uv": [0, 0, 32, 5], "autoUv": false, "snapUv": false},
								"south": {"texture": "#birch", "uv": [12, 15, 16, 20], "autoUv": false, "snapUv": false},
								"west": {"texture": "#aged", "uv": [0, 24, 32, 29], "autoUv": false, "snapUv": false},
								"up": {"texture": "#aged", "uv": [18, 0, 21, 32], "autoUv": false, "snapUv": false},
								"down": {"texture": "#aged", "uv": [10, 0, 13, 32], "autoUv": false, "snapUv": false}
							},
							"renderPass": 0
						},
						{
							"name": "frame6",
							"from": [-4, -7, -5],
							"to": [-3, -6, 5],
							"rotationOrigin": [-5, 1, 1],
							"faces": {
								"north": {"texture": "#birch", "uv": [2, 19, 6, 24], "autoUv": false, "snapUv": false},
								"east": {"texture": "#aged", "uv": [0, 0, 32, 5], "autoUv": false, "snapUv": false},
								"south": {"texture": "#birch", "uv": [12, 15, 16, 20], "autoUv": false, "snapUv": false},
								"west": {"texture": "#aged", "uv": [0, 24, 32, 29], "autoUv": false, "snapUv": false},
								"up": {"texture": "#aged", "uv": [18, 0, 21, 32], "autoUv": false, "snapUv": false},
								"down": {"texture": "#aged", "uv": [10, 0, 13, 32], "autoUv": false, "snapUv": false}
							},
							"renderPass": 0
						},
						{
							"name": "board1",
							"from": [-4, 0, -4],
							"to": [-3.75, 2, 4],
							"rotationOrigin": [-5, 8, 1],
							"faces": {
								"north": {"texture": "#oak", "uv": [18, 3, 20, 7], "autoUv": false, "snapUv": false},
								"east": {"texture": "#oak", "uv": [14, 0, 32, 32], "rotation": 90, "autoUv": false, "snapUv": false},
								"south": {"texture": "#oak", "uv": [18, 6, 20, 3], "autoUv": false, "snapUv": false},
								"west": {"texture": "#oak", "uv": [14, 0, 32, 32], "rotation": 90, "autoUv": false, "snapUv": false},
								"up": {"texture": "#oak", "uv": [29, 0, 32, 32], "autoUv": false, "snapUv": false},
								"down": {"texture": "#oak", "uv": [29, 0, 32, 32], "autoUv": false, "snapUv": false}
							},
							"renderPass": 0
						},
						{
							"name": "board2",
							"from": [-4, -3, -4],
							"to": [-3.75, -1, 4],
							"rotationOrigin": [-5, 5, 1],
							"faces": {
								"north": {"texture": "#oak", "uv": [18, 3, 20, 7], "autoUv": false, "snapUv": false},
								"east": {"texture": "#oak", "uv": [14, 0, 32, 32], "rotation": 90, "autoUv": false, "snapUv": false},
								"south": {"texture": "#oak", "uv": [18, 6, 20, 3], "autoUv": false, "snapUv": false},
								"west": {"texture": "#oak", "uv": [14, 0, 32, 32], "rotation": 90, "autoUv": false, "snapUv": false},
								"up": {"texture": "#oak", "uv": [29, 0, 32, 32], "autoUv": false, "snapUv": false},
								"down": {"texture": "#oak", "uv": [29, 0, 32, 32], "autoUv": false, "snapUv": false}
							},
							"renderPass": 0
						},
						{
							"name": "Rope",
							"from": [-5, 3, 5],
							"to": [-5, 3, 5],
							"rotationOrigin": [-5, 3, 5],
							"children": [
								{
									"name": "rope1",
									"from": [0, 1, -2],
									"to": [2, 1.5, -1.5],
									"rotationOrigin": [0, 1, -1],
									"faces": {
										"north": {"texture": "#rope", "uv": [0, 0, 10, 3.5], "autoUv": false, "snapUv": false},
										"east": {"texture": "#rope", "uv": [0, 0, 6.3, 3.5], "autoUv": false, "snapUv": false},
										"south": {"texture": "#rope", "uv": [0, 0, 10, 3.5], "autoUv": false, "snapUv": false},
										"west": {"texture": "#rope", "uv": [0, 0, 6.3, 3.5], "autoUv": false, "snapUv": false},
										"up": {"texture": "#rope", "uv": [0, 0, 10, 6.3], "autoUv": false, "snapUv": false},
										"down": {"texture": "#rope", "uv": [0, 0, 10, 6.3], "autoUv": false, "snapUv": false}
									},
									"renderPass": 0
								},
								{
									"name": "rope2",
									"from": [-0.5, -0.5, -2],
									"to": [2, 0, -1.5],
									"rotationOrigin": [0, -0.5, -1],
									"faces": {
										"north": {"texture": "#rope", "uv": [0, 0, 12.5, 3.5], "autoUv": false, "snapUv": false},
										"east": {"texture": "#rope", "uv": [0, 0, 6.3, 3.5], "autoUv": false, "snapUv": false},
										"south": {"texture": "#rope", "uv": [0, 0, 12.5, 3.5], "autoUv": false, "snapUv": false},
										"west": {"texture": "#rope", "uv": [0, 0, 6.3, 3.5], "autoUv": false, "snapUv": false},
										"up": {"texture": "#rope", "uv": [0, 0, 12.5, 6.3], "autoUv": false, "snapUv": false},
										"down": {"texture": "#rope", "uv": [0, 0, 12.5, 6.3], "autoUv": false, "snapUv": false}
									},
									"renderPass": 0
								},
								{
									"name": "rope3",
									"from": [0, 1, -4.5],
									"to": [2, 1.5, -4],
									"rotationOrigin": [0, 1, -3.5],
									"faces": {
										"north": {"texture": "#rope", "uv": [0, 0, 10, 3.5], "autoUv": false, "snapUv": false},
										"east": {"texture": "#rope", "uv": [0, 0, 6.3, 3.5], "autoUv": false, "snapUv": false},
										"south": {"texture": "#rope", "uv": [0, 0, 10, 3.5], "autoUv": false, "snapUv": false},
										"west": {"texture": "#rope", "uv": [0, 0, 6.3, 3.5], "autoUv": false, "snapUv": false},
										"up": {"texture": "#rope", "uv": [0, 0, 10, 6.3], "autoUv": false, "snapUv": false},
										"down": {"texture": "#rope", "uv": [0, 0, 10, 6.3], "autoUv": false, "snapUv": false}
									},
									"renderPass": 0
								},
								{
									"name": "rope4",
									"from": [-0.5, 1, -4.25],
									"to": [0, 1.5, -1.75],
									"rotationOrigin": [-2, 1, -1],
									"faces": {
										"north": {"texture": "#rope", "uv": [0, 0, 2.5, 3.5], "autoUv": false, "snapUv": false},
										"east": {"texture": "#rope", "uv": [0, 0, 31.5, 3.5], "autoUv": false, "snapUv": false},
										"south": {"texture": "#rope", "uv": [0, 0, 2.5, 3.5], "autoUv": false, "snapUv": false},
										"west": {"texture": "#rope", "uv": [0, 0, 31.5, 3.5], "autoUv": false, "snapUv": false},
										"up": {"texture": "#rope", "uv": [0, 0, 2.5, 31.5], "autoUv": false, "snapUv": false},
										"down": {"texture": "#rope", "uv": [0, 0, 2.5, 31.5], "autoUv": false, "snapUv": false}
									},
									"renderPass": 0
								},
								{
									"name": "rope5",
									"from": [-0.5, -0.09985, -4.2685],
									"to": [0, 0.40015, -2.0185],
									"rotationOrigin": [-2, 0.25, -3.5],
									"faces": {
										"north": {"texture": "#rope", "uv": [2.5, 0, 0, 3.5], "autoUv": false, "snapUv": false},
										"east": {"texture": "#rope", "uv": [28.35, 0, 0, 3.5], "autoUv": false, "snapUv": false},
										"south": {"texture": "#rope", "uv": [2.5, 0, 0, 3.5], "autoUv": false, "snapUv": false},
										"west": {"texture": "#rope", "uv": [28.35, 0, 0, 3.5], "autoUv": false, "snapUv": false},
										"up": {"texture": "#rope", "uv": [0, 28.35, 2.5, 0], "autoUv": false, "snapUv": false},
										"down": {"texture": "#rope", "uv": [0, 28.35, 2.5, 0], "autoUv": false, "snapUv": false}
									},
									"rotationX": -42.5,
									"renderPass": 0
								},
								{
									"name": "rope6",
									"from": [2, -0.25, -2],
									"to": [2.5, 1.25, -1.5],
									"rotationOrigin": [2, 1, -1],
									"faces": {
										"north": {"texture": "#rope", "uv": [0, 0, 2.5, 10.5], "autoUv": false, "snapUv": false},
										"east": {"texture": "#rope", "uv": [0, 0, 6.3, 10.5], "autoUv": false, "snapUv": false},
										"south": {"texture": "#rope", "uv": [0, 0, 2.5, 10.5], "autoUv": false, "snapUv": false},
										"west": {"texture": "#rope", "uv": [0, 0, 6.3, 10.5], "autoUv": false, "snapUv": false},
										"up": {"texture": "#rope", "uv": [0, 0, 2.5, 6.3], "autoUv": false, "snapUv": false},
										"down": {"texture": "#rope", "uv": [0, 0, 2.5, 6.3], "autoUv": false, "snapUv": false}
									},
									"renderPass": 0
								},
								{
									"name": "rope7",
									"from": [2, -0.25, -4.5],
									"to": [2.5, 1.25, -4],
									"rotationOrigin": [2, 1, -3.5],
									"faces": {
										"north": {"texture": "#rope", "uv": [0, 0, 2.5, 10.5], "autoUv": false, "snapUv": false},
										"east": {"texture": "#rope", "uv": [0, 0, 6.3, 10.5], "autoUv": false, "snapUv": false},
										"south": {"texture": "#rope", "uv": [0, 0, 2.5, 10.5], "autoUv": false, "snapUv": false},
										"west": {"texture": "#rope", "uv": [0, 0, 6.3, 10.5], "autoUv": false, "snapUv": false},
										"up": {"texture": "#rope", "uv": [0, 0, 2.5, 6.3], "autoUv": false, "snapUv": false},
										"down": {"texture": "#rope", "uv": [0, 0, 2.5, 6.3], "autoUv": false, "snapUv": false}
									},
									"renderPass": 0
								},
								{
									"name": "rope8",
									"from": [-0.5, -0.5, -4.5],
									"to": [2, 0, -4],
									"rotationOrigin": [0, -0.5, -3.5],
									"faces": {
										"north": {"texture": "#rope", "uv": [0, 0, 12.5, 3.5], "autoUv": false, "snapUv": false},
										"east": {"texture": "#rope", "uv": [0, 0, 6.3, 3.5], "autoUv": false, "snapUv": false},
										"south": {"texture": "#rope", "uv": [0, 0, 12.5, 3.5], "autoUv": false, "snapUv": false},
										"west": {"texture": "#rope", "uv": [0, 0, 6.3, 3.5], "autoUv": false, "snapUv": false},
										"up": {"texture": "#rope", "uv": [0, 0, 12.5, 6.3], "autoUv": false, "snapUv": false},
										"down": {"texture": "#rope", "uv": [0, 0, 12.5, 6.3], "autoUv": false, "snapUv": false}
									},
									"renderPass": 0
								},
								{
									"name": "rope9",
									"from": [-0.5, -0.09985, -3.9815],
									"to": [0, 0.40015, -1.7315],
									"rotationOrigin": [-2, 0.25, -2.5],
									"faces": {
										"north": {"texture": "#rope", "uv": [0, 0, 2.5, 3.5], "autoUv": false, "snapUv": false},
										"east": {"texture": "#rope", "uv": [0, 0, 28.35, 3.5], "autoUv": false, "snapUv": false},
										"south": {"texture": "#rope", "uv": [0, 0, 2.5, 3.5], "autoUv": false, "snapUv": false},
										"west": {"texture": "#rope", "uv": [0, 0, 28.35, 3.5], "autoUv": false, "snapUv": false},
										"up": {"texture": "#rope", "uv": [0, 0, 2.5, 28.35], "autoUv": false, "snapUv": false},
										"down": {"texture": "#rope", "uv": [0, 0, 2.5, 28.35], "autoUv": false, "snapUv": false}
									},
									"rotationX": 42.5,
									"renderPass": 0
								},
								{
									"name": "rope10",
									"from": [0, 1, -6],
									"to": [2, 1.5, -5.5],
									"rotationOrigin": [0, 1, -5],
									"faces": {
										"north": {"texture": "#rope", "uv": [0, 0, 10, 3.5], "autoUv": false, "snapUv": false},
										"east": {"texture": "#rope", "uv": [0, 0, 6.3, 3.5], "autoUv": false, "snapUv": false},
										"south": {"texture": "#rope", "uv": [0, 0, 10, 3.5], "autoUv": false, "snapUv": false},
										"west": {"texture": "#rope", "uv": [0, 0, 6.3, 3.5], "autoUv": false, "snapUv": false},
										"up": {"texture": "#rope", "uv": [0, 0, 10, 6.3], "autoUv": false, "snapUv": false},
										"down": {"texture": "#rope", "uv": [0, 0, 10, 6.3], "autoUv": false, "snapUv": false}
									},
									"renderPass": 0
								},
								{
									"name": "rope11",
									"from": [-0.5, -0.5, -6],
									"to": [2, 0, -5.5],
									"rotationOrigin": [0, -0.5, -5],
									"faces": {
										"north": {"texture": "#rope", "uv": [0, 0, 12.5, 3.5], "autoUv": false, "snapUv": false},
										"east": {"texture": "#rope", "uv": [0, 0, 6.3, 3.5], "autoUv": false, "snapUv": false},
										"south": {"texture": "#rope", "uv": [0, 0, 12.5, 3.5], "autoUv": false, "snapUv": false},
										"west": {"texture": "#rope", "uv": [0, 0, 6.3, 3.5], "autoUv": false, "snapUv": false},
										"up": {"texture": "#rope", "uv": [0, 0, 12.5, 6.3], "autoUv": false, "snapUv": false},
										"down": {"texture": "#rope", "uv": [0, 0, 12.5, 6.3], "autoUv": false, "snapUv": false}
									},
									"renderPass": 0
								},
								{
									"name": "rope12",
									"from": [0, 1, -8.5],
									"to": [2, 1.5, -8],
									"rotationOrigin": [0, 1, -7.5],
									"faces": {
										"north": {"texture": "#rope", "uv": [0, 0, 10, 3.5], "autoUv": false, "snapUv": false},
										"east": {"texture": "#rope", "uv": [0, 0, 6.3, 3.5], "autoUv": false, "snapUv": false},
										"south": {"texture": "#rope", "uv": [0, 0, 10, 3.5], "autoUv": false, "snapUv": false},
										"west": {"texture": "#rope", "uv": [0, 0, 6.3, 3.5], "autoUv": false, "snapUv": false},
										"up": {"texture": "#rope", "uv": [0, 0, 10, 6.3], "autoUv": false, "snapUv": false},
										"down": {"texture": "#rope", "uv": [0, 0, 10, 6.3], "autoUv": false, "snapUv": false}
									},
									"renderPass": 0
								},
								{
									"name": "rope13",
									"from": [-0.5, 1, -8.25],
									"to": [0, 1.5, -5.75],
									"rotationOrigin": [-2, 1, -5],
									"faces": {
										"north": {"texture": "#rope", "uv": [0, 0, 2.5, 3.5], "autoUv": false, "snapUv": false},
										"east": {"texture": "#rope", "uv": [0, 0, 31.5, 3.5], "autoUv": false, "snapUv": false},
										"south": {"texture": "#rope", "uv": [0, 0, 2.5, 3.5], "autoUv": false, "snapUv": false},
										"west": {"texture": "#rope", "uv": [0, 0, 31.5, 3.5], "autoUv": false, "snapUv": false},
										"up": {"texture": "#rope", "uv": [0, 0, 2.5, 31.5], "autoUv": false, "snapUv": false},
										"down": {"texture": "#rope", "uv": [0, 0, 2.5, 31.5], "autoUv": false, "snapUv": false}
									},
									"renderPass": 0
								},
								{
									"name": "rope14",
									"from": [-0.5, -0.09985, -8.2685],
									"to": [0, 0.40015, -6.0185],
									"rotationOrigin": [-2, 0.25, -7.5],
									"faces": {
										"north": {"texture": "#rope", "uv": [2.5, 0, 0, 3.5], "autoUv": false, "snapUv": false},
										"east": {"texture": "#rope", "uv": [28.35, 0, 0, 3.5], "autoUv": false, "snapUv": false},
										"south": {"texture": "#rope", "uv": [2.5, 0, 0, 3.5], "autoUv": false, "snapUv": false},
										"west": {"texture": "#rope", "uv": [28.35, 0, 0, 3.5], "autoUv": false, "snapUv": false},
										"up": {"texture": "#rope", "uv": [0, 28.35, 2.5, 0], "autoUv": false, "snapUv": false},
										"down": {"texture": "#rope", "uv": [0, 28.35, 2.5, 0], "autoUv": false, "snapUv": false}
									},
									"rotationX": -42.5,
									"renderPass": 0
								},
								{
									"name": "rope15",
									"from": [2, -0.25, -6],
									"to": [2.5, 1.25, -5.5],
									"rotationOrigin": [2, 1, -5],
									"faces": {
										"north": {"texture": "#rope", "uv": [0, 0, 2.5, 10.5], "autoUv": false, "snapUv": false},
										"east": {"texture": "#rope", "uv": [0, 0, 6.3, 10.5], "autoUv": false, "snapUv": false},
										"south": {"texture": "#rope", "uv": [0, 0, 2.5, 10.5], "autoUv": false, "snapUv": false},
										"west": {"texture": "#rope", "uv": [0, 0, 6.3, 10.5], "autoUv": false, "snapUv": false},
										"up": {"texture": "#rope", "uv": [0, 0, 2.5, 6.3], "autoUv": false, "snapUv": false},
										"down": {"texture": "#rope", "uv": [0, 0, 2.5, 6.3], "autoUv": false, "snapUv": false}
									},
									"renderPass": 0
								},
								{
									"name": "rope16",
									"from": [2, -0.25, -8.5],
									"to": [2.5, 1.25, -8],
									"rotationOrigin": [2, 1, -7.5],
									"faces": {
										"north": {"texture": "#rope", "uv": [0, 0, 2.5, 10.5], "autoUv": false, "snapUv": false},
										"east": {"texture": "#rope", "uv": [0, 0, 6.3, 10.5], "autoUv": false, "snapUv": false},
										"south": {"texture": "#rope", "uv": [0, 0, 2.5, 10.5], "autoUv": false, "snapUv": false},
										"west": {"texture": "#rope", "uv": [0, 0, 6.3, 10.5], "autoUv": false, "snapUv": false},
										"up": {"texture": "#rope", "uv": [0, 0, 2.5, 6.3], "autoUv": false, "snapUv": false},
										"down": {"texture": "#rope", "uv": [0, 0, 2.5, 6.3], "autoUv": false, "snapUv": false}
									},
									"renderPass": 0
								},
								{
									"name": "rope17",
									"from": [-0.5, -0.5, -8.5],
									"to": [2, 0, -8],
									"rotationOrigin": [0, -0.5, -7.5],
									"faces": {
										"north": {"texture": "#rope", "uv": [0, 0, 12.5, 3.5], "autoUv": false, "snapUv": false},
										"east": {"texture": "#rope", "uv": [0, 0, 6.3, 3.5], "autoUv": false, "snapUv": false},
										"south": {"texture": "#rope", "uv": [0, 0, 12.5, 3.5], "autoUv": false, "snapUv": false},
										"west": {"texture": "#rope", "uv": [0, 0, 6.3, 3.5], "autoUv": false, "snapUv": false},
										"up": {"texture": "#rope", "uv": [0, 0, 12.5, 6.3], "autoUv": false, "snapUv": false},
										"down": {"texture": "#rope", "uv": [0, 0, 12.5, 6.3], "autoUv": false, "snapUv": false}
									},
									"renderPass": 0
								},
								{
									"name": "rope18",
									"from": [-0.5, -0.09985, -7.9815],
									"to": [0, 0.40015, -5.7315],
									"rotationOrigin": [-2, 0.25, -6.5],
									"faces": {
										"north": {"texture": "#rope", "uv": [0, 0, 2.5, 3.5], "autoUv": false, "snapUv": false},
										"east": {"texture": "#rope", "uv": [0, 0, 28.35, 3.5], "autoUv": false, "snapUv": false},
										"south": {"texture": "#rope", "uv": [0, 0, 2.5, 3.5], "autoUv": false, "snapUv": false},
										"west": {"texture": "#rope", "uv": [0, 0, 28.35, 3.5], "autoUv": false, "snapUv": false},
										"up": {"texture": "#rope", "uv": [0, 0, 2.5, 28.35], "autoUv": false, "snapUv": false},
										"down": {"texture": "#rope", "uv": [0, 0, 2.5, 28.35], "autoUv": false, "snapUv": false}
									},
									"rotationX": 42.5,
									"renderPass": 0
								},
								{
									"name": "rope19",
									"from": [1.5, 1, -2.5],
									"to": [3.65, 1.5, -2],
									"rotationOrigin": [2, 1, -1.5],
									"faces": {
										"north": {"texture": "#rope", "uv": [0, 0, 11.25, 3.5], "autoUv": false, "snapUv": false},
										"east": {"texture": "#rope", "uv": [0, 0, 6.3, 3.5], "autoUv": false, "snapUv": false},
										"south": {"texture": "#rope", "uv": [0, 0, 11.25, 3.5], "autoUv": false, "snapUv": false},
										"west": {"texture": "#rope", "uv": [0, 0, 6.3, 3.5], "autoUv": false, "snapUv": false},
										"up": {"texture": "#rope", "uv": [0, 0, 11.25, 6.3], "autoUv": false, "snapUv": false},
										"down": {"texture": "#rope", "uv": [0, 0, 11.25, 6.3], "autoUv": false, "snapUv": false}
									},
									"rotationZ": -1.75,
									"renderPass": 0
								},
								{
									"name": "rope20",
									"from": [3.5, 1, -2.5],
									"to": [8.775, 1.5, -2],
									"rotationOrigin": [3.5, 1, -1.5],
									"faces": {
										"north": {"texture": "#rope", "uv": [0, 0, 27.75, 3.5], "autoUv": false, "snapUv": false},
										"east": {"texture": "#rope", "uv": [0, 0, 6.3, 3.5], "autoUv": false, "snapUv": false},
										"south": {"texture": "#rope", "uv": [0, 0, 27.75, 3.5], "autoUv": false, "snapUv": false},
										"west": {"texture": "#rope", "uv": [0, 0, 6.3, 3.5], "autoUv": false, "snapUv": false},
										"up": {"texture": "#rope", "uv": [0, 0, 27.75, 6.3], "autoUv": false, "snapUv": false},
										"down": {"texture": "#rope", "uv": [0, 0, 27.75, 6.3], "autoUv": false, "snapUv": false}
									},
									"rotationZ": -19.25,
									"renderPass": 0
								},
								{
									"name": "rope21",
									"from": [8.15, -7.5, -2.5],
									"to": [8.65, -0.25, -2],
									"rotationOrigin": [8.15, -3.25, -1.5],
									"faces": {
										"north": {"texture": "#rope", "uv": [0, 0, 2.5, 31.5], "autoUv": false, "snapUv": false},
										"east": {"texture": "#rope", "uv": [0, 0, 6.3, 31.5], "autoUv": false, "snapUv": false},
										"south": {"texture": "#rope", "uv": [0, 0, 2.5, 31.5], "autoUv": false, "snapUv": false},
										"west": {"texture": "#rope", "uv": [0, 0, 6.3, 31.5], "autoUv": false, "snapUv": false},
										"up": {"texture": "#rope", "uv": [0, 0, 2.5, 6.3], "autoUv": false, "snapUv": false},
										"down": {"texture": "#rope", "uv": [0, 0, 2.5, 6.3], "autoUv": false, "snapUv": false}
									},
									"renderPass": 0
								},
								{
									"name": "rope22",
									"from": [1, 1, -4],
									"to": [1.5, 1.5, -2],
									"rotationOrigin": [-0.5, 1, -1],
									"faces": {
										"north": {"texture": "#rope", "uv": [0, 0, 2.5, 3.5], "autoUv": false, "snapUv": false},
										"east": {"texture": "#rope", "uv": [0, 0, 25.2, 3.5], "autoUv": false, "snapUv": false},
										"south": {"texture": "#rope", "uv": [0, 0, 2.5, 3.5], "autoUv": false, "snapUv": false},
										"west": {"texture": "#rope", "uv": [0, 0, 25.2, 3.5], "autoUv": false, "snapUv": false},
										"up": {"texture": "#rope", "uv": [0, 0, 2.5, 25.2], "autoUv": false, "snapUv": false},
										"down": {"texture": "#rope", "uv": [0, 0, 2.5, 25.2], "autoUv": false, "snapUv": false}
									},
									"renderPass": 0
								},
								{
									"name": "rope23",
									"from": [1.58013, -10.51795, -2.5],
									"to": [8.83013, -10.01795, -2],
									"rotationOrigin": [2, -9.75, -1.25],
									"faces": {
										"north": {"texture": "#rope", "uv": [0, 0, 31.25, 3.5], "autoUv": false, "snapUv": false},
										"east": {"texture": "#rope", "uv": [0, 0, 6.3, 3.5], "autoUv": false, "snapUv": false},
										"south": {"texture": "#rope", "uv": [0, 0, 31.25, 3.5], "autoUv": false, "snapUv": false},
										"west": {"texture": "#rope", "uv": [0, 0, 6.3, 3.5], "autoUv": false, "snapUv": false},
										"up": {"texture": "#rope", "uv": [0, 0, 31.25, 6.3], "autoUv": false, "snapUv": false},
										"down": {"texture": "#rope", "uv": [0, 0, 31.25, 6.3], "autoUv": false, "snapUv": false}
									},
									"rotationZ": 25,
									"renderPass": 0
								},
								{
									"name": "rope24",
									"from": [2.08013, -10.65192, -8],
									"to": [9.23013, -10.15192, -7.5],
									"rotationOrigin": [2, -10.75, -6.75],
									"faces": {
										"north": {"texture": "#rope", "uv": [0, 0, 31.25, 3.5], "autoUv": false, "snapUv": false},
										"east": {"texture": "#rope", "uv": [0, 0, 6.3, 3.5], "autoUv": false, "snapUv": false},
										"south": {"texture": "#rope", "uv": [0, 0, 31.25, 3.5], "autoUv": false, "snapUv": false},
										"west": {"texture": "#rope", "uv": [0, 0, 6.3, 3.5], "autoUv": false, "snapUv": false},
										"up": {"texture": "#rope", "uv": [0, 0, 31.25, 6.3], "autoUv": false, "snapUv": false},
										"down": {"texture": "#rope", "uv": [0, 0, 31.25, 6.3], "autoUv": false, "snapUv": false}
									},
									"rotationZ": 25.75,
									"renderPass": 0
								},
								{
									"name": "rope25",
									"from": [1, 1, -8],
									"to": [1.5, 1.5, -6],
									"rotationOrigin": [-0.5, 1, -5],
									"faces": {
										"north": {"texture": "#rope", "uv": [0, 0, 2.5, 3.5], "autoUv": false, "snapUv": false},
										"east": {"texture": "#rope", "uv": [0, 0, 25.2, 3.5], "autoUv": false, "snapUv": false},
										"south": {"texture": "#rope", "uv": [0, 0, 2.5, 3.5], "autoUv": false, "snapUv": false},
										"west": {"texture": "#rope", "uv": [0, 0, 25.2, 3.5], "autoUv": false, "snapUv": false},
										"up": {"texture": "#rope", "uv": [0, 0, 2.5, 25.2], "autoUv": false, "snapUv": false},
										"down": {"texture": "#rope", "uv": [0, 0, 2.5, 25.2], "autoUv": false, "snapUv": false}
									},
									"renderPass": 0
								},
								{
									"name": "rope26",
									"from": [8.125, -7.5, -8],
									"to": [8.625, -0.275, -7.5],
									"rotationOrigin": [8.125, -3.25, -7],
									"faces": {
										"north": {"texture": "#rope", "uv": [0, 0, 2.5, 31.5], "autoUv": false, "snapUv": false},
										"east": {"texture": "#rope", "uv": [0, 0, 6.3, 31.5], "autoUv": false, "snapUv": false},
										"south": {"texture": "#rope", "uv": [0, 0, 2.5, 31.5], "autoUv": false, "snapUv": false},
										"west": {"texture": "#rope", "uv": [0, 0, 6.3, 31.5], "autoUv": false, "snapUv": false},
										"up": {"texture": "#rope", "uv": [0, 0, 2.5, 6.3], "autoUv": false, "snapUv": false},
										"down": {"texture": "#rope", "uv": [0, 0, 2.5, 6.3], "autoUv": false, "snapUv": false}
									},
									"renderPass": 0
								},
								{
									"name": "rope27",
									"from": [3.5, 1, -8],
									"to": [8.7, 1.5, -7.5],
									"rotationOrigin": [3.5, 1, -7],
									"faces": {
										"north": {"texture": "#rope", "uv": [0, 0, 27.75, 3.5], "autoUv": false, "snapUv": false},
										"east": {"texture": "#rope", "uv": [0, 0, 6.3, 3.5], "autoUv": false, "snapUv": false},
										"south": {"texture": "#rope", "uv": [0, 0, 27.75, 3.5], "autoUv": false, "snapUv": false},
										"west": {"texture": "#rope", "uv": [0, 0, 6.3, 3.5], "autoUv": false, "snapUv": false},
										"up": {"texture": "#rope", "uv": [0, 0, 27.75, 6.3], "autoUv": false, "snapUv": false},
										"down": {"texture": "#rope", "uv": [0, 0, 27.75, 6.3], "autoUv": false, "snapUv": false}
									},
									"rotationZ": -19.5,
									"renderPass": 0
								},
								{
									"name": "rope28",
									"from": [1.5, 1, -8],
									"to": [3.65, 1.5, -7.5],
									"rotationOrigin": [2, 1, -7],
									"faces": {
										"north": {"texture": "#rope", "uv": [0, 0, 11.25, 3.5], "autoUv": false, "snapUv": false},
										"east": {"texture": "#rope", "uv": [0, 0, 6.3, 3.5], "autoUv": false, "snapUv": false},
										"south": {"texture": "#rope", "uv": [0, 0, 11.25, 3.5], "autoUv": false, "snapUv": false},
										"west": {"texture": "#rope", "uv": [0, 0, 6.3, 3.5], "autoUv": false, "snapUv": false},
										"up": {"texture": "#rope", "uv": [0, 0, 11.25, 6.3], "autoUv": false, "snapUv": false},
										"down": {"texture": "#rope", "uv": [0, 0, 11.25, 6.3], "autoUv": false, "snapUv": false}
									},
									"rotationZ": -1.75,
									"renderPass": 0
								},
								{
									"name": "rope29",
									"from": [-0.5, -10.09985, -3.9815],
									"to": [0, -9.59985, -1.7315],
									"rotationOrigin": [-2, -9.75, -2.5],
									"faces": {
										"north": {"texture": "#rope", "uv": [0, 0, 2.5, 3.5], "autoUv": false, "snapUv": false},
										"east": {"texture": "#rope", "uv": [0, 0, 28.35, 3.5], "autoUv": false, "snapUv": false},
										"south": {"texture": "#rope", "uv": [0, 0, 2.5, 3.5], "autoUv": false, "snapUv": false},
										"west": {"texture": "#rope", "uv": [0, 0, 28.35, 3.5], "autoUv": false, "snapUv": false},
										"up": {"texture": "#rope", "uv": [0, 0, 2.5, 28.35], "autoUv": false, "snapUv": false},
										"down": {"texture": "#rope", "uv": [0, 0, 2.5, 28.35], "autoUv": false, "snapUv": false}
									},
									"rotationX": 42.5,
									"renderPass": 0
								},
								{
									"name": "rope30",
									"from": [-0.5, -10.5, -4.5],
									"to": [2, -10, -4],
									"rotationOrigin": [0, -10.5, -3.5],
									"faces": {
										"north": {"texture": "#rope", "uv": [0, 0, 12.5, 3.5], "autoUv": false, "snapUv": false},
										"east": {"texture": "#rope", "uv": [0, 0, 6.3, 3.5], "autoUv": false, "snapUv": false},
										"south": {"texture": "#rope", "uv": [0, 0, 12.5, 3.5], "autoUv": false, "snapUv": false},
										"west": {"texture": "#rope", "uv": [0, 0, 6.3, 3.5], "autoUv": false, "snapUv": false},
										"up": {"texture": "#rope", "uv": [0, 0, 12.5, 6.3], "autoUv": false, "snapUv": false},
										"down": {"texture": "#rope", "uv": [0, 0, 12.5, 6.3], "autoUv": false, "snapUv": false}
									},
									"renderPass": 0
								},
								{
									"name": "rope31",
									"from": [2, -10.25, -4.5],
									"to": [2.5, -8.75, -4],
									"rotationOrigin": [2, -9, -3.5],
									"faces": {
										"north": {"texture": "#rope", "uv": [0, 0, 2.5, 10.5], "autoUv": false, "snapUv": false},
										"east": {"texture": "#rope", "uv": [0, 0, 6.3, 10.5], "autoUv": false, "snapUv": false},
										"south": {"texture": "#rope", "uv": [0, 0, 2.5, 10.5], "autoUv": false, "snapUv": false},
										"west": {"texture": "#rope", "uv": [0, 0, 6.3, 10.5], "autoUv": false, "snapUv": false},
										"up": {"texture": "#rope", "uv": [0, 0, 2.5, 6.3], "autoUv": false, "snapUv": false},
										"down": {"texture": "#rope", "uv": [0, 0, 2.5, 6.3], "autoUv": false, "snapUv": false}
									},
									"renderPass": 0
								},
								{
									"name": "rope32",
									"from": [2, -10.25, -2],
									"to": [2.5, -9, -1.5],
									"rotationOrigin": [2, -9, -1],
									"faces": {
										"north": {"texture": "#rope", "uv": [0, 0, 2.5, 8.75], "autoUv": false, "snapUv": false},
										"east": {"texture": "#rope", "uv": [0, 0, 6.3, 8.75], "autoUv": false, "snapUv": false},
										"south": {"texture": "#rope", "uv": [0, 0, 2.5, 8.75], "autoUv": false, "snapUv": false},
										"west": {"texture": "#rope", "uv": [0, 0, 6.3, 8.75], "autoUv": false, "snapUv": false},
										"up": {"texture": "#rope", "uv": [0, 0, 2.5, 6.3], "autoUv": false, "snapUv": false},
										"down": {"texture": "#rope", "uv": [0, 0, 2.5, 6.3], "autoUv": false, "snapUv": false}
									},
									"renderPass": 0
								},
								{
									"name": "rope33",
									"from": [-0.5, -10.09985, -4.2685],
									"to": [0, -9.59985, -2.0185],
									"rotationOrigin": [-2, -9.75, -3.5],
									"faces": {
										"north": {"texture": "#rope", "uv": [2.5, 0, 0, 3.5], "autoUv": false, "snapUv": false},
										"east": {"texture": "#rope", "uv": [28.35, 0, 0, 3.5], "autoUv": false, "snapUv": false},
										"south": {"texture": "#rope", "uv": [2.5, 0, 0, 3.5], "autoUv": false, "snapUv": false},
										"west": {"texture": "#rope", "uv": [28.35, 0, 0, 3.5], "autoUv": false, "snapUv": false},
										"up": {"texture": "#rope", "uv": [0, 28.35, 2.5, 0], "autoUv": false, "snapUv": false},
										"down": {"texture": "#rope", "uv": [0, 28.35, 2.5, 0], "autoUv": false, "snapUv": false}
									},
									"rotationX": -42.5,
									"renderPass": 0
								},
								{
									"name": "rope34",
									"from": [-0.5, -9, -4.25],
									"to": [0, -8.5, -1.75],
									"rotationOrigin": [-2, -9, -1],
									"faces": {
										"north": {"texture": "#rope", "uv": [0, 0, 2.5, 3.5], "autoUv": false, "snapUv": false},
										"east": {"texture": "#rope", "uv": [0, 0, 31.5, 3.5], "autoUv": false, "snapUv": false},
										"south": {"texture": "#rope", "uv": [0, 0, 2.5, 3.5], "autoUv": false, "snapUv": false},
										"west": {"texture": "#rope", "uv": [0, 0, 31.5, 3.5], "autoUv": false, "snapUv": false},
										"up": {"texture": "#rope", "uv": [0, 0, 2.5, 31.5], "autoUv": false, "snapUv": false},
										"down": {"texture": "#rope", "uv": [0, 0, 2.5, 31.5], "autoUv": false, "snapUv": false}
									},
									"renderPass": 0
								},
								{
									"name": "rope35",
									"from": [0, -9, -4.5],
									"to": [2, -8.5, -4],
									"rotationOrigin": [0, -9, -3.5],
									"faces": {
										"north": {"texture": "#rope", "uv": [0, 0, 10, 3.5], "autoUv": false, "snapUv": false},
										"east": {"texture": "#rope", "uv": [0, 0, 6.3, 3.5], "autoUv": false, "snapUv": false},
										"south": {"texture": "#rope", "uv": [0, 0, 10, 3.5], "autoUv": false, "snapUv": false},
										"west": {"texture": "#rope", "uv": [0, 0, 6.3, 3.5], "autoUv": false, "snapUv": false},
										"up": {"texture": "#rope", "uv": [0, 0, 10, 6.3], "autoUv": false, "snapUv": false},
										"down": {"texture": "#rope", "uv": [0, 0, 10, 6.3], "autoUv": false, "snapUv": false}
									},
									"renderPass": 0
								},
								{
									"name": "rope36",
									"from": [-0.5, -10.5, -2],
									"to": [2, -10, -1.5],
									"rotationOrigin": [0, -10.5, -1],
									"faces": {
										"north": {"texture": "#rope", "uv": [0, 0, 12.5, 3.5], "autoUv": false, "snapUv": false},
										"east": {"texture": "#rope", "uv": [0, 0, 6.3, 3.5], "autoUv": false, "snapUv": false},
										"south": {"texture": "#rope", "uv": [0, 0, 12.5, 3.5], "autoUv": false, "snapUv": false},
										"west": {"texture": "#rope", "uv": [0, 0, 6.3, 3.5], "autoUv": false, "snapUv": false},
										"up": {"texture": "#rope", "uv": [0, 0, 12.5, 6.3], "autoUv": false, "snapUv": false},
										"down": {"texture": "#rope", "uv": [0, 0, 12.5, 6.3], "autoUv": false, "snapUv": false}
									},
									"renderPass": 0
								},
								{
									"name": "rope37",
									"from": [1, -9, -4],
									"to": [1.5, -8.5, -2],
									"rotationOrigin": [-0.5, -9, -1],
									"faces": {
										"north": {"texture": "#rope", "uv": [0, 0, 2.5, 3.5], "autoUv": false, "snapUv": false},
										"east": {"texture": "#rope", "uv": [0, 0, 25.2, 3.5], "autoUv": false, "snapUv": false},
										"south": {"texture": "#rope", "uv": [0, 0, 2.5, 3.5], "autoUv": false, "snapUv": false},
										"west": {"texture": "#rope", "uv": [0, 0, 25.2, 3.5], "autoUv": false, "snapUv": false},
										"up": {"texture": "#rope", "uv": [0, 0, 2.5, 25.2], "autoUv": false, "snapUv": false},
										"down": {"texture": "#rope", "uv": [0, 0, 2.5, 25.2], "autoUv": false, "snapUv": false}
									},
									"renderPass": 0
								},
								{
									"name": "rope38",
									"from": [1, -9, -8],
									"to": [1.5, -8.5, -6],
									"rotationOrigin": [-0.5, -9, -4.75],
									"faces": {
										"north": {"texture": "#rope", "uv": [0, 0, 2.5, 3.5], "autoUv": false, "snapUv": false},
										"east": {"texture": "#rope", "uv": [0, 0, 25.2, 3.5], "autoUv": false, "snapUv": false},
										"south": {"texture": "#rope", "uv": [0, 0, 2.5, 3.5], "autoUv": false, "snapUv": false},
										"west": {"texture": "#rope", "uv": [0, 0, 25.2, 3.5], "autoUv": false, "snapUv": false},
										"up": {"texture": "#rope", "uv": [0, 0, 2.5, 25.2], "autoUv": false, "snapUv": false},
										"down": {"texture": "#rope", "uv": [0, 0, 2.5, 25.2], "autoUv": false, "snapUv": false}
									},
									"renderPass": 0
								},
								{
									"name": "rope36",
									"from": [-0.5, -10.5, -6],
									"to": [2, -10, -5.5],
									"rotationOrigin": [0, -10.5, -5],
									"faces": {
										"north": {"texture": "#rope", "uv": [0, 0, 12.5, 3.5], "autoUv": false, "snapUv": false},
										"east": {"texture": "#rope", "uv": [0, 0, 6.3, 3.5], "autoUv": false, "snapUv": false},
										"south": {"texture": "#rope", "uv": [0, 0, 12.5, 3.5], "autoUv": false, "snapUv": false},
										"west": {"texture": "#rope", "uv": [0, 0, 6.3, 3.5], "autoUv": false, "snapUv": false},
										"up": {"texture": "#rope", "uv": [0, 0, 12.5, 6.3], "autoUv": false, "snapUv": false},
										"down": {"texture": "#rope", "uv": [0, 0, 12.5, 6.3], "autoUv": false, "snapUv": false}
									},
									"renderPass": 0
								},
								{
									"name": "rope35",
									"from": [0, -9, -6],
									"to": [2, -8.5, -5.5],
									"rotationOrigin": [0, -9, -5],
									"faces": {
										"north": {"texture": "#rope", "uv": [0, 0, 10, 3.5], "autoUv": false, "snapUv": false},
										"east": {"texture": "#rope", "uv": [0, 0, 6.3, 3.5], "autoUv": false, "snapUv": false},
										"south": {"texture": "#rope", "uv": [0, 0, 10, 3.5], "autoUv": false, "snapUv": false},
										"west": {"texture": "#rope", "uv": [0, 0, 6.3, 3.5], "autoUv": false, "snapUv": false},
										"up": {"texture": "#rope", "uv": [0, 0, 10, 6.3], "autoUv": false, "snapUv": false},
										"down": {"texture": "#rope", "uv": [0, 0, 10, 6.3], "autoUv": false, "snapUv": false}
									},
									"renderPass": 0
								},
								{
									"name": "rope34",
									"from": [-0.5, -9, -8.25],
									"to": [0, -8.5, -5.75],
									"rotationOrigin": [-2, -9, -5],
									"faces": {
										"north": {"texture": "#rope", "uv": [0, 0, 2.5, 3.5], "autoUv": false, "snapUv": false},
										"east": {"texture": "#rope", "uv": [0, 0, 31.5, 3.5], "autoUv": false, "snapUv": false},
										"south": {"texture": "#rope", "uv": [0, 0, 2.5, 3.5], "autoUv": false, "snapUv": false},
										"west": {"texture": "#rope", "uv": [0, 0, 31.5, 3.5], "autoUv": false, "snapUv": false},
										"up": {"texture": "#rope", "uv": [0, 0, 2.5, 31.5], "autoUv": false, "snapUv": false},
										"down": {"texture": "#rope", "uv": [0, 0, 2.5, 31.5], "autoUv": false, "snapUv": false}
									},
									"renderPass": 0
								},
								{
									"name": "rope33",
									"from": [-0.5, -10.09985, -8.2685],
									"to": [0, -9.59985, -6.0185],
									"rotationOrigin": [-2, -9.75, -7.5],
									"faces": {
										"north": {"texture": "#rope", "uv": [2.5, 0, 0, 3.5], "autoUv": false, "snapUv": false},
										"east": {"texture": "#rope", "uv": [28.35, 0, 0, 3.5], "autoUv": false, "snapUv": false},
										"south": {"texture": "#rope", "uv": [2.5, 0, 0, 3.5], "autoUv": false, "snapUv": false},
										"west": {"texture": "#rope", "uv": [28.35, 0, 0, 3.5], "autoUv": false, "snapUv": false},
										"up": {"texture": "#rope", "uv": [0, 28.35, 2.5, 0], "autoUv": false, "snapUv": false},
										"down": {"texture": "#rope", "uv": [0, 28.35, 2.5, 0], "autoUv": false, "snapUv": false}
									},
									"rotationX": -42.5,
									"renderPass": 0
								},
								{
									"name": "rope32",
									"from": [2, -10.25, -6],
									"to": [2.5, -9, -5.5],
									"rotationOrigin": [2, -9, -5],
									"faces": {
										"north": {"texture": "#rope", "uv": [0, 0, 2.5, 8.75], "autoUv": false, "snapUv": false},
										"east": {"texture": "#rope", "uv": [0, 0, 6.3, 8.75], "autoUv": false, "snapUv": false},
										"south": {"texture": "#rope", "uv": [0, 0, 2.5, 8.75], "autoUv": false, "snapUv": false},
										"west": {"texture": "#rope", "uv": [0, 0, 6.3, 8.75], "autoUv": false, "snapUv": false},
										"up": {"texture": "#rope", "uv": [0, 0, 2.5, 6.3], "autoUv": false, "snapUv": false},
										"down": {"texture": "#rope", "uv": [0, 0, 2.5, 6.3], "autoUv": false, "snapUv": false}
									},
									"renderPass": 0
								},
								{
									"name": "rope31",
									"from": [2, -10.25, -8.5],
									"to": [2.5, -9, -8],
									"rotationOrigin": [2, -9, -7.5],
									"faces": {
										"north": {"texture": "#rope", "uv": [0, 0, 2.5, 8.75], "autoUv": false, "snapUv": false},
										"east": {"texture": "#rope", "uv": [0, 0, 6.3, 8.75], "autoUv": false, "snapUv": false},
										"south": {"texture": "#rope", "uv": [0, 0, 2.5, 8.75], "autoUv": false, "snapUv": false},
										"west": {"texture": "#rope", "uv": [0, 0, 6.3, 8.75], "autoUv": false, "snapUv": false},
										"up": {"texture": "#rope", "uv": [0, 0, 2.5, 6.3], "autoUv": false, "snapUv": false},
										"down": {"texture": "#rope", "uv": [0, 0, 2.5, 6.3], "autoUv": false, "snapUv": false}
									},
									"renderPass": 0
								},
								{
									"name": "rope30",
									"from": [-0.5, -10.5, -8.5],
									"to": [2, -10, -8],
									"rotationOrigin": [0, -10.5, -7.5],
									"faces": {
										"north": {"texture": "#rope", "uv": [0, 0, 12.5, 3.5], "autoUv": false, "snapUv": false},
										"east": {"texture": "#rope", "uv": [0, 0, 6.3, 3.5], "autoUv": false, "snapUv": false},
										"south": {"texture": "#rope", "uv": [0, 0, 12.5, 3.5], "autoUv": false, "snapUv": false},
										"west": {"texture": "#rope", "uv": [0, 0, 6.3, 3.5], "autoUv": false, "snapUv": false},
										"up": {"texture": "#rope", "uv": [0, 0, 12.5, 6.3], "autoUv": false, "snapUv": false},
										"down": {"texture": "#rope", "uv": [0, 0, 12.5, 6.3], "autoUv": false, "snapUv": false}
									},
									"renderPass": 0
								},
								{
									"name": "rope29",
									"from": [-0.5, -10.09985, -7.9815],
									"to": [0, -9.59985, -5.7315],
									"rotationOrigin": [-2, -9.75, -6.5],
									"faces": {
										"north": {"texture": "#rope", "uv": [0, 0, 2.5, 3.5], "autoUv": false, "snapUv": false},
										"east": {"texture": "#rope", "uv": [0, 0, 28.35, 3.5], "autoUv": false, "snapUv": false},
										"south": {"texture": "#rope", "uv": [0, 0, 2.5, 3.5], "autoUv": false, "snapUv": false},
										"west": {"texture": "#rope", "uv": [0, 0, 28.35, 3.5], "autoUv": false, "snapUv": false},
										"up": {"texture": "#rope", "uv": [0, 0, 2.5, 28.35], "autoUv": false, "snapUv": false},
										"down": {"texture": "#rope", "uv": [0, 0, 2.5, 28.35], "autoUv": false, "snapUv": false}
									},
									"rotationX": 42.5,
									"renderPass": 0
								},
								{
									"name": "Metal",
									"from": [-3, -4, -8],
									"to": [-3, -4, -8],
									"rotationOrigin": [-3, -4, -8],
									"children": [
										{
											"name": "copperplate1",
											"from": [4, -3, -1],
											"to": [11, -2.625, 7],
											"rotationOrigin": [9, 5, 4],
											"faces": {
												"north": {"texture": "#copper", "uv": [0, 0, 32, 4], "autoUv": false, "snapUv": false},
												"east": {"texture": "#copper", "uv": [0, 0, 32, 5], "autoUv": false, "snapUv": false},
												"south": {"texture": "#copper", "uv": [0, 0, 32, 4], "autoUv": false, "snapUv": false},
												"west": {"texture": "#copper", "uv": [0, 24, 32, 29], "autoUv": false, "snapUv": false},
												"up": {"texture": "#copper", "uv": [0, 0, 32, 32], "autoUv": false, "snapUv": false},
												"down": {"texture": "#copper", "uv": [0, 0, 32, 32], "autoUv": false, "snapUv": false}
											},
											"renderPass": 0
										},
										{
											"name": "coppernail1",
											"from": [3.275, -3.575, 7],
											"to": [3.6, -3.25, 7.125],
											"rotationOrigin": [2.25, 4.5, 12],
											"faces": {
												"north": {"texture": "#copper", "uv": [0, 0, 32, 4], "autoUv": false, "snapUv": false},
												"east": {"texture": "#copper", "uv": [0, 0, 32, 32], "autoUv": false, "snapUv": false},
												"south": {"texture": "#copper", "uv": [0, 0, 32, 32], "autoUv": false, "snapUv": false},
												"west": {"texture": "#copper", "uv": [0, 0, 32, 32], "autoUv": false, "snapUv": false},
												"up": {"texture": "#copper", "uv": [0, 0, 32, 32], "autoUv": false, "snapUv": false},
												"down": {"texture": "#copper", "uv": [0, 0, 32, 32], "autoUv": false, "snapUv": false}
											},
											"renderPass": 0
										},
										{
											"name": "coppernail2",
											"from": [3.275, -4.7, 7],
											"to": [3.6, -4.375, 7.125],
											"rotationOrigin": [2.25, 3.375, 12],
											"faces": {
												"north": {"texture": "#copper", "uv": [0, 0, 32, 4], "autoUv": false, "snapUv": false},
												"east": {"texture": "#copper", "uv": [0, 0, 32, 32], "autoUv": false, "snapUv": false},
												"south": {"texture": "#copper", "uv": [0, 0, 32, 32], "autoUv": false, "snapUv": false},
												"west": {"texture": "#copper", "uv": [0, 0, 32, 32], "autoUv": false, "snapUv": false},
												"up": {"texture": "#copper", "uv": [0, 0, 32, 32], "autoUv": false, "snapUv": false},
												"down": {"texture": "#copper", "uv": [0, 0, 32, 32], "autoUv": false, "snapUv": false}
											},
											"renderPass": 0
										},
										{
											"name": "coppernail3",
											"from": [3.275, -3.575, -1.125],
											"to": [3.6, -3.25, -1],
											"rotationOrigin": [2.25, 4.5, 3.875],
											"faces": {
												"north": {"texture": "#copper", "uv": [0, 0, 32, 32], "autoUv": false, "snapUv": false},
												"east": {"texture": "#copper", "uv": [0, 0, 32, 32], "autoUv": false, "snapUv": false},
												"south": {"texture": "#copper", "uv": [0, 0, 32, 32], "autoUv": false, "snapUv": false},
												"west": {"texture": "#copper", "uv": [0, 0, 32, 32], "autoUv": false, "snapUv": false},
												"up": {"texture": "#copper", "uv": [0, 0, 32, 32], "autoUv": false, "snapUv": false},
												"down": {"texture": "#copper", "uv": [0, 0, 32, 32], "autoUv": false, "snapUv": false}
											},
											"renderPass": 0
										},
										{
											"name": "coppernail4",
											"from": [3.275, -4.7, -1.125],
											"to": [3.6, -4.375, -1],
											"rotationOrigin": [2.25, 3.375, 3.875],
											"faces": {
												"north": {"texture": "#copper", "uv": [0, 0, 32, 32], "autoUv": false, "snapUv": false},
												"east": {"texture": "#copper", "uv": [0, 0, 32, 32], "autoUv": false, "snapUv": false},
												"south": {"texture": "#copper", "uv": [0, 0, 32, 32], "autoUv": false, "snapUv": false},
												"west": {"texture": "#copper", "uv": [0, 0, 32, 32], "autoUv": false, "snapUv": false},
												"up": {"texture": "#copper", "uv": [0, 0, 32, 32], "autoUv": false, "snapUv": false},
												"down": {"texture": "#copper", "uv": [0, 0, 32, 32], "autoUv": false, "snapUv": false}
											},
											"renderPass": 0
										},
										{
											"name": "coppernail5",
											"from": [5.15, -5.7, 0.875],
											"to": [5.475, -5.375, 1],
											"rotationOrigin": [5.125, -5.625, 0.875],
											"faces": {
												"north": {"texture": "#copper", "uv": [0, 0, 32, 32], "autoUv": false, "snapUv": false},
												"east": {"texture": "#copper", "uv": [0, 0, 32, 32], "autoUv": false, "snapUv": false},
												"south": {"texture": "#copper", "uv": [0, 0, 32, 32], "autoUv": false, "snapUv": false},
												"west": {"texture": "#copper", "uv": [0, 0, 32, 32], "autoUv": false, "snapUv": false},
												"up": {"texture": "#copper", "uv": [0, 0, 32, 32], "autoUv": false, "snapUv": false},
												"down": {"texture": "#copper", "uv": [0, 0, 32, 32], "autoUv": false, "snapUv": false}
											},
											"rotationY": -90,
											"renderPass": 0
										},
										{
											"name": "coppernail6",
											"from": [5.15, -5.7, 4.875],
											"to": [5.475, -5.375, 5],
											"rotationOrigin": [5.125, -5.625, 4.875],
											"faces": {
												"north": {"texture": "#copper", "uv": [0, 0, 32, 32], "autoUv": false, "snapUv": false},
												"east": {"texture": "#copper", "uv": [0, 0, 32, 32], "autoUv": false, "snapUv": false},
												"south": {"texture": "#copper", "uv": [0, 0, 32, 32], "autoUv": false, "snapUv": false},
												"west": {"texture": "#copper", "uv": [0, 0, 32, 32], "autoUv": false, "snapUv": false},
												"up": {"texture": "#copper", "uv": [0, 0, 32, 32], "autoUv": false, "snapUv": false},
												"down": {"texture": "#copper", "uv": [0, 0, 32, 32], "autoUv": false, "snapUv": false}
											},
											"rotationY": -90,
											"renderPass": 0
										},
										{
											"name": "coppernail7",
											"from": [5.15, 4.3, 4.875],
											"to": [5.475, 4.625, 5],
											"rotationOrigin": [5.125, 4.375, 4.875],
											"faces": {
												"north": {"texture": "#copper", "uv": [0, 0, 32, 32], "autoUv": false, "snapUv": false},
												"east": {"texture": "#copper", "uv": [0, 0, 32, 32], "autoUv": false, "snapUv": false},
												"south": {"texture": "#copper", "uv": [0, 0, 32, 32], "autoUv": false, "snapUv": false},
												"west": {"texture": "#copper", "uv": [0, 0, 32, 32], "autoUv": false, "snapUv": false},
												"up": {"texture": "#copper", "uv": [0, 0, 32, 32], "autoUv": false, "snapUv": false},
												"down": {"texture": "#copper", "uv": [0, 0, 32, 32], "autoUv": false, "snapUv": false}
											},
											"rotationY": -90,
											"renderPass": 0
										},
										{
											"name": "coppernail8",
											"from": [5.15, 4.3, 0.875],
											"to": [5.475, 4.625, 1],
											"rotationOrigin": [5.125, 4.375, 0.875],
											"faces": {
												"north": {"texture": "#copper", "uv": [0, 0, 32, 32], "autoUv": false, "snapUv": false},
												"east": {"texture": "#copper", "uv": [0, 0, 32, 32], "autoUv": false, "snapUv": false},
												"south": {"texture": "#copper", "uv": [0, 0, 32, 32], "autoUv": false, "snapUv": false},
												"west": {"texture": "#copper", "uv": [0, 0, 32, 32], "autoUv": false, "snapUv": false},
												"up": {"texture": "#copper", "uv": [0, 0, 32, 32], "autoUv": false, "snapUv": false},
												"down": {"texture": "#copper", "uv": [0, 0, 32, 32], "autoUv": false, "snapUv": false}
											},
											"rotationY": -90,
											"renderPass": 0
										},
										{
											"name": "coppernail9",
											"from": [4.4, 1.8, 0.875],
											"to": [4.725, 2.125, 1],
											"rotationOrigin": [4.375, 1.875, 0.875],
											"faces": {
												"north": {"texture": "#copper", "uv": [0, 0, 32, 32], "autoUv": false, "snapUv": false},
												"east": {"texture": "#copper", "uv": [0, 0, 32, 32], "autoUv": false, "snapUv": false},
												"south": {"texture": "#copper", "uv": [0, 0, 32, 32], "autoUv": false, "snapUv": false},
												"west": {"texture": "#copper", "uv": [0, 0, 32, 32], "autoUv": false, "snapUv": false},
												"up": {"texture": "#copper", "uv": [0, 0, 32, 32], "autoUv": false, "snapUv": false},
												"down": {"texture": "#copper", "uv": [0, 0, 32, 32], "autoUv": false, "snapUv": false}
											},
											"rotationY": -90,
											"renderPass": 0
										},
										{
											"name": "coppernail10",
											"from": [4.4, 1.8, 4.875],
											"to": [4.725, 2.125, 5],
											"rotationOrigin": [4.375, 1.875, 4.875],
											"faces": {
												"north": {"texture": "#copper", "uv": [0, 0, 32, 32], "autoUv": false, "snapUv": false},
												"east": {"texture": "#copper", "uv": [0, 0, 32, 32], "autoUv": false, "snapUv": false},
												"south": {"texture": "#copper", "uv": [0, 0, 32, 32], "autoUv": false, "snapUv": false},
												"west": {"texture": "#copper", "uv": [0, 0, 32, 32], "autoUv": false, "snapUv": false},
												"up": {"texture": "#copper", "uv": [0, 0, 32, 32], "autoUv": false, "snapUv": false},
												"down": {"texture": "#copper", "uv": [0, 0, 32, 32], "autoUv": false, "snapUv": false}
											},
											"rotationY": -90,
											"renderPass": 0
										},
										{
											"name": "coppernail11",
											"from": [4.4, -1.2, 4.875],
											"to": [4.725, -0.875, 5],
											"rotationOrigin": [4.375, -1.125, 4.875],
											"faces": {
												"north": {"texture": "#copper", "uv": [0, 0, 32, 32], "autoUv": false, "snapUv": false},
												"east": {"texture": "#copper", "uv": [0, 0, 32, 32], "autoUv": false, "snapUv": false},
												"south": {"texture": "#copper", "uv": [0, 0, 32, 32], "autoUv": false, "snapUv": false},
												"west": {"texture": "#copper", "uv": [0, 0, 32, 32], "autoUv": false, "snapUv": false},
												"up": {"texture": "#copper", "uv": [0, 0, 32, 32], "autoUv": false, "snapUv": false},
												"down": {"texture": "#copper", "uv": [0, 0, 32, 32], "autoUv": false, "snapUv": false}
											},
											"rotationY": -90,
											"renderPass": 0
										},
										{
											"name": "coppernail12",
											"from": [4.4, -1.2, 0.875],
											"to": [4.725, -0.875, 1],
											"rotationOrigin": [4.375, -1.125, 0.875],
											"faces": {
												"north": {"texture": "#copper", "uv": [0, 0, 32, 32], "autoUv": false, "snapUv": false},
												"east": {"texture": "#copper", "uv": [0, 0, 32, 32], "autoUv": false, "snapUv": false},
												"south": {"texture": "#copper", "uv": [0, 0, 32, 32], "autoUv": false, "snapUv": false},
												"west": {"texture": "#copper", "uv": [0, 0, 32, 32], "autoUv": false, "snapUv": false},
												"up": {"texture": "#copper", "uv": [0, 0, 32, 32], "autoUv": false, "snapUv": false},
												"down": {"texture": "#copper", "uv": [0, 0, 32, 32], "autoUv": false, "snapUv": false}
											},
											"rotationY": -90,
											"renderPass": 0
										}
									]
								}
							]
						}
					]
				},
				{
					"name": "Chest",
					"from": [7.75, 4.25, 0.25],
					"to": [7.75, 4.25, 0.25],
					"rotationOrigin": [7.75, 4.25, 0.25],
					"rotationY": 90,
					"children": [
						{
							"name": "floor",
							"from": [-3.57, 0.51, -3.57],
							"to": [-3.57, 0.51, -3.57],
							"rotationOrigin": [-3.57, 0.51, -3.57],
							"children": [
								{
									"name": "S",
									"from": [0, 0, 6.12],
									"to": [7.64, 5.1, 6.63],
									"rotationOrigin": [-0.51, -0.51, 0],
									"faces": {
										"north": {"texture": "#lid", "uv": [0.5, 4, 14.5, 14], "autoUv": false, "snapUv": false},
										"east": {"texture": "#sides", "uv": [0, 2, 1, 12], "autoUv": false, "snapUv": false},
										"south": {"texture": "#sides", "uv": [0, 2, 14, 12], "autoUv": false, "snapUv": false},
										"west": {"texture": "#sides", "uv": [13, 2, 14, 12], "autoUv": false, "snapUv": false},
										"up": {"texture": "#lid", "uv": [2, 9, 16, 10], "autoUv": false, "snapUv": false},
										"down": {"texture": "#sides", "uv": [2, 3, 16, 4], "autoUv": false, "snapUv": false}
									},
									"shade": false
								},
								{
									"name": "W",
									"from": [-0.51, -0.51, -0.51],
									"to": [-0.51, -0.51, -0.51],
									"rotationOrigin": [-0.51, -0.51, -0.51],
									"children": [
										{
											"name": "L holder",
											"from": [0.255, 4.08, 2.55],
											"to": [1.01, 4.845, 3.315],
											"rotationOrigin": [2.55, 5.1, -4.08],
											"faces": {
												"north": {"texture": "#accessories", "uv": [0, 1, 0.5, 2.5], "autoUv": false, "snapUv": false},
												"east": {"texture": "#accessories", "uv": [0.5, 1, 2, 2.5], "autoUv": false, "snapUv": false},
												"south": {"texture": "#accessories", "uv": [4, 1, 4.5, 2.5], "autoUv": false, "snapUv": false},
												"west": {"texture": "#accessories", "uv": [1, 0.5, 2.5, 2], "autoUv": false, "snapUv": false},
												"up": {"texture": "#accessories", "uv": [4, 1, 4.5, 2.5], "autoUv": false, "snapUv": false},
												"down": {"texture": "#accessories", "uv": [0, 1.5, 0.5, 3], "autoUv": false, "snapUv": false}
											},
											"shade": false
										},
										{
											"name": "R holder",
											"from": [0.255, 4.08, 4.335],
											"to": [1.01, 4.845, 5.1],
											"rotationOrigin": [2.55, 5.1, -2.295],
											"faces": {
												"north": {"texture": "#accessories", "uv": [0, 1, 0.5, 2.5], "autoUv": false, "snapUv": false},
												"east": {"texture": "#accessories", "uv": [1.5, 1.5, 3, 3], "autoUv": false, "snapUv": false},
												"south": {"texture": "#accessories", "uv": [4, 0.5, 4.5, 2], "autoUv": false, "snapUv": false},
												"west": {"texture": "#accessories", "uv": [0.5, 1, 2, 2.5], "autoUv": false, "snapUv": false},
												"up": {"texture": "#accessories", "uv": [0, 1, 0.5, 2.5], "autoUv": false, "snapUv": false},
												"down": {"texture": "#accessories", "uv": [0, 0, 0.5, 1.5], "autoUv": false, "snapUv": false}
											},
											"shade": false
										},
										{
											"name": "handle 1",
											"from": [0, 4.335, 2.805],
											"to": [0.755, 4.59, 4.845],
											"rotationOrigin": [2.295, 5.355, -3.825],
											"faces": {
												"north": {"texture": "#accessories", "uv": [2.5, 3, 3, 3.5], "autoUv": false, "snapUv": false},
												"east": {"texture": "#accessories", "uv": [0, 3, 4, 3.5], "autoUv": false, "snapUv": false},
												"south": {"texture": "#accessories", "uv": [4, 2.5, 4.5, 3], "autoUv": false, "snapUv": false},
												"west": {"texture": "#accessories", "uv": [0, 3, 4, 3.5], "autoUv": false, "snapUv": false},
												"up": {"texture": "#accessories", "uv": [0, 1, 4, 1.5], "rotation": 90, "autoUv": false, "snapUv": false},
												"down": {"texture": "#accessories", "uv": [0, 2.5, 4, 3], "rotation": 90, "autoUv": false, "snapUv": false}
											},
											"shade": false
										},
										{
											"name": "W_geo",
											"from": [0.51, 0.51, 1.02],
											"to": [1.52, 5.61, 6.63],
											"rotationOrigin": [0.51, 0.51, 1.02],
											"faces": {
												"north": {"texture": "#sides", "uv": [13, 2, 14, 12], "autoUv": false, "snapUv": false},
												"east": {"texture": "#lid", "uv": [1.5, 2, 12.5, 12], "autoUv": false, "snapUv": false},
												"south": {"texture": "#sides", "uv": [0, 2, 1, 12], "autoUv": false, "snapUv": false},
												"west": {"texture": "#sides", "uv": [1.5, 2, 12.5, 12], "autoUv": false, "snapUv": false},
												"up": {"texture": "#lid", "uv": [4.5, 9, 15.5, 10], "rotation": 90, "autoUv": false, "snapUv": false},
												"down": {"texture": "#sides", "uv": [1, 2, 2, 13], "autoUv": false, "snapUv": false}
											},
											"shade": false
										}
									]
								},
								{
									"name": "E",
									"from": [0.51, -0.51, -0.51],
									"to": [0.51, -0.51, -0.51],
									"rotationOrigin": [0.51, -0.51, -0.51],
									"children": [
										{
											"name": "L holder1",
											"from": [6.63, 4.08, 2.55],
											"to": [7.385, 4.845, 3.315],
											"rotationOrigin": [6.63, 4.845, 2.55],
											"faces": {
												"north": {"texture": "#accessories", "uv": [0, 1, 0.5, 2.5], "autoUv": false, "snapUv": false},
												"east": {"texture": "#accessories", "uv": [0.5, 1, 2, 2.5], "autoUv": false, "snapUv": false},
												"south": {"texture": "#accessories", "uv": [4, 1, 4.5, 2.5], "autoUv": false, "snapUv": false},
												"west": {"texture": "#accessories", "uv": [1, 0.5, 2.5, 2], "autoUv": false, "snapUv": false},
												"up": {"texture": "#accessories", "uv": [4, 1, 4.5, 2.5], "autoUv": false, "snapUv": false},
												"down": {"texture": "#accessories", "uv": [0, 1.5, 0.5, 3], "autoUv": false, "snapUv": false}
											},
											"shade": false
										},
										{
											"name": "R holder2",
											"from": [6.63, 4.08, 4.335],
											"to": [7.385, 4.845, 5.1],
											"rotationOrigin": [6.63, 4.845, 5.1],
											"faces": {
												"north": {"texture": "#accessories", "uv": [0, 1, 0.5, 2.5], "autoUv": false, "snapUv": false},
												"east": {"texture": "#accessories", "uv": [1.5, 1.5, 3, 3], "autoUv": false, "snapUv": false},
												"south": {"texture": "#accessories", "uv": [4, 0.5, 4.5, 2], "autoUv": false, "snapUv": false},
												"west": {"texture": "#accessories", "uv": [0.5, 1, 2, 2.5], "autoUv": false, "snapUv": false},
												"up": {"texture": "#accessories", "uv": [0, 1, 0.5, 2.5], "autoUv": false, "snapUv": false},
												"down": {"texture": "#accessories", "uv": [0, 0, 0.5, 1.5], "autoUv": false, "snapUv": false}
											},
											"shade": false
										},
										{
											"name": "handle 2",
											"from": [6.885, 4.335, 2.805],
											"to": [7.64, 4.59, 4.845],
											"rotationOrigin": [7.14, 4.335, 2.805],
											"faces": {
												"north": {"texture": "#accessories", "uv": [2.5, 3, 3, 3.5], "autoUv": false, "snapUv": false},
												"east": {"texture": "#accessories", "uv": [0, 3, 4, 3.5], "autoUv": false, "snapUv": false},
												"south": {"texture": "#accessories", "uv": [4, 2.5, 4.5, 3], "autoUv": false, "snapUv": false},
												"west": {"texture": "#accessories", "uv": [0, 3, 4, 3.5], "autoUv": false, "snapUv": false},
												"up": {"texture": "#accessories", "uv": [0, 1, 4, 1.5], "rotation": 90, "autoUv": false, "snapUv": false},
												"down": {"texture": "#accessories", "uv": [0, 2.5, 4, 3], "rotation": 90, "autoUv": false, "snapUv": false}
											},
											"shade": false
										},
										{
											"name": "E_geo",
											"from": [6.12, 0.51, 1.02],
											"to": [7.13, 5.61, 6.63],
											"rotationOrigin": [6.12, 0.51, 1.02],
											"faces": {
												"north": {"texture": "#sides", "uv": [14, 2, 15, 12], "autoUv": false, "snapUv": false},
												"east": {"texture": "#sides", "uv": [1.5, 2, 12.5, 12], "autoUv": false, "snapUv": false},
												"south": {"texture": "#sides", "uv": [0, 2, 1, 12], "autoUv": false, "snapUv": false},
												"west": {"texture": "#lid", "uv": [1.5, 2, 12.5, 12], "autoUv": false, "snapUv": false},
												"up": {"texture": "#lid", "uv": [1, 1.5, 12, 2.5], "rotation": 90, "autoUv": false, "snapUv": false},
												"down": {"texture": "#sides", "uv": [1, 2, 2, 13], "autoUv": false, "snapUv": false}
											},
											"shade": false
										}
									]
								},
								{
									"name": "N",
									"from": [-0.51, -0.51, -0.51],
									"to": [-0.51, -0.51, -0.51],
									"rotationOrigin": [-0.51, -0.51, -0.51],
									"children": [
										{
											"name": "hinge 1",
											"from": [1.785, 5.1, 0.918],
											"to": [2.795, 6.12, 1.173],
											"rotationOrigin": [2.04, 5.1, 1.071],
											"faces": {
												"north": {"texture": "#accessories", "uv": [0, 0, 1, 2], "autoUv": false, "snapUv": false},
												"east": {"texture": "#accessories", "uv": [0, 0, 0.5, 2], "autoUv": false, "snapUv": false},
												"south": {"texture": "#accessories", "uv": [0, 0, 1, 2], "autoUv": false, "snapUv": false},
												"west": {"texture": "#accessories", "uv": [0, 0, 0.5, 2], "autoUv": false, "snapUv": false},
												"up": {"texture": "#accessories", "uv": [0, 0, 1, 0.5], "autoUv": false, "snapUv": false},
												"down": {"texture": "#accessories", "uv": [0, 0, 1, 0.5], "autoUv": false, "snapUv": false}
											},
											"shade": false
										},
										{
											"name": "hinge 2",
											"from": [5.865, 5.1, 0.918],
											"to": [6.875, 6.12, 1.173],
											"rotationOrigin": [6.12, 5.1, 1.071],
											"faces": {
												"north": {"texture": "#accessories", "uv": [0, 0, 1, 2], "autoUv": false, "snapUv": false},
												"east": {"texture": "#accessories", "uv": [0, 0, 0.5, 2], "autoUv": false, "snapUv": false},
												"south": {"texture": "#accessories", "uv": [0, 0, 1, 2], "autoUv": false, "snapUv": false},
												"west": {"texture": "#accessories", "uv": [0, 0, 0.5, 2], "autoUv": false, "snapUv": false},
												"up": {"texture": "#accessories", "uv": [0, 0, 1, 0.5], "autoUv": false, "snapUv": false},
												"down": {"texture": "#accessories", "uv": [0, 0, 1, 0.5], "autoUv": false, "snapUv": false}
											},
											"shade": false
										},
										{
											"name": "N_geo",
											"from": [0.51, 0.51, 0.51],
											"to": [8.15, 5.61, 1.02],
											"rotationOrigin": [0.51, 0.51, 0.51],
											"faces": {
												"north": {"texture": "#sides", "uv": [0, 2, 14, 12], "autoUv": false, "snapUv": false},
												"east": {"texture": "#sides", "uv": [13, 2, 14, 12], "autoUv": false, "snapUv": false},
												"south": {"texture": "#lid", "uv": [1, 2, 15, 12], "autoUv": false, "snapUv": false},
												"west": {"texture": "#sides", "uv": [0, 2, 1, 12], "autoUv": false, "snapUv": false},
												"up": {"texture": "#lid", "uv": [2, 4, 16, 5], "rotation": 180, "autoUv": false, "snapUv": false},
												"down": {"texture": "#sides", "uv": [1, 4, 15, 5], "autoUv": false, "snapUv": false}
											},
											"shade": false
										}
									]
								},
								{
									"name": "feet 1",
									"from": [0, -0.51, 0],
									"to": [0, -0.51, 0],
									"rotationOrigin": [0, -0.51, 0],
									"children": [
										{
											"name": "Cube14",
											"from": [1.02, 0.255, 0],
											"to": [2.285, 0.51, 0.51],
											"rotationOrigin": [1.02, 0.255, 0],
											"faces": {
												"north": {"texture": "#sides", "uv": [1, 12, 2.5, 12.5], "autoUv": false, "snapUv": false},
												"east": {"texture": "#sides", "uv": [2.5, 12, 3.5, 12.5], "autoUv": false, "snapUv": false},
												"south": {"texture": "#sides", "uv": [6.5, 12, 8, 12.5], "autoUv": false, "snapUv": false},
												"west": {"texture": "#sides", "uv": [0, 0, 1, 0.5], "autoUv": false, "snapUv": false},
												"up": {"texture": "#sides", "uv": [0, 0, 1.5, 1], "autoUv": false, "snapUv": false},
												"down": {"texture": "#sides", "uv": [6, 12, 7.5, 13], "autoUv": false, "snapUv": false}
											},
											"shade": false
										},
										{
											"name": "Cube15",
											"from": [0, 0.255, 1.02],
											"to": [1.01, 0.51, 1.785],
											"rotationOrigin": [0, 0.255, 1.02],
											"faces": {
												"north": {"texture": "#sides", "uv": [0, 0, 1, 0.5], "autoUv": false, "snapUv": false},
												"east": {"texture": "#sides", "uv": [0, 12, 1.5, 12.5], "autoUv": false, "snapUv": false},
												"south": {"texture": "#sides", "uv": [1.5, 12, 2.5, 12.5], "autoUv": false, "snapUv": false},
												"west": {"texture": "#sides", "uv": [2.5, 12, 4, 12.5], "autoUv": false, "snapUv": false},
												"up": {"texture": "#sides", "uv": [0, 14.5, 1, 16], "autoUv": false, "snapUv": false},
												"down": {"texture": "#sides", "uv": [0, 14.5, 1, 16], "autoUv": false, "snapUv": false}
											},
											"shade": false
										},
										{
											"name": "feet 1_geo",
											"from": [0, 0, 0],
											"to": [1.52, 0.51, 1.02],
											"rotationOrigin": [0, 0, 0],
											"faces": {
												"north": {"texture": "#sides", "uv": [0, 12, 2, 13], "autoUv": false, "snapUv": false},
												"east": {"texture": "#sides", "uv": [2, 12, 4, 13], "autoUv": false, "snapUv": false},
												"south": {"texture": "#sides", "uv": [2.5, 12, 4.5, 13], "autoUv": false, "snapUv": false},
												"west": {"texture": "#sides", "uv": [3.5, 12, 5.5, 13], "autoUv": false, "snapUv": false},
												"up": {"texture": "#sides", "uv": [0, 14, 2, 16], "autoUv": false, "snapUv": false},
												"down": {"texture": "#sides", "uv": [0, 14, 2, 16], "autoUv": false, "snapUv": false}
											},
											"shade": false
										}
									]
								},
								{
									"name": "feet 16",
									"from": [6.12, -0.51, 0],
									"to": [6.12, -0.51, 0],
									"rotationOrigin": [6.12, -0.51, 0],
									"children": [
										{
											"name": "Cube17",
											"from": [-0.765, 0.255, 0],
											"to": [0.5, 0.51, 0.51],
											"rotationOrigin": [-0.765, 0.255, 0],
											"faces": {
												"north": {"texture": "#sides", "uv": [2.5, 12.5, 4, 13], "autoUv": false, "snapUv": false},
												"east": {"texture": "#sides", "uv": [0, 0, 1, 0.5], "autoUv": false, "snapUv": false},
												"south": {"texture": "#sides", "uv": [8.5, 13, 10, 13.5], "autoUv": false, "snapUv": false},
												"west": {"texture": "#sides", "uv": [10, 12, 11, 12.5], "autoUv": false, "snapUv": false},
												"up": {"texture": "#sides", "uv": [0, 0, 1.5, 1], "autoUv": false, "snapUv": false},
												"down": {"texture": "#sides", "uv": [4.5, 12, 6, 13], "autoUv": false, "snapUv": false}
											},
											"shade": false
										},
										{
											"name": "Cube18",
											"from": [0.51, 0.255, 1.02],
											"to": [1.52, 0.51, 1.785],
											"rotationOrigin": [0.51, 0.255, 1.02],
											"faces": {
												"north": {"texture": "#sides", "uv": [0, 0, 1, 0.5], "autoUv": false, "snapUv": false},
												"east": {"texture": "#sides", "uv": [4.5, 12, 6, 12.5], "autoUv": false, "snapUv": false},
												"south": {"texture": "#sides", "uv": [14.5, 12, 15.5, 12.5], "autoUv": false, "snapUv": false},
												"west": {"texture": "#sides", "uv": [3, 12, 4.5, 12.5], "autoUv": false, "snapUv": false},
												"up": {"texture": "#sides", "uv": [0.5, 14.5, 2, 15.5], "rotation": 90, "autoUv": false, "snapUv": false},
												"down": {"texture": "#sides", "uv": [1.5, 15, 3, 16], "rotation": 90, "autoUv": false, "snapUv": false}
											},
											"shade": false
										},
										{
											"name": "feet 16_geo",
											"from": [0, 0, 0],
											"to": [1.52, 0.51, 1.02],
											"rotationOrigin": [0, 0, 0],
											"faces": {
												"north": {"texture": "#sides", "uv": [1.5, 12, 3.5, 13], "autoUv": false, "snapUv": false},
												"east": {"texture": "#sides", "uv": [6, 12, 8, 13], "autoUv": false, "snapUv": false},
												"south": {"texture": "#sides", "uv": [9.5, 12, 11.5, 13], "autoUv": false, "snapUv": false},
												"west": {"texture": "#sides", "uv": [10, 12, 12, 13], "autoUv": false, "snapUv": false},
												"up": {"texture": "#sides", "uv": [0, 0, 2, 2], "autoUv": false, "snapUv": false},
												"down": {"texture": "#sides", "uv": [0, 14, 2, 16], "autoUv": false, "snapUv": false}
											},
											"shade": false
										}
									]
								},
								{
									"name": "feet 19",
									"from": [6.12, -0.51, 5.61],
									"to": [6.12, -0.51, 5.61],
									"rotationOrigin": [6.12, -0.51, 5.61],
									"children": [
										{
											"name": "Cube20",
											"from": [-0.765, 0.255, 0.51],
											"to": [0.5, 0.51, 1.02],
											"rotationOrigin": [-0.765, 0.255, 0.51],
											"faces": {
												"north": {"texture": "#sides", "uv": [5.5, 12, 7, 12.5], "autoUv": false, "snapUv": false},
												"east": {"texture": "#sides", "uv": [0, 0, 1, 0.5], "autoUv": false, "snapUv": false},
												"south": {"texture": "#sides", "uv": [5, 12, 6.5, 12.5], "autoUv": false, "snapUv": false},
												"west": {"texture": "#sides", "uv": [2.5, 12, 3.5, 12.5], "autoUv": false, "snapUv": false},
												"up": {"texture": "#sides", "uv": [0, 0, 1.5, 1], "autoUv": false, "snapUv": false},
												"down": {"texture": "#sides", "uv": [0, 12, 1.5, 13], "autoUv": false, "snapUv": false}
											},
											"shade": false
										},
										{
											"name": "Cube21",
											"from": [0.51, 0.255, -0.765],
											"to": [1.52, 0.51, 0],
											"rotationOrigin": [0.51, 0.255, -0.765],
											"faces": {
												"north": {"texture": "#sides", "uv": [10, 12, 11, 12.5], "autoUv": false, "snapUv": false},
												"east": {"texture": "#sides", "uv": [6, 12, 7.5, 12.5], "autoUv": false, "snapUv": false},
												"south": {"texture": "#sides", "uv": [0, 0, 1, 0.5], "autoUv": false, "snapUv": false},
												"west": {"texture": "#sides", "uv": [1, 12, 2.5, 12.5], "autoUv": false, "snapUv": false},
												"up": {"texture": "#sides", "uv": [0, 0, 1, 1.5], "autoUv": false, "snapUv": false},
												"down": {"texture": "#sides", "uv": [2, 12, 3.5, 13], "rotation": 90, "autoUv": false, "snapUv": false}
											},
											"shade": false
										},
										{
											"name": "feet 19_geo",
											"from": [0, 0, 0],
											"to": [1.52, 0.51, 1.02],
											"rotationOrigin": [0, 0, 0],
											"faces": {
												"north": {"texture": "#sides", "uv": [8.5, 12, 10.5, 13], "autoUv": false, "snapUv": false},
												"east": {"texture": "#sides", "uv": [6, 12, 8, 13], "autoUv": false, "snapUv": false},
												"south": {"texture": "#sides", "uv": [4.5, 12, 6.5, 13], "autoUv": false, "snapUv": false},
												"west": {"texture": "#sides", "uv": [6, 12, 8, 13], "autoUv": false, "snapUv": false},
												"up": {"texture": "#sides", "uv": [0, 0, 2, 2], "autoUv": false, "snapUv": false},
												"down": {"texture": "#sides", "uv": [0, 14, 2, 16], "autoUv": false, "snapUv": false}
											},
											"shade": false
										}
									]
								},
								{
									"name": "feet 22",
									"from": [0, -0.51, 5.61],
									"to": [0, -0.51, 5.61],
									"rotationOrigin": [0, -0.51, 5.61],
									"children": [
										{
											"name": "Cube23",
											"from": [1.02, 0.255, 0.51],
											"to": [2.285, 0.51, 1.02],
											"rotationOrigin": [1.02, 0.255, 0.51],
											"faces": {
												"north": {"texture": "#sides", "uv": [6, 12, 7.5, 12.5], "autoUv": false, "snapUv": false},
												"east": {"texture": "#sides", "uv": [0.5, 12, 1.5, 12.5], "autoUv": false, "snapUv": false},
												"south": {"texture": "#sides", "uv": [9, 12, 10.5, 12.5], "autoUv": false, "snapUv": false},
												"west": {"texture": "#sides", "uv": [0, 0, 1, 0.5], "autoUv": false, "snapUv": false},
												"up": {"texture": "#sides", "uv": [0, 0, 1.5, 1], "autoUv": false, "snapUv": false},
												"down": {"texture": "#sides", "uv": [0.5, 12, 2, 13], "autoUv": false, "snapUv": false}
											},
											"shade": false
										},
										{
											"name": "Cube24",
											"from": [0, 0.255, -0.765],
											"to": [1.01, 0.51, 0],
											"rotationOrigin": [0, 0.255, -0.765],
											"faces": {
												"north": {"texture": "#sides", "uv": [4.5, 12, 5.5, 12.5], "autoUv": false, "snapUv": false},
												"east": {"texture": "#sides", "uv": [4.5, 11.5, 6, 12], "autoUv": false, "snapUv": false},
												"south": {"texture": "#sides", "uv": [0, 0, 1, 0.5], "autoUv": false, "snapUv": false},
												"west": {"texture": "#sides", "uv": [3.5, 12, 5, 12.5], "autoUv": false, "snapUv": false},
												"up": {"texture": "#sides", "uv": [0, 0, 1, 1.5], "autoUv": false, "snapUv": false},
												"down": {"texture": "#sides", "uv": [2, 14.5, 3.5, 15.5], "rotation": 90, "autoUv": false, "snapUv": false}
											},
											"shade": false
										},
										{
											"name": "feet 22_geo",
											"from": [0, 0, 0],
											"to": [1.52, 0.51, 1.02],
											"rotationOrigin": [0, 0, 0],
											"faces": {
												"north": {"texture": "#sides", "uv": [5.5, 12, 7.5, 13], "autoUv": false, "snapUv": false},
												"east": {"texture": "#sides", "uv": [6.5, 12, 8.5, 13], "autoUv": false, "snapUv": false},
												"south": {"texture": "#sides", "uv": [4, 12, 6, 13], "autoUv": false, "snapUv": false},
												"west": {"texture": "#sides", "uv": [1.5, 12, 3.5, 13], "autoUv": false, "snapUv": false},
												"up": {"texture": "#sides", "uv": [0, 0, 2, 2], "autoUv": false, "snapUv": false},
												"down": {"texture": "#sides", "uv": [0, 14, 2, 16], "autoUv": false, "snapUv": false}
											},
											"shade": false
										}
									]
								},
								{
									"name": "floor_geo",
									"from": [0.51, 0, 0.51],
									"to": [7.13, 0.51, 6.12],
									"rotationOrigin": [0.51, 0, 0.51],
									"faces": {
										"north": {"texture": "#lid", "uv": [0, 0, 12, 1], "rotation": 180, "autoUv": false, "snapUv": false},
										"east": {"texture": "#lid", "uv": [1, 0, 12, 1], "rotation": 180, "autoUv": false, "snapUv": false},
										"south": {"texture": "#lid", "uv": [1, 14, 13, 15], "rotation": 180, "autoUv": false, "snapUv": false},
										"west": {"texture": "#lid", "uv": [1, 0, 12, 1], "rotation": 180, "autoUv": false, "snapUv": false},
										"up": {"texture": "#lid", "uv": [1, 3.5, 13, 14.5], "autoUv": false, "snapUv": false},
										"down": {"texture": "#lid", "uv": [1, 2, 13, 13], "autoUv": false, "snapUv": false}
									},
									"shade": false
								}
							]
						},
						{
							"name": "lid",
							"from": [0, 5.61, -3.57],
							"to": [0, 5.61, -3.57],
							"rotationOrigin": [0, 5.61, -3.57],
							"children": [
								{
									"name": "West",
									"from": [-3.57, 0, 0.51],
									"to": [-2.56, 1.02, 6.12],
									"rotationOrigin": [-3.57, 0, 0.51],
									"faces": {
										"north": {"texture": "#sides", "uv": [0, 0, 1, 2], "autoUv": false, "snapUv": false},
										"east": {"texture": "#sides", "uv": [1, 11, 12, 13], "autoUv": false, "snapUv": false},
										"south": {"texture": "#sides", "uv": [0, 0, 1, 2], "autoUv": false, "snapUv": false},
										"west": {"texture": "#sides", "uv": [1.5, 0, 12.5, 2], "autoUv": false, "snapUv": false},
										"up": {"texture": "#sides", "uv": [0, 0, 1, 11], "autoUv": false, "snapUv": false},
										"down": {"texture": "#sides", "uv": [3.5, 12.5, 14.5, 13.5], "rotation": 90, "autoUv": false, "snapUv": false}
									},
									"shade": false
								},
								{
									"name": "East",
									"from": [3.06, 0, 0.51],
									"to": [4.07, 1.02, 6.12],
									"rotationOrigin": [3.06, 0, 0.51],
									"faces": {
										"north": {"texture": "#sides", "uv": [0, 0, 1, 2], "autoUv": false, "snapUv": false},
										"east": {"texture": "#sides", "uv": [1.5, 0, 12.5, 2], "autoUv": false, "snapUv": false},
										"south": {"texture": "#sides", "uv": [0, 0, 1, 2], "autoUv": false, "snapUv": false},
										"west": {"texture": "#sides", "uv": [3, 11, 14, 13], "autoUv": false, "snapUv": false},
										"up": {"texture": "#sides", "uv": [13, 0, 14, 11], "autoUv": false, "snapUv": false},
										"down": {"texture": "#sides", "uv": [2.5, 13.5, 13.5, 14.5], "rotation": 90, "autoUv": false, "snapUv": false}
									},
									"shade": false
								},
								{
									"name": "North",
									"from": [-3.57, 0, 0],
									"to": [-3.57, 0, 0],
									"rotationOrigin": [-3.57, 0, 0],
									"children": [
										{
											"name": "hinge 3",
											"from": [1.275, -0.408, 0.51],
											"to": [2.285, 0.612, 0.765],
											"rotationOrigin": [1.53, -0.408, 0.51],
											"faces": {
												"north": {"texture": "#accessories", "uv": [0, 0, 1, 2], "autoUv": false, "snapUv": false},
												"east": {"texture": "#accessories", "uv": [0, 0, 0.5, 2], "autoUv": false, "snapUv": false},
												"south": {"texture": "#accessories", "uv": [0, 0, 1, 2], "autoUv": false, "snapUv": false},
												"west": {"texture": "#accessories", "uv": [0, 0, 0.5, 2], "autoUv": false, "snapUv": false},
												"up": {"texture": "#accessories", "uv": [0, 0, 1, 0.5], "autoUv": false, "snapUv": false},
												"down": {"texture": "#accessories", "uv": [0, 0, 1, 0.5], "autoUv": false, "snapUv": false}
											},
											"shade": false
										},
										{
											"name": "hinge 4",
											"from": [5.355, -0.408, 0.51],
											"to": [6.365, 0.612, 0.765],
											"rotationOrigin": [5.61, -0.408, 0.51],
											"faces": {
												"north": {"texture": "#accessories", "uv": [0, 0, 1, 2], "autoUv": false, "snapUv": false},
												"east": {"texture": "#accessories", "uv": [0, 0, 0.5, 2], "autoUv": false, "snapUv": false},
												"south": {"texture": "#accessories", "uv": [0, 0, 1, 2], "autoUv": false, "snapUv": false},
												"west": {"texture": "#accessories", "uv": [0, 0, 0.5, 2], "autoUv": false, "snapUv": false},
												"up": {"texture": "#accessories", "uv": [0, 0, 1, 0.5], "autoUv": false, "snapUv": false},
												"down": {"texture": "#accessories", "uv": [0, 0, 1, 0.5], "autoUv": false, "snapUv": false}
											},
											"shade": false
										},
										{
											"name": "North_geo",
											"from": [0, 0, 0],
											"to": [7.64, 1.02, 0.51],
											"rotationOrigin": [0, 0, 0],
											"faces": {
												"north": {"texture": "#sides", "uv": [0, 0, 14, 2], "autoUv": false, "snapUv": false},
												"east": {"texture": "#sides", "uv": [13, 0, 14, 2], "autoUv": false, "snapUv": false},
												"south": {"texture": "#sides", "uv": [2, 11, 16, 13], "autoUv": false, "snapUv": false},
												"west": {"texture": "#sides", "uv": [0, 0, 1, 2], "autoUv": false, "snapUv": false},
												"up": {"texture": "#sides", "uv": [0, 0, 14, 1], "autoUv": false, "snapUv": false},
												"down": {"texture": "#sides", "uv": [0, 14.5, 14, 15.5], "autoUv": false, "snapUv": false}
											},
											"shade": false
										}
									]
								},
								{
									"name": "South",
									"from": [-3.57, 0, 6.12],
									"to": [4.07, 1.02, 6.63],
									"rotationOrigin": [-3.57, 0, 6.12],
									"faces": {
										"north": {"texture": "#sides", "uv": [0.5, 11, 14.5, 13], "autoUv": false, "snapUv": false},
										"east": {"texture": "#sides", "uv": [0, 0, 1, 2], "autoUv": false, "snapUv": false},
										"south": {"texture": "#sides", "uv": [0, 0, 14, 2], "autoUv": false, "snapUv": false},
										"west": {"texture": "#sides", "uv": [13, 0, 14, 2], "autoUv": false, "snapUv": false},
										"up": {"texture": "#sides", "uv": [0, 0, 14, 1], "autoUv": false, "snapUv": false},
										"down": {"texture": "#sides", "uv": [0.5, 13.5, 14.5, 14.5], "autoUv": false, "snapUv": false}
									},
									"shade": false
								},
								{
									"name": "Cube34",
									"from": [-0.765, -0.765, 6.63],
									"to": [1.265, 0.51, 6.885],
									"rotationOrigin": [-0.765, -0.765, 6.63],
									"faces": {
										"north": {"texture": "#accessories", "uv": [0, 0, 3, 2.5], "autoUv": false, "snapUv": false},
										"east": {"texture": "#accessories", "uv": [0, 0, 0.5, 2.5], "autoUv": false, "snapUv": false},
										"south": {"texture": "#accessories", "uv": [9, 0.5, 12, 3], "autoUv": false, "snapUv": false},
										"west": {"texture": "#accessories", "uv": [0, 0, 0.5, 2.5], "autoUv": false, "snapUv": false},
										"up": {"texture": "#accessories", "uv": [0, 0, 3, 0.5], "autoUv": false, "snapUv": false},
										"down": {"texture": "#accessories", "uv": [0, 0, 3, 0.5], "autoUv": false, "snapUv": false}
									},
									"shade": false
								},
								{
									"name": "Cube35",
									"from": [-0.51, 0.51, 6.63],
									"to": [1.01, 0.765, 6.885],
									"rotationOrigin": [-0.51, 0.51, 6.63],
									"faces": {
										"north": {"texture": "#accessories", "uv": [0, 0, 2, 0.5], "autoUv": false, "snapUv": false},
										"east": {"texture": "#accessories", "uv": [0, 0, 0.5, 0.5], "autoUv": false, "snapUv": false},
										"south": {"texture": "#accessories", "uv": [9.5, 0, 11.5, 0.5], "autoUv": false, "snapUv": false},
										"west": {"texture": "#accessories", "uv": [0, 0, 0.5, 0.5], "autoUv": false, "snapUv": false},
										"up": {"texture": "#accessories", "uv": [0, 0, 2, 0.5], "autoUv": false, "snapUv": false},
										"down": {"texture": "#accessories", "uv": [0, 0, 2, 0.5], "autoUv": false, "snapUv": false}
									},
									"shade": false
								},
								{
									"name": "lid_geo",
									"from": [-3.06, 0.51, 0.51],
									"to": [3.56, 1.02, 6.12],
									"rotationOrigin": [-3.06, 0.51, 0.51],
									"faces": {
										"north": {"texture": "#lid", "uv": [0, 0, 12, 1], "autoUv": false, "snapUv": false},
										"east": {"texture": "#lid", "uv": [0.5, 0, 11.5, 1], "autoUv": false, "snapUv": false},
										"south": {"texture": "#lid", "uv": [0, 0, 12, 1], "autoUv": false, "snapUv": false},
										"west": {"texture": "#lid", "uv": [0.5, 0, 11.5, 1], "autoUv": false, "snapUv": false},
										"up": {"texture": "#lid", "uv": [0, 0, 12, 11], "autoUv": false, "snapUv": false},
										"down": {"texture": "#lid", "uv": [0, 0, 12, 11], "rotation": 180, "autoUv": false, "snapUv": false}
									},
									"shade": false
								}
							]
						}
					]
				}
			]
		}
	],
	"animations": []
}
