{
	"editor": {
		"allAngles": false,
		"entityTextureMode": false
	},
	"textureWidth": 16,
	"textureHeight": 16,
	"textureSizes": {
		"aged": [32, 32],
		"birch": [32, 32],
		"rope": [32, 32],
		"string": [16, 16],
		"blackbronze": [16, 16],
		"sides": [16, 16],
		"charred": [16, 16],
		"redclay": [16, 16],
		"blueclay": [32, 32]
	},
	"textures": {
		"aged": "game:block/wood/debarked/aged",
		"birch": "game:block/wood/debarked/birch",
		"rope": "game:item/resource/rope",
		"string": "game:block/cloth/burlap/string",
		"blackbronze": "game:block/metal/sheet/blackbronze",
		"sides": "game:block/wood/bucket/sides",
		"charred": "game:block/wood/charred",
		"redclay": "game:block/soil/redclay",
		"blueclay": "game:block/soil/blueclay"
	},
	"elements": [
		{
			"name": "ClayBackrack",
			"from": [0, -1.65, 8],
			"to": [0, -1.65, 8],
			"rotationOrigin": [0, -1.65, 8],
			"children": [
				{
					"name": "Frame",
					"from": [8, 8, 0],
					"to": [8, 8, 0],
					"rotationOrigin": [8, 8, 0],
					"children": [
						{
							"name": "frame1",
							"from": [-5, -9, -3],
							"to": [-4, 7, -1],
							"rotationOrigin": [-5, 0, -1],
							"faces": {
								"north": {"texture": "#aged", "uv": [29, 0, 32, 32], "autoUv": false, "snapUv": false},
								"east": {"texture": "#aged", "uv": [3, 0, 7, 32], "autoUv": false, "snapUv": false},
								"south": {"texture": "#aged", "uv": [20, 0, 23, 32], "autoUv": false, "snapUv": false},
								"west": {"texture": "#aged", "uv": [0, 0, 3, 32], "autoUv": false, "snapUv": false},
								"up": {"texture": "#birch", "uv": [6, 4, 10, 10], "autoUv": false, "snapUv": false},
								"down": {"texture": "#birch", "uv": [8, 5, 11, 9], "autoUv": false, "snapUv": false}
							},
							"renderPass": 0
						},
						{
							"name": "frame2",
							"from": [-5, -9, 1],
							"to": [-4, 7, 3],
							"rotationOrigin": [-5, 0, 3],
							"faces": {
								"north": {"texture": "#aged", "uv": [0, 0, 3, 32], "autoUv": false, "snapUv": false},
								"east": {"texture": "#aged", "uv": [25, 0, 29, 32], "autoUv": false, "snapUv": false},
								"south": {"texture": "#aged", "uv": [14, 0, 16, 32], "autoUv": false, "snapUv": false},
								"west": {"texture": "#aged", "uv": [11, 0, 16, 32], "autoUv": false, "snapUv": false},
								"up": {"texture": "#birch", "uv": [9, 5, 12, 9], "autoUv": false, "snapUv": false},
								"down": {"texture": "#birch", "uv": [12, 16, 15, 20], "autoUv": false, "snapUv": false}
							},
							"renderPass": 0
						},
						{
							"name": "frame3",
							"from": [-5, -6, 3],
							"to": [4, -4, 4],
							"rotationOrigin": [-5, 3, 5],
							"faces": {
								"north": {"texture": "#aged", "uv": [0, 27, 32, 32], "autoUv": false, "snapUv": false},
								"east": {"texture": "#birch", "uv": [10, 23, 14, 27], "autoUv": false, "snapUv": false},
								"south": {"texture": "#aged", "uv": [0, 9, 32, 15], "autoUv": false, "snapUv": false},
								"west": {"texture": "#birch", "uv": [3, 15, 7, 20], "autoUv": false, "snapUv": false},
								"up": {"texture": "#aged", "uv": [0, 0, 32, 3], "autoUv": false, "snapUv": false},
								"down": {"texture": "#aged", "uv": [0, 23, 32, 26], "autoUv": false, "snapUv": false}
							},
							"renderPass": 0
						},
						{
							"name": "frame4",
							"from": [-5, -6, -4],
							"to": [4, -4, -3],
							"rotationOrigin": [-5, 3, -2],
							"faces": {
								"north": {"texture": "#aged", "uv": [0, 27, 32, 32], "autoUv": false, "snapUv": false},
								"east": {"texture": "#birch", "uv": [10, 23, 14, 27], "autoUv": false, "snapUv": false},
								"south": {"texture": "#aged", "uv": [0, 9, 32, 15], "autoUv": false, "snapUv": false},
								"west": {"texture": "#birch", "uv": [3, 15, 7, 20], "autoUv": false, "snapUv": false},
								"up": {"texture": "#aged", "uv": [0, 0, 32, 3], "autoUv": false, "snapUv": false},
								"down": {"texture": "#aged", "uv": [0, 23, 32, 26], "autoUv": false, "snapUv": false}
							},
							"renderPass": 0
						},
						{
							"name": "frame5",
							"from": [-4, 3, -5],
							"to": [-3, 4, 5],
							"rotationOrigin": [-5, 11, 1],
							"faces": {
								"north": {"texture": "#birch", "uv": [2, 19, 6, 24], "autoUv": false, "snapUv": false},
								"east": {"texture": "#aged", "uv": [0, 0, 32, 5], "autoUv": false, "snapUv": false},
								"south": {"texture": "#birch", "uv": [12, 15, 16, 20], "autoUv": false, "snapUv": false},
								"west": {"texture": "#aged", "uv": [0, 24, 32, 29], "autoUv": false, "snapUv": false},
								"up": {"texture": "#aged", "uv": [18, 0, 21, 32], "autoUv": false, "snapUv": false},
								"down": {"texture": "#aged", "uv": [10, 0, 13, 32], "autoUv": false, "snapUv": false}
							},
							"renderPass": 0
						},
						{
							"name": "frame6",
							"from": [-4, -7, -5],
							"to": [-3, -6, 5],
							"rotationOrigin": [-5, 1, 1],
							"faces": {
								"north": {"texture": "#birch", "uv": [2, 19, 6, 24], "autoUv": false, "snapUv": false},
								"east": {"texture": "#aged", "uv": [0, 0, 32, 5], "autoUv": false, "snapUv": false},
								"south": {"texture": "#birch", "uv": [12, 15, 16, 20], "autoUv": false, "snapUv": false},
								"west": {"texture": "#aged", "uv": [0, 24, 32, 29], "autoUv": false, "snapUv": false},
								"up": {"texture": "#aged", "uv": [18, 0, 21, 32], "autoUv": false, "snapUv": false},
								"down": {"texture": "#aged", "uv": [10, 0, 13, 32], "autoUv": false, "snapUv": false}
							},
							"renderPass": 0
						}
					]
				},
				{
					"name": "Rack",
					"from": [8, 1, 0],
					"to": [8, 1, 0],
					"rotationOrigin": [8, 1, 0],
					"children": [
						{
							"name": "Rope",
							"from": [-5, 10, 5],
							"to": [-5, 10, 5],
							"rotationOrigin": [-5, 10, 5],
							"children": [
								{
									"name": "rope1",
									"from": [0, 1, -2],
									"to": [2, 1.5, -1.5],
									"rotationOrigin": [0, 1, -1],
									"faces": {
										"north": {"texture": "#rope", "uv": [0, 0, 25.2, 10.5], "autoUv": false, "snapUv": false},
										"east": {"texture": "#rope", "uv": [0, 0, 6.3, 10.5], "autoUv": false, "snapUv": false},
										"south": {"texture": "#rope", "uv": [0, 0, 25.2, 10.5], "autoUv": false, "snapUv": false},
										"west": {"texture": "#rope", "uv": [0, 0, 6.3, 10.5], "autoUv": false, "snapUv": false},
										"up": {"texture": "#rope", "uv": [0, 0, 25.2, 6.3], "autoUv": false, "snapUv": false},
										"down": {"texture": "#rope", "uv": [0, 0, 25.2, 6.3], "autoUv": false, "snapUv": false}
									},
									"renderPass": 0
								},
								{
									"name": "rope2",
									"from": [-0.5, -0.5, -2],
									"to": [2, 0, -1.5],
									"rotationOrigin": [0, -0.5, -1],
									"faces": {
										"north": {"texture": "#rope", "uv": [0, 0, 31.5, 10.5], "autoUv": false, "snapUv": false},
										"east": {"texture": "#rope", "uv": [0, 0, 6.3, 10.5], "autoUv": false, "snapUv": false},
										"south": {"texture": "#rope", "uv": [0, 0, 31.5, 10.5], "autoUv": false, "snapUv": false},
										"west": {"texture": "#rope", "uv": [0, 0, 6.3, 10.5], "autoUv": false, "snapUv": false},
										"up": {"texture": "#rope", "uv": [0, 0, 31.5, 6.3], "autoUv": false, "snapUv": false},
										"down": {"texture": "#rope", "uv": [0, 0, 31.5, 6.3], "autoUv": false, "snapUv": false}
									},
									"renderPass": 0
								},
								{
									"name": "rope3",
									"from": [0, 1, -4.5],
									"to": [2, 1.5, -4],
									"rotationOrigin": [0, 1, -3.5],
									"faces": {
										"north": {"texture": "#rope", "uv": [0, 0, 25.2, 10.5], "autoUv": false, "snapUv": false},
										"east": {"texture": "#rope", "uv": [0, 0, 6.3, 10.5], "autoUv": false, "snapUv": false},
										"south": {"texture": "#rope", "uv": [0, 0, 25.2, 10.5], "autoUv": false, "snapUv": false},
										"west": {"texture": "#rope", "uv": [0, 0, 6.3, 10.5], "autoUv": false, "snapUv": false},
										"up": {"texture": "#rope", "uv": [0, 0, 25.2, 6.3], "autoUv": false, "snapUv": false},
										"down": {"texture": "#rope", "uv": [0, 0, 25.2, 6.3], "autoUv": false, "snapUv": false}
									},
									"renderPass": 0
								},
								{
									"name": "rope4",
									"from": [-0.5, 1, -4.25],
									"to": [0, 1.5, -1.75],
									"rotationOrigin": [-2, 1, -1],
									"faces": {
										"north": {"texture": "#rope", "uv": [0, 0, 6.3, 10.5], "autoUv": false, "snapUv": false},
										"east": {"texture": "#rope", "uv": [0, 0, 31.5, 10.5], "autoUv": false, "snapUv": false},
										"south": {"texture": "#rope", "uv": [0, 0, 6.3, 10.5], "autoUv": false, "snapUv": false},
										"west": {"texture": "#rope", "uv": [0, 0, 31.5, 10.5], "autoUv": false, "snapUv": false},
										"up": {"texture": "#rope", "uv": [0, 0, 6.3, 31.5], "autoUv": false, "snapUv": false},
										"down": {"texture": "#rope", "uv": [0, 0, 6.3, 31.5], "autoUv": false, "snapUv": false}
									},
									"renderPass": 0
								},
								{
									"name": "rope5",
									"from": [-0.5, -0.09985, -4.2685],
									"to": [0, 0.40015, -2.0185],
									"rotationOrigin": [-2, 0.25, -3.5],
									"faces": {
										"north": {"texture": "#rope", "uv": [6.3, 0, 0, 10.5], "autoUv": false, "snapUv": false},
										"east": {"texture": "#rope", "uv": [28.35, 0, 0, 10.5], "autoUv": false, "snapUv": false},
										"south": {"texture": "#rope", "uv": [6.3, 0, 0, 10.5], "autoUv": false, "snapUv": false},
										"west": {"texture": "#rope", "uv": [28.35, 0, 0, 10.5], "autoUv": false, "snapUv": false},
										"up": {"texture": "#rope", "uv": [0, 28.35, 6.3, 0], "autoUv": false, "snapUv": false},
										"down": {"texture": "#rope", "uv": [0, 28.35, 6.3, 0], "autoUv": false, "snapUv": false}
									},
									"rotationX": -42.5,
									"renderPass": 0
								},
								{
									"name": "rope6",
									"from": [2, -0.25, -2],
									"to": [2.5, 1.25, -1.5],
									"rotationOrigin": [2, 1, -1],
									"faces": {
										"north": {"texture": "#rope", "uv": [0, 0, 6.3, 31.5], "autoUv": false, "snapUv": false},
										"east": {"texture": "#rope", "uv": [0, 0, 6.3, 31.5], "autoUv": false, "snapUv": false},
										"south": {"texture": "#rope", "uv": [0, 0, 6.3, 31.5], "autoUv": false, "snapUv": false},
										"west": {"texture": "#rope", "uv": [0, 0, 6.3, 31.5], "autoUv": false, "snapUv": false},
										"up": {"texture": "#rope", "uv": [0, 0, 6.3, 6.3], "autoUv": false, "snapUv": false},
										"down": {"texture": "#rope", "uv": [0, 0, 6.3, 6.3], "autoUv": false, "snapUv": false}
									},
									"renderPass": 0
								},
								{
									"name": "rope7",
									"from": [2, -0.25, -4.5],
									"to": [2.5, 1.25, -4],
									"rotationOrigin": [2, 1, -3.5],
									"faces": {
										"north": {"texture": "#rope", "uv": [0, 0, 6.3, 31.5], "autoUv": false, "snapUv": false},
										"east": {"texture": "#rope", "uv": [0, 0, 6.3, 31.5], "autoUv": false, "snapUv": false},
										"south": {"texture": "#rope", "uv": [0, 0, 6.3, 31.5], "autoUv": false, "snapUv": false},
										"west": {"texture": "#rope", "uv": [0, 0, 6.3, 31.5], "autoUv": false, "snapUv": false},
										"up": {"texture": "#rope", "uv": [0, 0, 6.3, 6.3], "autoUv": false, "snapUv": false},
										"down": {"texture": "#rope", "uv": [0, 0, 6.3, 6.3], "autoUv": false, "snapUv": false}
									},
									"renderPass": 0
								},
								{
									"name": "rope8",
									"from": [-0.5, -0.5, -4.5],
									"to": [2, 0, -4],
									"rotationOrigin": [0, -0.5, -3.5],
									"faces": {
										"north": {"texture": "#rope", "uv": [0, 0, 31.5, 10.5], "autoUv": false, "snapUv": false},
										"east": {"texture": "#rope", "uv": [0, 0, 6.3, 10.5], "autoUv": false, "snapUv": false},
										"south": {"texture": "#rope", "uv": [0, 0, 31.5, 10.5], "autoUv": false, "snapUv": false},
										"west": {"texture": "#rope", "uv": [0, 0, 6.3, 10.5], "autoUv": false, "snapUv": false},
										"up": {"texture": "#rope", "uv": [0, 0, 31.5, 6.3], "autoUv": false, "snapUv": false},
										"down": {"texture": "#rope", "uv": [0, 0, 31.5, 6.3], "autoUv": false, "snapUv": false}
									},
									"renderPass": 0
								},
								{
									"name": "rope9",
									"from": [-0.5, -0.09985, -3.9815],
									"to": [0, 0.40015, -1.7315],
									"rotationOrigin": [-2, 0.25, -2.5],
									"faces": {
										"north": {"texture": "#rope", "uv": [0, 0, 6.3, 10.5], "autoUv": false, "snapUv": false},
										"east": {"texture": "#rope", "uv": [0, 0, 28.35, 10.5], "autoUv": false, "snapUv": false},
										"south": {"texture": "#rope", "uv": [0, 0, 6.3, 10.5], "autoUv": false, "snapUv": false},
										"west": {"texture": "#rope", "uv": [0, 0, 28.35, 10.5], "autoUv": false, "snapUv": false},
										"up": {"texture": "#rope", "uv": [0, 0, 6.3, 28.35], "autoUv": false, "snapUv": false},
										"down": {"texture": "#rope", "uv": [0, 0, 6.3, 28.35], "autoUv": false, "snapUv": false}
									},
									"rotationX": 42.5,
									"renderPass": 0
								},
								{
									"name": "rope10",
									"from": [0, 1, -6],
									"to": [2, 1.5, -5.5],
									"rotationOrigin": [0, 1, -5],
									"faces": {
										"north": {"texture": "#rope", "uv": [0, 0, 25.2, 10.5], "autoUv": false, "snapUv": false},
										"east": {"texture": "#rope", "uv": [0, 0, 6.3, 10.5], "autoUv": false, "snapUv": false},
										"south": {"texture": "#rope", "uv": [0, 0, 25.2, 10.5], "autoUv": false, "snapUv": false},
										"west": {"texture": "#rope", "uv": [0, 0, 6.3, 10.5], "autoUv": false, "snapUv": false},
										"up": {"texture": "#rope", "uv": [0, 0, 25.2, 6.3], "autoUv": false, "snapUv": false},
										"down": {"texture": "#rope", "uv": [0, 0, 25.2, 6.3], "autoUv": false, "snapUv": false}
									},
									"renderPass": 0
								},
								{
									"name": "rope11",
									"from": [-0.5, -0.5, -6],
									"to": [2, 0, -5.5],
									"rotationOrigin": [0, -0.5, -5],
									"faces": {
										"north": {"texture": "#rope", "uv": [0, 0, 31.5, 10.5], "autoUv": false, "snapUv": false},
										"east": {"texture": "#rope", "uv": [0, 0, 6.3, 10.5], "autoUv": false, "snapUv": false},
										"south": {"texture": "#rope", "uv": [0, 0, 31.5, 10.5], "autoUv": false, "snapUv": false},
										"west": {"texture": "#rope", "uv": [0, 0, 6.3, 10.5], "autoUv": false, "snapUv": false},
										"up": {"texture": "#rope", "uv": [0, 0, 31.5, 6.3], "autoUv": false, "snapUv": false},
										"down": {"texture": "#rope", "uv": [0, 0, 31.5, 6.3], "autoUv": false, "snapUv": false}
									},
									"renderPass": 0
								},
								{
									"name": "rope12",
									"from": [0, 1, -8.5],
									"to": [2, 1.5, -8],
									"rotationOrigin": [0, 1, -7.5],
									"faces": {
										"north": {"texture": "#rope", "uv": [0, 0, 25.2, 10.5], "autoUv": false, "snapUv": false},
										"east": {"texture": "#rope", "uv": [0, 0, 6.3, 10.5], "autoUv": false, "snapUv": false},
										"south": {"texture": "#rope", "uv": [0, 0, 25.2, 10.5], "autoUv": false, "snapUv": false},
										"west": {"texture": "#rope", "uv": [0, 0, 6.3, 10.5], "autoUv": false, "snapUv": false},
										"up": {"texture": "#rope", "uv": [0, 0, 25.2, 6.3], "autoUv": false, "snapUv": false},
										"down": {"texture": "#rope", "uv": [0, 0, 25.2, 6.3], "autoUv": false, "snapUv": false}
									},
									"renderPass": 0
								},
								{
									"name": "rope13",
									"from": [-0.5, 1, -8.25],
									"to": [0, 1.5, -5.75],
									"rotationOrigin": [-2, 1, -5],
									"faces": {
										"north": {"texture": "#rope", "uv": [0, 0, 6.3, 10.5], "autoUv": false, "snapUv": false},
										"east": {"texture": "#rope", "uv": [0, 0, 31.5, 10.5], "autoUv": false, "snapUv": false},
										"south": {"texture": "#rope", "uv": [0, 0, 6.3, 10.5], "autoUv": false, "snapUv": false},
										"west": {"texture": "#rope", "uv": [0, 0, 31.5, 10.5], "autoUv": false, "snapUv": false},
										"up": {"texture": "#rope", "uv": [0, 0, 6.3, 31.5], "autoUv": false, "snapUv": false},
										"down": {"texture": "#rope", "uv": [0, 0, 6.3, 31.5], "autoUv": false, "snapUv": false}
									},
									"renderPass": 0
								},
								{
									"name": "rope14",
									"from": [-0.5, -0.09985, -8.2685],
									"to": [0, 0.40015, -6.0185],
									"rotationOrigin": [-2, 0.25, -7.5],
									"faces": {
										"north": {"texture": "#rope", "uv": [6.3, 0, 0, 10.5], "autoUv": false, "snapUv": false},
										"east": {"texture": "#rope", "uv": [28.35, 0, 0, 10.5], "autoUv": false, "snapUv": false},
										"south": {"texture": "#rope", "uv": [6.3, 0, 0, 10.5], "autoUv": false, "snapUv": false},
										"west": {"texture": "#rope", "uv": [28.35, 0, 0, 10.5], "autoUv": false, "snapUv": false},
										"up": {"texture": "#rope", "uv": [0, 28.35, 6.3, 0], "autoUv": false, "snapUv": false},
										"down": {"texture": "#rope", "uv": [0, 28.35, 6.3, 0], "autoUv": false, "snapUv": false}
									},
									"rotationX": -42.5,
									"renderPass": 0
								},
								{
									"name": "rope15",
									"from": [2, -0.25, -6],
									"to": [2.5, 1.25, -5.5],
									"rotationOrigin": [2, 1, -5],
									"faces": {
										"north": {"texture": "#rope", "uv": [0, 0, 6.3, 31.5], "autoUv": false, "snapUv": false},
										"east": {"texture": "#rope", "uv": [0, 0, 6.3, 31.5], "autoUv": false, "snapUv": false},
										"south": {"texture": "#rope", "uv": [0, 0, 6.3, 31.5], "autoUv": false, "snapUv": false},
										"west": {"texture": "#rope", "uv": [0, 0, 6.3, 31.5], "autoUv": false, "snapUv": false},
										"up": {"texture": "#rope", "uv": [0, 0, 6.3, 6.3], "autoUv": false, "snapUv": false},
										"down": {"texture": "#rope", "uv": [0, 0, 6.3, 6.3], "autoUv": false, "snapUv": false}
									},
									"renderPass": 0
								},
								{
									"name": "rope16",
									"from": [2, -0.25, -8.5],
									"to": [2.5, 1.25, -8],
									"rotationOrigin": [2, 1, -7.5],
									"faces": {
										"north": {"texture": "#rope", "uv": [0, 0, 6.3, 31.5], "autoUv": false, "snapUv": false},
										"east": {"texture": "#rope", "uv": [0, 0, 6.3, 31.5], "autoUv": false, "snapUv": false},
										"south": {"texture": "#rope", "uv": [0, 0, 6.3, 31.5], "autoUv": false, "snapUv": false},
										"west": {"texture": "#rope", "uv": [0, 0, 6.3, 31.5], "autoUv": false, "snapUv": false},
										"up": {"texture": "#rope", "uv": [0, 0, 6.3, 6.3], "autoUv": false, "snapUv": false},
										"down": {"texture": "#rope", "uv": [0, 0, 6.3, 6.3], "autoUv": false, "snapUv": false}
									},
									"renderPass": 0
								},
								{
									"name": "rope17",
									"from": [-0.5, -0.5, -8.5],
									"to": [2, 0, -8],
									"rotationOrigin": [0, -0.5, -7.5],
									"faces": {
										"north": {"texture": "#rope", "uv": [0, 0, 31.5, 10.5], "autoUv": false, "snapUv": false},
										"east": {"texture": "#rope", "uv": [0, 0, 6.3, 10.5], "autoUv": false, "snapUv": false},
										"south": {"texture": "#rope", "uv": [0, 0, 31.5, 10.5], "autoUv": false, "snapUv": false},
										"west": {"texture": "#rope", "uv": [0, 0, 6.3, 10.5], "autoUv": false, "snapUv": false},
										"up": {"texture": "#rope", "uv": [0, 0, 31.5, 6.3], "autoUv": false, "snapUv": false},
										"down": {"texture": "#rope", "uv": [0, 0, 31.5, 6.3], "autoUv": false, "snapUv": false}
									},
									"renderPass": 0
								},
								{
									"name": "rope18",
									"from": [-0.5, -0.09985, -7.9815],
									"to": [0, 0.40015, -5.7315],
									"rotationOrigin": [-2, 0.25, -6.5],
									"faces": {
										"north": {"texture": "#rope", "uv": [0, 0, 6.3, 10.5], "autoUv": false, "snapUv": false},
										"east": {"texture": "#rope", "uv": [0, 0, 28.35, 10.5], "autoUv": false, "snapUv": false},
										"south": {"texture": "#rope", "uv": [0, 0, 6.3, 10.5], "autoUv": false, "snapUv": false},
										"west": {"texture": "#rope", "uv": [0, 0, 28.35, 10.5], "autoUv": false, "snapUv": false},
										"up": {"texture": "#rope", "uv": [0, 0, 6.3, 28.35], "autoUv": false, "snapUv": false},
										"down": {"texture": "#rope", "uv": [0, 0, 6.3, 28.35], "autoUv": false, "snapUv": false}
									},
									"rotationX": 42.5,
									"renderPass": 0
								},
								{
									"name": "rope20",
									"from": [1, 1, -4],
									"to": [1.5, 1.5, -2],
									"rotationOrigin": [-0.5, 1, -1],
									"faces": {
										"north": {"texture": "#rope", "uv": [0, 0, 6.3, 10.5], "autoUv": false, "snapUv": false},
										"east": {"texture": "#rope", "uv": [0, 0, 25.2, 10.5], "autoUv": false, "snapUv": false},
										"south": {"texture": "#rope", "uv": [0, 0, 6.3, 10.5], "autoUv": false, "snapUv": false},
										"west": {"texture": "#rope", "uv": [0, 0, 25.2, 10.5], "autoUv": false, "snapUv": false},
										"up": {"texture": "#rope", "uv": [0, 0, 6.3, 25.2], "autoUv": false, "snapUv": false},
										"down": {"texture": "#rope", "uv": [0, 0, 6.3, 25.2], "autoUv": false, "snapUv": false}
									},
									"renderPass": 0
								},
								{
									"name": "rope21",
									"from": [1, 1, -8],
									"to": [1.5, 1.5, -6],
									"rotationOrigin": [-0.5, 1, -5],
									"faces": {
										"north": {"texture": "#rope", "uv": [0, 0, 6.3, 10.5], "autoUv": false, "snapUv": false},
										"east": {"texture": "#rope", "uv": [0, 0, 25.2, 10.5], "autoUv": false, "snapUv": false},
										"south": {"texture": "#rope", "uv": [0, 0, 6.3, 10.5], "autoUv": false, "snapUv": false},
										"west": {"texture": "#rope", "uv": [0, 0, 25.2, 10.5], "autoUv": false, "snapUv": false},
										"up": {"texture": "#rope", "uv": [0, 0, 6.3, 25.2], "autoUv": false, "snapUv": false},
										"down": {"texture": "#rope", "uv": [0, 0, 6.3, 25.2], "autoUv": false, "snapUv": false}
									},
									"renderPass": 0
								},
								{
									"name": "rope23",
									"from": [-0.5, -10.09985, -3.9815],
									"to": [0, -9.59985, -1.7315],
									"rotationOrigin": [-2, -9.75, -2.5],
									"faces": {
										"north": {"texture": "#rope", "uv": [0, 0, 6.3, 10.5], "autoUv": false, "snapUv": false},
										"east": {"texture": "#rope", "uv": [0, 0, 28.35, 10.5], "autoUv": false, "snapUv": false},
										"south": {"texture": "#rope", "uv": [0, 0, 6.3, 10.5], "autoUv": false, "snapUv": false},
										"west": {"texture": "#rope", "uv": [0, 0, 28.35, 10.5], "autoUv": false, "snapUv": false},
										"up": {"texture": "#rope", "uv": [0, 0, 6.3, 28.35], "autoUv": false, "snapUv": false},
										"down": {"texture": "#rope", "uv": [0, 0, 6.3, 28.35], "autoUv": false, "snapUv": false}
									},
									"rotationX": 42.5,
									"renderPass": 0
								},
								{
									"name": "rope24",
									"from": [-0.5, -10.5, -4.5],
									"to": [2, -10, -4],
									"rotationOrigin": [0, -10.5, -3.5],
									"faces": {
										"north": {"texture": "#rope", "uv": [0, 0, 31.5, 10.5], "autoUv": false, "snapUv": false},
										"east": {"texture": "#rope", "uv": [0, 0, 6.3, 10.5], "autoUv": false, "snapUv": false},
										"south": {"texture": "#rope", "uv": [0, 0, 31.5, 10.5], "autoUv": false, "snapUv": false},
										"west": {"texture": "#rope", "uv": [0, 0, 6.3, 10.5], "autoUv": false, "snapUv": false},
										"up": {"texture": "#rope", "uv": [0, 0, 31.5, 6.3], "autoUv": false, "snapUv": false},
										"down": {"texture": "#rope", "uv": [0, 0, 31.5, 6.3], "autoUv": false, "snapUv": false}
									},
									"renderPass": 0
								},
								{
									"name": "rope25",
									"from": [2, -10.25, -4.5],
									"to": [2.5, -8.75, -4],
									"rotationOrigin": [2, -9, -3.5],
									"faces": {
										"north": {"texture": "#rope", "uv": [0, 0, 6.3, 31.5], "autoUv": false, "snapUv": false},
										"east": {"texture": "#rope", "uv": [0, 0, 6.3, 31.5], "autoUv": false, "snapUv": false},
										"south": {"texture": "#rope", "uv": [0, 0, 6.3, 31.5], "autoUv": false, "snapUv": false},
										"west": {"texture": "#rope", "uv": [0, 0, 6.3, 31.5], "autoUv": false, "snapUv": false},
										"up": {"texture": "#rope", "uv": [0, 0, 6.3, 6.3], "autoUv": false, "snapUv": false},
										"down": {"texture": "#rope", "uv": [0, 0, 6.3, 6.3], "autoUv": false, "snapUv": false}
									},
									"renderPass": 0
								},
								{
									"name": "rope26",
									"from": [2, -10.25, -2],
									"to": [2.5, -9, -1.5],
									"rotationOrigin": [2, -9, -1],
									"faces": {
										"north": {"texture": "#rope", "uv": [0, 0, 6.3, 26.25], "autoUv": false, "snapUv": false},
										"east": {"texture": "#rope", "uv": [0, 0, 6.3, 26.25], "autoUv": false, "snapUv": false},
										"south": {"texture": "#rope", "uv": [0, 0, 6.3, 26.25], "autoUv": false, "snapUv": false},
										"west": {"texture": "#rope", "uv": [0, 0, 6.3, 26.25], "autoUv": false, "snapUv": false},
										"up": {"texture": "#rope", "uv": [0, 0, 6.3, 6.3], "autoUv": false, "snapUv": false},
										"down": {"texture": "#rope", "uv": [0, 0, 6.3, 6.3], "autoUv": false, "snapUv": false}
									},
									"renderPass": 0
								},
								{
									"name": "rope27",
									"from": [-0.5, -10.09985, -4.2685],
									"to": [0, -9.59985, -2.0185],
									"rotationOrigin": [-2, -9.75, -3.5],
									"faces": {
										"north": {"texture": "#rope", "uv": [6.3, 0, 0, 10.5], "autoUv": false, "snapUv": false},
										"east": {"texture": "#rope", "uv": [28.35, 0, 0, 10.5], "autoUv": false, "snapUv": false},
										"south": {"texture": "#rope", "uv": [6.3, 0, 0, 10.5], "autoUv": false, "snapUv": false},
										"west": {"texture": "#rope", "uv": [28.35, 0, 0, 10.5], "autoUv": false, "snapUv": false},
										"up": {"texture": "#rope", "uv": [0, 28.35, 6.3, 0], "autoUv": false, "snapUv": false},
										"down": {"texture": "#rope", "uv": [0, 28.35, 6.3, 0], "autoUv": false, "snapUv": false}
									},
									"rotationX": -42.5,
									"renderPass": 0
								},
								{
									"name": "rope28",
									"from": [-0.5, -9, -4.25],
									"to": [0, -8.5, -1.75],
									"rotationOrigin": [-2, -9, -1],
									"faces": {
										"north": {"texture": "#rope", "uv": [0, 0, 6.3, 10.5], "autoUv": false, "snapUv": false},
										"east": {"texture": "#rope", "uv": [0, 0, 31.5, 10.5], "autoUv": false, "snapUv": false},
										"south": {"texture": "#rope", "uv": [0, 0, 6.3, 10.5], "autoUv": false, "snapUv": false},
										"west": {"texture": "#rope", "uv": [0, 0, 31.5, 10.5], "autoUv": false, "snapUv": false},
										"up": {"texture": "#rope", "uv": [0, 0, 6.3, 31.5], "autoUv": false, "snapUv": false},
										"down": {"texture": "#rope", "uv": [0, 0, 6.3, 31.5], "autoUv": false, "snapUv": false}
									},
									"renderPass": 0
								},
								{
									"name": "rope29",
									"from": [0, -9, -4.5],
									"to": [2, -8.5, -4],
									"rotationOrigin": [0, -9, -3.5],
									"faces": {
										"north": {"texture": "#rope", "uv": [0, 0, 25.2, 10.5], "autoUv": false, "snapUv": false},
										"east": {"texture": "#rope", "uv": [0, 0, 6.3, 10.5], "autoUv": false, "snapUv": false},
										"south": {"texture": "#rope", "uv": [0, 0, 25.2, 10.5], "autoUv": false, "snapUv": false},
										"west": {"texture": "#rope", "uv": [0, 0, 6.3, 10.5], "autoUv": false, "snapUv": false},
										"up": {"texture": "#rope", "uv": [0, 0, 25.2, 6.3], "autoUv": false, "snapUv": false},
										"down": {"texture": "#rope", "uv": [0, 0, 25.2, 6.3], "autoUv": false, "snapUv": false}
									},
									"renderPass": 0
								},
								{
									"name": "rope30",
									"from": [-0.5, -10.5, -2],
									"to": [2, -10, -1.5],
									"rotationOrigin": [0, -10.5, -1],
									"faces": {
										"north": {"texture": "#rope", "uv": [0, 0, 31.5, 10.5], "autoUv": false, "snapUv": false},
										"east": {"texture": "#rope", "uv": [0, 0, 6.3, 10.5], "autoUv": false, "snapUv": false},
										"south": {"texture": "#rope", "uv": [0, 0, 31.5, 10.5], "autoUv": false, "snapUv": false},
										"west": {"texture": "#rope", "uv": [0, 0, 6.3, 10.5], "autoUv": false, "snapUv": false},
										"up": {"texture": "#rope", "uv": [0, 0, 31.5, 6.3], "autoUv": false, "snapUv": false},
										"down": {"texture": "#rope", "uv": [0, 0, 31.5, 6.3], "autoUv": false, "snapUv": false}
									},
									"renderPass": 0
								},
								{
									"name": "rope31",
									"from": [1, -9, -4],
									"to": [1.5, -8.5, -2],
									"rotationOrigin": [-0.5, -9, -1],
									"faces": {
										"north": {"texture": "#rope", "uv": [0, 0, 6.3, 10.5], "autoUv": false, "snapUv": false},
										"east": {"texture": "#rope", "uv": [0, 0, 25.2, 10.5], "autoUv": false, "snapUv": false},
										"south": {"texture": "#rope", "uv": [0, 0, 6.3, 10.5], "autoUv": false, "snapUv": false},
										"west": {"texture": "#rope", "uv": [0, 0, 25.2, 10.5], "autoUv": false, "snapUv": false},
										"up": {"texture": "#rope", "uv": [0, 0, 6.3, 25.2], "autoUv": false, "snapUv": false},
										"down": {"texture": "#rope", "uv": [0, 0, 6.3, 25.2], "autoUv": false, "snapUv": false}
									},
									"renderPass": 0
								},
								{
									"name": "rope32",
									"from": [1, -9, -8],
									"to": [1.5, -8.5, -6],
									"rotationOrigin": [-0.5, -9, -4.75],
									"faces": {
										"north": {"texture": "#rope", "uv": [0, 0, 6.3, 10.5], "autoUv": false, "snapUv": false},
										"east": {"texture": "#rope", "uv": [0, 0, 25.2, 10.5], "autoUv": false, "snapUv": false},
										"south": {"texture": "#rope", "uv": [0, 0, 6.3, 10.5], "autoUv": false, "snapUv": false},
										"west": {"texture": "#rope", "uv": [0, 0, 25.2, 10.5], "autoUv": false, "snapUv": false},
										"up": {"texture": "#rope", "uv": [0, 0, 6.3, 25.2], "autoUv": false, "snapUv": false},
										"down": {"texture": "#rope", "uv": [0, 0, 6.3, 25.2], "autoUv": false, "snapUv": false}
									},
									"renderPass": 0
								},
								{
									"name": "rope33",
									"from": [-0.5, -10.5, -6],
									"to": [2, -10, -5.5],
									"rotationOrigin": [0, -10.5, -5],
									"faces": {
										"north": {"texture": "#rope", "uv": [0, 0, 31.5, 10.5], "autoUv": false, "snapUv": false},
										"east": {"texture": "#rope", "uv": [0, 0, 6.3, 10.5], "autoUv": false, "snapUv": false},
										"south": {"texture": "#rope", "uv": [0, 0, 31.5, 10.5], "autoUv": false, "snapUv": false},
										"west": {"texture": "#rope", "uv": [0, 0, 6.3, 10.5], "autoUv": false, "snapUv": false},
										"up": {"texture": "#rope", "uv": [0, 0, 31.5, 6.3], "autoUv": false, "snapUv": false},
										"down": {"texture": "#rope", "uv": [0, 0, 31.5, 6.3], "autoUv": false, "snapUv": false}
									},
									"renderPass": 0
								},
								{
									"name": "rope34",
									"from": [0, -9, -6],
									"to": [2, -8.5, -5.5],
									"rotationOrigin": [0, -9, -5],
									"faces": {
										"north": {"texture": "#rope", "uv": [0, 0, 25.2, 10.5], "autoUv": false, "snapUv": false},
										"east": {"texture": "#rope", "uv": [0, 0, 6.3, 10.5], "autoUv": false, "snapUv": false},
										"south": {"texture": "#rope", "uv": [0, 0, 25.2, 10.5], "autoUv": false, "snapUv": false},
										"west": {"texture": "#rope", "uv": [0, 0, 6.3, 10.5], "autoUv": false, "snapUv": false},
										"up": {"texture": "#rope", "uv": [0, 0, 25.2, 6.3], "autoUv": false, "snapUv": false},
										"down": {"texture": "#rope", "uv": [0, 0, 25.2, 6.3], "autoUv": false, "snapUv": false}
									},
									"renderPass": 0
								},
								{
									"name": "rope35",
									"from": [-0.5, -9, -8.25],
									"to": [0, -8.5, -5.75],
									"rotationOrigin": [-2, -9, -5],
									"faces": {
										"north": {"texture": "#rope", "uv": [0, 0, 6.3, 10.5], "autoUv": false, "snapUv": false},
										"east": {"texture": "#rope", "uv": [0, 0, 31.5, 10.5], "autoUv": false, "snapUv": false},
										"south": {"texture": "#rope", "uv": [0, 0, 6.3, 10.5], "autoUv": false, "snapUv": false},
										"west": {"texture": "#rope", "uv": [0, 0, 31.5, 10.5], "autoUv": false, "snapUv": false},
										"up": {"texture": "#rope", "uv": [0, 0, 6.3, 31.5], "autoUv": false, "snapUv": false},
										"down": {"texture": "#rope", "uv": [0, 0, 6.3, 31.5], "autoUv": false, "snapUv": false}
									},
									"renderPass": 0
								},
								{
									"name": "rope36",
									"from": [-0.5, -10.09985, -8.2685],
									"to": [0, -9.59985, -6.0185],
									"rotationOrigin": [-2, -9.75, -7.5],
									"faces": {
										"north": {"texture": "#rope", "uv": [6.3, 0, 0, 10.5], "autoUv": false, "snapUv": false},
										"east": {"texture": "#rope", "uv": [28.35, 0, 0, 10.5], "autoUv": false, "snapUv": false},
										"south": {"texture": "#rope", "uv": [6.3, 0, 0, 10.5], "autoUv": false, "snapUv": false},
										"west": {"texture": "#rope", "uv": [28.35, 0, 0, 10.5], "autoUv": false, "snapUv": false},
										"up": {"texture": "#rope", "uv": [0, 28.35, 6.3, 0], "autoUv": false, "snapUv": false},
										"down": {"texture": "#rope", "uv": [0, 28.35, 6.3, 0], "autoUv": false, "snapUv": false}
									},
									"rotationX": -42.5,
									"renderPass": 0
								},
								{
									"name": "rope37",
									"from": [2, -10.25, -6],
									"to": [2.5, -9, -5.5],
									"rotationOrigin": [2, -9, -5],
									"faces": {
										"north": {"texture": "#rope", "uv": [0, 0, 6.3, 26.25], "autoUv": false, "snapUv": false},
										"east": {"texture": "#rope", "uv": [0, 0, 6.3, 26.25], "autoUv": false, "snapUv": false},
										"south": {"texture": "#rope", "uv": [0, 0, 6.3, 26.25], "autoUv": false, "snapUv": false},
										"west": {"texture": "#rope", "uv": [0, 0, 6.3, 26.25], "autoUv": false, "snapUv": false},
										"up": {"texture": "#rope", "uv": [0, 0, 6.3, 6.3], "autoUv": false, "snapUv": false},
										"down": {"texture": "#rope", "uv": [0, 0, 6.3, 6.3], "autoUv": false, "snapUv": false}
									},
									"renderPass": 0
								},
								{
									"name": "rope38",
									"from": [2, -10.25, -8.5],
									"to": [2.5, -9, -8],
									"rotationOrigin": [2, -9, -7.5],
									"faces": {
										"north": {"texture": "#rope", "uv": [0, 0, 6.3, 26.25], "autoUv": false, "snapUv": false},
										"east": {"texture": "#rope", "uv": [0, 0, 6.3, 26.25], "autoUv": false, "snapUv": false},
										"south": {"texture": "#rope", "uv": [0, 0, 6.3, 26.25], "autoUv": false, "snapUv": false},
										"west": {"texture": "#rope", "uv": [0, 0, 6.3, 26.25], "autoUv": false, "snapUv": false},
										"up": {"texture": "#rope", "uv": [0, 0, 6.3, 6.3], "autoUv": false, "snapUv": false},
										"down": {"texture": "#rope", "uv": [0, 0, 6.3, 6.3], "autoUv": false, "snapUv": false}
									},
									"renderPass": 0
								},
								{
									"name": "rope39",
									"from": [-0.5, -10.5, -8.5],
									"to": [2, -10, -8],
									"rotationOrigin": [0, -10.5, -7.5],
									"faces": {
										"north": {"texture": "#rope", "uv": [0, 0, 31.5, 10.5], "autoUv": false, "snapUv": false},
										"east": {"texture": "#rope", "uv": [0, 0, 6.3, 10.5], "autoUv": false, "snapUv": false},
										"south": {"texture": "#rope", "uv": [0, 0, 31.5, 10.5], "autoUv": false, "snapUv": false},
										"west": {"texture": "#rope", "uv": [0, 0, 6.3, 10.5], "autoUv": false, "snapUv": false},
										"up": {"texture": "#rope", "uv": [0, 0, 31.5, 6.3], "autoUv": false, "snapUv": false},
										"down": {"texture": "#rope", "uv": [0, 0, 31.5, 6.3], "autoUv": false, "snapUv": false}
									},
									"renderPass": 0
								},
								{
									"name": "rope40",
									"from": [-0.5, -10.09985, -7.9815],
									"to": [0, -9.59985, -5.7315],
									"rotationOrigin": [-2, -9.75, -6.5],
									"faces": {
										"north": {"texture": "#rope", "uv": [0, 0, 6.3, 10.5], "autoUv": false, "snapUv": false},
										"east": {"texture": "#rope", "uv": [0, 0, 28.35, 10.5], "autoUv": false, "snapUv": false},
										"south": {"texture": "#rope", "uv": [0, 0, 6.3, 10.5], "autoUv": false, "snapUv": false},
										"west": {"texture": "#rope", "uv": [0, 0, 28.35, 10.5], "autoUv": false, "snapUv": false},
										"up": {"texture": "#rope", "uv": [0, 0, 6.3, 28.35], "autoUv": false, "snapUv": false},
										"down": {"texture": "#rope", "uv": [0, 0, 6.3, 28.35], "autoUv": false, "snapUv": false}
									},
									"rotationX": 42.5,
									"renderPass": 0
								},
								{
									"name": "rope42",
									"from": [-0.5, -4.25, -1.6],
									"to": [7, -3.75, -1.1],
									"rotationOrigin": [0, -4.25, -0.6],
									"faces": {
										"north": {"texture": "#rope", "uv": [0, 0, 31.5, 10.5], "autoUv": false, "snapUv": false},
										"east": {"texture": "#rope", "uv": [0, 0, 6.3, 10.5], "autoUv": false, "snapUv": false},
										"south": {"texture": "#rope", "uv": [0, 0, 31.5, 10.5], "autoUv": false, "snapUv": false},
										"west": {"texture": "#rope", "uv": [0, 0, 6.3, 10.5], "autoUv": false, "snapUv": false},
										"up": {"texture": "#rope", "uv": [0, 0, 31.5, 6.3], "autoUv": false, "snapUv": false},
										"down": {"texture": "#rope", "uv": [0, 0, 31.5, 6.3], "autoUv": false, "snapUv": false}
									},
									"renderPass": 0
								},
								{
									"name": "rope42",
									"from": [7.39436, -4.25, -3.4253],
									"to": [7.74436, -3.75, -1.0253],
									"rotationOrigin": [7.475, -3.725, -1.95],
									"faces": {
										"north": {"texture": "#rope", "uv": [0, 0, 6.3, 10.5], "autoUv": false, "snapUv": false},
										"east": {"texture": "#rope", "uv": [0, 0, 25.2, 10.5], "autoUv": false, "snapUv": false},
										"south": {"texture": "#rope", "uv": [0, 0, 6.3, 10.5], "autoUv": false, "snapUv": false},
										"west": {"texture": "#rope", "uv": [0, 0, 25.2, 10.5], "autoUv": false, "snapUv": false},
										"up": {"texture": "#rope", "uv": [0, 0, 6.3, 25.2], "autoUv": false, "snapUv": false},
										"down": {"texture": "#rope", "uv": [0, 0, 6.3, 25.2], "autoUv": false, "snapUv": false}
									},
									"rotationY": -45,
									"renderPass": 0
								},
								{
									"name": "rope43",
									"from": [-0.475, -4.25, -8.45],
									"to": [0.025, -3.75, -1.575],
									"rotationOrigin": [-1.975, -4.25, -2],
									"faces": {
										"north": {"texture": "#rope", "uv": [0, 0, 6.3, 10.5], "autoUv": false, "snapUv": false},
										"east": {"texture": "#rope", "uv": [0, 0, 25.2, 10.5], "autoUv": false, "snapUv": false},
										"south": {"texture": "#rope", "uv": [0, 0, 6.3, 10.5], "autoUv": false, "snapUv": false},
										"west": {"texture": "#rope", "uv": [0, 0, 25.2, 10.5], "autoUv": false, "snapUv": false},
										"up": {"texture": "#rope", "uv": [0, 0, 6.3, 25.2], "autoUv": false, "snapUv": false},
										"down": {"texture": "#rope", "uv": [0, 0, 6.3, 25.2], "autoUv": false, "snapUv": false}
									},
									"renderPass": 0
								},
								{
									"name": "rope44",
									"from": [-0.5, -4.25, -8.925],
									"to": [7.125, -3.75, -8.425],
									"rotationOrigin": [0, -4.25, -7.925],
									"faces": {
										"north": {"texture": "#rope", "uv": [0, 0, 31.5, 10.5], "autoUv": false, "snapUv": false},
										"east": {"texture": "#rope", "uv": [0, 0, 6.3, 10.5], "autoUv": false, "snapUv": false},
										"south": {"texture": "#rope", "uv": [0, 0, 31.5, 10.5], "autoUv": false, "snapUv": false},
										"west": {"texture": "#rope", "uv": [0, 0, 6.3, 10.5], "autoUv": false, "snapUv": false},
										"up": {"texture": "#rope", "uv": [0, 0, 31.5, 6.3], "autoUv": false, "snapUv": false},
										"down": {"texture": "#rope", "uv": [0, 0, 31.5, 6.3], "autoUv": false, "snapUv": false}
									},
									"renderPass": 0
								},
								{
									"name": "rope45",
									"from": [7.49436, -4.25, -9.8753],
									"to": [8.09436, -3.75, -7.7753],
									"rotationOrigin": [7.575, -3.725, -8.45],
									"faces": {
										"north": {"texture": "#rope", "uv": [0, 0, 6.3, 10.5], "autoUv": false, "snapUv": false},
										"east": {"texture": "#rope", "uv": [0, 0, 25.2, 10.5], "autoUv": false, "snapUv": false},
										"south": {"texture": "#rope", "uv": [0, 0, 6.3, 10.5], "autoUv": false, "snapUv": false},
										"west": {"texture": "#rope", "uv": [0, 0, 25.2, 10.5], "autoUv": false, "snapUv": false},
										"up": {"texture": "#rope", "uv": [0, 0, 6.3, 25.2], "autoUv": false, "snapUv": false},
										"down": {"texture": "#rope", "uv": [0, 0, 6.3, 25.2], "autoUv": false, "snapUv": false}
									},
									"rotationY": -133.5,
									"renderPass": 0
								},
								{
									"name": "rope46",
									"from": [8.175, -4.25, -7.5],
									"to": [8.675, -3.75, -2.825],
									"rotationOrigin": [6.675, -4.25, -2],
									"faces": {
										"north": {"texture": "#rope", "uv": [0, 0, 6.3, 10.5], "autoUv": false, "snapUv": false},
										"east": {"texture": "#rope", "uv": [0, 0, 25.2, 10.5], "autoUv": false, "snapUv": false},
										"south": {"texture": "#rope", "uv": [0, 0, 6.3, 10.5], "autoUv": false, "snapUv": false},
										"west": {"texture": "#rope", "uv": [0, 0, 25.2, 10.5], "autoUv": false, "snapUv": false},
										"up": {"texture": "#rope", "uv": [0, 0, 6.3, 25.2], "autoUv": false, "snapUv": false},
										"down": {"texture": "#rope", "uv": [0, 0, 6.3, 25.2], "autoUv": false, "snapUv": false}
									},
									"renderPass": 0
								}
							]
						},
						{
							"name": "Bucket",
							"from": [-0.25, 3, 0],
							"to": [-0.25, 3, 0],
							"rotationOrigin": [-0.25, 3, 0],
							"children": [
								{
									"name": "Floor",
									"from": [-2.66, 0.076, -2.66],
									"to": [2.66, 0.836, 2.66],
									"rotationOrigin": [0, 0.076, 0],
									"faces": {
										"up": {"texture": "#charred", "uv": [8, 4, 15, 11], "autoUv": false, "snapUv": false},
										"down": {"texture": "#charred", "uv": [5.5, 1, 12.5, 8], "autoUv": false, "snapUv": false}
									}
								},
								{
									"name": "N",
									"from": [-2.28, -0.076, -3.42],
									"to": [0, 6.84, -2.66],
									"rotationOrigin": [-1.52, -0.076, -2.66],
									"faces": {
										"north": {"texture": "#aged", "uv": [0, 6.5, 32, 13.5], "rotation": 90, "autoUv": false, "snapUv": false},
										"south": {"texture": "#aged", "uv": [0, 4, 32, 10], "rotation": 90, "autoUv": false, "snapUv": false},
										"west": {"texture": "#aged", "uv": [8, 6, 9, 15], "autoUv": false, "snapUv": false},
										"up": {"texture": "#aged", "uv": [11, 4, 21, 6], "autoUv": false, "snapUv": false},
										"down": {"texture": "#aged", "uv": [6, 0.5, 9, 1.5], "autoUv": false, "snapUv": false}
									}
								},
								{
									"name": "S",
									"from": [-2.28, -0.076, 2.66],
									"to": [0, 6.84, 3.42],
									"rotationOrigin": [-1.52, -0.076, -1.9],
									"faces": {
										"north": {"texture": "#aged", "uv": [0, 8.5, 32, 14.5], "rotation": 90, "autoUv": false, "snapUv": false},
										"south": {"texture": "#aged", "uv": [0, 0, 32, 6], "rotation": 90, "autoUv": false, "snapUv": false},
										"west": {"texture": "#aged", "uv": [3.5, 5.5, 12.5, 6.5], "rotation": 90, "autoUv": false, "snapUv": false},
										"up": {"texture": "#aged", "uv": [6.5, 11, 10.5, 13], "rotation": 180, "autoUv": false, "snapUv": false},
										"down": {"texture": "#aged", "uv": [0, 5, 3, 6], "autoUv": false, "snapUv": false}
									}
								},
								{
									"name": "W",
									"from": [-3.42, -0.076, -2.28],
									"to": [-2.66, 6.84, 0],
									"rotationOrigin": [-2.66, -0.076, -2.28],
									"faces": {
										"north": {"texture": "#aged", "uv": [6, 1.5, 15, 2.5], "rotation": 90, "autoUv": false, "snapUv": false},
										"east": {"texture": "#aged", "uv": [0, 10.5, 32, 15.5], "rotation": 90, "autoUv": false, "snapUv": false},
										"west": {"texture": "#aged", "uv": [0, 2.5, 31, 9.5], "rotation": 90, "autoUv": false, "snapUv": false},
										"up": {"texture": "#aged", "uv": [6, 14, 9, 15], "rotation": 270, "autoUv": false, "snapUv": false},
										"down": {"texture": "#aged", "uv": [2, 11.5, 3, 14.5], "autoUv": false, "snapUv": false}
									}
								},
								{
									"name": "E",
									"from": [2.66, -0.076, -2.28],
									"to": [3.42, 6.84, 0],
									"rotationOrigin": [-1.9, -0.076, -2.28],
									"faces": {
										"north": {"texture": "#aged", "uv": [0, 12.5, 9, 13.5], "rotation": 90, "autoUv": false, "snapUv": false},
										"east": {"texture": "#aged", "uv": [0, 9, 32, 18], "rotation": 90, "autoUv": false, "snapUv": false},
										"west": {"texture": "#aged", "uv": [0, 7.5, 32, 14.5], "rotation": 90, "autoUv": false, "snapUv": false},
										"up": {"texture": "#aged", "uv": [2, 7, 9, 9], "rotation": 90, "autoUv": false, "snapUv": false},
										"down": {"texture": "#aged", "uv": [2, 6, 3, 9], "autoUv": false, "snapUv": false}
									}
								},
								{
									"name": "WE",
									"from": [-3.04, 0, 2.28],
									"to": [-1.52, 6.916, 3.04],
									"rotationOrigin": [-2.28, 0, 2.28],
									"faces": {
										"north": {"texture": "#aged", "uv": [0, 0, 32, 5], "rotation": 90, "autoUv": false, "snapUv": false},
										"east": {"texture": "#aged", "uv": [2, 7, 11, 8], "rotation": 90, "autoUv": false, "snapUv": false},
										"south": {"texture": "#aged", "uv": [0, 9.5, 32, 15.5], "rotation": 90, "autoUv": false, "snapUv": false},
										"west": {"texture": "#aged", "uv": [1, 0.5, 10, 1.5], "rotation": 90, "autoUv": false, "snapUv": false},
										"up": {"texture": "#aged", "uv": [9, 11, 15, 13], "rotation": 180, "autoUv": false, "snapUv": false},
										"down": {"texture": "#aged", "uv": [13.5, 11.5, 15.5, 12.5], "autoUv": false, "snapUv": false}
									},
									"rotationY": -45
								},
								{
									"name": "SE",
									"from": [1.52, 0, 2.28],
									"to": [3.04, 6.916, 3.04],
									"rotationOrigin": [2.28, 0, 2.28],
									"faces": {
										"north": {"texture": "#aged", "uv": [0, 0, 33.5, 8], "rotation": 90, "autoUv": false, "snapUv": false},
										"east": {"texture": "#aged", "uv": [2, 2, 11, 3], "rotation": 90, "autoUv": false, "snapUv": false},
										"south": {"texture": "#aged", "uv": [0, 0.5, 32, 5.5], "rotation": 90, "autoUv": false, "snapUv": false},
										"west": {"texture": "#aged", "uv": [1.5, 4.5, 10.5, 5.5], "rotation": 90, "autoUv": false, "snapUv": false},
										"up": {"texture": "#aged", "uv": [10, 9, 13, 12], "rotation": 180, "autoUv": false, "snapUv": false},
										"down": {"texture": "#aged", "uv": [1, 2.5, 3, 3.5], "autoUv": false, "snapUv": false}
									},
									"rotationY": 45
								},
								{
									"name": "NE",
									"from": [2.128, 0, -2.888],
									"to": [3.648, 6.916, -2.128],
									"rotationOrigin": [2.888, 0, -2.888],
									"faces": {
										"north": {"texture": "#aged", "uv": [0, 13.5, 32, 20.5], "rotation": 90, "autoUv": false, "snapUv": false},
										"east": {"texture": "#aged", "uv": [2, 0, 11, 1], "rotation": 90, "autoUv": false, "snapUv": false},
										"south": {"texture": "#aged", "uv": [0, 2.5, 32, 7.5], "rotation": 90, "autoUv": false, "snapUv": false},
										"west": {"texture": "#aged", "uv": [6.5, 10.5, 15.5, 11.5], "rotation": 90, "autoUv": false, "snapUv": false},
										"up": {"texture": "#aged", "uv": [1, 12.5, 4, 14.5], "rotation": 180, "autoUv": false, "snapUv": false},
										"down": {"texture": "#aged", "uv": [6, 1.5, 8, 2.5], "autoUv": false, "snapUv": false}
									},
									"rotationY": -45
								},
								{
									"name": "NW",
									"from": [-3.648, 0, -2.888],
									"to": [-2.128, 6.916, -2.128],
									"rotationOrigin": [-2.888, 0, -2.888],
									"faces": {
										"north": {"texture": "#aged", "uv": [0, 13.5, 32, 19.5], "rotation": 90, "autoUv": false, "snapUv": false},
										"east": {"texture": "#aged", "uv": [0, 5.5, 9, 6.5], "rotation": 90, "autoUv": false, "snapUv": false},
										"south": {"texture": "#aged", "uv": [0, 5, 32, 11], "rotation": 90, "autoUv": false, "snapUv": false},
										"west": {"texture": "#aged", "uv": [2, 14.5, 11, 15.5], "rotation": 90, "autoUv": false, "snapUv": false},
										"up": {"texture": "#aged", "uv": [1, 12.5, 11, 14.5], "rotation": 180, "autoUv": false, "snapUv": false},
										"down": {"texture": "#aged", "uv": [1, 0.5, 3, 1.5], "autoUv": false, "snapUv": false}
									},
									"rotationY": 45
								},
								{
									"name": "S2",
									"from": [0, -0.076, 2.66],
									"to": [2.28, 6.84, 3.42],
									"rotationOrigin": [0.76, -0.076, -1.9],
									"faces": {
										"north": {"texture": "#aged", "uv": [0, 5.5, 32, 14.5], "rotation": 90, "autoUv": false, "snapUv": false},
										"east": {"texture": "#aged", "uv": [5, 2.5, 14, 3.5], "rotation": 90, "autoUv": false, "snapUv": false},
										"south": {"texture": "#aged", "uv": [0, 7.5, 32, 14.5], "rotation": 90, "autoUv": false, "snapUv": false},
										"up": {"texture": "#aged", "uv": [12.5, 4, 19, 6], "rotation": 180, "autoUv": false, "snapUv": false},
										"down": {"texture": "#aged", "uv": [12.5, 14, 15.5, 15], "autoUv": false, "snapUv": false}
									}
								},
								{
									"name": "W2",
									"from": [-3.42, -0.076, 0],
									"to": [-2.66, 6.84, 2.28],
									"rotationOrigin": [-2.66, -0.076, 0],
									"faces": {
										"east": {"texture": "#aged", "uv": [0, 3, 32, 9], "rotation": 90, "autoUv": false, "snapUv": false},
										"south": {"texture": "#aged", "uv": [4, 3.5, 13, 4.5], "rotation": 90, "autoUv": false, "snapUv": false},
										"west": {"texture": "#aged", "uv": [0.5, 7, 32, 14], "rotation": 90, "autoUv": false, "snapUv": false},
										"up": {"texture": "#aged", "uv": [1.5, 13, 4.5, 14], "rotation": 270, "autoUv": false, "snapUv": false},
										"down": {"texture": "#aged", "uv": [7.5, 1.5, 8.5, 4.5], "autoUv": false, "snapUv": false}
									}
								},
								{
									"name": "N2",
									"from": [0, -0.076, -3.42],
									"to": [2.28, 6.84, -2.66],
									"rotationOrigin": [0.76, -0.076, -2.66],
									"faces": {
										"north": {"texture": "#aged", "uv": [0, 11, 32, 19], "rotation": 90, "autoUv": false, "snapUv": false},
										"east": {"texture": "#aged", "uv": [0, 8, 9, 9], "rotation": 90, "autoUv": false, "snapUv": false},
										"south": {"texture": "#aged", "uv": [-0.5, 7, 32, 13], "rotation": 90, "autoUv": false, "snapUv": false},
										"up": {"texture": "#aged", "uv": [1, 2, 11, 4], "autoUv": false, "snapUv": false},
										"down": {"texture": "#aged", "uv": [4.5, 12.5, 7.5, 13.5], "autoUv": false, "snapUv": false}
									}
								},
								{
									"name": "E2",
									"from": [2.66, -0.076, 0],
									"to": [3.42, 6.84, 2.28],
									"rotationOrigin": [-1.9, -0.076, 0],
									"faces": {
										"east": {"texture": "#aged", "uv": [0, 0, 32, 9], "rotation": 90, "autoUv": false, "snapUv": false},
										"south": {"texture": "#aged", "uv": [0, 6.5, 9, 7.5], "rotation": 90, "autoUv": false, "snapUv": false},
										"west": {"texture": "#aged", "uv": [0, 2.5, 32, 8.5], "rotation": 90, "autoUv": false, "snapUv": false},
										"up": {"texture": "#aged", "uv": [6, 2, 11, 4], "rotation": 90, "autoUv": false, "snapUv": false},
										"down": {"texture": "#aged", "uv": [9.5, 4.5, 10.5, 7.5], "autoUv": false, "snapUv": false}
									}
								},
								{
									"name": "origin ring 1",
									"from": [0, 0, 0],
									"to": [0, 0, 0],
									"rotationOrigin": [0, 0, 0],
									"children": [
										{
											"name": "S ring",
											"from": [-2.508, 4.56, 3.192],
											"to": [2.508, 5.32, 3.572],
											"rotationOrigin": [-2.508, 4.56, 3.192],
											"faces": {
												"north": {"texture": "#charred", "uv": [0, 0, 1, 1], "autoUv": false, "snapUv": false},
												"east": {"texture": "#charred", "uv": [13, 14.5, 13.5, 15.5], "autoUv": false, "snapUv": false},
												"south": {"texture": "#charred", "uv": [5, 1.5, 11.5, 2.5], "autoUv": false, "snapUv": false},
												"west": {"texture": "#charred", "uv": [12.5, 5.5, 13, 6.5], "autoUv": false, "snapUv": false},
												"up": {"texture": "#charred", "uv": [7.5, 2.5, 14, 3], "autoUv": false, "snapUv": false},
												"down": {"texture": "#charred", "uv": [5, 8.5, 11.5, 9], "autoUv": false, "snapUv": false}
											}
										},
										{
											"name": "N ring",
											"from": [-2.508, 4.56, -3.572],
											"to": [2.508, 5.32, -3.192],
											"rotationOrigin": [-2.508, 4.56, -3.192],
											"faces": {
												"north": {"texture": "#charred", "uv": [9, 1.5, 15.5, 2.5], "autoUv": false, "snapUv": false},
												"east": {"texture": "#charred", "uv": [1, 13.5, 1.5, 14.5], "autoUv": false, "snapUv": false},
												"south": {"texture": "#charred", "uv": [0, 0, 1, 1], "autoUv": false, "snapUv": false},
												"west": {"texture": "#charred", "uv": [9.5, 10.5, 10, 11.5], "autoUv": false, "snapUv": false},
												"up": {"texture": "#charred", "uv": [6, 0, 12.5, 0.5], "autoUv": false, "snapUv": false},
												"down": {"texture": "#charred", "uv": [1.5, 0.5, 8, 1], "autoUv": false, "snapUv": false}
											}
										},
										{
											"name": "W ring",
											"from": [-3.572, 4.56, -2.508],
											"to": [-3.192, 5.32, 2.508],
											"rotationOrigin": [-3.572, 4.56, -2.128],
											"faces": {
												"north": {"texture": "#charred", "uv": [9, 4, 9.5, 5], "autoUv": false, "snapUv": false},
												"east": {"texture": "#charred", "uv": [0, 0, 1, 1], "autoUv": false, "snapUv": false},
												"south": {"texture": "#charred", "uv": [8, 2, 8.5, 3], "autoUv": false, "snapUv": false},
												"west": {"texture": "#charred", "uv": [5, 1.5, 11.5, 2.5], "autoUv": false, "snapUv": false},
												"up": {"texture": "#charred", "uv": [15, 4.5, 15.5, 11], "autoUv": false, "snapUv": false},
												"down": {"texture": "#charred", "uv": [2.5, 1, 3, 7.5], "autoUv": false, "snapUv": false}
											}
										},
										{
											"name": "E ring",
											"from": [3.192, 4.56, -2.508],
											"to": [3.572, 5.32, 2.508],
											"rotationOrigin": [3.192, 4.56, -2.128],
											"faces": {
												"north": {"texture": "#charred", "uv": [9, 4, 9.5, 5], "autoUv": false, "snapUv": false},
												"east": {"texture": "#charred", "uv": [4, 6.5, 10.5, 7.5], "autoUv": false, "snapUv": false},
												"south": {"texture": "#charred", "uv": [8, 2, 8.5, 3], "autoUv": false, "snapUv": false},
												"west": {"texture": "#charred", "uv": [0, 0, 1, 1], "autoUv": false, "snapUv": false},
												"up": {"texture": "#charred", "uv": [15, 4.5, 15.5, 11], "autoUv": false, "snapUv": false},
												"down": {"texture": "#charred", "uv": [2.5, 1, 3, 7.5], "autoUv": false, "snapUv": false}
											}
										},
										{
											"name": "ring SE",
											"from": [1.9, 4.56, 2.508],
											"to": [3.42, 5.32, 2.888],
											"rotationOrigin": [3.04, 4.56, 2.508],
											"faces": {
												"north": {"texture": "#charred", "uv": [0, 0, 1, 1], "autoUv": false, "snapUv": false},
												"east": {"texture": "#charred", "uv": [10, 7.5, 10.5, 8.5], "autoUv": false, "snapUv": false},
												"south": {"texture": "#charred", "uv": [8, 8.5, 10, 9.5], "autoUv": false, "snapUv": false},
												"west": {"texture": "#charred", "uv": [11.5, 14, 12, 15], "autoUv": false, "snapUv": false},
												"up": {"texture": "#charred", "uv": [9, 0, 11, 0.5], "autoUv": false, "snapUv": false},
												"down": {"texture": "#charred", "uv": [0, 13.5, 2, 14], "autoUv": false, "snapUv": false}
											},
											"rotationX": -0.1,
											"rotationY": 45
										},
										{
											"name": "ring SW",
											"from": [-3.648, 4.56, 3.04],
											"to": [-2.128, 5.32, 3.42],
											"rotationOrigin": [-2.508, 4.56, 3.04],
											"faces": {
												"north": {"texture": "#charred", "uv": [4.5, 14, 6.5, 15], "autoUv": false, "snapUv": false},
												"east": {"texture": "#charred", "uv": [0, 0, 1, 1], "autoUv": false, "snapUv": false},
												"south": {"texture": "#charred", "uv": [3.5, 12, 5.5, 13], "autoUv": false, "snapUv": false},
												"west": {"texture": "#charred", "uv": [11.5, 14, 12, 15], "autoUv": false, "snapUv": false},
												"up": {"texture": "#charred", "uv": [4, 0, 6, 0.5], "autoUv": false, "snapUv": false},
												"down": {"texture": "#charred", "uv": [0, 13.5, 2, 14], "autoUv": false, "snapUv": false}
											},
											"rotationX": -0.1,
											"rotationY": -45
										},
										{
											"name": "ring NW",
											"from": [-3.952, 4.56, -3.344],
											"to": [-2.432, 5.32, -2.964],
											"rotationOrigin": [-2.812, 4.56, -3.344],
											"faces": {
												"north": {"texture": "#charred", "uv": [4.5, 12, 6.5, 13], "autoUv": false, "snapUv": false},
												"east": {"texture": "#charred", "uv": [10, 7.5, 10.5, 8.5], "autoUv": false, "snapUv": false},
												"south": {"texture": "#charred", "uv": [0, 0, 1, 1], "autoUv": false, "snapUv": false},
												"west": {"texture": "#charred", "uv": [11.5, 14, 12, 15], "autoUv": false, "snapUv": false},
												"up": {"texture": "#charred", "uv": [9.5, 13.5, 11.5, 14], "autoUv": false, "snapUv": false},
												"down": {"texture": "#charred", "uv": [0, 13.5, 2, 14], "autoUv": false, "snapUv": false}
											},
											"rotationX": -0.1,
											"rotationY": 45
										},
										{
											"name": "ring NE",
											"from": [2.204, 4.56, -2.812],
											"to": [3.724, 5.32, -2.432],
											"rotationOrigin": [3.344, 4.56, -2.812],
											"faces": {
												"north": {"texture": "#charred", "uv": [4.5, 13, 6.5, 14], "autoUv": false, "snapUv": false},
												"east": {"texture": "#charred", "uv": [10, 7.5, 10.5, 8.5], "autoUv": false, "snapUv": false},
												"south": {"texture": "#charred", "uv": [3.5, 12, 5.5, 13], "autoUv": false, "snapUv": false},
												"west": {"texture": "#charred", "uv": [0, 0, 1, 1], "autoUv": false, "snapUv": false},
												"up": {"texture": "#charred", "uv": [10.5, 0.5, 12.5, 1], "autoUv": false, "snapUv": false},
												"down": {"texture": "#charred", "uv": [3.5, 13, 5.5, 13.5], "autoUv": false, "snapUv": false}
											},
											"rotationX": 0.1,
											"rotationY": -45
										}
									]
								},
								{
									"name": "origin handle E",
									"from": [0, 0, 0],
									"to": [0, 0, 0],
									"rotationOrigin": [0, 0, 0],
									"children": [
										{
											"name": "E handle 1",
											"from": [2.584, 6.46, -1.52],
											"to": [3.496, 7.98, -1.14],
											"rotationOrigin": [2.584, 6.46, -1.52],
											"faces": {
												"north": {"texture": "#charred", "uv": [0, 0, 1, 2], "autoUv": false, "snapUv": false},
												"east": {"texture": "#charred", "uv": [0, 0, 0.5, 2], "autoUv": false, "snapUv": false},
												"south": {"texture": "#charred", "uv": [0, 0, 1, 2], "autoUv": false, "snapUv": false},
												"west": {"texture": "#charred", "uv": [0, 0, 0.5, 2], "autoUv": false, "snapUv": false},
												"up": {"texture": "#charred", "uv": [0, 0, 1, 0.5], "autoUv": false, "snapUv": false},
												"down": {"texture": "#charred", "uv": [0, 0, 1, 0.5], "autoUv": false, "snapUv": false}
											},
											"rotationX": 25
										},
										{
											"name": "E handle 2",
											"from": [2.584, 6.46, 1.14],
											"to": [3.496, 7.98, 1.52],
											"rotationOrigin": [2.584, 6.46, 1.52],
											"faces": {
												"north": {"texture": "#charred", "uv": [0, 0, 1, 2], "autoUv": false, "snapUv": false},
												"east": {"texture": "#charred", "uv": [0, 0, 0.5, 2], "autoUv": false, "snapUv": false},
												"south": {"texture": "#charred", "uv": [0, 0, 1, 2], "autoUv": false, "snapUv": false},
												"west": {"texture": "#charred", "uv": [0, 0, 0.5, 2], "autoUv": false, "snapUv": false},
												"up": {"texture": "#charred", "uv": [0, 0, 1, 0.5], "autoUv": false, "snapUv": false},
												"down": {"texture": "#charred", "uv": [0, 0, 1, 0.5], "autoUv": false, "snapUv": false}
											},
											"rotationX": -25
										},
										{
											"name": "E handle top",
											"from": [2.66, 7.524, -0.76],
											"to": [3.42, 7.904, 0.76],
											"rotationOrigin": [2.66, 7.524, -0.76],
											"faces": {
												"north": {"texture": "#charred", "uv": [0, 0, 1, 0.5], "autoUv": false, "snapUv": false},
												"east": {"texture": "#charred", "uv": [0, 0, 2, 0.5], "autoUv": false, "snapUv": false},
												"south": {"texture": "#charred", "uv": [0, 0, 1, 0.5], "autoUv": false, "snapUv": false},
												"west": {"texture": "#charred", "uv": [0, 0, 2, 0.5], "autoUv": false, "snapUv": false},
												"up": {"texture": "#charred", "uv": [0, 0, 1, 2], "autoUv": false, "snapUv": false},
												"down": {"texture": "#charred", "uv": [0, 0, 1, 2], "autoUv": false, "snapUv": false}
											}
										}
									]
								},
								{
									"name": "origin handle W",
									"from": [-6.08, 0, 0],
									"to": [-6.08, 0, 0],
									"rotationOrigin": [-6.08, 0, 0],
									"children": [
										{
											"name": "W handle 1",
											"from": [2.584, 6.46, -1.52],
											"to": [3.496, 7.98, -1.14],
											"rotationOrigin": [2.584, 6.46, -1.52],
											"faces": {
												"north": {"texture": "#charred", "uv": [11, 12.5, 12, 14.5], "autoUv": false, "snapUv": false},
												"east": {"texture": "#charred", "uv": [11, 5.5, 11.5, 7.5], "autoUv": false, "snapUv": false},
												"south": {"texture": "#charred", "uv": [9, 2.5, 10, 4.5], "autoUv": false, "snapUv": false},
												"west": {"texture": "#charred", "uv": [3, 2.5, 3.5, 4.5], "autoUv": false, "snapUv": false},
												"up": {"texture": "#charred", "uv": [12.5, 7.5, 13.5, 8], "autoUv": false, "snapUv": false},
												"down": {"texture": "#charred", "uv": [4, 1.5, 5, 2], "autoUv": false, "snapUv": false}
											},
											"rotationX": 25
										},
										{
											"name": "W handle 2",
											"from": [2.584, 6.46, 1.14],
											"to": [3.496, 7.98, 1.52],
											"rotationOrigin": [2.584, 6.46, 1.52],
											"faces": {
												"north": {"texture": "#charred", "uv": [2, 6.5, 3, 8.5], "autoUv": false, "snapUv": false},
												"east": {"texture": "#charred", "uv": [2.5, 9.5, 3, 11.5], "autoUv": false, "snapUv": false},
												"south": {"texture": "#charred", "uv": [9.5, 3.5, 10.5, 5.5], "autoUv": false, "snapUv": false},
												"west": {"texture": "#charred", "uv": [5.5, 2.5, 6, 4.5], "autoUv": false, "snapUv": false},
												"up": {"texture": "#charred", "uv": [7, 4, 8, 4.5], "autoUv": false, "snapUv": false},
												"down": {"texture": "#charred", "uv": [5.5, 9.5, 6.5, 10], "autoUv": false, "snapUv": false}
											},
											"rotationX": -25
										},
										{
											"name": "W handle top",
											"from": [2.66, 7.524, -0.76],
											"to": [3.42, 7.904, 0.76],
											"rotationOrigin": [2.66, 7.524, -0.76],
											"faces": {
												"north": {"texture": "#charred", "uv": [11.5, 13.5, 12.5, 14], "autoUv": false, "snapUv": false},
												"east": {"texture": "#charred", "uv": [11.5, 13, 13.5, 13.5], "autoUv": false, "snapUv": false},
												"south": {"texture": "#charred", "uv": [4.5, 1.5, 5.5, 2], "autoUv": false, "snapUv": false},
												"west": {"texture": "#charred", "uv": [4, 14.5, 6, 15], "autoUv": false, "snapUv": false},
												"up": {"texture": "#charred", "uv": [2, 8, 3, 10], "autoUv": false, "snapUv": false},
												"down": {"texture": "#charred", "uv": [11, 4.5, 12, 6.5], "autoUv": false, "snapUv": false}
											}
										}
									]
								},
								{
									"name": "origin ring 2",
									"from": [0, 0, 0],
									"to": [0, 0, 0],
									"rotationOrigin": [0, 0, 0],
									"children": [
										{
											"name": "S ring3",
											"from": [-2.508, 0.76, 3.192],
											"to": [2.508, 1.52, 3.572],
											"rotationOrigin": [-2.508, 0.76, 3.192],
											"faces": {
												"north": {"texture": "#charred", "uv": [0, 0, 1, 1], "autoUv": false, "snapUv": false},
												"east": {"texture": "#charred", "uv": [13, 14.5, 13.5, 15.5], "autoUv": false, "snapUv": false},
												"south": {"texture": "#charred", "uv": [5, 1.5, 11.5, 2.5], "autoUv": false, "snapUv": false},
												"west": {"texture": "#charred", "uv": [12.5, 5.5, 13, 6.5], "autoUv": false, "snapUv": false},
												"up": {"texture": "#charred", "uv": [7.5, 2.5, 14, 3], "autoUv": false, "snapUv": false},
												"down": {"texture": "#charred", "uv": [5, 8.5, 11.5, 9], "autoUv": false, "snapUv": false}
											}
										},
										{
											"name": "N ring3",
											"from": [-2.508, 0.76, -3.572],
											"to": [2.508, 1.52, -3.192],
											"rotationOrigin": [-2.508, 0.76, -3.192],
											"faces": {
												"north": {"texture": "#charred", "uv": [9, 1.5, 15.5, 2.5], "autoUv": false, "snapUv": false},
												"east": {"texture": "#charred", "uv": [1, 13.5, 1.5, 14.5], "autoUv": false, "snapUv": false},
												"south": {"texture": "#charred", "uv": [0, 0, 1, 1], "autoUv": false, "snapUv": false},
												"west": {"texture": "#charred", "uv": [9.5, 10.5, 10, 11.5], "autoUv": false, "snapUv": false},
												"up": {"texture": "#charred", "uv": [6, 0, 12.5, 0.5], "autoUv": false, "snapUv": false},
												"down": {"texture": "#charred", "uv": [1.5, 0.5, 8, 1], "autoUv": false, "snapUv": false}
											}
										},
										{
											"name": "W ring3",
											"from": [-3.572, 0.76, -2.508],
											"to": [-3.192, 1.52, 2.508],
											"rotationOrigin": [-3.572, 0.76, -2.128],
											"faces": {
												"north": {"texture": "#charred", "uv": [9, 4, 9.5, 5], "autoUv": false, "snapUv": false},
												"east": {"texture": "#charred", "uv": [0, 0, 1, 1], "autoUv": false, "snapUv": false},
												"south": {"texture": "#charred", "uv": [8, 2, 8.5, 3], "autoUv": false, "snapUv": false},
												"west": {"texture": "#charred", "uv": [5, 1.5, 11.5, 2.5], "autoUv": false, "snapUv": false},
												"up": {"texture": "#charred", "uv": [15, 4.5, 15.5, 11], "autoUv": false, "snapUv": false},
												"down": {"texture": "#charred", "uv": [2.5, 1, 3, 7.5], "autoUv": false, "snapUv": false}
											}
										},
										{
											"name": "E ring3",
											"from": [3.192, 0.76, -2.508],
											"to": [3.572, 1.52, 2.508],
											"rotationOrigin": [3.192, 0.76, -2.128],
											"faces": {
												"north": {"texture": "#charred", "uv": [9, 4, 9.5, 5], "autoUv": false, "snapUv": false},
												"east": {"texture": "#charred", "uv": [4.5, 1.5, 11, 2.5], "autoUv": false, "snapUv": false},
												"south": {"texture": "#charred", "uv": [8, 2, 8.5, 3], "autoUv": false, "snapUv": false},
												"west": {"texture": "#charred", "uv": [0, 0, 1, 1], "autoUv": false, "snapUv": false},
												"up": {"texture": "#charred", "uv": [15, 4.5, 15.5, 11], "autoUv": false, "snapUv": false},
												"down": {"texture": "#charred", "uv": [2.5, 1, 3, 7.5], "autoUv": false, "snapUv": false}
											}
										},
										{
											"name": "ring SE3",
											"from": [1.9, 0.76, 2.508],
											"to": [3.42, 1.52, 2.888],
											"rotationOrigin": [3.04, 0.76, 2.508],
											"faces": {
												"north": {"texture": "#charred", "uv": [0, 0, 1, 1], "autoUv": false, "snapUv": false},
												"east": {"texture": "#charred", "uv": [10, 7.5, 10.5, 8.5], "autoUv": false, "snapUv": false},
												"south": {"texture": "#charred", "uv": [7, 10.5, 9, 11.5], "autoUv": false, "snapUv": false},
												"west": {"texture": "#charred", "uv": [11.5, 14, 12, 15], "autoUv": false, "snapUv": false},
												"up": {"texture": "#charred", "uv": [9, 0, 11, 0.5], "autoUv": false, "snapUv": false},
												"down": {"texture": "#charred", "uv": [0, 13.5, 2, 14], "autoUv": false, "snapUv": false}
											},
											"rotationX": -0.1,
											"rotationY": 45
										},
										{
											"name": "ring SW3",
											"from": [-3.648, 0.76, 3.04],
											"to": [-2.128, 1.52, 3.42],
											"rotationOrigin": [-2.508, 0.76, 3.04],
											"faces": {
												"north": {"texture": "#charred", "uv": [4.5, 14, 6.5, 15], "autoUv": false, "snapUv": false},
												"east": {"texture": "#charred", "uv": [0, 0, 1, 1], "autoUv": false, "snapUv": false},
												"south": {"texture": "#charred", "uv": [3.5, 12, 5.5, 13], "autoUv": false, "snapUv": false},
												"west": {"texture": "#charred", "uv": [11.5, 14, 12, 15], "autoUv": false, "snapUv": false},
												"up": {"texture": "#charred", "uv": [4, 0, 6, 0.5], "autoUv": false, "snapUv": false},
												"down": {"texture": "#charred", "uv": [0, 13.5, 2, 14], "autoUv": false, "snapUv": false}
											},
											"rotationX": -0.1,
											"rotationY": -45
										},
										{
											"name": "ring NW3",
											"from": [-3.952, 0.76, -3.344],
											"to": [-2.432, 1.52, -2.964],
											"rotationOrigin": [-2.812, 0.76, -3.344],
											"faces": {
												"north": {"texture": "#charred", "uv": [4.5, 12, 6.5, 13], "autoUv": false, "snapUv": false},
												"east": {"texture": "#charred", "uv": [10, 7.5, 10.5, 8.5], "autoUv": false, "snapUv": false},
												"south": {"texture": "#charred", "uv": [0, 0, 1, 1], "autoUv": false, "snapUv": false},
												"west": {"texture": "#charred", "uv": [11.5, 14, 12, 15], "autoUv": false, "snapUv": false},
												"up": {"texture": "#charred", "uv": [9.5, 13.5, 11.5, 14], "autoUv": false, "snapUv": false},
												"down": {"texture": "#charred", "uv": [0, 13.5, 2, 14], "autoUv": false, "snapUv": false}
											},
											"rotationX": -0.1,
											"rotationY": 45
										},
										{
											"name": "ring NE3",
											"from": [2.204, 0.76, -2.812],
											"to": [3.724, 1.52, -2.432],
											"rotationOrigin": [3.344, 0.76, -2.812],
											"faces": {
												"north": {"texture": "#charred", "uv": [4.5, 13, 6.5, 14], "autoUv": false, "snapUv": false},
												"east": {"texture": "#charred", "uv": [10, 7.5, 10.5, 8.5], "autoUv": false, "snapUv": false},
												"south": {"texture": "#charred", "uv": [3.5, 12, 5.5, 13], "autoUv": false, "snapUv": false},
												"west": {"texture": "#charred", "uv": [0, 0, 1, 1], "autoUv": false, "snapUv": false},
												"up": {"texture": "#charred", "uv": [10.5, 0.5, 12.5, 1], "autoUv": false, "snapUv": false},
												"down": {"texture": "#charred", "uv": [3.5, 13, 5.5, 13.5], "autoUv": false, "snapUv": false}
											},
											"rotationX": 0.1,
											"rotationY": -45
										}
									]
								},
								{
									"name": "origin string",
									"from": [0, 0, 0],
									"to": [0, 0, 0],
									"rotationOrigin": [0, 0, 0],
									"children": [
										{
											"name": "Cube2",
											"from": [-3.458, 7.486, -0.608],
											"to": [-2.622, 7.942, 0.532],
											"rotationOrigin": [-3.04, 7.448, 0],
											"faces": {
												"north": {"texture": "#string", "uv": [11.5, 5.5, 12.5, 6], "autoUv": false, "snapUv": false},
												"east": {"texture": "#string", "uv": [14.5, 5, 16, 5.5], "autoUv": false, "snapUv": false},
												"south": {"texture": "#string", "uv": [5, 12, 6, 12.5], "autoUv": false, "snapUv": false},
												"west": {"texture": "#string", "uv": [8.5, 8, 10, 8.5], "autoUv": false, "snapUv": false},
												"up": {"texture": "#string", "uv": [12.5, 13.5, 13.5, 15], "autoUv": false, "snapUv": false},
												"down": {"texture": "#string", "uv": [6.5, 4, 7.5, 5.5], "autoUv": false, "snapUv": false}
											}
										},
										{
											"name": "Cube4",
											"from": [-2.888, 7.6, 0],
											"to": [-2.888, 7.6, 0],
											"rotationOrigin": [-2.888, 7.6, 0],
											"rotationZ": 34,
											"children": [
												{
													"name": "Cube5",
													"from": [1.748, 0, -0.38],
													"to": [3.268, 0.38, 0.38],
													"rotationOrigin": [1.748, 0, -0.38],
													"faces": {
														"north": {"texture": "#string", "uv": [11, 12.5, 13, 13], "autoUv": false, "snapUv": false},
														"east": {"texture": "#string", "uv": [14.5, 6, 15.5, 6.5], "autoUv": false, "snapUv": false},
														"south": {"texture": "#string", "uv": [10, 14.5, 12, 15], "autoUv": false, "snapUv": false},
														"west": {"texture": "#string", "uv": [0, 0.5, 1, 1], "autoUv": false, "snapUv": false},
														"up": {"texture": "#string", "uv": [9.5, 14, 11.5, 15], "autoUv": false, "snapUv": false},
														"down": {"texture": "#string", "uv": [9.5, 1.5, 11.5, 2.5], "autoUv": false, "snapUv": false}
													},
													"rotationX": -0.1,
													"rotationZ": -21
												},
												{
													"name": "Cube4_geo",
													"from": [0, 0, -0.38],
													"to": [1.9, 0.38, 0.38],
													"rotationOrigin": [0, 0, -0.38],
													"faces": {
														"north": {"texture": "#string", "uv": [7, 10, 9.5, 10.5], "autoUv": false, "snapUv": false},
														"east": {"texture": "#string", "uv": [8, 13, 9, 13.5], "autoUv": false, "snapUv": false},
														"south": {"texture": "#string", "uv": [5.5, 10.5, 8, 11], "autoUv": false, "snapUv": false},
														"west": {"texture": "#string", "uv": [8.5, 12.5, 9.5, 13], "autoUv": false, "snapUv": false},
														"up": {"texture": "#string", "uv": [7, 10.5, 9.5, 11.5], "autoUv": false, "snapUv": false},
														"down": {"texture": "#string", "uv": [4.5, 9.5, 7, 10.5], "autoUv": false, "snapUv": false}
													}
												}
											]
										},
										{
											"name": "Cube3",
											"from": [2.622, 7.486, -0.608],
											"to": [3.458, 7.942, 0.532],
											"rotationOrigin": [3.04, 7.448, 0],
											"faces": {
												"north": {"texture": "#string", "uv": [11.5, 5.5, 12.5, 6], "autoUv": false, "snapUv": false},
												"east": {"texture": "#string", "uv": [14.5, 5, 16, 5.5], "autoUv": false, "snapUv": false},
												"south": {"texture": "#string", "uv": [5, 12, 6, 12.5], "autoUv": false, "snapUv": false},
												"west": {"texture": "#string", "uv": [8.5, 8, 10, 8.5], "autoUv": false, "snapUv": false},
												"up": {"texture": "#string", "uv": [12.5, 13.5, 13.5, 15], "autoUv": false, "snapUv": false},
												"down": {"texture": "#string", "uv": [6.5, 4, 7.5, 5.5], "autoUv": false, "snapUv": false}
											}
										},
										{
											"name": "Cube6",
											"from": [2.812, 7.6, 0],
											"to": [2.812, 7.6, 0],
											"rotationOrigin": [2.812, 7.6, 0],
											"rotationZ": -34,
											"children": [
												{
													"name": "Cube7",
													"from": [-3.268, 0, -0.38],
													"to": [-1.748, 0.38, 0.38],
													"rotationOrigin": [-1.748, 0, -0.38],
													"faces": {
														"north": {"texture": "#string", "uv": [5, 10, 7, 10.5], "autoUv": false, "snapUv": false},
														"east": {"texture": "#string", "uv": [5.5, 12, 6.5, 12.5], "autoUv": false, "snapUv": false},
														"south": {"texture": "#string", "uv": [5.5, 9.5, 7.5, 10], "autoUv": false, "snapUv": false},
														"west": {"texture": "#string", "uv": [10.5, 12, 11.5, 12.5], "autoUv": false, "snapUv": false},
														"up": {"texture": "#string", "uv": [9, 11.5, 11, 12.5], "autoUv": false, "snapUv": false},
														"down": {"texture": "#string", "uv": [9, 12, 11, 13], "autoUv": false, "snapUv": false}
													},
													"rotationX": 0.1,
													"rotationZ": 21
												},
												{
													"name": "Cube6_geo",
													"from": [-1.9, 0, -0.38],
													"to": [0, 0.38, 0.38],
													"rotationOrigin": [-1.9, 0, -0.38],
													"faces": {
														"north": {"texture": "#string", "uv": [5, 10, 7.5, 10.5], "autoUv": false, "snapUv": false},
														"east": {"texture": "#string", "uv": [13.5, 6.5, 14.5, 7], "autoUv": false, "snapUv": false},
														"south": {"texture": "#string", "uv": [12.5, 12.5, 15, 13], "autoUv": false, "snapUv": false},
														"west": {"texture": "#string", "uv": [13.5, 9, 14.5, 9.5], "autoUv": false, "snapUv": false},
														"up": {"texture": "#string", "uv": [4, 6, 6.5, 7], "autoUv": false, "snapUv": false},
														"down": {"texture": "#string", "uv": [5, 1, 7.5, 2], "autoUv": false, "snapUv": false}
													}
												}
											]
										}
									]
								},
								{
									"name": "origin_geo",
									"from": [0, 0, 0],
									"to": [0.76, 0, 0],
									"rotationOrigin": [0, 0, 0],
									"faces": {
										"north": {"texture": "#sides", "uv": [0, 0, 1, 0.5], "autoUv": false, "snapUv": false},
										"east": {"texture": "#sides", "uv": [0, 0, 0.5, 0.5], "autoUv": false, "snapUv": false},
										"south": {"texture": "#sides", "uv": [0, 0, 1, 0.5], "autoUv": false, "snapUv": false},
										"west": {"texture": "#sides", "uv": [0, 0, 0.5, 0.5], "autoUv": false, "snapUv": false},
										"up": {"texture": "#sides", "uv": [0, 0, 1, 0.5], "autoUv": false, "snapUv": false},
										"down": {"texture": "#sides", "uv": [0, 0, 1, 0.5], "autoUv": false, "snapUv": false}
									}
								},
								{
									"name": "Redclay",
									"from": [1.25, 7, 2],
									"to": [1.25, 7, 2],
									"rotationOrigin": [1.25, 7, 2],
									"children": [
										{
											"name": "Main",
											"from": [0.32, 0, 0],
											"to": [0.32, 0, 0],
											"rotationOrigin": [0.32, 0, 0],
											"rotationY": 22.5,
											"children": [
												{
													"name": "Cube1",
													"from": [0.46508, -1.186, -1.68925],
													"to": [2.70508, -0.226, 0.23075],
													"rotationOrigin": [0.28, -0.686, 1.28],
													"faces": {
														"north": {"texture": "#redclay", "uv": [0, 0, 1, 1], "autoUv": false, "snapUv": false},
														"east": {"texture": "#redclay", "uv": [4, 14, 7, 15.5], "autoUv": false, "snapUv": false},
														"south": {"texture": "#redclay", "uv": [8, 14, 11.5, 15.5], "autoUv": false, "snapUv": false},
														"west": {"texture": "#redclay", "uv": [12, 14, 15, 15.5], "autoUv": false, "snapUv": false},
														"up": {"texture": "#redclay", "uv": [0, 10, 3.5, 13], "autoUv": false, "snapUv": false},
														"down": {"texture": "#redclay", "uv": [4, 10, 7.5, 13], "autoUv": false, "snapUv": false}
													},
													"rotationY": 45
												},
												{
													"name": "Cube3",
													"from": [-2.28, 0.8, -5.38],
													"to": [-0.36, 1.44, -3.36],
													"rotationOrigin": [-0.32, 1.3, -2.32],
													"faces": {
														"north": {"texture": "#redclay", "uv": [4, 7, 7, 8], "autoUv": false, "snapUv": false},
														"east": {"texture": "#redclay", "uv": [7, 7, 10, 8], "autoUv": false, "snapUv": false},
														"south": {"texture": "#redclay", "uv": [10, 7, 13, 8], "autoUv": false, "snapUv": false},
														"west": {"texture": "#redclay", "uv": [13, 7, 16, 8], "autoUv": false, "snapUv": false},
														"up": {"texture": "#redclay", "uv": [4, 4, 7, 7], "autoUv": false, "snapUv": false},
														"down": {"texture": "#redclay", "uv": [0, 0, 1, 1], "autoUv": false, "snapUv": false}
													},
													"rotationX": -32.00206,
													"rotationY": -19.3546,
													"rotationZ": -11.70092
												},
												{
													"name": "Cube5",
													"from": [-3.34, -1.1, -4.81],
													"to": [-2.06, 0.14, -3.21],
													"rotationOrigin": [-1.7, 0, -1.85],
													"faces": {
														"north": {"texture": "#redclay", "uv": [6, 9, 8, 10], "autoUv": false, "snapUv": false},
														"east": {"texture": "#redclay", "uv": [8, 9, 10.5, 10], "autoUv": false, "snapUv": false},
														"south": {"texture": "#redclay", "uv": [11, 9, 13, 10], "autoUv": false, "snapUv": false},
														"west": {"texture": "#redclay", "uv": [13, 9, 15.5, 10], "autoUv": false, "snapUv": false},
														"up": {"texture": "#redclay", "uv": [6, 6, 8, 8.5], "autoUv": false, "snapUv": false},
														"down": {"texture": "#redclay", "uv": [8, 6, 10, 8.5], "autoUv": false, "snapUv": false}
													},
													"rotationY": -22.5
												},
												{
													"name": "Cube6",
													"from": [-1.92, 0.064, 1.28],
													"to": [-1.92, 0.064, 1.28],
													"rotationOrigin": [-1.92, 0.064, 1.28],
													"rotationY": 90,
													"children": [
														{
															"name": "Cube6_geo",
															"from": [1.70044, -2.25, -1.11851],
															"to": [3.94044, -1.61, 0.80149],
															"rotationOrigin": [-0.53, -1.75, -0.96],
															"faces": {
																"north": {"texture": "#blueclay", "uv": [5, 3.5, 16.5, 4.5], "autoUv": false, "snapUv": false},
																"east": {"texture": "#blueclay", "uv": [3, 5, 7, 7], "autoUv": false, "snapUv": false},
																"south": {"texture": "#blueclay", "uv": [0, 0, 24.5, 5], "autoUv": false, "snapUv": false},
																"west": {"texture": "#blueclay", "uv": [0, 0, 3, 1], "autoUv": false, "snapUv": false},
																"up": {"texture": "#blueclay", "uv": [0, 0, 6.5, 6], "autoUv": false, "snapUv": false},
																"down": {"texture": "#blueclay", "uv": [0, 0, 3.5, 3], "autoUv": false, "snapUv": false}
															},
															"rotationZ": 22.5
														}
													]
												},
												{
													"name": "Cube7",
													"from": [-4.09, -1.186, -0.88],
													"to": [-1.65, -0.026, 1.36],
													"rotationOrigin": [-0.61, -0.686, -0.6],
													"faces": {
														"north": {"texture": "#redclay", "uv": [0, 14, 3.5, 15.5], "autoUv": false, "snapUv": false},
														"east": {"texture": "#redclay", "uv": [0, 0, 1, 1], "autoUv": false, "snapUv": false},
														"south": {"texture": "#redclay", "uv": [8, 14, 11.5, 15.5], "autoUv": false, "snapUv": false},
														"west": {"texture": "#redclay", "uv": [12, 14, 15.5, 15.5], "autoUv": false, "snapUv": false},
														"up": {"texture": "#redclay", "uv": [0, 10, 3.5, 13.5], "autoUv": false, "snapUv": false},
														"down": {"texture": "#redclay", "uv": [4, 10, 7.5, 13.5], "autoUv": false, "snapUv": false}
													},
													"rotationY": -112.5
												},
												{
													"name": "Cube8",
													"from": [-1.84, -1.186, -0.83],
													"to": [-0.65, -0.276, 0.61],
													"rotationOrigin": [1.14, -0.686, -0.6],
													"faces": {
														"north": {"texture": "#redclay", "uv": [0, 14, 3.5, 15.5], "autoUv": false, "snapUv": false},
														"east": {"texture": "#redclay", "uv": [0, 0, 1, 1], "autoUv": false, "snapUv": false},
														"south": {"texture": "#redclay", "uv": [8, 14, 11.5, 15.5], "autoUv": false, "snapUv": false},
														"west": {"texture": "#redclay", "uv": [12, 14, 15.5, 15.5], "autoUv": false, "snapUv": false},
														"up": {"texture": "#redclay", "uv": [0, 10, 3.5, 13.5], "autoUv": false, "snapUv": false},
														"down": {"texture": "#redclay", "uv": [4, 10, 7.5, 13.5], "autoUv": false, "snapUv": false}
													},
													"rotationY": -112.5
												},
												{
													"name": "Cube8",
													"from": [-0.488, -0.9, -0.238],
													"to": [0.152, -0.58, 0.402],
													"rotationOrigin": [0.832, -0.4, 2.082],
													"faces": {
														"north": {"texture": "#redclay", "uv": [12, 5, 13, 5.5], "autoUv": false, "snapUv": false},
														"east": {"texture": "#redclay", "uv": [13, 5, 14, 5.5], "autoUv": false, "snapUv": false},
														"south": {"texture": "#redclay", "uv": [14, 5, 15, 5.5], "autoUv": false, "snapUv": false},
														"west": {"texture": "#redclay", "uv": [15, 5, 16, 5.5], "autoUv": false, "snapUv": false},
														"up": {"texture": "#redclay", "uv": [12, 4, 13, 5], "autoUv": false, "snapUv": false},
														"down": {"texture": "#redclay", "uv": [0, 0, 1, 1], "autoUv": false, "snapUv": false}
													},
													"rotationY": -22.5
												},
												{
													"name": "Cube12",
													"from": [1.73711, -1.064, -3.40132],
													"to": [3.01711, -0.424, -1.48132],
													"rotationOrigin": [1.67, -0.564, -0.32],
													"faces": {
														"north": {"texture": "#blueclay", "uv": [9, 13, 11, 14], "autoUv": false, "snapUv": false},
														"east": {"texture": "#blueclay", "uv": [11, 13, 16, 15], "autoUv": false, "snapUv": false},
														"south": {"texture": "#blueclay", "uv": [14, 13, 17, 16], "autoUv": false, "snapUv": false},
														"west": {"texture": "#blueclay", "uv": [0, 0, 7, 2], "autoUv": false, "snapUv": false},
														"up": {"texture": "#blueclay", "uv": [9, 10, 13, 16], "autoUv": false, "snapUv": false},
														"down": {"texture": "#blueclay", "uv": [11, 10, 13, 13], "autoUv": false, "snapUv": false}
													},
													"rotationX": 28.18107,
													"rotationY": 40.4073,
													"rotationZ": -11.08847
												}
											]
										},
										{
											"name": "Cube10",
											"from": [-0.54, -1.05, -4.49],
											"to": [0.85, -0.41, -3.85],
											"rotationOrigin": [-0.22, -1.05, -4.17],
											"faces": {
												"north": {"texture": "#blueclay", "uv": [12, 13, 13, 14], "autoUv": false, "snapUv": false},
												"east": {"texture": "#blueclay", "uv": [13, 13, 14, 14], "autoUv": false, "snapUv": false},
												"south": {"texture": "#blueclay", "uv": [14, 13, 15, 14], "autoUv": false, "snapUv": false},
												"west": {"texture": "#blueclay", "uv": [15, 13, 16, 14], "autoUv": false, "snapUv": false},
												"up": {"texture": "#blueclay", "uv": [26, 9, 31, 11], "autoUv": false, "snapUv": false},
												"down": {"texture": "#blueclay", "uv": [13, 12, 14, 13], "autoUv": false, "snapUv": false}
											},
											"rotationY": 22.5
										},
										{
											"name": "Cube11",
											"from": [-3.29, -1.05, -2.24],
											"to": [-2.65, -0.41, -1.6],
											"rotationOrigin": [-2.97, -1.05, -1.92],
											"faces": {
												"north": {"texture": "#blueclay", "uv": [12, 13, 13, 14], "autoUv": false, "snapUv": false},
												"east": {"texture": "#blueclay", "uv": [13, 13, 14, 14], "autoUv": false, "snapUv": false},
												"south": {"texture": "#blueclay", "uv": [14, 13, 15, 14], "autoUv": false, "snapUv": false},
												"west": {"texture": "#blueclay", "uv": [15, 13, 16, 14], "autoUv": false, "snapUv": false},
												"up": {"texture": "#blueclay", "uv": [26, 9, 29, 11], "autoUv": false, "snapUv": false},
												"down": {"texture": "#blueclay", "uv": [13, 12, 14, 13], "autoUv": false, "snapUv": false}
											},
											"rotationY": 22.5
										},
										{
											"name": "mainclayfill",
											"from": [-3.91, -6.824, -4.66],
											"to": [1.41, -1.064, 0.66],
											"rotationOrigin": [-1.25, -6.924, -2],
											"faces": {
												"north": {"texture": "#redclay", "uv": [0, 0, 1, 1], "autoUv": false, "snapUv": false},
												"east": {"texture": "#redclay", "uv": [0, 0, 1, 1], "autoUv": false, "snapUv": false},
												"south": {"texture": "#redclay", "uv": [0, 0, 1, 1], "autoUv": false, "snapUv": false},
												"west": {"texture": "#redclay", "uv": [0, 0, 1, 1], "autoUv": false, "snapUv": false},
												"up": {"texture": "#redclay", "uv": [8, 4, 15, 11], "autoUv": false, "snapUv": false},
												"down": {"texture": "#redclay", "uv": [5.5, 1, 12.5, 8], "autoUv": false, "snapUv": false}
											}
										}
									]
								}
							]
						}
					]
				}
			]
		}
	],
	"animations": []
}
