{
	"editor": {
		"backDropShape": "",
		"collapsedPaths": "",
		"allAngles": true,
		"entityTextureMode": false,
		"singleTexture": false,
		"vsFormatConverted": false
	},
	"textureWidth": 16,
	"textureHeight": 16,
	"textureSizes": {
		"birch": [32, 32],
		"rope": [32, 32],
		"aged": [32, 32],
		"oak": [32, 32],
		"copper": [32, 32],
		"normal": [16, 16],
		"frame-generic": [16, 16]
	},
	"textures": {
		"birch": "game:block/wood/debarked/birch",
		"rope": "game:item/resource/rope",
		"aged": "game:block/wood/debarked/aged",
		"oak": "game:block/wood/oak",
		"copper": "game:block/metal/plate/copper",
		"normal": "game:block/wood/crate/normal",
		"frame-generic": "game:block/wood/crate/frame-generic"
	},
	"elements": [
		{
			"name": "CrateBackrack",
            "stepParentName": "UpperTorso",
			"from": [0, -7, 3],
			"to": [0, -7, 3],
			"rotationOrigin": [0, -7, 3],
			"children": [
				{
					"name": "Frame",
					"from": [8, 8, 0],
					"to": [8, 8, 0],
					"rotationOrigin": [8, 8, 0],
					"children": [
						{
							"name": "frame1",
							"from": [-5, -9, -3],
							"to": [-4, 7, -1],
							"rotationOrigin": [-5, 0, -1],
							"faces": {
								"north": {"texture": "#aged", "uv": [29, 0, 32, 32], "autoUv": false, "snapUv": false},
								"east": {"texture": "#aged", "uv": [3, 0, 7, 32], "autoUv": false, "snapUv": false},
								"south": {"texture": "#aged", "uv": [20, 0, 23, 32], "autoUv": false, "snapUv": false},
								"west": {"texture": "#aged", "uv": [0, 0, 3, 32], "autoUv": false, "snapUv": false},
								"up": {"texture": "#birch", "uv": [6, 4, 10, 10], "autoUv": false, "snapUv": false},
								"down": {"texture": "#birch", "uv": [8, 5, 11, 9], "autoUv": false, "snapUv": false}
							},
							"renderPass": 0
						},
						{
							"name": "frame2",
							"from": [-5, -9, 1],
							"to": [-4, 7, 3],
							"rotationOrigin": [-5, 0, 3],
							"faces": {
								"north": {"texture": "#aged", "uv": [0, 0, 3, 32], "autoUv": false, "snapUv": false},
								"east": {"texture": "#aged", "uv": [25, 0, 29, 32], "autoUv": false, "snapUv": false},
								"south": {"texture": "#aged", "uv": [14, 0, 16, 32], "autoUv": false, "snapUv": false},
								"west": {"texture": "#aged", "uv": [11, 0, 16, 32], "autoUv": false, "snapUv": false},
								"up": {"texture": "#birch", "uv": [9, 5, 12, 9], "autoUv": false, "snapUv": false},
								"down": {"texture": "#birch", "uv": [12, 16, 15, 20], "autoUv": false, "snapUv": false}
							},
							"renderPass": 0
						},
						{
							"name": "frame3",
							"from": [-5, -6, 3],
							"to": [4, -4, 4],
							"rotationOrigin": [-5, 3, 5],
							"faces": {
								"north": {"texture": "#aged", "uv": [0, 27, 32, 32], "autoUv": false, "snapUv": false},
								"east": {"texture": "#birch", "uv": [10, 23, 14, 27], "autoUv": false, "snapUv": false},
								"south": {"texture": "#aged", "uv": [0, 9, 32, 15], "autoUv": false, "snapUv": false},
								"west": {"texture": "#birch", "uv": [3, 15, 7, 20], "autoUv": false, "snapUv": false},
								"up": {"texture": "#aged", "uv": [0, 0, 32, 3], "autoUv": false, "snapUv": false},
								"down": {"texture": "#aged", "uv": [0, 23, 32, 26], "autoUv": false, "snapUv": false}
							},
							"renderPass": 0
						},
						{
							"name": "frame4",
							"from": [-5, -6, -4],
							"to": [4, -4, -3],
							"rotationOrigin": [-5, 3, -2],
							"faces": {
								"north": {"texture": "#aged", "uv": [0, 27, 32, 32], "autoUv": false, "snapUv": false},
								"east": {"texture": "#birch", "uv": [10, 23, 14, 27], "autoUv": false, "snapUv": false},
								"south": {"texture": "#aged", "uv": [0, 9, 32, 15], "autoUv": false, "snapUv": false},
								"west": {"texture": "#birch", "uv": [3, 15, 7, 20], "autoUv": false, "snapUv": false},
								"up": {"texture": "#aged", "uv": [0, 0, 32, 3], "autoUv": false, "snapUv": false},
								"down": {"texture": "#aged", "uv": [0, 23, 32, 26], "autoUv": false, "snapUv": false}
							},
							"renderPass": 0
						},
						{
							"name": "frame5",
							"from": [-4, 3, -5],
							"to": [-3, 4, 5],
							"rotationOrigin": [-5, 11, 1],
							"faces": {
								"north": {"texture": "#birch", "uv": [2, 19, 6, 24], "autoUv": false, "snapUv": false},
								"east": {"texture": "#aged", "uv": [0, 0, 32, 5], "autoUv": false, "snapUv": false},
								"south": {"texture": "#birch", "uv": [12, 15, 16, 20], "autoUv": false, "snapUv": false},
								"west": {"texture": "#aged", "uv": [0, 24, 32, 29], "autoUv": false, "snapUv": false},
								"up": {"texture": "#aged", "uv": [18, 0, 21, 32], "autoUv": false, "snapUv": false},
								"down": {"texture": "#aged", "uv": [10, 0, 13, 32], "autoUv": false, "snapUv": false}
							},
							"renderPass": 0
						},
						{
							"name": "frame6",
							"from": [-4, -7, -5],
							"to": [-3, -6, 5],
							"rotationOrigin": [-5, 1, 1],
							"faces": {
								"north": {"texture": "#birch", "uv": [2, 19, 6, 24], "autoUv": false, "snapUv": false},
								"east": {"texture": "#aged", "uv": [0, 0, 32, 5], "autoUv": false, "snapUv": false},
								"south": {"texture": "#birch", "uv": [12, 15, 16, 20], "autoUv": false, "snapUv": false},
								"west": {"texture": "#aged", "uv": [0, 24, 32, 29], "autoUv": false, "snapUv": false},
								"up": {"texture": "#aged", "uv": [18, 0, 21, 32], "autoUv": false, "snapUv": false},
								"down": {"texture": "#aged", "uv": [10, 0, 13, 32], "autoUv": false, "snapUv": false}
							},
							"renderPass": 0
						},
						{
							"name": "board1",
							"from": [-4, 0.05, -4],
							"to": [-3.75, 2.05, 4],
							"rotationOrigin": [-5, 8.05, 1],
							"faces": {
								"north": {"texture": "#oak", "uv": [18, 3, 20, 7], "autoUv": false, "snapUv": false},
								"east": {"texture": "#oak", "uv": [14, 0, 32, 32], "rotation": 90, "autoUv": false, "snapUv": false},
								"south": {"texture": "#oak", "uv": [18, 6, 20, 3], "autoUv": false, "snapUv": false},
								"west": {"texture": "#oak", "uv": [14, 0, 32, 32], "rotation": 90, "autoUv": false, "snapUv": false},
								"up": {"texture": "#oak", "uv": [29, 0, 32, 32], "autoUv": false, "snapUv": false},
								"down": {"texture": "#oak", "uv": [29, 0, 32, 32], "autoUv": false, "snapUv": false}
							},
							"renderPass": 0
						},
						{
							"name": "board2",
							"from": [-4, -2.95, -4],
							"to": [-3.75, -0.95, 4],
							"rotationOrigin": [-5, 5.05, 1],
							"faces": {
								"north": {"texture": "#oak", "uv": [18, 3, 20, 7], "autoUv": false, "snapUv": false},
								"east": {"texture": "#oak", "uv": [14, 0, 32, 32], "rotation": 90, "autoUv": false, "snapUv": false},
								"south": {"texture": "#oak", "uv": [18, 6, 20, 3], "autoUv": false, "snapUv": false},
								"west": {"texture": "#oak", "uv": [14, 0, 32, 32], "rotation": 90, "autoUv": false, "snapUv": false},
								"up": {"texture": "#oak", "uv": [29, 0, 32, 32], "autoUv": false, "snapUv": false},
								"down": {"texture": "#oak", "uv": [29, 0, 32, 32], "autoUv": false, "snapUv": false}
							},
							"renderPass": 0
						},
						{
							"name": "Rope",
							"from": [-5, 3, 5],
							"to": [-5, 3, 5],
							"rotationOrigin": [-5, 3, 5],
							"children": [
								{
									"name": "rope1",
									"from": [0, 1, -2],
									"to": [2, 1.5, -1.5],
									"rotationOrigin": [0, 1, -1],
									"faces": {
										"north": {"texture": "#rope", "uv": [0, 0, 10, 3.5], "autoUv": false, "snapUv": false},
										"east": {"texture": "#rope", "uv": [0, 0, 6.3, 3.5], "autoUv": false, "snapUv": false},
										"south": {"texture": "#rope", "uv": [0, 0, 10, 3.5], "autoUv": false, "snapUv": false},
										"west": {"texture": "#rope", "uv": [0, 0, 6.3, 3.5], "autoUv": false, "snapUv": false},
										"up": {"texture": "#rope", "uv": [0, 0, 10, 6.3], "autoUv": false, "snapUv": false},
										"down": {"texture": "#rope", "uv": [0, 0, 10, 6.3], "autoUv": false, "snapUv": false}
									},
									"renderPass": 0
								},
								{
									"name": "rope2",
									"from": [-0.5, -0.5, -2],
									"to": [2, 0, -1.5],
									"rotationOrigin": [0, -0.5, -1],
									"faces": {
										"north": {"texture": "#rope", "uv": [0, 0, 12.5, 3.5], "autoUv": false, "snapUv": false},
										"east": {"texture": "#rope", "uv": [0, 0, 6.3, 3.5], "autoUv": false, "snapUv": false},
										"south": {"texture": "#rope", "uv": [0, 0, 12.5, 3.5], "autoUv": false, "snapUv": false},
										"west": {"texture": "#rope", "uv": [0, 0, 6.3, 3.5], "autoUv": false, "snapUv": false},
										"up": {"texture": "#rope", "uv": [0, 0, 12.5, 6.3], "autoUv": false, "snapUv": false},
										"down": {"texture": "#rope", "uv": [0, 0, 12.5, 6.3], "autoUv": false, "snapUv": false}
									},
									"renderPass": 0
								},
								{
									"name": "rope3",
									"from": [0, 1, -4.5],
									"to": [2, 1.5, -4],
									"rotationOrigin": [0, 1, -3.5],
									"faces": {
										"north": {"texture": "#rope", "uv": [0, 0, 10, 3.5], "autoUv": false, "snapUv": false},
										"east": {"texture": "#rope", "uv": [0, 0, 6.3, 3.5], "autoUv": false, "snapUv": false},
										"south": {"texture": "#rope", "uv": [0, 0, 10, 3.5], "autoUv": false, "snapUv": false},
										"west": {"texture": "#rope", "uv": [0, 0, 6.3, 3.5], "autoUv": false, "snapUv": false},
										"up": {"texture": "#rope", "uv": [0, 0, 10, 6.3], "autoUv": false, "snapUv": false},
										"down": {"texture": "#rope", "uv": [0, 0, 10, 6.3], "autoUv": false, "snapUv": false}
									},
									"renderPass": 0
								},
								{
									"name": "rope4",
									"from": [-0.5, 1, -4.25],
									"to": [0, 1.5, -1.75],
									"rotationOrigin": [-2, 1, -1],
									"faces": {
										"north": {"texture": "#rope", "uv": [0, 0, 2.5, 3.5], "autoUv": false, "snapUv": false},
										"east": {"texture": "#rope", "uv": [0, 0, 31.5, 3.5], "autoUv": false, "snapUv": false},
										"south": {"texture": "#rope", "uv": [0, 0, 2.5, 3.5], "autoUv": false, "snapUv": false},
										"west": {"texture": "#rope", "uv": [0, 0, 31.5, 3.5], "autoUv": false, "snapUv": false},
										"up": {"texture": "#rope", "uv": [0, 0, 2.5, 31.5], "autoUv": false, "snapUv": false},
										"down": {"texture": "#rope", "uv": [0, 0, 2.5, 31.5], "autoUv": false, "snapUv": false}
									},
									"renderPass": 0
								},
								{
									"name": "rope5",
									"from": [-0.5, -0.09985, -4.2685],
									"to": [0, 0.40015, -2.0185],
									"rotationOrigin": [-2, 0.25, -3.5],
									"faces": {
										"north": {"texture": "#rope", "uv": [2.5, 0, 0, 3.5], "autoUv": false, "snapUv": false},
										"east": {"texture": "#rope", "uv": [28.35, 0, 0, 3.5], "autoUv": false, "snapUv": false},
										"south": {"texture": "#rope", "uv": [2.5, 0, 0, 3.5], "autoUv": false, "snapUv": false},
										"west": {"texture": "#rope", "uv": [28.35, 0, 0, 3.5], "autoUv": false, "snapUv": false},
										"up": {"texture": "#rope", "uv": [0, 28.35, 2.5, 0], "autoUv": false, "snapUv": false},
										"down": {"texture": "#rope", "uv": [0, 28.35, 2.5, 0], "autoUv": false, "snapUv": false}
									},
									"rotationX": -42.5,
									"renderPass": 0
								},
								{
									"name": "rope6",
									"from": [2, -0.25, -2],
									"to": [2.5, 1.25, -1.5],
									"rotationOrigin": [2, 1, -1],
									"faces": {
										"north": {"texture": "#rope", "uv": [0, 0, 2.5, 10.5], "autoUv": false, "snapUv": false},
										"east": {"texture": "#rope", "uv": [0, 0, 6.3, 10.5], "autoUv": false, "snapUv": false},
										"south": {"texture": "#rope", "uv": [0, 0, 2.5, 10.5], "autoUv": false, "snapUv": false},
										"west": {"texture": "#rope", "uv": [0, 0, 6.3, 10.5], "autoUv": false, "snapUv": false},
										"up": {"texture": "#rope", "uv": [0, 0, 2.5, 6.3], "autoUv": false, "snapUv": false},
										"down": {"texture": "#rope", "uv": [0, 0, 2.5, 6.3], "autoUv": false, "snapUv": false}
									},
									"renderPass": 0
								},
								{
									"name": "rope7",
									"from": [2, -0.25, -4.5],
									"to": [2.5, 1.25, -4],
									"rotationOrigin": [2, 1, -3.5],
									"faces": {
										"north": {"texture": "#rope", "uv": [0, 0, 2.5, 10.5], "autoUv": false, "snapUv": false},
										"east": {"texture": "#rope", "uv": [0, 0, 6.3, 10.5], "autoUv": false, "snapUv": false},
										"south": {"texture": "#rope", "uv": [0, 0, 2.5, 10.5], "autoUv": false, "snapUv": false},
										"west": {"texture": "#rope", "uv": [0, 0, 6.3, 10.5], "autoUv": false, "snapUv": false},
										"up": {"texture": "#rope", "uv": [0, 0, 2.5, 6.3], "autoUv": false, "snapUv": false},
										"down": {"texture": "#rope", "uv": [0, 0, 2.5, 6.3], "autoUv": false, "snapUv": false}
									},
									"renderPass": 0
								},
								{
									"name": "rope8",
									"from": [-0.5, -0.5, -4.5],
									"to": [2, 0, -4],
									"rotationOrigin": [0, -0.5, -3.5],
									"faces": {
										"north": {"texture": "#rope", "uv": [0, 0, 12.5, 3.5], "autoUv": false, "snapUv": false},
										"east": {"texture": "#rope", "uv": [0, 0, 6.3, 3.5], "autoUv": false, "snapUv": false},
										"south": {"texture": "#rope", "uv": [0, 0, 12.5, 3.5], "autoUv": false, "snapUv": false},
										"west": {"texture": "#rope", "uv": [0, 0, 6.3, 3.5], "autoUv": false, "snapUv": false},
										"up": {"texture": "#rope", "uv": [0, 0, 12.5, 6.3], "autoUv": false, "snapUv": false},
										"down": {"texture": "#rope", "uv": [0, 0, 12.5, 6.3], "autoUv": false, "snapUv": false}
									},
									"renderPass": 0
								},
								{
									"name": "rope9",
									"from": [-0.5, -0.09985, -3.9815],
									"to": [0, 0.40015, -1.7315],
									"rotationOrigin": [-2, 0.25, -2.5],
									"faces": {
										"north": {"texture": "#rope", "uv": [0, 0, 2.5, 3.5], "autoUv": false, "snapUv": false},
										"east": {"texture": "#rope", "uv": [0, 0, 28.35, 3.5], "autoUv": false, "snapUv": false},
										"south": {"texture": "#rope", "uv": [0, 0, 2.5, 3.5], "autoUv": false, "snapUv": false},
										"west": {"texture": "#rope", "uv": [0, 0, 28.35, 3.5], "autoUv": false, "snapUv": false},
										"up": {"texture": "#rope", "uv": [0, 0, 2.5, 28.35], "autoUv": false, "snapUv": false},
										"down": {"texture": "#rope", "uv": [0, 0, 2.5, 28.35], "autoUv": false, "snapUv": false}
									},
									"rotationX": 42.5,
									"renderPass": 0
								},
								{
									"name": "rope10",
									"from": [0, 1, -6],
									"to": [2, 1.5, -5.5],
									"rotationOrigin": [0, 1, -5],
									"faces": {
										"north": {"texture": "#rope", "uv": [0, 0, 10, 3.5], "autoUv": false, "snapUv": false},
										"east": {"texture": "#rope", "uv": [0, 0, 6.3, 3.5], "autoUv": false, "snapUv": false},
										"south": {"texture": "#rope", "uv": [0, 0, 10, 3.5], "autoUv": false, "snapUv": false},
										"west": {"texture": "#rope", "uv": [0, 0, 6.3, 3.5], "autoUv": false, "snapUv": false},
										"up": {"texture": "#rope", "uv": [0, 0, 10, 6.3], "autoUv": false, "snapUv": false},
										"down": {"texture": "#rope", "uv": [0, 0, 10, 6.3], "autoUv": false, "snapUv": false}
									},
									"renderPass": 0
								},
								{
									"name": "rope11",
									"from": [-0.5, -0.5, -6],
									"to": [2, 0, -5.5],
									"rotationOrigin": [0, -0.5, -5],
									"faces": {
										"north": {"texture": "#rope", "uv": [0, 0, 12.5, 3.5], "autoUv": false, "snapUv": false},
										"east": {"texture": "#rope", "uv": [0, 0, 6.3, 3.5], "autoUv": false, "snapUv": false},
										"south": {"texture": "#rope", "uv": [0, 0, 12.5, 3.5], "autoUv": false, "snapUv": false},
										"west": {"texture": "#rope", "uv": [0, 0, 6.3, 3.5], "autoUv": false, "snapUv": false},
										"up": {"texture": "#rope", "uv": [0, 0, 12.5, 6.3], "autoUv": false, "snapUv": false},
										"down": {"texture": "#rope", "uv": [0, 0, 12.5, 6.3], "autoUv": false, "snapUv": false}
									},
									"renderPass": 0
								},
								{
									"name": "rope12",
									"from": [0, 1, -8.5],
									"to": [2, 1.5, -8],
									"rotationOrigin": [0, 1, -7.5],
									"faces": {
										"north": {"texture": "#rope", "uv": [0, 0, 10, 3.5], "autoUv": false, "snapUv": false},
										"east": {"texture": "#rope", "uv": [0, 0, 6.3, 3.5], "autoUv": false, "snapUv": false},
										"south": {"texture": "#rope", "uv": [0, 0, 10, 3.5], "autoUv": false, "snapUv": false},
										"west": {"texture": "#rope", "uv": [0, 0, 6.3, 3.5], "autoUv": false, "snapUv": false},
										"up": {"texture": "#rope", "uv": [0, 0, 10, 6.3], "autoUv": false, "snapUv": false},
										"down": {"texture": "#rope", "uv": [0, 0, 10, 6.3], "autoUv": false, "snapUv": false}
									},
									"renderPass": 0
								},
								{
									"name": "rope13",
									"from": [-0.5, 1, -8.25],
									"to": [0, 1.5, -5.75],
									"rotationOrigin": [-2, 1, -5],
									"faces": {
										"north": {"texture": "#rope", "uv": [0, 0, 2.5, 3.5], "autoUv": false, "snapUv": false},
										"east": {"texture": "#rope", "uv": [0, 0, 31.5, 3.5], "autoUv": false, "snapUv": false},
										"south": {"texture": "#rope", "uv": [0, 0, 2.5, 3.5], "autoUv": false, "snapUv": false},
										"west": {"texture": "#rope", "uv": [0, 0, 31.5, 3.5], "autoUv": false, "snapUv": false},
										"up": {"texture": "#rope", "uv": [0, 0, 2.5, 31.5], "autoUv": false, "snapUv": false},
										"down": {"texture": "#rope", "uv": [0, 0, 2.5, 31.5], "autoUv": false, "snapUv": false}
									},
									"renderPass": 0
								},
								{
									"name": "rope14",
									"from": [-0.5, -0.09985, -8.2685],
									"to": [0, 0.40015, -6.0185],
									"rotationOrigin": [-2, 0.25, -7.5],
									"faces": {
										"north": {"texture": "#rope", "uv": [2.5, 0, 0, 3.5], "autoUv": false, "snapUv": false},
										"east": {"texture": "#rope", "uv": [28.35, 0, 0, 3.5], "autoUv": false, "snapUv": false},
										"south": {"texture": "#rope", "uv": [2.5, 0, 0, 3.5], "autoUv": false, "snapUv": false},
										"west": {"texture": "#rope", "uv": [28.35, 0, 0, 3.5], "autoUv": false, "snapUv": false},
										"up": {"texture": "#rope", "uv": [0, 28.35, 2.5, 0], "autoUv": false, "snapUv": false},
										"down": {"texture": "#rope", "uv": [0, 28.35, 2.5, 0], "autoUv": false, "snapUv": false}
									},
									"rotationX": -42.5,
									"renderPass": 0
								},
								{
									"name": "rope15",
									"from": [2, -0.25, -6],
									"to": [2.5, 1.25, -5.5],
									"rotationOrigin": [2, 1, -5],
									"faces": {
										"north": {"texture": "#rope", "uv": [0, 0, 2.5, 10.5], "autoUv": false, "snapUv": false},
										"east": {"texture": "#rope", "uv": [0, 0, 6.3, 10.5], "autoUv": false, "snapUv": false},
										"south": {"texture": "#rope", "uv": [0, 0, 2.5, 10.5], "autoUv": false, "snapUv": false},
										"west": {"texture": "#rope", "uv": [0, 0, 6.3, 10.5], "autoUv": false, "snapUv": false},
										"up": {"texture": "#rope", "uv": [0, 0, 2.5, 6.3], "autoUv": false, "snapUv": false},
										"down": {"texture": "#rope", "uv": [0, 0, 2.5, 6.3], "autoUv": false, "snapUv": false}
									},
									"renderPass": 0
								},
								{
									"name": "rope16",
									"from": [2, -0.25, -8.5],
									"to": [2.5, 1.25, -8],
									"rotationOrigin": [2, 1, -7.5],
									"faces": {
										"north": {"texture": "#rope", "uv": [0, 0, 2.5, 10.5], "autoUv": false, "snapUv": false},
										"east": {"texture": "#rope", "uv": [0, 0, 6.3, 10.5], "autoUv": false, "snapUv": false},
										"south": {"texture": "#rope", "uv": [0, 0, 2.5, 10.5], "autoUv": false, "snapUv": false},
										"west": {"texture": "#rope", "uv": [0, 0, 6.3, 10.5], "autoUv": false, "snapUv": false},
										"up": {"texture": "#rope", "uv": [0, 0, 2.5, 6.3], "autoUv": false, "snapUv": false},
										"down": {"texture": "#rope", "uv": [0, 0, 2.5, 6.3], "autoUv": false, "snapUv": false}
									},
									"renderPass": 0
								},
								{
									"name": "rope17",
									"from": [-0.5, -0.5, -8.5],
									"to": [2, 0, -8],
									"rotationOrigin": [0, -0.5, -7.5],
									"faces": {
										"north": {"texture": "#rope", "uv": [0, 0, 12.5, 3.5], "autoUv": false, "snapUv": false},
										"east": {"texture": "#rope", "uv": [0, 0, 6.3, 3.5], "autoUv": false, "snapUv": false},
										"south": {"texture": "#rope", "uv": [0, 0, 12.5, 3.5], "autoUv": false, "snapUv": false},
										"west": {"texture": "#rope", "uv": [0, 0, 6.3, 3.5], "autoUv": false, "snapUv": false},
										"up": {"texture": "#rope", "uv": [0, 0, 12.5, 6.3], "autoUv": false, "snapUv": false},
										"down": {"texture": "#rope", "uv": [0, 0, 12.5, 6.3], "autoUv": false, "snapUv": false}
									},
									"renderPass": 0
								},
								{
									"name": "rope18",
									"from": [-0.5, -0.09985, -7.9815],
									"to": [0, 0.40015, -5.7315],
									"rotationOrigin": [-2, 0.25, -6.5],
									"faces": {
										"north": {"texture": "#rope", "uv": [0, 0, 2.5, 3.5], "autoUv": false, "snapUv": false},
										"east": {"texture": "#rope", "uv": [0, 0, 28.35, 3.5], "autoUv": false, "snapUv": false},
										"south": {"texture": "#rope", "uv": [0, 0, 2.5, 3.5], "autoUv": false, "snapUv": false},
										"west": {"texture": "#rope", "uv": [0, 0, 28.35, 3.5], "autoUv": false, "snapUv": false},
										"up": {"texture": "#rope", "uv": [0, 0, 2.5, 28.35], "autoUv": false, "snapUv": false},
										"down": {"texture": "#rope", "uv": [0, 0, 2.5, 28.35], "autoUv": false, "snapUv": false}
									},
									"rotationX": 42.5,
									"renderPass": 0
								},
								{
									"name": "rope19",
									"from": [1.5, 1, -2.5],
									"to": [3.75, 1.5, -2],
									"rotationOrigin": [2, 1, -1.5],
									"faces": {
										"north": {"texture": "#rope", "uv": [0, 0, 11.25, 3.5], "autoUv": false, "snapUv": false},
										"east": {"texture": "#rope", "uv": [0, 0, 6.3, 3.5], "autoUv": false, "snapUv": false},
										"south": {"texture": "#rope", "uv": [0, 0, 11.25, 3.5], "autoUv": false, "snapUv": false},
										"west": {"texture": "#rope", "uv": [0, 0, 6.3, 3.5], "autoUv": false, "snapUv": false},
										"up": {"texture": "#rope", "uv": [0, 0, 11.25, 6.3], "autoUv": false, "snapUv": false},
										"down": {"texture": "#rope", "uv": [0, 0, 11.25, 6.3], "autoUv": false, "snapUv": false}
									},
									"rotationZ": -4.25,
									"renderPass": 0
								},
								{
									"name": "rope20",
									"from": [3.52079, 0.64739, -2.5],
									"to": [8.59579, 1.14739, -2],
									"rotationOrigin": [6.5, 1, -1.5],
									"faces": {
										"north": {"texture": "#rope", "uv": [0, 0, 27.75, 3.5], "autoUv": false, "snapUv": false},
										"east": {"texture": "#rope", "uv": [0, 0, 6.3, 3.5], "autoUv": false, "snapUv": false},
										"south": {"texture": "#rope", "uv": [0, 0, 27.75, 3.5], "autoUv": false, "snapUv": false},
										"west": {"texture": "#rope", "uv": [0, 0, 6.3, 3.5], "autoUv": false, "snapUv": false},
										"up": {"texture": "#rope", "uv": [0, 0, 27.75, 6.3], "autoUv": false, "snapUv": false},
										"down": {"texture": "#rope", "uv": [0, 0, 27.75, 6.3], "autoUv": false, "snapUv": false}
									},
									"rotationZ": -4.25,
									"renderPass": 0
								},
								{
									"name": "rope21",
									"from": [8.15, -7.5, -2.5],
									"to": [8.65, 0.75, -2],
									"rotationOrigin": [8.15, -3.25, -1.5],
									"faces": {
										"north": {"texture": "#rope", "uv": [0, 0, 2.5, 31.5], "autoUv": false, "snapUv": false},
										"east": {"texture": "#rope", "uv": [0, 0, 6.3, 31.5], "autoUv": false, "snapUv": false},
										"south": {"texture": "#rope", "uv": [0, 0, 2.5, 31.5], "autoUv": false, "snapUv": false},
										"west": {"texture": "#rope", "uv": [0, 0, 6.3, 31.5], "autoUv": false, "snapUv": false},
										"up": {"texture": "#rope", "uv": [0, 0, 2.5, 6.3], "autoUv": false, "snapUv": false},
										"down": {"texture": "#rope", "uv": [0, 0, 2.5, 6.3], "autoUv": false, "snapUv": false}
									},
									"renderPass": 0
								},
								{
									"name": "rope22",
									"from": [1, 1, -4],
									"to": [1.5, 1.5, -2],
									"rotationOrigin": [-0.5, 1, -1],
									"faces": {
										"north": {"texture": "#rope", "uv": [0, 0, 2.5, 3.5], "autoUv": false, "snapUv": false},
										"east": {"texture": "#rope", "uv": [0, 0, 25.2, 3.5], "autoUv": false, "snapUv": false},
										"south": {"texture": "#rope", "uv": [0, 0, 2.5, 3.5], "autoUv": false, "snapUv": false},
										"west": {"texture": "#rope", "uv": [0, 0, 25.2, 3.5], "autoUv": false, "snapUv": false},
										"up": {"texture": "#rope", "uv": [0, 0, 2.5, 25.2], "autoUv": false, "snapUv": false},
										"down": {"texture": "#rope", "uv": [0, 0, 2.5, 25.2], "autoUv": false, "snapUv": false}
									},
									"renderPass": 0
								},
								{
									"name": "rope23",
									"from": [1.58013, -10.51795, -2.5],
									"to": [8.83013, -10.01795, -2],
									"rotationOrigin": [2, -9.75, -1.25],
									"faces": {
										"north": {"texture": "#rope", "uv": [0, 0, 31.25, 3.5], "autoUv": false, "snapUv": false},
										"east": {"texture": "#rope", "uv": [0, 0, 6.3, 3.5], "autoUv": false, "snapUv": false},
										"south": {"texture": "#rope", "uv": [0, 0, 31.25, 3.5], "autoUv": false, "snapUv": false},
										"west": {"texture": "#rope", "uv": [0, 0, 6.3, 3.5], "autoUv": false, "snapUv": false},
										"up": {"texture": "#rope", "uv": [0, 0, 31.25, 6.3], "autoUv": false, "snapUv": false},
										"down": {"texture": "#rope", "uv": [0, 0, 31.25, 6.3], "autoUv": false, "snapUv": false}
									},
									"rotationZ": 25,
									"renderPass": 0
								},
								{
									"name": "rope24",
									"from": [2.08013, -10.65192, -8],
									"to": [9.23013, -10.15192, -7.5],
									"rotationOrigin": [2, -10.75, -6.75],
									"faces": {
										"north": {"texture": "#rope", "uv": [0, 0, 31.25, 3.5], "autoUv": false, "snapUv": false},
										"east": {"texture": "#rope", "uv": [0, 0, 6.3, 3.5], "autoUv": false, "snapUv": false},
										"south": {"texture": "#rope", "uv": [0, 0, 31.25, 3.5], "autoUv": false, "snapUv": false},
										"west": {"texture": "#rope", "uv": [0, 0, 6.3, 3.5], "autoUv": false, "snapUv": false},
										"up": {"texture": "#rope", "uv": [0, 0, 31.25, 6.3], "autoUv": false, "snapUv": false},
										"down": {"texture": "#rope", "uv": [0, 0, 31.25, 6.3], "autoUv": false, "snapUv": false}
									},
									"rotationZ": 25.75,
									"renderPass": 0
								},
								{
									"name": "rope25",
									"from": [1, 1, -8],
									"to": [1.5, 1.5, -6],
									"rotationOrigin": [-0.5, 1, -5],
									"faces": {
										"north": {"texture": "#rope", "uv": [0, 0, 2.5, 3.5], "autoUv": false, "snapUv": false},
										"east": {"texture": "#rope", "uv": [0, 0, 25.2, 3.5], "autoUv": false, "snapUv": false},
										"south": {"texture": "#rope", "uv": [0, 0, 2.5, 3.5], "autoUv": false, "snapUv": false},
										"west": {"texture": "#rope", "uv": [0, 0, 25.2, 3.5], "autoUv": false, "snapUv": false},
										"up": {"texture": "#rope", "uv": [0, 0, 2.5, 25.2], "autoUv": false, "snapUv": false},
										"down": {"texture": "#rope", "uv": [0, 0, 2.5, 25.2], "autoUv": false, "snapUv": false}
									},
									"renderPass": 0
								},
								{
									"name": "rope26",
									"from": [8.125, -7.5, -8],
									"to": [8.625, 1, -7.5],
									"rotationOrigin": [8.125, -3.25, -7],
									"faces": {
										"north": {"texture": "#rope", "uv": [0, 0, 2.5, 31.5], "autoUv": false, "snapUv": false},
										"east": {"texture": "#rope", "uv": [0, 0, 6.3, 31.5], "autoUv": false, "snapUv": false},
										"south": {"texture": "#rope", "uv": [0, 0, 2.5, 31.5], "autoUv": false, "snapUv": false},
										"west": {"texture": "#rope", "uv": [0, 0, 6.3, 31.5], "autoUv": false, "snapUv": false},
										"up": {"texture": "#rope", "uv": [0, 0, 2.5, 6.3], "autoUv": false, "snapUv": false},
										"down": {"texture": "#rope", "uv": [0, 0, 2.5, 6.3], "autoUv": false, "snapUv": false}
									},
									"renderPass": 0
								},
								{
									"name": "rope27",
									"from": [3.51509, 0.69944, -8],
									"to": [8.54009, 1.19944, -7.5],
									"rotationOrigin": [6.5, 1, -7],
									"faces": {
										"north": {"texture": "#rope", "uv": [0, 0, 27.75, 3.5], "autoUv": false, "snapUv": false},
										"east": {"texture": "#rope", "uv": [0, 0, 6.3, 3.5], "autoUv": false, "snapUv": false},
										"south": {"texture": "#rope", "uv": [0, 0, 27.75, 3.5], "autoUv": false, "snapUv": false},
										"west": {"texture": "#rope", "uv": [0, 0, 6.3, 3.5], "autoUv": false, "snapUv": false},
										"up": {"texture": "#rope", "uv": [0, 0, 27.75, 6.3], "autoUv": false, "snapUv": false},
										"down": {"texture": "#rope", "uv": [0, 0, 27.75, 6.3], "autoUv": false, "snapUv": false}
									},
									"rotationZ": -4,
									"renderPass": 0
								},
								{
									"name": "rope28",
									"from": [1.5, 1, -8],
									"to": [3.75, 1.5, -7.5],
									"rotationOrigin": [2, 1, -7],
									"faces": {
										"north": {"texture": "#rope", "uv": [0, 0, 11.25, 3.5], "autoUv": false, "snapUv": false},
										"east": {"texture": "#rope", "uv": [0, 0, 6.3, 3.5], "autoUv": false, "snapUv": false},
										"south": {"texture": "#rope", "uv": [0, 0, 11.25, 3.5], "autoUv": false, "snapUv": false},
										"west": {"texture": "#rope", "uv": [0, 0, 6.3, 3.5], "autoUv": false, "snapUv": false},
										"up": {"texture": "#rope", "uv": [0, 0, 11.25, 6.3], "autoUv": false, "snapUv": false},
										"down": {"texture": "#rope", "uv": [0, 0, 11.25, 6.3], "autoUv": false, "snapUv": false}
									},
									"rotationZ": -4.25,
									"renderPass": 0
								},
								{
									"name": "rope29",
									"from": [-0.5, -10.09985, -3.9815],
									"to": [0, -9.59985, -1.7315],
									"rotationOrigin": [-2, -9.75, -2.5],
									"faces": {
										"north": {"texture": "#rope", "uv": [0, 0, 2.5, 3.5], "autoUv": false, "snapUv": false},
										"east": {"texture": "#rope", "uv": [0, 0, 28.35, 3.5], "autoUv": false, "snapUv": false},
										"south": {"texture": "#rope", "uv": [0, 0, 2.5, 3.5], "autoUv": false, "snapUv": false},
										"west": {"texture": "#rope", "uv": [0, 0, 28.35, 3.5], "autoUv": false, "snapUv": false},
										"up": {"texture": "#rope", "uv": [0, 0, 2.5, 28.35], "autoUv": false, "snapUv": false},
										"down": {"texture": "#rope", "uv": [0, 0, 2.5, 28.35], "autoUv": false, "snapUv": false}
									},
									"rotationX": 42.5,
									"renderPass": 0
								},
								{
									"name": "rope30",
									"from": [-0.5, -10.5, -4.5],
									"to": [2, -10, -4],
									"rotationOrigin": [0, -10.5, -3.5],
									"faces": {
										"north": {"texture": "#rope", "uv": [0, 0, 12.5, 3.5], "autoUv": false, "snapUv": false},
										"east": {"texture": "#rope", "uv": [0, 0, 6.3, 3.5], "autoUv": false, "snapUv": false},
										"south": {"texture": "#rope", "uv": [0, 0, 12.5, 3.5], "autoUv": false, "snapUv": false},
										"west": {"texture": "#rope", "uv": [0, 0, 6.3, 3.5], "autoUv": false, "snapUv": false},
										"up": {"texture": "#rope", "uv": [0, 0, 12.5, 6.3], "autoUv": false, "snapUv": false},
										"down": {"texture": "#rope", "uv": [0, 0, 12.5, 6.3], "autoUv": false, "snapUv": false}
									},
									"renderPass": 0
								},
								{
									"name": "rope31",
									"from": [2, -10.25, -4.5],
									"to": [2.5, -8.75, -4],
									"rotationOrigin": [2, -9, -3.5],
									"faces": {
										"north": {"texture": "#rope", "uv": [0, 0, 2.5, 10.5], "autoUv": false, "snapUv": false},
										"east": {"texture": "#rope", "uv": [0, 0, 6.3, 10.5], "autoUv": false, "snapUv": false},
										"south": {"texture": "#rope", "uv": [0, 0, 2.5, 10.5], "autoUv": false, "snapUv": false},
										"west": {"texture": "#rope", "uv": [0, 0, 6.3, 10.5], "autoUv": false, "snapUv": false},
										"up": {"texture": "#rope", "uv": [0, 0, 2.5, 6.3], "autoUv": false, "snapUv": false},
										"down": {"texture": "#rope", "uv": [0, 0, 2.5, 6.3], "autoUv": false, "snapUv": false}
									},
									"renderPass": 0
								},
								{
									"name": "rope32",
									"from": [2, -10.25, -2],
									"to": [2.5, -9, -1.5],
									"rotationOrigin": [2, -9, -1],
									"faces": {
										"north": {"texture": "#rope", "uv": [0, 0, 2.5, 8.75], "autoUv": false, "snapUv": false},
										"east": {"texture": "#rope", "uv": [0, 0, 6.3, 8.75], "autoUv": false, "snapUv": false},
										"south": {"texture": "#rope", "uv": [0, 0, 2.5, 8.75], "autoUv": false, "snapUv": false},
										"west": {"texture": "#rope", "uv": [0, 0, 6.3, 8.75], "autoUv": false, "snapUv": false},
										"up": {"texture": "#rope", "uv": [0, 0, 2.5, 6.3], "autoUv": false, "snapUv": false},
										"down": {"texture": "#rope", "uv": [0, 0, 2.5, 6.3], "autoUv": false, "snapUv": false}
									},
									"renderPass": 0
								},
								{
									"name": "rope33",
									"from": [-0.5, -10.09985, -4.2685],
									"to": [0, -9.59985, -2.0185],
									"rotationOrigin": [-2, -9.75, -3.5],
									"faces": {
										"north": {"texture": "#rope", "uv": [2.5, 0, 0, 3.5], "autoUv": false, "snapUv": false},
										"east": {"texture": "#rope", "uv": [28.35, 0, 0, 3.5], "autoUv": false, "snapUv": false},
										"south": {"texture": "#rope", "uv": [2.5, 0, 0, 3.5], "autoUv": false, "snapUv": false},
										"west": {"texture": "#rope", "uv": [28.35, 0, 0, 3.5], "autoUv": false, "snapUv": false},
										"up": {"texture": "#rope", "uv": [0, 28.35, 2.5, 0], "autoUv": false, "snapUv": false},
										"down": {"texture": "#rope", "uv": [0, 28.35, 2.5, 0], "autoUv": false, "snapUv": false}
									},
									"rotationX": -42.5,
									"renderPass": 0
								},
								{
									"name": "rope34",
									"from": [-0.5, -9, -4.25],
									"to": [0, -8.5, -1.75],
									"rotationOrigin": [-2, -9, -1],
									"faces": {
										"north": {"texture": "#rope", "uv": [0, 0, 2.5, 3.5], "autoUv": false, "snapUv": false},
										"east": {"texture": "#rope", "uv": [0, 0, 31.5, 3.5], "autoUv": false, "snapUv": false},
										"south": {"texture": "#rope", "uv": [0, 0, 2.5, 3.5], "autoUv": false, "snapUv": false},
										"west": {"texture": "#rope", "uv": [0, 0, 31.5, 3.5], "autoUv": false, "snapUv": false},
										"up": {"texture": "#rope", "uv": [0, 0, 2.5, 31.5], "autoUv": false, "snapUv": false},
										"down": {"texture": "#rope", "uv": [0, 0, 2.5, 31.5], "autoUv": false, "snapUv": false}
									},
									"renderPass": 0
								},
								{
									"name": "rope35",
									"from": [0, -9, -4.5],
									"to": [2, -8.5, -4],
									"rotationOrigin": [0, -9, -3.5],
									"faces": {
										"north": {"texture": "#rope", "uv": [0, 0, 10, 3.5], "autoUv": false, "snapUv": false},
										"east": {"texture": "#rope", "uv": [0, 0, 6.3, 3.5], "autoUv": false, "snapUv": false},
										"south": {"texture": "#rope", "uv": [0, 0, 10, 3.5], "autoUv": false, "snapUv": false},
										"west": {"texture": "#rope", "uv": [0, 0, 6.3, 3.5], "autoUv": false, "snapUv": false},
										"up": {"texture": "#rope", "uv": [0, 0, 10, 6.3], "autoUv": false, "snapUv": false},
										"down": {"texture": "#rope", "uv": [0, 0, 10, 6.3], "autoUv": false, "snapUv": false}
									},
									"renderPass": 0
								},
								{
									"name": "rope36",
									"from": [-0.5, -10.5, -2],
									"to": [2, -10, -1.5],
									"rotationOrigin": [0, -10.5, -1],
									"faces": {
										"north": {"texture": "#rope", "uv": [0, 0, 12.5, 3.5], "autoUv": false, "snapUv": false},
										"east": {"texture": "#rope", "uv": [0, 0, 6.3, 3.5], "autoUv": false, "snapUv": false},
										"south": {"texture": "#rope", "uv": [0, 0, 12.5, 3.5], "autoUv": false, "snapUv": false},
										"west": {"texture": "#rope", "uv": [0, 0, 6.3, 3.5], "autoUv": false, "snapUv": false},
										"up": {"texture": "#rope", "uv": [0, 0, 12.5, 6.3], "autoUv": false, "snapUv": false},
										"down": {"texture": "#rope", "uv": [0, 0, 12.5, 6.3], "autoUv": false, "snapUv": false}
									},
									"renderPass": 0
								},
								{
									"name": "rope37",
									"from": [1, -9, -4],
									"to": [1.5, -8.5, -2],
									"rotationOrigin": [-0.5, -9, -1],
									"faces": {
										"north": {"texture": "#rope", "uv": [0, 0, 2.5, 3.5], "autoUv": false, "snapUv": false},
										"east": {"texture": "#rope", "uv": [0, 0, 25.2, 3.5], "autoUv": false, "snapUv": false},
										"south": {"texture": "#rope", "uv": [0, 0, 2.5, 3.5], "autoUv": false, "snapUv": false},
										"west": {"texture": "#rope", "uv": [0, 0, 25.2, 3.5], "autoUv": false, "snapUv": false},
										"up": {"texture": "#rope", "uv": [0, 0, 2.5, 25.2], "autoUv": false, "snapUv": false},
										"down": {"texture": "#rope", "uv": [0, 0, 2.5, 25.2], "autoUv": false, "snapUv": false}
									},
									"renderPass": 0
								},
								{
									"name": "rope38",
									"from": [1, -9, -8],
									"to": [1.5, -8.5, -6],
									"rotationOrigin": [-0.5, -9, -4.75],
									"faces": {
										"north": {"texture": "#rope", "uv": [0, 0, 2.5, 3.5], "autoUv": false, "snapUv": false},
										"east": {"texture": "#rope", "uv": [0, 0, 25.2, 3.5], "autoUv": false, "snapUv": false},
										"south": {"texture": "#rope", "uv": [0, 0, 2.5, 3.5], "autoUv": false, "snapUv": false},
										"west": {"texture": "#rope", "uv": [0, 0, 25.2, 3.5], "autoUv": false, "snapUv": false},
										"up": {"texture": "#rope", "uv": [0, 0, 2.5, 25.2], "autoUv": false, "snapUv": false},
										"down": {"texture": "#rope", "uv": [0, 0, 2.5, 25.2], "autoUv": false, "snapUv": false}
									},
									"renderPass": 0
								},
								{
									"name": "rope36",
									"from": [-0.5, -10.5, -6],
									"to": [2, -10, -5.5],
									"rotationOrigin": [0, -10.5, -5],
									"faces": {
										"north": {"texture": "#rope", "uv": [0, 0, 12.5, 3.5], "autoUv": false, "snapUv": false},
										"east": {"texture": "#rope", "uv": [0, 0, 6.3, 3.5], "autoUv": false, "snapUv": false},
										"south": {"texture": "#rope", "uv": [0, 0, 12.5, 3.5], "autoUv": false, "snapUv": false},
										"west": {"texture": "#rope", "uv": [0, 0, 6.3, 3.5], "autoUv": false, "snapUv": false},
										"up": {"texture": "#rope", "uv": [0, 0, 12.5, 6.3], "autoUv": false, "snapUv": false},
										"down": {"texture": "#rope", "uv": [0, 0, 12.5, 6.3], "autoUv": false, "snapUv": false}
									},
									"renderPass": 0
								},
								{
									"name": "rope35",
									"from": [0, -9, -6],
									"to": [2, -8.5, -5.5],
									"rotationOrigin": [0, -9, -5],
									"faces": {
										"north": {"texture": "#rope", "uv": [0, 0, 10, 3.5], "autoUv": false, "snapUv": false},
										"east": {"texture": "#rope", "uv": [0, 0, 6.3, 3.5], "autoUv": false, "snapUv": false},
										"south": {"texture": "#rope", "uv": [0, 0, 10, 3.5], "autoUv": false, "snapUv": false},
										"west": {"texture": "#rope", "uv": [0, 0, 6.3, 3.5], "autoUv": false, "snapUv": false},
										"up": {"texture": "#rope", "uv": [0, 0, 10, 6.3], "autoUv": false, "snapUv": false},
										"down": {"texture": "#rope", "uv": [0, 0, 10, 6.3], "autoUv": false, "snapUv": false}
									},
									"renderPass": 0
								},
								{
									"name": "rope34",
									"from": [-0.5, -9, -8.25],
									"to": [0, -8.5, -5.75],
									"rotationOrigin": [-2, -9, -5],
									"faces": {
										"north": {"texture": "#rope", "uv": [0, 0, 2.5, 3.5], "autoUv": false, "snapUv": false},
										"east": {"texture": "#rope", "uv": [0, 0, 31.5, 3.5], "autoUv": false, "snapUv": false},
										"south": {"texture": "#rope", "uv": [0, 0, 2.5, 3.5], "autoUv": false, "snapUv": false},
										"west": {"texture": "#rope", "uv": [0, 0, 31.5, 3.5], "autoUv": false, "snapUv": false},
										"up": {"texture": "#rope", "uv": [0, 0, 2.5, 31.5], "autoUv": false, "snapUv": false},
										"down": {"texture": "#rope", "uv": [0, 0, 2.5, 31.5], "autoUv": false, "snapUv": false}
									},
									"renderPass": 0
								},
								{
									"name": "rope33",
									"from": [-0.5, -10.09985, -8.2685],
									"to": [0, -9.59985, -6.0185],
									"rotationOrigin": [-2, -9.75, -7.5],
									"faces": {
										"north": {"texture": "#rope", "uv": [2.5, 0, 0, 3.5], "autoUv": false, "snapUv": false},
										"east": {"texture": "#rope", "uv": [28.35, 0, 0, 3.5], "autoUv": false, "snapUv": false},
										"south": {"texture": "#rope", "uv": [2.5, 0, 0, 3.5], "autoUv": false, "snapUv": false},
										"west": {"texture": "#rope", "uv": [28.35, 0, 0, 3.5], "autoUv": false, "snapUv": false},
										"up": {"texture": "#rope", "uv": [0, 28.35, 2.5, 0], "autoUv": false, "snapUv": false},
										"down": {"texture": "#rope", "uv": [0, 28.35, 2.5, 0], "autoUv": false, "snapUv": false}
									},
									"rotationX": -42.5,
									"renderPass": 0
								},
								{
									"name": "rope32",
									"from": [2, -10.25, -6],
									"to": [2.5, -9, -5.5],
									"rotationOrigin": [2, -9, -5],
									"faces": {
										"north": {"texture": "#rope", "uv": [0, 0, 2.5, 8.75], "autoUv": false, "snapUv": false},
										"east": {"texture": "#rope", "uv": [0, 0, 6.3, 8.75], "autoUv": false, "snapUv": false},
										"south": {"texture": "#rope", "uv": [0, 0, 2.5, 8.75], "autoUv": false, "snapUv": false},
										"west": {"texture": "#rope", "uv": [0, 0, 6.3, 8.75], "autoUv": false, "snapUv": false},
										"up": {"texture": "#rope", "uv": [0, 0, 2.5, 6.3], "autoUv": false, "snapUv": false},
										"down": {"texture": "#rope", "uv": [0, 0, 2.5, 6.3], "autoUv": false, "snapUv": false}
									},
									"renderPass": 0
								},
								{
									"name": "rope31",
									"from": [2, -10.25, -8.5],
									"to": [2.5, -9, -8],
									"rotationOrigin": [2, -9, -7.5],
									"faces": {
										"north": {"texture": "#rope", "uv": [0, 0, 2.5, 8.75], "autoUv": false, "snapUv": false},
										"east": {"texture": "#rope", "uv": [0, 0, 6.3, 8.75], "autoUv": false, "snapUv": false},
										"south": {"texture": "#rope", "uv": [0, 0, 2.5, 8.75], "autoUv": false, "snapUv": false},
										"west": {"texture": "#rope", "uv": [0, 0, 6.3, 8.75], "autoUv": false, "snapUv": false},
										"up": {"texture": "#rope", "uv": [0, 0, 2.5, 6.3], "autoUv": false, "snapUv": false},
										"down": {"texture": "#rope", "uv": [0, 0, 2.5, 6.3], "autoUv": false, "snapUv": false}
									},
									"renderPass": 0
								},
								{
									"name": "rope30",
									"from": [-0.5, -10.5, -8.5],
									"to": [2, -10, -8],
									"rotationOrigin": [0, -10.5, -7.5],
									"faces": {
										"north": {"texture": "#rope", "uv": [0, 0, 12.5, 3.5], "autoUv": false, "snapUv": false},
										"east": {"texture": "#rope", "uv": [0, 0, 6.3, 3.5], "autoUv": false, "snapUv": false},
										"south": {"texture": "#rope", "uv": [0, 0, 12.5, 3.5], "autoUv": false, "snapUv": false},
										"west": {"texture": "#rope", "uv": [0, 0, 6.3, 3.5], "autoUv": false, "snapUv": false},
										"up": {"texture": "#rope", "uv": [0, 0, 12.5, 6.3], "autoUv": false, "snapUv": false},
										"down": {"texture": "#rope", "uv": [0, 0, 12.5, 6.3], "autoUv": false, "snapUv": false}
									},
									"renderPass": 0
								},
								{
									"name": "rope29",
									"from": [-0.5, -10.09985, -7.9815],
									"to": [0, -9.59985, -5.7315],
									"rotationOrigin": [-2, -9.75, -6.5],
									"faces": {
										"north": {"texture": "#rope", "uv": [0, 0, 2.5, 3.5], "autoUv": false, "snapUv": false},
										"east": {"texture": "#rope", "uv": [0, 0, 28.35, 3.5], "autoUv": false, "snapUv": false},
										"south": {"texture": "#rope", "uv": [0, 0, 2.5, 3.5], "autoUv": false, "snapUv": false},
										"west": {"texture": "#rope", "uv": [0, 0, 28.35, 3.5], "autoUv": false, "snapUv": false},
										"up": {"texture": "#rope", "uv": [0, 0, 2.5, 28.35], "autoUv": false, "snapUv": false},
										"down": {"texture": "#rope", "uv": [0, 0, 2.5, 28.35], "autoUv": false, "snapUv": false}
									},
									"rotationX": 42.5,
									"renderPass": 0
								},
								{
									"name": "Metal",
									"from": [-3, -4, -8],
									"to": [-3, -4, -8],
									"rotationOrigin": [-3, -4, -8],
									"children": [
										{
											"name": "copperplate1",
											"from": [4, -3, -1],
											"to": [11, -2.625, 7],
											"rotationOrigin": [9, 5, 4],
											"faces": {
												"north": {"texture": "#copper", "uv": [0, 0, 32, 4], "autoUv": false, "snapUv": false},
												"east": {"texture": "#copper", "uv": [0, 0, 32, 5], "autoUv": false, "snapUv": false},
												"south": {"texture": "#copper", "uv": [0, 0, 32, 4], "autoUv": false, "snapUv": false},
												"west": {"texture": "#copper", "uv": [0, 24, 32, 29], "autoUv": false, "snapUv": false},
												"up": {"texture": "#copper", "uv": [0, 0, 32, 32], "autoUv": false, "snapUv": false},
												"down": {"texture": "#copper", "uv": [0, 0, 32, 32], "autoUv": false, "snapUv": false}
											},
											"renderPass": 0
										},
										{
											"name": "coppernail1",
											"from": [3.275, -3.575, 7],
											"to": [3.6, -3.25, 7.125],
											"rotationOrigin": [2.25, 4.5, 12],
											"faces": {
												"north": {"texture": "#copper", "uv": [0, 0, 32, 4], "autoUv": false, "snapUv": false},
												"east": {"texture": "#copper", "uv": [0, 0, 32, 32], "autoUv": false, "snapUv": false},
												"south": {"texture": "#copper", "uv": [0, 0, 32, 32], "autoUv": false, "snapUv": false},
												"west": {"texture": "#copper", "uv": [0, 0, 32, 32], "autoUv": false, "snapUv": false},
												"up": {"texture": "#copper", "uv": [0, 0, 32, 32], "autoUv": false, "snapUv": false},
												"down": {"texture": "#copper", "uv": [0, 0, 32, 32], "autoUv": false, "snapUv": false}
											},
											"renderPass": 0
										},
										{
											"name": "coppernail2",
											"from": [3.275, -4.7, 7],
											"to": [3.6, -4.375, 7.125],
											"rotationOrigin": [2.25, 3.375, 12],
											"faces": {
												"north": {"texture": "#copper", "uv": [0, 0, 32, 4], "autoUv": false, "snapUv": false},
												"east": {"texture": "#copper", "uv": [0, 0, 32, 32], "autoUv": false, "snapUv": false},
												"south": {"texture": "#copper", "uv": [0, 0, 32, 32], "autoUv": false, "snapUv": false},
												"west": {"texture": "#copper", "uv": [0, 0, 32, 32], "autoUv": false, "snapUv": false},
												"up": {"texture": "#copper", "uv": [0, 0, 32, 32], "autoUv": false, "snapUv": false},
												"down": {"texture": "#copper", "uv": [0, 0, 32, 32], "autoUv": false, "snapUv": false}
											},
											"renderPass": 0
										},
										{
											"name": "coppernail3",
											"from": [3.275, -3.575, -1.125],
											"to": [3.6, -3.25, -1],
											"rotationOrigin": [2.25, 4.5, 3.875],
											"faces": {
												"north": {"texture": "#copper", "uv": [0, 0, 32, 32], "autoUv": false, "snapUv": false},
												"east": {"texture": "#copper", "uv": [0, 0, 32, 32], "autoUv": false, "snapUv": false},
												"south": {"texture": "#copper", "uv": [0, 0, 32, 32], "autoUv": false, "snapUv": false},
												"west": {"texture": "#copper", "uv": [0, 0, 32, 32], "autoUv": false, "snapUv": false},
												"up": {"texture": "#copper", "uv": [0, 0, 32, 32], "autoUv": false, "snapUv": false},
												"down": {"texture": "#copper", "uv": [0, 0, 32, 32], "autoUv": false, "snapUv": false}
											},
											"renderPass": 0
										},
										{
											"name": "coppernail4",
											"from": [3.275, -4.7, -1.125],
											"to": [3.6, -4.375, -1],
											"rotationOrigin": [2.25, 3.375, 3.875],
											"faces": {
												"north": {"texture": "#copper", "uv": [0, 0, 32, 32], "autoUv": false, "snapUv": false},
												"east": {"texture": "#copper", "uv": [0, 0, 32, 32], "autoUv": false, "snapUv": false},
												"south": {"texture": "#copper", "uv": [0, 0, 32, 32], "autoUv": false, "snapUv": false},
												"west": {"texture": "#copper", "uv": [0, 0, 32, 32], "autoUv": false, "snapUv": false},
												"up": {"texture": "#copper", "uv": [0, 0, 32, 32], "autoUv": false, "snapUv": false},
												"down": {"texture": "#copper", "uv": [0, 0, 32, 32], "autoUv": false, "snapUv": false}
											},
											"renderPass": 0
										},
										{
											"name": "coppernail5",
											"from": [5.15, -5.7, 0.875],
											"to": [5.475, -5.375, 1],
											"rotationOrigin": [5.125, -5.625, 0.875],
											"faces": {
												"north": {"texture": "#copper", "uv": [0, 0, 32, 32], "autoUv": false, "snapUv": false},
												"east": {"texture": "#copper", "uv": [0, 0, 32, 32], "autoUv": false, "snapUv": false},
												"south": {"texture": "#copper", "uv": [0, 0, 32, 32], "autoUv": false, "snapUv": false},
												"west": {"texture": "#copper", "uv": [0, 0, 32, 32], "autoUv": false, "snapUv": false},
												"up": {"texture": "#copper", "uv": [0, 0, 32, 32], "autoUv": false, "snapUv": false},
												"down": {"texture": "#copper", "uv": [0, 0, 32, 32], "autoUv": false, "snapUv": false}
											},
											"rotationY": -90,
											"renderPass": 0
										},
										{
											"name": "coppernail6",
											"from": [5.15, -5.7, 4.875],
											"to": [5.475, -5.375, 5],
											"rotationOrigin": [5.125, -5.625, 4.875],
											"faces": {
												"north": {"texture": "#copper", "uv": [0, 0, 32, 32], "autoUv": false, "snapUv": false},
												"east": {"texture": "#copper", "uv": [0, 0, 32, 32], "autoUv": false, "snapUv": false},
												"south": {"texture": "#copper", "uv": [0, 0, 32, 32], "autoUv": false, "snapUv": false},
												"west": {"texture": "#copper", "uv": [0, 0, 32, 32], "autoUv": false, "snapUv": false},
												"up": {"texture": "#copper", "uv": [0, 0, 32, 32], "autoUv": false, "snapUv": false},
												"down": {"texture": "#copper", "uv": [0, 0, 32, 32], "autoUv": false, "snapUv": false}
											},
											"rotationY": -90,
											"renderPass": 0
										},
										{
											"name": "coppernail7",
											"from": [5.15, 4.3, 4.875],
											"to": [5.475, 4.625, 5],
											"rotationOrigin": [5.125, 4.375, 4.875],
											"faces": {
												"north": {"texture": "#copper", "uv": [0, 0, 32, 32], "autoUv": false, "snapUv": false},
												"east": {"texture": "#copper", "uv": [0, 0, 32, 32], "autoUv": false, "snapUv": false},
												"south": {"texture": "#copper", "uv": [0, 0, 32, 32], "autoUv": false, "snapUv": false},
												"west": {"texture": "#copper", "uv": [0, 0, 32, 32], "autoUv": false, "snapUv": false},
												"up": {"texture": "#copper", "uv": [0, 0, 32, 32], "autoUv": false, "snapUv": false},
												"down": {"texture": "#copper", "uv": [0, 0, 32, 32], "autoUv": false, "snapUv": false}
											},
											"rotationY": -90,
											"renderPass": 0
										},
										{
											"name": "coppernail8",
											"from": [5.15, 4.3, 0.875],
											"to": [5.475, 4.625, 1],
											"rotationOrigin": [5.125, 4.375, 0.875],
											"faces": {
												"north": {"texture": "#copper", "uv": [0, 0, 32, 32], "autoUv": false, "snapUv": false},
												"east": {"texture": "#copper", "uv": [0, 0, 32, 32], "autoUv": false, "snapUv": false},
												"south": {"texture": "#copper", "uv": [0, 0, 32, 32], "autoUv": false, "snapUv": false},
												"west": {"texture": "#copper", "uv": [0, 0, 32, 32], "autoUv": false, "snapUv": false},
												"up": {"texture": "#copper", "uv": [0, 0, 32, 32], "autoUv": false, "snapUv": false},
												"down": {"texture": "#copper", "uv": [0, 0, 32, 32], "autoUv": false, "snapUv": false}
											},
											"rotationY": -90,
											"renderPass": 0
										},
										{
											"name": "coppernail9",
											"from": [4.4, 1.8, 0.875],
											"to": [4.725, 2.125, 1],
											"rotationOrigin": [4.375, 1.875, 0.875],
											"faces": {
												"north": {"texture": "#copper", "uv": [0, 0, 32, 32], "autoUv": false, "snapUv": false},
												"east": {"texture": "#copper", "uv": [0, 0, 32, 32], "autoUv": false, "snapUv": false},
												"south": {"texture": "#copper", "uv": [0, 0, 32, 32], "autoUv": false, "snapUv": false},
												"west": {"texture": "#copper", "uv": [0, 0, 32, 32], "autoUv": false, "snapUv": false},
												"up": {"texture": "#copper", "uv": [0, 0, 32, 32], "autoUv": false, "snapUv": false},
												"down": {"texture": "#copper", "uv": [0, 0, 32, 32], "autoUv": false, "snapUv": false}
											},
											"rotationY": -90,
											"renderPass": 0
										},
										{
											"name": "coppernail10",
											"from": [4.4, 1.8, 4.875],
											"to": [4.725, 2.125, 5],
											"rotationOrigin": [4.375, 1.875, 4.875],
											"faces": {
												"north": {"texture": "#copper", "uv": [0, 0, 32, 32], "autoUv": false, "snapUv": false},
												"east": {"texture": "#copper", "uv": [0, 0, 32, 32], "autoUv": false, "snapUv": false},
												"south": {"texture": "#copper", "uv": [0, 0, 32, 32], "autoUv": false, "snapUv": false},
												"west": {"texture": "#copper", "uv": [0, 0, 32, 32], "autoUv": false, "snapUv": false},
												"up": {"texture": "#copper", "uv": [0, 0, 32, 32], "autoUv": false, "snapUv": false},
												"down": {"texture": "#copper", "uv": [0, 0, 32, 32], "autoUv": false, "snapUv": false}
											},
											"rotationY": -90,
											"renderPass": 0
										},
										{
											"name": "coppernail11",
											"from": [4.4, -1.2, 4.875],
											"to": [4.725, -0.875, 5],
											"rotationOrigin": [4.375, -1.125, 4.875],
											"faces": {
												"north": {"texture": "#copper", "uv": [0, 0, 32, 32], "autoUv": false, "snapUv": false},
												"east": {"texture": "#copper", "uv": [0, 0, 32, 32], "autoUv": false, "snapUv": false},
												"south": {"texture": "#copper", "uv": [0, 0, 32, 32], "autoUv": false, "snapUv": false},
												"west": {"texture": "#copper", "uv": [0, 0, 32, 32], "autoUv": false, "snapUv": false},
												"up": {"texture": "#copper", "uv": [0, 0, 32, 32], "autoUv": false, "snapUv": false},
												"down": {"texture": "#copper", "uv": [0, 0, 32, 32], "autoUv": false, "snapUv": false}
											},
											"rotationY": -90,
											"renderPass": 0
										},
										{
											"name": "coppernail12",
											"from": [4.4, -1.2, 0.875],
											"to": [4.725, -0.875, 1],
											"rotationOrigin": [4.375, -1.125, 0.875],
											"faces": {
												"north": {"texture": "#copper", "uv": [0, 0, 32, 32], "autoUv": false, "snapUv": false},
												"east": {"texture": "#copper", "uv": [0, 0, 32, 32], "autoUv": false, "snapUv": false},
												"south": {"texture": "#copper", "uv": [0, 0, 32, 32], "autoUv": false, "snapUv": false},
												"west": {"texture": "#copper", "uv": [0, 0, 32, 32], "autoUv": false, "snapUv": false},
												"up": {"texture": "#copper", "uv": [0, 0, 32, 32], "autoUv": false, "snapUv": false},
												"down": {"texture": "#copper", "uv": [0, 0, 32, 32], "autoUv": false, "snapUv": false}
											},
											"rotationY": -90,
											"renderPass": 0
										},
										{
											"name": "Crate",
											"from": [4, -2.625, -0.55],
											"to": [4, -2.625, -0.55],
											"rotationOrigin": [4, -2.625, -0.55],
											"children": [
												{
													"name": "east",
													"from": [-0.4459, 0, 0],
													"to": [-0.4459, 0, 0],
													"rotationOrigin": [-0.4459, 0, 0],
													"children": [
														{
															"name": "Cube8",
															"from": [7.1344, 6.2426, 0.22295],
															"to": [7.35735, 7.1344, 6.91145],
															"rotationOrigin": [7.1344, 6.2426, 0.22295],
															"faces": {
																"north": {"texture": "#frame-generic", "uv": [5.5, 7.5, 6, 9.5], "autoUv": false, "snapUv": false},
																"east": {"texture": "#frame-generic", "uv": [1, 7, 16, 9], "autoUv": false, "snapUv": false},
																"south": {"texture": "#frame-generic", "uv": [3, 1.5, 3.5, 3.5], "autoUv": false, "snapUv": false},
																"up": {"texture": "#frame-generic", "uv": [0, 0.5, 15, 1], "rotation": 90, "autoUv": false, "snapUv": false},
																"down": {"texture": "#frame-generic", "uv": [0.5, 12, 15.5, 12.5], "rotation": 90, "autoUv": false, "snapUv": false}
															},
															"shade": false
														},
														{
															"name": "Cube11",
															"from": [7.1344, 0, 0.22295],
															"to": [7.35735, 0.8918, 6.91145],
															"rotationOrigin": [7.1344, 0, 0.22295],
															"faces": {
																"north": {"texture": "#frame-generic", "uv": [4.5, 1.5, 5, 3.5], "autoUv": false, "snapUv": false},
																"east": {"texture": "#frame-generic", "uv": [0, 2, 15, 4], "autoUv": false, "snapUv": false},
																"south": {"texture": "#frame-generic", "uv": [5, 2, 5.5, 4], "autoUv": false, "snapUv": false},
																"up": {"texture": "#frame-generic", "uv": [0.5, 0.5, 15.5, 1], "rotation": 90, "autoUv": false, "snapUv": false},
																"down": {"texture": "#frame-generic", "uv": [0, 4.5, 15, 5], "rotation": 90, "autoUv": false, "snapUv": false}
															},
															"shade": false
														},
														{
															"name": "east_geo",
															"from": [6.6885, 0, 0.4459],
															"to": [7.1344, 7.1344, 6.6885],
															"rotationOrigin": [6.6885, 0, 0.4459],
															"faces": {
																"east": {"texture": "#normal", "uv": [0.5, 0, 14.5, 16], "autoUv": false, "snapUv": false},
																"west": {"texture": "#frame-generic", "uv": [0.5, 0, 14.5, 16], "autoUv": false, "snapUv": false},
																"up": {"texture": "#frame-generic", "uv": [0, 7, 14, 8], "rotation": 90, "autoUv": false, "snapUv": false},
																"down": {"texture": "#frame-generic", "uv": [0, 0.5, 14, 1.5], "rotation": 90, "autoUv": false, "snapUv": false}
															},
															"shade": false
														}
													]
												},
												{
													"name": "west",
													"from": [0.4459, 0, 0],
													"to": [0.4459, 0, 0],
													"rotationOrigin": [0.4459, 0, 0],
													"children": [
														{
															"name": "Cube1",
															"from": [-0.22295, 6.2426, 0.22295],
															"to": [0, 7.1344, 6.91145],
															"rotationOrigin": [-0.22295, 6.2426, 0.22295],
															"faces": {
																"north": {"texture": "#frame-generic", "uv": [1.5, 1, 2, 3], "autoUv": false, "snapUv": false},
																"east": {"texture": "#frame-generic", "uv": [0, 6.5, 15, 8.5], "autoUv": false, "snapUv": false},
																"south": {"texture": "#frame-generic", "uv": [0, 0, 0.5, 2], "autoUv": false, "snapUv": false},
																"west": {"texture": "#frame-generic", "uv": [1, 7, 16, 9], "autoUv": false, "snapUv": false},
																"up": {"texture": "#frame-generic", "uv": [0, 0.5, 15, 1], "rotation": 90, "autoUv": false, "snapUv": false},
																"down": {"texture": "#frame-generic", "uv": [0, 1.5, 15, 2], "rotation": 90, "autoUv": false, "snapUv": false}
															},
															"shade": false
														},
														{
															"name": "Cube13",
															"from": [-0.22295, 0, 0.22295],
															"to": [0, 0.8918, 6.91145],
															"rotationOrigin": [-0.22295, 0, 0.22295],
															"faces": {
																"north": {"texture": "#frame-generic", "uv": [0, 1.5, 0.5, 3.5], "autoUv": false, "snapUv": false},
																"south": {"texture": "#frame-generic", "uv": [2, 2, 2.5, 4], "autoUv": false, "snapUv": false},
																"west": {"texture": "#frame-generic", "uv": [0, 2, 15, 4], "autoUv": false, "snapUv": false},
																"up": {"texture": "#frame-generic", "uv": [1, 10.5, 16, 11], "rotation": 90, "autoUv": false, "snapUv": false},
																"down": {"texture": "#frame-generic", "uv": [0.5, 3, 15.5, 3.5], "rotation": 90, "autoUv": false, "snapUv": false}
															},
															"shade": false
														},
														{
															"name": "west_geo",
															"from": [0, 0, 0.4459],
															"to": [0.4459, 7.1344, 6.6885],
															"rotationOrigin": [0, 0, 0.4459],
															"faces": {
																"east": {"texture": "#frame-generic", "uv": [1, 0, 15, 16], "autoUv": false, "snapUv": false},
																"west": {"texture": "#normal", "uv": [0.5, 0, 14.5, 16], "autoUv": false, "snapUv": false},
																"up": {"texture": "#frame-generic", "uv": [0, 0, 14, 1], "rotation": 270, "autoUv": false, "snapUv": false},
																"down": {"texture": "#frame-generic", "uv": [1, 0, 15, 1], "rotation": 90, "autoUv": false, "snapUv": false}
															},
															"shade": false
														}
													]
												},
												{
													"name": "south",
													"from": [0.8918, 0, -0.4459],
													"to": [0.8918, 0, -0.4459],
													"rotationOrigin": [0.8918, 0, -0.4459],
													"children": [
														{
															"name": "Cube10",
															"from": [-0.4459, 6.2426, 7.1344],
															"to": [5.7967, 7.1344, 7.35735],
															"rotationOrigin": [-0.4459, 6.2426, 7.1344],
															"faces": {
																"south": {"texture": "#frame-generic", "uv": [0.5, 2, 14.5, 4], "autoUv": false, "snapUv": false},
																"up": {"texture": "#frame-generic", "uv": [0.5, 4, 14.5, 4.5], "autoUv": false, "snapUv": false},
																"down": {"texture": "#frame-generic", "uv": [1.5, 8, 15.5, 8.5], "autoUv": false, "snapUv": false}
															},
															"shade": false
														},
														{
															"name": "Cube14",
															"from": [-0.4459, 0, 7.1344],
															"to": [5.7967, 0.8918, 7.35735],
															"rotationOrigin": [-0.4459, 0, 7.1344],
															"faces": {
																"south": {"texture": "#frame-generic", "uv": [1, 7.5, 15, 9.5], "autoUv": false, "snapUv": false},
																"up": {"texture": "#frame-generic", "uv": [1, 14.5, 15, 15], "autoUv": false, "snapUv": false},
																"down": {"texture": "#frame-generic", "uv": [1.5, 2.5, 15.5, 3], "autoUv": false, "snapUv": false}
															},
															"shade": false
														},
														{
															"name": "south_geo",
															"from": [0, 0, 6.6885],
															"to": [5.3508, 7.1344, 7.1344],
															"rotationOrigin": [0, 0, 6.6885],
															"faces": {
																"north": {"texture": "#frame-generic", "uv": [2, 0, 14, 16], "autoUv": false, "snapUv": false},
																"south": {"texture": "#normal", "uv": [1.5, 0, 13.5, 16], "autoUv": false, "snapUv": false},
																"up": {"texture": "#frame-generic", "uv": [1.5, 14.5, 13.5, 15.5], "autoUv": false, "snapUv": false},
																"down": {"texture": "#frame-generic", "uv": [0, 0, 12, 1], "autoUv": false, "snapUv": false}
															},
															"shade": false
														}
													]
												},
												{
													"name": "north",
													"from": [0.8918, 0, 0.4459],
													"to": [0.8918, 0, 0.4459],
													"rotationOrigin": [0.8918, 0, 0.4459],
													"children": [
														{
															"name": "Cube9",
															"from": [-0.4459, 6.2426, -0.22295],
															"to": [5.7967, 7.1344, 0],
															"rotationOrigin": [-0.4459, 6.2426, -0.22295],
															"faces": {
																"north": {"texture": "#frame-generic", "uv": [0.5, 2, 14.5, 4], "autoUv": false, "snapUv": false},
																"up": {"texture": "#frame-generic", "uv": [1.5, 0.5, 15.5, 1], "autoUv": false, "snapUv": false},
																"down": {"texture": "#frame-generic", "uv": [0, 3, 14, 3.5], "autoUv": false, "snapUv": false}
															},
															"shade": false
														},
														{
															"name": "Cube12",
															"from": [-0.4459, 0, -0.22295],
															"to": [5.7967, 0.8918, 0],
															"rotationOrigin": [-0.4459, 0, -0.22295],
															"faces": {
																"north": {"texture": "#frame-generic", "uv": [0.5, 1.5, 14.5, 3.5], "autoUv": false, "snapUv": false},
																"up": {"texture": "#frame-generic", "uv": [0.5, 0.5, 14.5, 1], "autoUv": false, "snapUv": false},
																"down": {"texture": "#frame-generic", "uv": [0.5, 2.5, 14.5, 3], "autoUv": false, "snapUv": false}
															},
															"shade": false
														},
														{
															"name": "north_geo",
															"from": [0, 0, 0],
															"to": [5.3508, 7.1344, 0.4459],
															"rotationOrigin": [0, 0, 0],
															"faces": {
																"north": {"texture": "#normal", "uv": [1.5, 0, 13.5, 16], "autoUv": false, "snapUv": false},
																"south": {"texture": "#frame-generic", "uv": [0, 0, 12, 16], "autoUv": false, "snapUv": false},
																"up": {"texture": "#frame-generic", "uv": [1, 0.5, 13, 1.5], "autoUv": false, "snapUv": false},
																"down": {"texture": "#frame-generic", "uv": [0, 0, 12, 1], "rotation": 180, "autoUv": false, "snapUv": false}
															},
															"shade": false
														}
													]
												},
												{
													"name": "floor",
													"from": [0.8918, 0.22295, 0.8918],
													"to": [6.2426, 0.66885, 6.2426],
													"rotationOrigin": [0.4459, 0.22295, 0.4459],
													"faces": {
														"up": {"texture": "#normal", "uv": [0, 0, 16, 16], "autoUv": false, "snapUv": false},
														"down": {"texture": "#normal", "uv": [1.5, 2, 13.5, 14], "rotation": 90, "autoUv": false, "snapUv": false}
													},
													"shade": false
												},
												{
													"name": "Cube15",
													"from": [0.22295, 0.8918, 0.22295],
													"to": [1.11475, 6.2426, 1.11475],
													"rotationOrigin": [0.22295, 0.8918, 0.22295],
													"faces": {
														"north": {"texture": "#frame-generic", "uv": [0.5, 3.5, 12.5, 5.5], "rotation": 90, "autoUv": false, "snapUv": false},
														"east": {"texture": "#frame-generic", "uv": [0, 0, 12, 2], "rotation": 90, "autoUv": false, "snapUv": false},
														"south": {"texture": "#frame-generic", "uv": [0, 0.5, 12, 2.5], "rotation": 90, "autoUv": false, "snapUv": false},
														"west": {"texture": "#frame-generic", "uv": [2.5, 7, 14.5, 9], "rotation": 90, "autoUv": false, "snapUv": false},
														"up": {"texture": "#frame-generic", "uv": [0, 0, 1, 1], "autoUv": false, "snapUv": false}
													},
													"shade": false
												},
												{
													"name": "Cube16",
													"from": [0.22295, 0.8918, 6.01965],
													"to": [1.11475, 6.2426, 6.91145],
													"rotationOrigin": [0.22295, 0.8918, 6.01965],
													"faces": {
														"north": {"texture": "#frame-generic", "uv": [2.5, 7.5, 14.5, 9.5], "rotation": 90, "autoUv": false, "snapUv": false},
														"east": {"texture": "#frame-generic", "uv": [1, 2, 13, 4], "rotation": 90, "autoUv": false, "snapUv": false},
														"south": {"texture": "#frame-generic", "uv": [4, 10.5, 16, 12.5], "rotation": 90, "autoUv": false, "snapUv": false},
														"west": {"texture": "#frame-generic", "uv": [0.5, 1.5, 12.5, 3.5], "rotation": 90, "autoUv": false, "snapUv": false},
														"up": {"texture": "#frame-generic", "uv": [0, 0, 1, 1], "autoUv": false, "snapUv": false}
													},
													"shade": false
												},
												{
													"name": "Cube17",
													"from": [6.01965, 0.8918, 6.01965],
													"to": [6.91145, 6.2426, 6.91145],
													"rotationOrigin": [6.01965, 0.8918, 6.01965],
													"faces": {
														"north": {"texture": "#frame-generic", "uv": [3, 8, 15, 10], "rotation": 90, "autoUv": false, "snapUv": false},
														"east": {"texture": "#frame-generic", "uv": [0, 6.5, 12, 8.5], "rotation": 90, "autoUv": false, "snapUv": false},
														"south": {"texture": "#frame-generic", "uv": [1, 7, 13, 9], "rotation": 90, "autoUv": false, "snapUv": false},
														"west": {"texture": "#frame-generic", "uv": [2.5, 12, 14.5, 14], "rotation": 90, "autoUv": false, "snapUv": false},
														"up": {"texture": "#frame-generic", "uv": [0, 0, 1, 1], "autoUv": false, "snapUv": false}
													},
													"shade": false
												},
												{
													"name": "Cube18",
													"from": [6.01965, 0.8918, 0.22295],
													"to": [6.91145, 6.2426, 1.11475],
													"rotationOrigin": [6.01965, 0.8918, 0.22295],
													"faces": {
														"north": {"texture": "#frame-generic", "uv": [1, 0.5, 13, 2.5], "rotation": 90, "autoUv": false, "snapUv": false},
														"east": {"texture": "#frame-generic", "uv": [1, 6.5, 13, 8.5], "rotation": 90, "autoUv": false, "snapUv": false},
														"south": {"texture": "#frame-generic", "uv": [2.5, 7.5, 14.5, 9.5], "rotation": 90, "autoUv": false, "snapUv": false},
														"west": {"texture": "#frame-generic", "uv": [2.5, 6.5, 14.5, 8.5], "rotation": 90, "autoUv": false, "snapUv": false},
														"up": {"texture": "#frame-generic", "uv": [0, 0, 1, 1], "autoUv": false, "snapUv": false}
													},
													"shade": false
												},
												{
													"name": "lid",
													"from": [0.8918, 6.46555, 0.8918],
													"to": [6.2426, 6.91145, 6.2426],
													"rotationOrigin": [3.5672, 6.46555, 0.4459],
													"faces": {
														"up": {"texture": "#normal", "uv": [1.5, 2, 13.5, 14], "rotation": 90, "autoUv": false, "snapUv": false}
													},
													"shade": false
												},
												{
													"name": "W cross 1",
													"from": [0.04459, 0.57967, 6.33178],
													"to": [0.04459, 0.57967, 6.33178],
													"rotationOrigin": [0.04459, 0.57967, 6.33178],
													"rotationX": -43,
													"children": [
														{
															"name": "Cube24",
															"from": [0, 7.1344, -0.53508],
															"to": [0.4459, 8.24915, 0.57967],
															"rotationOrigin": [0, 7.1344, -0.53508],
															"faces": {
																"north": {"texture": "#frame-generic", "uv": [1.5, 2, 4, 3], "rotation": 90, "autoUv": false, "snapUv": false},
																"south": {"texture": "#frame-generic", "uv": [2.5, 3, 5, 4], "rotation": 90, "autoUv": false, "snapUv": false},
																"west": {"texture": "#frame-generic", "uv": [4.5, 5.5, 7, 8], "rotation": 90, "autoUv": false, "snapUv": false},
																"up": {"texture": "#frame-generic", "uv": [3.5, 2.5, 6, 3.5], "rotation": 90, "autoUv": false, "snapUv": false}
															},
															"shade": false
														},
														{
															"name": "W cross 1_geo",
															"from": [0, 0, -0.53508],
															"to": [0.4459, 7.1344, 0.57967],
															"rotationOrigin": [0, 0, -0.53508],
															"faces": {
																"north": {"texture": "#frame-generic", "uv": [0, 2.5, 16, 3.5], "rotation": 90, "autoUv": false, "snapUv": false},
																"south": {"texture": "#frame-generic", "uv": [0, 7.5, 16, 8.5], "rotation": 90, "autoUv": false, "snapUv": false},
																"west": {"texture": "#frame-generic", "uv": [0, 6.5, 16, 9], "rotation": 90, "autoUv": false, "snapUv": false},
																"down": {"texture": "#frame-generic", "uv": [0, 1.5, 1, 4], "autoUv": false, "snapUv": false}
															},
															"shade": false
														}
													]
												},
												{
													"name": "W cross 2",
													"from": [0, 0.53508, 0.71344],
													"to": [0, 0.53508, 0.71344],
													"rotationOrigin": [0, 0.53508, 0.71344],
													"rotationX": 43,
													"children": [
														{
															"name": "Cube23",
															"from": [0, 7.1344, -0.57967],
															"to": [0.4459, 8.24915, 0.53508],
															"rotationOrigin": [0, 7.1344, -0.57967],
															"faces": {
																"north": {"texture": "#frame-generic", "uv": [2.5, 3, 5, 4], "rotation": 90, "autoUv": false, "snapUv": false},
																"south": {"texture": "#frame-generic", "uv": [3.5, 2, 6, 3], "rotation": 90, "autoUv": false, "snapUv": false},
																"west": {"texture": "#frame-generic", "uv": [8.5, 3.5, 11, 6], "rotation": 90, "autoUv": false, "snapUv": false},
																"up": {"texture": "#frame-generic", "uv": [3, 1.5, 4, 4], "autoUv": false, "snapUv": false}
															},
															"shade": false
														},
														{
															"name": "W cross 2_geo",
															"from": [0, 0, -0.57967],
															"to": [0.4459, 7.1344, 0.53508],
															"rotationOrigin": [0, 0, -0.57967],
															"faces": {
																"north": {"texture": "#frame-generic", "uv": [0, 2.5, 16, 3.5], "rotation": 90, "autoUv": false, "snapUv": false},
																"south": {"texture": "#frame-generic", "uv": [0, 7.5, 16, 8.5], "rotation": 90, "autoUv": false, "snapUv": false},
																"west": {"texture": "#frame-generic", "uv": [0, 2, 16, 4.5], "rotation": 90, "autoUv": false, "snapUv": false},
																"down": {"texture": "#frame-generic", "uv": [0, 1.5, 1, 4], "autoUv": false, "snapUv": false}
															},
															"shade": false
														}
													]
												},
												{
													"name": "E cross 1",
													"from": [6.64391, 0.57967, 6.33178],
													"to": [6.64391, 0.57967, 6.33178],
													"rotationOrigin": [6.64391, 0.57967, 6.33178],
													"rotationX": -43,
													"children": [
														{
															"name": "Cube28",
															"from": [0, 7.1344, -0.53508],
															"to": [0.4459, 8.24915, 0.57967],
															"rotationOrigin": [0, 7.1344, -0.53508],
															"faces": {
																"north": {"texture": "#frame-generic", "uv": [1.5, 2, 4, 3], "rotation": 90, "autoUv": false, "snapUv": false},
																"east": {"texture": "#frame-generic", "uv": [1, 0.5, 3.5, 3], "rotation": 90, "autoUv": false, "snapUv": false},
																"south": {"texture": "#frame-generic", "uv": [2.5, 3, 5, 4], "rotation": 90, "autoUv": false, "snapUv": false},
																"up": {"texture": "#frame-generic", "uv": [3.5, 2.5, 6, 3.5], "rotation": 90, "autoUv": false, "snapUv": false}
															},
															"shade": false
														},
														{
															"name": "E cross 1_geo",
															"from": [0, 0, -0.53508],
															"to": [0.4459, 7.1344, 0.57967],
															"rotationOrigin": [0, 0, -0.53508],
															"faces": {
																"north": {"texture": "#frame-generic", "uv": [0, 2.5, 16, 3.5], "rotation": 90, "autoUv": false, "snapUv": false},
																"east": {"texture": "#frame-generic", "uv": [0, 0.5, 16, 3], "rotation": 90, "autoUv": false, "snapUv": false},
																"south": {"texture": "#frame-generic", "uv": [0, 7.5, 16, 8.5], "rotation": 90, "autoUv": false, "snapUv": false},
																"down": {"texture": "#frame-generic", "uv": [0, 1.5, 1, 4], "autoUv": false, "snapUv": false}
															},
															"shade": false
														}
													]
												},
												{
													"name": "W cross 29",
													"from": [6.6885, 0.53508, 0.71344],
													"to": [6.6885, 0.53508, 0.71344],
													"rotationOrigin": [6.6885, 0.53508, 0.71344],
													"rotationX": 43,
													"children": [
														{
															"name": "Cube30",
															"from": [0, 7.1344, -0.57967],
															"to": [0.4459, 8.24915, 0.53508],
															"rotationOrigin": [0, 7.1344, -0.57967],
															"faces": {
																"north": {"texture": "#frame-generic", "uv": [2.5, 3, 5, 4], "rotation": 90, "autoUv": false, "snapUv": false},
																"east": {"texture": "#frame-generic", "uv": [2, 6.5, 4.5, 9], "rotation": 90, "autoUv": false, "snapUv": false},
																"south": {"texture": "#frame-generic", "uv": [1, 0.5, 3.5, 1.5], "rotation": 90, "autoUv": false, "snapUv": false},
																"up": {"texture": "#frame-generic", "uv": [3, 1.5, 4, 4], "autoUv": false, "snapUv": false}
															},
															"shade": false
														},
														{
															"name": "W cross 29_geo",
															"from": [0, 0, -0.57967],
															"to": [0.4459, 7.1344, 0.53508],
															"rotationOrigin": [0, 0, -0.57967],
															"faces": {
																"north": {"texture": "#frame-generic", "uv": [0, 2.5, 16, 3.5], "rotation": 90, "autoUv": false, "snapUv": false},
																"east": {"texture": "#frame-generic", "uv": [0, 6.5, 16, 9], "rotation": 90, "autoUv": false, "snapUv": false},
																"south": {"texture": "#frame-generic", "uv": [0, 7.5, 16, 8.5], "rotation": 90, "autoUv": false, "snapUv": false},
																"down": {"texture": "#frame-generic", "uv": [0, 1.5, 1, 4], "autoUv": false, "snapUv": false}
															},
															"shade": false
														}
													]
												}
											]
										}
									]
								}
							]
						}
					]
				}
			]
		}
	],
	"animations": []
}
