{
	"editor": {
		"backDropShape": "",
		"collapsedPaths": "",
		"allAngles": false,
		"entityTextureMode": false,
		"singleTexture": false,
		"vsFormatConverted": false
	},
	"textureWidth": 16,
	"textureHeight": 16,
	"textureSizes": {
		"birch": [32, 32],
		"rope": [32, 32],
		"aged": [32, 32],
		"tinbronze": [32, 32],
		"bark": [16, 16],
		"north": [32, 32],
		"side": [32, 32],
		"south": [32, 32],
		"oak": [16, 16]
	},
	"textures": {
		"birch": "game:block/wood/debarked/birch",
		"rope": "game:item/resource/rope",
		"aged": "game:block/wood/debarked/aged",
		"tinbronze": "game:block/metal/plate/tinbronze",
		"bark": "game:block/wood/firewood/bark",
		"north": "game:block/wood/firewood/north",
		"side": "game:block/wood/firewood/side",
		"south": "game:block/wood/firewood/south",
		"oak": "game:block/wood/treetrunk/oak"
	},
	"elements": [
		{
			"name": "LogBackrack",
			"from": [0, -1.65, 8],
			"to": [0, -1.65, 8],
			"rotationOrigin": [0, -1.65, 8],
			"children": [
				{
					"name": "Frame",
					"from": [8, 8, 0],
					"to": [8, 8, 0],
					"rotationOrigin": [8, 8, 0],
					"children": [
						{
							"name": "frame1",
							"from": [-5, -9, -3],
							"to": [-4, 7, -1],
							"rotationOrigin": [-5, 0, -1],
							"faces": {
								"north": {"texture": "#aged", "uv": [29, 0, 32, 32], "autoUv": false, "snapUv": false},
								"east": {"texture": "#aged", "uv": [3, 0, 7, 32], "autoUv": false, "snapUv": false},
								"south": {"texture": "#aged", "uv": [20, 0, 23, 32], "autoUv": false, "snapUv": false},
								"west": {"texture": "#aged", "uv": [0, 0, 3, 32], "autoUv": false, "snapUv": false},
								"up": {"texture": "#birch", "uv": [6, 4, 10, 10], "autoUv": false, "snapUv": false},
								"down": {"texture": "#birch", "uv": [8, 5, 11, 9], "autoUv": false, "snapUv": false}
							},
							"renderPass": 0
						},
						{
							"name": "frame2",
							"from": [-5, -9, 1],
							"to": [-4, 7, 3],
							"rotationOrigin": [-5, 0, 3],
							"faces": {
								"north": {"texture": "#aged", "uv": [0, 0, 3, 32], "autoUv": false, "snapUv": false},
								"east": {"texture": "#aged", "uv": [25, 0, 29, 32], "autoUv": false, "snapUv": false},
								"south": {"texture": "#aged", "uv": [14, 0, 16, 32], "autoUv": false, "snapUv": false},
								"west": {"texture": "#aged", "uv": [11, 0, 16, 32], "autoUv": false, "snapUv": false},
								"up": {"texture": "#birch", "uv": [9, 5, 12, 9], "autoUv": false, "snapUv": false},
								"down": {"texture": "#birch", "uv": [12, 16, 15, 20], "autoUv": false, "snapUv": false}
							},
							"renderPass": 0
						},
						{
							"name": "frame3",
							"from": [-5, -6, 3],
							"to": [4, -4, 4],
							"rotationOrigin": [-5, 3, 5],
							"faces": {
								"north": {"texture": "#aged", "uv": [0, 27, 32, 32], "autoUv": false, "snapUv": false},
								"east": {"texture": "#birch", "uv": [10, 23, 14, 27], "autoUv": false, "snapUv": false},
								"south": {"texture": "#aged", "uv": [0, 9, 32, 15], "autoUv": false, "snapUv": false},
								"west": {"texture": "#birch", "uv": [3, 15, 7, 20], "autoUv": false, "snapUv": false},
								"up": {"texture": "#aged", "uv": [0, 0, 32, 3], "autoUv": false, "snapUv": false},
								"down": {"texture": "#aged", "uv": [0, 23, 32, 26], "autoUv": false, "snapUv": false}
							},
							"renderPass": 0
						},
						{
							"name": "frame4",
							"from": [-5, -6, -4],
							"to": [4, -4, -3],
							"rotationOrigin": [-5, 3, -2],
							"faces": {
								"north": {"texture": "#aged", "uv": [0, 27, 32, 32], "autoUv": false, "snapUv": false},
								"east": {"texture": "#birch", "uv": [10, 23, 14, 27], "autoUv": false, "snapUv": false},
								"south": {"texture": "#aged", "uv": [0, 9, 32, 15], "autoUv": false, "snapUv": false},
								"west": {"texture": "#birch", "uv": [3, 15, 7, 20], "autoUv": false, "snapUv": false},
								"up": {"texture": "#aged", "uv": [0, 0, 32, 3], "autoUv": false, "snapUv": false},
								"down": {"texture": "#aged", "uv": [0, 23, 32, 26], "autoUv": false, "snapUv": false}
							},
							"renderPass": 0
						},
						{
							"name": "frame5",
							"from": [-4, 3, -5],
							"to": [-3, 4, 5],
							"rotationOrigin": [-5, 11, 1],
							"faces": {
								"north": {"texture": "#birch", "uv": [2, 19, 6, 24], "autoUv": false, "snapUv": false},
								"east": {"texture": "#aged", "uv": [0, 0, 32, 5], "autoUv": false, "snapUv": false},
								"south": {"texture": "#birch", "uv": [12, 15, 16, 20], "autoUv": false, "snapUv": false},
								"west": {"texture": "#aged", "uv": [0, 24, 32, 29], "autoUv": false, "snapUv": false},
								"up": {"texture": "#aged", "uv": [18, 0, 21, 32], "autoUv": false, "snapUv": false},
								"down": {"texture": "#aged", "uv": [10, 0, 13, 32], "autoUv": false, "snapUv": false}
							},
							"renderPass": 0
						},
						{
							"name": "frame6",
							"from": [-4, -7, -5],
							"to": [-3, -6, 5],
							"rotationOrigin": [-5, 1, 1],
							"faces": {
								"north": {"texture": "#birch", "uv": [2, 19, 6, 24], "autoUv": false, "snapUv": false},
								"east": {"texture": "#aged", "uv": [0, 0, 32, 5], "autoUv": false, "snapUv": false},
								"south": {"texture": "#birch", "uv": [12, 15, 16, 20], "autoUv": false, "snapUv": false},
								"west": {"texture": "#aged", "uv": [0, 24, 32, 29], "autoUv": false, "snapUv": false},
								"up": {"texture": "#aged", "uv": [18, 0, 21, 32], "autoUv": false, "snapUv": false},
								"down": {"texture": "#aged", "uv": [10, 0, 13, 32], "autoUv": false, "snapUv": false}
							},
							"renderPass": 0
						},
						{
							"name": "Plate",
							"from": [-5, 3, 5],
							"to": [-5, 3, 5],
							"rotationOrigin": [-5, 3, 5],
							"children": [
								{
									"name": "Metal",
									"from": [-3, -4, -8],
									"to": [-3, -4, -8],
									"rotationOrigin": [-3, -4, -8],
									"children": [
										{
											"name": "copperplate1",
											"from": [4, -3, -1],
											"to": [11, -2.625, 7],
											"rotationOrigin": [9, 5, 4],
											"faces": {
												"north": {"texture": "#tinbronze", "uv": [0, 0, 32, 4], "autoUv": false, "snapUv": false},
												"east": {"texture": "#tinbronze", "uv": [0, 0, 32, 5], "autoUv": false, "snapUv": false},
												"south": {"texture": "#tinbronze", "uv": [0, 0, 32, 4], "autoUv": false, "snapUv": false},
												"west": {"texture": "#tinbronze", "uv": [0, 24, 32, 29], "autoUv": false, "snapUv": false},
												"up": {"texture": "#tinbronze", "uv": [0, 0, 32, 32], "autoUv": false, "snapUv": false},
												"down": {"texture": "#tinbronze", "uv": [0, 0, 32, 32], "autoUv": false, "snapUv": false}
											},
											"renderPass": 0
										},
										{
											"name": "coppernail1",
											"from": [3.275, -3.575, 7],
											"to": [3.6, -3.25, 7.125],
											"rotationOrigin": [2.25, 4.5, 12],
											"faces": {
												"north": {"texture": "#tinbronze", "uv": [0, 0, 32, 4], "autoUv": false, "snapUv": false},
												"east": {"texture": "#tinbronze", "uv": [0, 0, 32, 32], "autoUv": false, "snapUv": false},
												"south": {"texture": "#tinbronze", "uv": [0, 0, 32, 32], "autoUv": false, "snapUv": false},
												"west": {"texture": "#tinbronze", "uv": [0, 0, 32, 32], "autoUv": false, "snapUv": false},
												"up": {"texture": "#tinbronze", "uv": [0, 0, 32, 32], "autoUv": false, "snapUv": false},
												"down": {"texture": "#tinbronze", "uv": [0, 0, 32, 32], "autoUv": false, "snapUv": false}
											},
											"renderPass": 0
										},
										{
											"name": "coppernail2",
											"from": [3.275, -4.7, 7],
											"to": [3.6, -4.375, 7.125],
											"rotationOrigin": [2.25, 3.375, 12],
											"faces": {
												"north": {"texture": "#tinbronze", "uv": [0, 0, 32, 4], "autoUv": false, "snapUv": false},
												"east": {"texture": "#tinbronze", "uv": [0, 0, 32, 32], "autoUv": false, "snapUv": false},
												"south": {"texture": "#tinbronze", "uv": [0, 0, 32, 32], "autoUv": false, "snapUv": false},
												"west": {"texture": "#tinbronze", "uv": [0, 0, 32, 32], "autoUv": false, "snapUv": false},
												"up": {"texture": "#tinbronze", "uv": [0, 0, 32, 32], "autoUv": false, "snapUv": false},
												"down": {"texture": "#tinbronze", "uv": [0, 0, 32, 32], "autoUv": false, "snapUv": false}
											},
											"renderPass": 0
										},
										{
											"name": "coppernail3",
											"from": [3.275, -3.575, -1.125],
											"to": [3.6, -3.25, -1],
											"rotationOrigin": [2.25, 4.5, 3.875],
											"faces": {
												"north": {"texture": "#tinbronze", "uv": [0, 0, 32, 32], "autoUv": false, "snapUv": false},
												"east": {"texture": "#tinbronze", "uv": [0, 0, 32, 32], "autoUv": false, "snapUv": false},
												"south": {"texture": "#tinbronze", "uv": [0, 0, 32, 32], "autoUv": false, "snapUv": false},
												"west": {"texture": "#tinbronze", "uv": [0, 0, 32, 32], "autoUv": false, "snapUv": false},
												"up": {"texture": "#tinbronze", "uv": [0, 0, 32, 32], "autoUv": false, "snapUv": false},
												"down": {"texture": "#tinbronze", "uv": [0, 0, 32, 32], "autoUv": false, "snapUv": false}
											},
											"renderPass": 0
										},
										{
											"name": "coppernail4",
											"from": [3.275, -4.7, -1.125],
											"to": [3.6, -4.375, -1],
											"rotationOrigin": [2.25, 3.375, 3.875],
											"faces": {
												"north": {"texture": "#tinbronze", "uv": [0, 0, 32, 32], "autoUv": false, "snapUv": false},
												"east": {"texture": "#tinbronze", "uv": [0, 0, 32, 32], "autoUv": false, "snapUv": false},
												"south": {"texture": "#tinbronze", "uv": [0, 0, 32, 32], "autoUv": false, "snapUv": false},
												"west": {"texture": "#tinbronze", "uv": [0, 0, 32, 32], "autoUv": false, "snapUv": false},
												"up": {"texture": "#tinbronze", "uv": [0, 0, 32, 32], "autoUv": false, "snapUv": false},
												"down": {"texture": "#tinbronze", "uv": [0, 0, 32, 32], "autoUv": false, "snapUv": false}
											},
											"renderPass": 0
										},
										{
											"name": "coppernail5",
											"from": [5.15, -5.7, 0.875],
											"to": [5.475, -5.375, 1],
											"rotationOrigin": [5.125, -5.625, 0.875],
											"faces": {
												"north": {"texture": "#tinbronze", "uv": [0, 0, 32, 32], "autoUv": false, "snapUv": false},
												"east": {"texture": "#tinbronze", "uv": [0, 0, 32, 32], "autoUv": false, "snapUv": false},
												"south": {"texture": "#tinbronze", "uv": [0, 0, 32, 32], "autoUv": false, "snapUv": false},
												"west": {"texture": "#tinbronze", "uv": [0, 0, 32, 32], "autoUv": false, "snapUv": false},
												"up": {"texture": "#tinbronze", "uv": [0, 0, 32, 32], "autoUv": false, "snapUv": false},
												"down": {"texture": "#tinbronze", "uv": [0, 0, 32, 32], "autoUv": false, "snapUv": false}
											},
											"rotationY": -90,
											"renderPass": 0
										},
										{
											"name": "coppernail6",
											"from": [5.15, -5.7, 4.875],
											"to": [5.475, -5.375, 5],
											"rotationOrigin": [5.125, -5.625, 4.875],
											"faces": {
												"north": {"texture": "#tinbronze", "uv": [0, 0, 32, 32], "autoUv": false, "snapUv": false},
												"east": {"texture": "#tinbronze", "uv": [0, 0, 32, 32], "autoUv": false, "snapUv": false},
												"south": {"texture": "#tinbronze", "uv": [0, 0, 32, 32], "autoUv": false, "snapUv": false},
												"west": {"texture": "#tinbronze", "uv": [0, 0, 32, 32], "autoUv": false, "snapUv": false},
												"up": {"texture": "#tinbronze", "uv": [0, 0, 32, 32], "autoUv": false, "snapUv": false},
												"down": {"texture": "#tinbronze", "uv": [0, 0, 32, 32], "autoUv": false, "snapUv": false}
											},
											"rotationY": -90,
											"renderPass": 0
										},
										{
											"name": "coppernail7",
											"from": [5.15, 4.3, 4.875],
											"to": [5.475, 4.625, 5],
											"rotationOrigin": [5.125, 4.375, 4.875],
											"faces": {
												"north": {"texture": "#tinbronze", "uv": [0, 0, 32, 32], "autoUv": false, "snapUv": false},
												"east": {"texture": "#tinbronze", "uv": [0, 0, 32, 32], "autoUv": false, "snapUv": false},
												"south": {"texture": "#tinbronze", "uv": [0, 0, 32, 32], "autoUv": false, "snapUv": false},
												"west": {"texture": "#tinbronze", "uv": [0, 0, 32, 32], "autoUv": false, "snapUv": false},
												"up": {"texture": "#tinbronze", "uv": [0, 0, 32, 32], "autoUv": false, "snapUv": false},
												"down": {"texture": "#tinbronze", "uv": [0, 0, 32, 32], "autoUv": false, "snapUv": false}
											},
											"rotationY": -90,
											"renderPass": 0
										},
										{
											"name": "coppernail8",
											"from": [5.15, 4.3, 0.875],
											"to": [5.475, 4.625, 1],
											"rotationOrigin": [5.125, 4.375, 0.875],
											"faces": {
												"north": {"texture": "#tinbronze", "uv": [0, 0, 32, 32], "autoUv": false, "snapUv": false},
												"east": {"texture": "#tinbronze", "uv": [0, 0, 32, 32], "autoUv": false, "snapUv": false},
												"south": {"texture": "#tinbronze", "uv": [0, 0, 32, 32], "autoUv": false, "snapUv": false},
												"west": {"texture": "#tinbronze", "uv": [0, 0, 32, 32], "autoUv": false, "snapUv": false},
												"up": {"texture": "#tinbronze", "uv": [0, 0, 32, 32], "autoUv": false, "snapUv": false},
												"down": {"texture": "#tinbronze", "uv": [0, 0, 32, 32], "autoUv": false, "snapUv": false}
											},
											"rotationY": -90,
											"renderPass": 0
										}
									]
								}
							]
						}
					]
				},
				{
					"name": "Firewood",
					"from": [8, 1, 0],
					"to": [8, 1, 0],
					"rotationOrigin": [8, 1, 0],
					"children": [
						{
							"name": "Firewood3",
							"from": [-4, 13.35, -4],
							"to": [-2, 15.35, 4],
							"rotationOrigin": [-6, 13.35, -4],
							"faces": {
								"north": {"texture": "#north", "uv": [0, 8, 8, 16], "autoUv": false, "snapUv": false},
								"east": {"texture": "#bark", "uv": [0, 0, 16, 5], "autoUv": false, "snapUv": false},
								"south": {"texture": "#south", "uv": [16, 24, 24, 32], "autoUv": false, "snapUv": false},
								"west": {"texture": "#bark", "uv": [0, 6, 16, 11], "autoUv": false, "snapUv": false},
								"up": {"texture": "#side", "uv": [0, 0, 32, 9], "rotation": 90, "autoUv": false, "snapUv": false},
								"down": {"texture": "#bark", "uv": [0, 11, 16, 16], "rotation": 90, "autoUv": false, "snapUv": false}
							},
							"renderPass": 0
						},
						{
							"name": "Firewood4",
							"from": [-2, 13.35, -4],
							"to": [0, 15.35, 4],
							"rotationOrigin": [-4, 13.35, -4],
							"faces": {
								"north": {"texture": "#north", "uv": [0, 8, 8, 16], "autoUv": false, "snapUv": false},
								"east": {"texture": "#bark", "uv": [0, 0, 16, 5], "autoUv": false, "snapUv": false},
								"south": {"texture": "#south", "uv": [16, 24, 24, 32], "autoUv": false, "snapUv": false},
								"west": {"texture": "#bark", "uv": [0, 6, 16, 11], "autoUv": false, "snapUv": false},
								"up": {"texture": "#side", "uv": [0, 0, 32, 9], "rotation": 90, "autoUv": false, "snapUv": false},
								"down": {"texture": "#bark", "uv": [0, 11, 16, 16], "rotation": 90, "autoUv": false, "snapUv": false}
							},
							"renderPass": 0
						},
						{
							"name": "Firewood5",
							"from": [0, 11.35, -4],
							"to": [2, 13.35, 4],
							"rotationOrigin": [-2, 11.35, -4],
							"faces": {
								"north": {"texture": "#north", "uv": [0, 8, 8, 16], "autoUv": false, "snapUv": false},
								"east": {"texture": "#bark", "uv": [0, 0, 16, 5], "autoUv": false, "snapUv": false},
								"south": {"texture": "#south", "uv": [16, 24, 24, 32], "autoUv": false, "snapUv": false},
								"west": {"texture": "#bark", "uv": [0, 6, 16, 11], "autoUv": false, "snapUv": false},
								"up": {"texture": "#side", "uv": [0, 0, 32, 9], "rotation": 90, "autoUv": false, "snapUv": false},
								"down": {"texture": "#bark", "uv": [0, 11, 16, 16], "rotation": 90, "autoUv": false, "snapUv": false}
							},
							"renderPass": 0
						},
						{
							"name": "Firewood5",
							"from": [-4, 11.35, -4],
							"to": [-2, 13.35, 4],
							"rotationOrigin": [-6, 11.35, -4],
							"faces": {
								"north": {"texture": "#north", "uv": [0, 8, 8, 16], "autoUv": false, "snapUv": false},
								"east": {"texture": "#bark", "uv": [0, 0, 16, 5], "autoUv": false, "snapUv": false},
								"south": {"texture": "#south", "uv": [16, 24, 24, 32], "autoUv": false, "snapUv": false},
								"west": {"texture": "#bark", "uv": [0, 6, 16, 11], "autoUv": false, "snapUv": false},
								"up": {"texture": "#side", "uv": [0, 0, 32, 9], "rotation": 90, "autoUv": false, "snapUv": false},
								"down": {"texture": "#bark", "uv": [0, 11, 16, 16], "rotation": 90, "autoUv": false, "snapUv": false}
							},
							"renderPass": 0
						},
						{
							"name": "Firewood6",
							"from": [-2, 11.35, -4],
							"to": [0, 13.35, 4],
							"rotationOrigin": [-4, 11.35, -4],
							"faces": {
								"north": {"texture": "#north", "uv": [0, 8, 8, 16], "autoUv": false, "snapUv": false},
								"east": {"texture": "#bark", "uv": [0, 0, 16, 5], "autoUv": false, "snapUv": false},
								"south": {"texture": "#south", "uv": [16, 24, 24, 32], "autoUv": false, "snapUv": false},
								"west": {"texture": "#bark", "uv": [0, 6, 16, 11], "autoUv": false, "snapUv": false},
								"up": {"texture": "#side", "uv": [0, 0, 32, 9], "rotation": 90, "autoUv": false, "snapUv": false},
								"down": {"texture": "#bark", "uv": [0, 11, 16, 16], "rotation": 90, "autoUv": false, "snapUv": false}
							},
							"renderPass": 0
						},
						{
							"name": "Log1",
							"from": [-3.5, 11.35, -4],
							"to": [5, 19.35, 4],
							"rotationOrigin": [-2.5, 11.35, -4],
							"faces": {
								"north": {"texture": "#oak", "uv": [0, 0, 16, 16], "autoUv": false, "snapUv": false},
								"east": {"texture": "#bark", "uv": [0, 0, 16, 16], "autoUv": false, "snapUv": false},
								"south": {"texture": "#oak", "uv": [0, 0, 16, 16], "autoUv": false, "snapUv": false},
								"west": {"texture": "#bark", "uv": [0, 0, 16, 16], "autoUv": false, "snapUv": false},
								"up": {"texture": "#bark", "uv": [0, 0, 16, 16], "rotation": 90, "autoUv": false, "snapUv": false},
								"down": {"texture": "#bark", "uv": [0, 0.5, 16, 16], "rotation": 90, "autoUv": false, "snapUv": false}
							},
							"rotationX": 90,
							"renderPass": 0
						},
						{
							"name": "Rope",
							"from": [-5, 10, 5],
							"to": [-5, 10, 5],
							"rotationOrigin": [-5, 10, 5],
							"children": [
								{
									"name": "rope1",
									"from": [0, 1, -2],
									"to": [2, 1.5, -1.5],
									"rotationOrigin": [0, 1, -1],
									"faces": {
										"north": {"texture": "#rope", "uv": [0, 0, 10, 3.5], "autoUv": false, "snapUv": false},
										"east": {"texture": "#rope", "uv": [0, 0, 6.3, 3.5], "autoUv": false, "snapUv": false},
										"south": {"texture": "#rope", "uv": [0, 0, 10, 3.5], "autoUv": false, "snapUv": false},
										"west": {"texture": "#rope", "uv": [0, 0, 6.3, 3.5], "autoUv": false, "snapUv": false},
										"up": {"texture": "#rope", "uv": [0, 0, 10, 6.3], "autoUv": false, "snapUv": false},
										"down": {"texture": "#rope", "uv": [0, 0, 10, 6.3], "autoUv": false, "snapUv": false}
									},
									"renderPass": 0
								},
								{
									"name": "rope2",
									"from": [-0.5, -0.5, -2],
									"to": [2, 0, -1.5],
									"rotationOrigin": [0, -0.5, -1],
									"faces": {
										"north": {"texture": "#rope", "uv": [0, 0, 12.5, 3.5], "autoUv": false, "snapUv": false},
										"east": {"texture": "#rope", "uv": [0, 0, 6.3, 3.5], "autoUv": false, "snapUv": false},
										"south": {"texture": "#rope", "uv": [0, 0, 12.5, 3.5], "autoUv": false, "snapUv": false},
										"west": {"texture": "#rope", "uv": [0, 0, 6.3, 3.5], "autoUv": false, "snapUv": false},
										"up": {"texture": "#rope", "uv": [0, 0, 12.5, 6.3], "autoUv": false, "snapUv": false},
										"down": {"texture": "#rope", "uv": [0, 0, 12.5, 6.3], "autoUv": false, "snapUv": false}
									},
									"renderPass": 0
								},
								{
									"name": "rope3",
									"from": [0, 1, -4.5],
									"to": [2, 1.5, -4],
									"rotationOrigin": [0, 1, -3.5],
									"faces": {
										"north": {"texture": "#rope", "uv": [0, 0, 10, 3.5], "autoUv": false, "snapUv": false},
										"east": {"texture": "#rope", "uv": [0, 0, 6.3, 3.5], "autoUv": false, "snapUv": false},
										"south": {"texture": "#rope", "uv": [0, 0, 10, 3.5], "autoUv": false, "snapUv": false},
										"west": {"texture": "#rope", "uv": [0, 0, 6.3, 3.5], "autoUv": false, "snapUv": false},
										"up": {"texture": "#rope", "uv": [0, 0, 10, 6.3], "autoUv": false, "snapUv": false},
										"down": {"texture": "#rope", "uv": [0, 0, 10, 6.3], "autoUv": false, "snapUv": false}
									},
									"renderPass": 0
								},
								{
									"name": "rope4",
									"from": [-0.5, 1, -4.25],
									"to": [0, 1.5, -1.75],
									"rotationOrigin": [-2, 1, -1],
									"faces": {
										"north": {"texture": "#rope", "uv": [0, 0, 2.5, 3.5], "autoUv": false, "snapUv": false},
										"east": {"texture": "#rope", "uv": [0, 0, 31.5, 3.5], "autoUv": false, "snapUv": false},
										"south": {"texture": "#rope", "uv": [0, 0, 2.5, 3.5], "autoUv": false, "snapUv": false},
										"west": {"texture": "#rope", "uv": [0, 0, 31.5, 3.5], "autoUv": false, "snapUv": false},
										"up": {"texture": "#rope", "uv": [0, 0, 2.5, 31.5], "autoUv": false, "snapUv": false},
										"down": {"texture": "#rope", "uv": [0, 0, 2.5, 31.5], "autoUv": false, "snapUv": false}
									},
									"renderPass": 0
								},
								{
									"name": "rope5",
									"from": [-0.5, -3.5, -9],
									"to": [0, -3, -1],
									"rotationOrigin": [-2, -3.5, -1],
									"faces": {
										"north": {"texture": "#rope", "uv": [0, 0, 2.5, 3.5], "autoUv": false, "snapUv": false},
										"east": {"texture": "#rope", "uv": [0, 0, 31.5, 3.5], "autoUv": false, "snapUv": false},
										"south": {"texture": "#rope", "uv": [0, 0, 2.5, 3.5], "autoUv": false, "snapUv": false},
										"west": {"texture": "#rope", "uv": [0, 0, 31.5, 3.5], "autoUv": false, "snapUv": false},
										"up": {"texture": "#rope", "uv": [0, 0, 2.5, 31.5], "autoUv": false, "snapUv": false},
										"down": {"texture": "#rope", "uv": [0, 0, 2.5, 31.5], "autoUv": false, "snapUv": false}
									},
									"renderPass": 0
								},
								{
									"name": "rope6",
									"from": [10, -3.5, -9.5],
									"to": [10.5, -3, -0.5],
									"rotationOrigin": [8.5, -3.5, -1],
									"faces": {
										"north": {"texture": "#rope", "uv": [0, 0, 2.5, 3.5], "autoUv": false, "snapUv": false},
										"east": {"texture": "#rope", "uv": [0, 0, 31.5, 3.5], "autoUv": false, "snapUv": false},
										"south": {"texture": "#rope", "uv": [0, 0, 2.5, 3.5], "autoUv": false, "snapUv": false},
										"west": {"texture": "#rope", "uv": [0, 0, 31.5, 3.5], "autoUv": false, "snapUv": false},
										"up": {"texture": "#rope", "uv": [0, 0, 2.5, 31.5], "autoUv": false, "snapUv": false},
										"down": {"texture": "#rope", "uv": [0, 0, 2.5, 31.5], "autoUv": false, "snapUv": false}
									},
									"renderPass": 0
								},
								{
									"name": "rope5",
									"from": [-0.5, -0.09985, -4.2685],
									"to": [0, 0.40015, -2.0185],
									"rotationOrigin": [-2, 0.25, -3.5],
									"faces": {
										"north": {"texture": "#rope", "uv": [2.5, 0, 0, 3.5], "autoUv": false, "snapUv": false},
										"east": {"texture": "#rope", "uv": [28.35, 0, 0, 3.5], "autoUv": false, "snapUv": false},
										"south": {"texture": "#rope", "uv": [2.5, 0, 0, 3.5], "autoUv": false, "snapUv": false},
										"west": {"texture": "#rope", "uv": [28.35, 0, 0, 3.5], "autoUv": false, "snapUv": false},
										"up": {"texture": "#rope", "uv": [0, 28.35, 2.5, 0], "autoUv": false, "snapUv": false},
										"down": {"texture": "#rope", "uv": [0, 28.35, 2.5, 0], "autoUv": false, "snapUv": false}
									},
									"rotationX": -42.5,
									"renderPass": 0
								},
								{
									"name": "rope6",
									"from": [2, -0.25, -2],
									"to": [2.5, 1.25, -1.5],
									"rotationOrigin": [2, 1, -1],
									"faces": {
										"north": {"texture": "#rope", "uv": [0, 0, 2.5, 10.5], "autoUv": false, "snapUv": false},
										"east": {"texture": "#rope", "uv": [0, 0, 6.3, 10.5], "autoUv": false, "snapUv": false},
										"south": {"texture": "#rope", "uv": [0, 0, 2.5, 10.5], "autoUv": false, "snapUv": false},
										"west": {"texture": "#rope", "uv": [0, 0, 6.3, 10.5], "autoUv": false, "snapUv": false},
										"up": {"texture": "#rope", "uv": [0, 0, 2.5, 6.3], "autoUv": false, "snapUv": false},
										"down": {"texture": "#rope", "uv": [0, 0, 2.5, 6.3], "autoUv": false, "snapUv": false}
									},
									"renderPass": 0
								},
								{
									"name": "rope7",
									"from": [2, -0.25, -4.5],
									"to": [2.5, 1.25, -4],
									"rotationOrigin": [2, 1, -3.5],
									"faces": {
										"north": {"texture": "#rope", "uv": [0, 0, 2.5, 10.5], "autoUv": false, "snapUv": false},
										"east": {"texture": "#rope", "uv": [0, 0, 6.3, 10.5], "autoUv": false, "snapUv": false},
										"south": {"texture": "#rope", "uv": [0, 0, 2.5, 10.5], "autoUv": false, "snapUv": false},
										"west": {"texture": "#rope", "uv": [0, 0, 6.3, 10.5], "autoUv": false, "snapUv": false},
										"up": {"texture": "#rope", "uv": [0, 0, 2.5, 6.3], "autoUv": false, "snapUv": false},
										"down": {"texture": "#rope", "uv": [0, 0, 2.5, 6.3], "autoUv": false, "snapUv": false}
									},
									"renderPass": 0
								},
								{
									"name": "rope8",
									"from": [-0.5, -0.5, -4.5],
									"to": [2, 0, -4],
									"rotationOrigin": [0, -0.5, -3.5],
									"faces": {
										"north": {"texture": "#rope", "uv": [0, 0, 12.5, 3.5], "autoUv": false, "snapUv": false},
										"east": {"texture": "#rope", "uv": [0, 0, 6.3, 3.5], "autoUv": false, "snapUv": false},
										"south": {"texture": "#rope", "uv": [0, 0, 12.5, 3.5], "autoUv": false, "snapUv": false},
										"west": {"texture": "#rope", "uv": [0, 0, 6.3, 3.5], "autoUv": false, "snapUv": false},
										"up": {"texture": "#rope", "uv": [0, 0, 12.5, 6.3], "autoUv": false, "snapUv": false},
										"down": {"texture": "#rope", "uv": [0, 0, 12.5, 6.3], "autoUv": false, "snapUv": false}
									},
									"renderPass": 0
								},
								{
									"name": "rope9",
									"from": [-0.5, -0.09985, -3.9815],
									"to": [0, 0.40015, -1.7315],
									"rotationOrigin": [-2, 0.25, -2.5],
									"faces": {
										"north": {"texture": "#rope", "uv": [0, 0, 2.5, 3.5], "autoUv": false, "snapUv": false},
										"east": {"texture": "#rope", "uv": [0, 0, 28.35, 3.5], "autoUv": false, "snapUv": false},
										"south": {"texture": "#rope", "uv": [0, 0, 2.5, 3.5], "autoUv": false, "snapUv": false},
										"west": {"texture": "#rope", "uv": [0, 0, 28.35, 3.5], "autoUv": false, "snapUv": false},
										"up": {"texture": "#rope", "uv": [0, 0, 2.5, 28.35], "autoUv": false, "snapUv": false},
										"down": {"texture": "#rope", "uv": [0, 0, 2.5, 28.35], "autoUv": false, "snapUv": false}
									},
									"rotationX": 42.5,
									"renderPass": 0
								},
								{
									"name": "rope10",
									"from": [0, 1, -6],
									"to": [2, 1.5, -5.5],
									"rotationOrigin": [0, 1, -5],
									"faces": {
										"north": {"texture": "#rope", "uv": [0, 0, 10, 3.5], "autoUv": false, "snapUv": false},
										"east": {"texture": "#rope", "uv": [0, 0, 6.3, 3.5], "autoUv": false, "snapUv": false},
										"south": {"texture": "#rope", "uv": [0, 0, 10, 3.5], "autoUv": false, "snapUv": false},
										"west": {"texture": "#rope", "uv": [0, 0, 6.3, 3.5], "autoUv": false, "snapUv": false},
										"up": {"texture": "#rope", "uv": [0, 0, 10, 6.3], "autoUv": false, "snapUv": false},
										"down": {"texture": "#rope", "uv": [0, 0, 10, 6.3], "autoUv": false, "snapUv": false}
									},
									"renderPass": 0
								},
								{
									"name": "rope11",
									"from": [-0.5, -0.5, -6],
									"to": [2, 0, -5.5],
									"rotationOrigin": [0, -0.5, -5],
									"faces": {
										"north": {"texture": "#rope", "uv": [0, 0, 12.5, 3.5], "autoUv": false, "snapUv": false},
										"east": {"texture": "#rope", "uv": [0, 0, 6.3, 3.5], "autoUv": false, "snapUv": false},
										"south": {"texture": "#rope", "uv": [0, 0, 12.5, 3.5], "autoUv": false, "snapUv": false},
										"west": {"texture": "#rope", "uv": [0, 0, 6.3, 3.5], "autoUv": false, "snapUv": false},
										"up": {"texture": "#rope", "uv": [0, 0, 12.5, 6.3], "autoUv": false, "snapUv": false},
										"down": {"texture": "#rope", "uv": [0, 0, 12.5, 6.3], "autoUv": false, "snapUv": false}
									},
									"renderPass": 0
								},
								{
									"name": "rope12",
									"from": [0, 1, -8.5],
									"to": [2, 1.5, -8],
									"rotationOrigin": [0, 1, -7.5],
									"faces": {
										"north": {"texture": "#rope", "uv": [0, 0, 10, 3.5], "autoUv": false, "snapUv": false},
										"east": {"texture": "#rope", "uv": [0, 0, 6.3, 3.5], "autoUv": false, "snapUv": false},
										"south": {"texture": "#rope", "uv": [0, 0, 10, 3.5], "autoUv": false, "snapUv": false},
										"west": {"texture": "#rope", "uv": [0, 0, 6.3, 3.5], "autoUv": false, "snapUv": false},
										"up": {"texture": "#rope", "uv": [0, 0, 10, 6.3], "autoUv": false, "snapUv": false},
										"down": {"texture": "#rope", "uv": [0, 0, 10, 6.3], "autoUv": false, "snapUv": false}
									},
									"renderPass": 0
								},
								{
									"name": "rope13",
									"from": [-0.5, 1, -8.25],
									"to": [0, 1.5, -5.75],
									"rotationOrigin": [-2, 1, -5],
									"faces": {
										"north": {"texture": "#rope", "uv": [0, 0, 2.5, 3.5], "autoUv": false, "snapUv": false},
										"east": {"texture": "#rope", "uv": [0, 0, 31.5, 3.5], "autoUv": false, "snapUv": false},
										"south": {"texture": "#rope", "uv": [0, 0, 2.5, 3.5], "autoUv": false, "snapUv": false},
										"west": {"texture": "#rope", "uv": [0, 0, 31.5, 3.5], "autoUv": false, "snapUv": false},
										"up": {"texture": "#rope", "uv": [0, 0, 2.5, 31.5], "autoUv": false, "snapUv": false},
										"down": {"texture": "#rope", "uv": [0, 0, 2.5, 31.5], "autoUv": false, "snapUv": false}
									},
									"renderPass": 0
								},
								{
									"name": "rope14",
									"from": [-0.5, -0.09985, -8.2685],
									"to": [0, 0.40015, -6.0185],
									"rotationOrigin": [-2, 0.25, -7.5],
									"faces": {
										"north": {"texture": "#rope", "uv": [2.5, 0, 0, 3.5], "autoUv": false, "snapUv": false},
										"east": {"texture": "#rope", "uv": [28.35, 0, 0, 3.5], "autoUv": false, "snapUv": false},
										"south": {"texture": "#rope", "uv": [2.5, 0, 0, 3.5], "autoUv": false, "snapUv": false},
										"west": {"texture": "#rope", "uv": [28.35, 0, 0, 3.5], "autoUv": false, "snapUv": false},
										"up": {"texture": "#rope", "uv": [0, 28.35, 2.5, 0], "autoUv": false, "snapUv": false},
										"down": {"texture": "#rope", "uv": [0, 28.35, 2.5, 0], "autoUv": false, "snapUv": false}
									},
									"rotationX": -42.5,
									"renderPass": 0
								},
								{
									"name": "rope15",
									"from": [2, -0.25, -6],
									"to": [2.5, 1.25, -5.5],
									"rotationOrigin": [2, 1, -5],
									"faces": {
										"north": {"texture": "#rope", "uv": [0, 0, 2.5, 10.5], "autoUv": false, "snapUv": false},
										"east": {"texture": "#rope", "uv": [0, 0, 6.3, 10.5], "autoUv": false, "snapUv": false},
										"south": {"texture": "#rope", "uv": [0, 0, 2.5, 10.5], "autoUv": false, "snapUv": false},
										"west": {"texture": "#rope", "uv": [0, 0, 6.3, 10.5], "autoUv": false, "snapUv": false},
										"up": {"texture": "#rope", "uv": [0, 0, 2.5, 6.3], "autoUv": false, "snapUv": false},
										"down": {"texture": "#rope", "uv": [0, 0, 2.5, 6.3], "autoUv": false, "snapUv": false}
									},
									"renderPass": 0
								},
								{
									"name": "rope16",
									"from": [2, -0.25, -8.5],
									"to": [2.5, 1.25, -8],
									"rotationOrigin": [2, 1, -7.5],
									"faces": {
										"north": {"texture": "#rope", "uv": [0, 0, 2.5, 10.5], "autoUv": false, "snapUv": false},
										"east": {"texture": "#rope", "uv": [0, 0, 6.3, 10.5], "autoUv": false, "snapUv": false},
										"south": {"texture": "#rope", "uv": [0, 0, 2.5, 10.5], "autoUv": false, "snapUv": false},
										"west": {"texture": "#rope", "uv": [0, 0, 6.3, 10.5], "autoUv": false, "snapUv": false},
										"up": {"texture": "#rope", "uv": [0, 0, 2.5, 6.3], "autoUv": false, "snapUv": false},
										"down": {"texture": "#rope", "uv": [0, 0, 2.5, 6.3], "autoUv": false, "snapUv": false}
									},
									"renderPass": 0
								},
								{
									"name": "rope17",
									"from": [-0.5, -0.5, -8.5],
									"to": [2, 0, -8],
									"rotationOrigin": [0, -0.5, -7.5],
									"faces": {
										"north": {"texture": "#rope", "uv": [0, 0, 12.5, 3.5], "autoUv": false, "snapUv": false},
										"east": {"texture": "#rope", "uv": [0, 0, 6.3, 3.5], "autoUv": false, "snapUv": false},
										"south": {"texture": "#rope", "uv": [0, 0, 12.5, 3.5], "autoUv": false, "snapUv": false},
										"west": {"texture": "#rope", "uv": [0, 0, 6.3, 3.5], "autoUv": false, "snapUv": false},
										"up": {"texture": "#rope", "uv": [0, 0, 12.5, 6.3], "autoUv": false, "snapUv": false},
										"down": {"texture": "#rope", "uv": [0, 0, 12.5, 6.3], "autoUv": false, "snapUv": false}
									},
									"renderPass": 0
								},
								{
									"name": "rope18",
									"from": [-0.5, -0.09985, -7.9815],
									"to": [0, 0.40015, -5.7315],
									"rotationOrigin": [-2, 0.25, -6.5],
									"faces": {
										"north": {"texture": "#rope", "uv": [0, 0, 2.5, 3.5], "autoUv": false, "snapUv": false},
										"east": {"texture": "#rope", "uv": [0, 0, 28.35, 3.5], "autoUv": false, "snapUv": false},
										"south": {"texture": "#rope", "uv": [0, 0, 2.5, 3.5], "autoUv": false, "snapUv": false},
										"west": {"texture": "#rope", "uv": [0, 0, 28.35, 3.5], "autoUv": false, "snapUv": false},
										"up": {"texture": "#rope", "uv": [0, 0, 2.5, 28.35], "autoUv": false, "snapUv": false},
										"down": {"texture": "#rope", "uv": [0, 0, 2.5, 28.35], "autoUv": false, "snapUv": false}
									},
									"rotationX": 42.5,
									"renderPass": 0
								},
								{
									"name": "rope19",
									"from": [0.925, 5.375, -5.5],
									"to": [5.175, 5.875, -5],
									"rotationOrigin": [3.425, 5.375, -4.5],
									"faces": {
										"north": {"texture": "#rope", "uv": [0, 0, 11.25, 3.5], "autoUv": false, "snapUv": false},
										"east": {"texture": "#rope", "uv": [0, 0, 6.3, 3.5], "autoUv": false, "snapUv": false},
										"south": {"texture": "#rope", "uv": [0, 0, 11.25, 3.5], "autoUv": false, "snapUv": false},
										"west": {"texture": "#rope", "uv": [0, 0, 6.3, 3.5], "autoUv": false, "snapUv": false},
										"up": {"texture": "#rope", "uv": [0, 0, 11.25, 6.3], "autoUv": false, "snapUv": false},
										"down": {"texture": "#rope", "uv": [0, 0, 11.25, 6.3], "autoUv": false, "snapUv": false}
									},
									"rotationZ": 0.75,
									"renderPass": 0
								},
								{
									"name": "rope20",
									"from": [-14.825, 5.375, -5.5],
									"to": [1.4, 5.875, -5],
									"rotationOrigin": [0.925, 5.375, -4.5],
									"faces": {
										"north": {"texture": "#rope", "uv": [0, 0, 32, 4.5], "autoUv": false, "snapUv": false},
										"east": {"texture": "#rope", "uv": [0, 0, 6.3, 3.5], "autoUv": false, "snapUv": false},
										"south": {"texture": "#rope", "uv": [0, 0, 32, 4.5], "autoUv": false, "snapUv": false},
										"west": {"texture": "#rope", "uv": [0, 0, 6.3, 3.5], "autoUv": false, "snapUv": false},
										"up": {"texture": "#rope", "uv": [0, 0, 32, 5.3], "autoUv": false, "snapUv": false},
										"down": {"texture": "#rope", "uv": [0, 0, 11.25, 6.3], "autoUv": false, "snapUv": false}
									},
									"rotationZ": 90.75,
									"renderPass": 0
								},
								{
									"name": "rope20",
									"from": [5.25, 6.5, -5.5],
									"to": [11.5, 7, -5],
									"rotationOrigin": [3.25, 6.5, -4.5],
									"faces": {
										"north": {"texture": "#rope", "uv": [0, 0, 27.75, 3.5], "autoUv": false, "snapUv": false},
										"east": {"texture": "#rope", "uv": [0, 0, 6.3, 3.5], "autoUv": false, "snapUv": false},
										"south": {"texture": "#rope", "uv": [0, 0, 27.75, 3.5], "autoUv": false, "snapUv": false},
										"west": {"texture": "#rope", "uv": [0, 0, 6.3, 3.5], "autoUv": false, "snapUv": false},
										"up": {"texture": "#rope", "uv": [0, 0, 27.75, 6.3], "autoUv": false, "snapUv": false},
										"down": {"texture": "#rope", "uv": [0, 0, 27.75, 6.3], "autoUv": false, "snapUv": false}
									},
									"rotationZ": -31.75,
									"renderPass": 0
								},
								{
									"name": "rope21",
									"from": [10, -7.625, -5.5],
									"to": [10.5, 2.5, -5],
									"rotationOrigin": [10, 0.75, -4.5],
									"faces": {
										"north": {"texture": "#rope", "uv": [0, 0, 2.5, 31.5], "autoUv": false, "snapUv": false},
										"east": {"texture": "#rope", "uv": [0, 0, 6.3, 31.5], "autoUv": false, "snapUv": false},
										"south": {"texture": "#rope", "uv": [0, 0, 2.5, 31.5], "autoUv": false, "snapUv": false},
										"west": {"texture": "#rope", "uv": [0, 0, 6.3, 31.5], "autoUv": false, "snapUv": false},
										"up": {"texture": "#rope", "uv": [0, 0, 2.5, 6.3], "autoUv": false, "snapUv": false},
										"down": {"texture": "#rope", "uv": [0, 0, 2.5, 6.3], "autoUv": false, "snapUv": false}
									},
									"renderPass": 0
								},
								{
									"name": "rope22",
									"from": [1, 1, -4],
									"to": [1.5, 1.5, -2],
									"rotationOrigin": [-0.5, 1, -1],
									"faces": {
										"north": {"texture": "#rope", "uv": [0, 0, 2.5, 3.5], "autoUv": false, "snapUv": false},
										"east": {"texture": "#rope", "uv": [0, 0, 25.2, 3.5], "autoUv": false, "snapUv": false},
										"south": {"texture": "#rope", "uv": [0, 0, 2.5, 3.5], "autoUv": false, "snapUv": false},
										"west": {"texture": "#rope", "uv": [0, 0, 25.2, 3.5], "autoUv": false, "snapUv": false},
										"up": {"texture": "#rope", "uv": [0, 0, 2.5, 25.2], "autoUv": false, "snapUv": false},
										"down": {"texture": "#rope", "uv": [0, 0, 2.5, 25.2], "autoUv": false, "snapUv": false}
									},
									"renderPass": 0
								},
								{
									"name": "rope23",
									"from": [0.5, -8.75, -5.55],
									"to": [10.675, -8.25, -5.05],
									"rotationOrigin": [7, -8.75, -4.3],
									"faces": {
										"north": {"texture": "#rope", "uv": [0, 0, 31.25, 3.5], "autoUv": false, "snapUv": false},
										"east": {"texture": "#rope", "uv": [0, 0, 6.3, 3.5], "autoUv": false, "snapUv": false},
										"south": {"texture": "#rope", "uv": [0, 0, 31.25, 3.5], "autoUv": false, "snapUv": false},
										"west": {"texture": "#rope", "uv": [0, 0, 6.3, 3.5], "autoUv": false, "snapUv": false},
										"up": {"texture": "#rope", "uv": [0, 0, 31.25, 6.3], "autoUv": false, "snapUv": false},
										"down": {"texture": "#rope", "uv": [0, 0, 31.25, 6.3], "autoUv": false, "snapUv": false}
									},
									"rotationZ": 17.5,
									"renderPass": 0
								},
								{
									"name": "rope25",
									"from": [1, 1, -8],
									"to": [1.5, 1.5, -6],
									"rotationOrigin": [-0.5, 1, -5],
									"faces": {
										"north": {"texture": "#rope", "uv": [0, 0, 2.5, 3.5], "autoUv": false, "snapUv": false},
										"east": {"texture": "#rope", "uv": [0, 0, 25.2, 3.5], "autoUv": false, "snapUv": false},
										"south": {"texture": "#rope", "uv": [0, 0, 2.5, 3.5], "autoUv": false, "snapUv": false},
										"west": {"texture": "#rope", "uv": [0, 0, 25.2, 3.5], "autoUv": false, "snapUv": false},
										"up": {"texture": "#rope", "uv": [0, 0, 2.5, 25.2], "autoUv": false, "snapUv": false},
										"down": {"texture": "#rope", "uv": [0, 0, 2.5, 25.2], "autoUv": false, "snapUv": false}
									},
									"renderPass": 0
								},
								{
									"name": "rope29",
									"from": [-0.5, -10.09985, -3.9815],
									"to": [0, -9.59985, -1.7315],
									"rotationOrigin": [-2, -9.75, -2.5],
									"faces": {
										"north": {"texture": "#rope", "uv": [0, 0, 2.5, 3.5], "autoUv": false, "snapUv": false},
										"east": {"texture": "#rope", "uv": [0, 0, 28.35, 3.5], "autoUv": false, "snapUv": false},
										"south": {"texture": "#rope", "uv": [0, 0, 2.5, 3.5], "autoUv": false, "snapUv": false},
										"west": {"texture": "#rope", "uv": [0, 0, 28.35, 3.5], "autoUv": false, "snapUv": false},
										"up": {"texture": "#rope", "uv": [0, 0, 2.5, 28.35], "autoUv": false, "snapUv": false},
										"down": {"texture": "#rope", "uv": [0, 0, 2.5, 28.35], "autoUv": false, "snapUv": false}
									},
									"rotationX": 42.5,
									"renderPass": 0
								},
								{
									"name": "rope30",
									"from": [-0.5, -10.5, -4.5],
									"to": [2, -10, -4],
									"rotationOrigin": [0, -10.5, -3.5],
									"faces": {
										"north": {"texture": "#rope", "uv": [0, 0, 12.5, 3.5], "autoUv": false, "snapUv": false},
										"east": {"texture": "#rope", "uv": [0, 0, 6.3, 3.5], "autoUv": false, "snapUv": false},
										"south": {"texture": "#rope", "uv": [0, 0, 12.5, 3.5], "autoUv": false, "snapUv": false},
										"west": {"texture": "#rope", "uv": [0, 0, 6.3, 3.5], "autoUv": false, "snapUv": false},
										"up": {"texture": "#rope", "uv": [0, 0, 12.5, 6.3], "autoUv": false, "snapUv": false},
										"down": {"texture": "#rope", "uv": [0, 0, 12.5, 6.3], "autoUv": false, "snapUv": false}
									},
									"renderPass": 0
								},
								{
									"name": "rope31",
									"from": [2, -10.25, -4.5],
									"to": [2.5, -8.75, -4],
									"rotationOrigin": [2, -9, -3.5],
									"faces": {
										"north": {"texture": "#rope", "uv": [0, 0, 2.5, 10.5], "autoUv": false, "snapUv": false},
										"east": {"texture": "#rope", "uv": [0, 0, 6.3, 10.5], "autoUv": false, "snapUv": false},
										"south": {"texture": "#rope", "uv": [0, 0, 2.5, 10.5], "autoUv": false, "snapUv": false},
										"west": {"texture": "#rope", "uv": [0, 0, 6.3, 10.5], "autoUv": false, "snapUv": false},
										"up": {"texture": "#rope", "uv": [0, 0, 2.5, 6.3], "autoUv": false, "snapUv": false},
										"down": {"texture": "#rope", "uv": [0, 0, 2.5, 6.3], "autoUv": false, "snapUv": false}
									},
									"renderPass": 0
								},
								{
									"name": "rope32",
									"from": [2, -10.25, -2],
									"to": [2.5, -9, -1.5],
									"rotationOrigin": [2, -9, -1],
									"faces": {
										"north": {"texture": "#rope", "uv": [0, 0, 2.5, 8.75], "autoUv": false, "snapUv": false},
										"east": {"texture": "#rope", "uv": [0, 0, 6.3, 8.75], "autoUv": false, "snapUv": false},
										"south": {"texture": "#rope", "uv": [0, 0, 2.5, 8.75], "autoUv": false, "snapUv": false},
										"west": {"texture": "#rope", "uv": [0, 0, 6.3, 8.75], "autoUv": false, "snapUv": false},
										"up": {"texture": "#rope", "uv": [0, 0, 2.5, 6.3], "autoUv": false, "snapUv": false},
										"down": {"texture": "#rope", "uv": [0, 0, 2.5, 6.3], "autoUv": false, "snapUv": false}
									},
									"renderPass": 0
								},
								{
									"name": "rope33",
									"from": [-0.5, -10.09985, -4.2685],
									"to": [0, -9.59985, -2.0185],
									"rotationOrigin": [-2, -9.75, -3.5],
									"faces": {
										"north": {"texture": "#rope", "uv": [2.5, 0, 0, 3.5], "autoUv": false, "snapUv": false},
										"east": {"texture": "#rope", "uv": [28.35, 0, 0, 3.5], "autoUv": false, "snapUv": false},
										"south": {"texture": "#rope", "uv": [2.5, 0, 0, 3.5], "autoUv": false, "snapUv": false},
										"west": {"texture": "#rope", "uv": [28.35, 0, 0, 3.5], "autoUv": false, "snapUv": false},
										"up": {"texture": "#rope", "uv": [0, 28.35, 2.5, 0], "autoUv": false, "snapUv": false},
										"down": {"texture": "#rope", "uv": [0, 28.35, 2.5, 0], "autoUv": false, "snapUv": false}
									},
									"rotationX": -42.5,
									"renderPass": 0
								},
								{
									"name": "rope34",
									"from": [-0.5, -9, -4.25],
									"to": [0, -8.5, -1.75],
									"rotationOrigin": [-2, -9, -1],
									"faces": {
										"north": {"texture": "#rope", "uv": [0, 0, 2.5, 3.5], "autoUv": false, "snapUv": false},
										"east": {"texture": "#rope", "uv": [0, 0, 31.5, 3.5], "autoUv": false, "snapUv": false},
										"south": {"texture": "#rope", "uv": [0, 0, 2.5, 3.5], "autoUv": false, "snapUv": false},
										"west": {"texture": "#rope", "uv": [0, 0, 31.5, 3.5], "autoUv": false, "snapUv": false},
										"up": {"texture": "#rope", "uv": [0, 0, 2.5, 31.5], "autoUv": false, "snapUv": false},
										"down": {"texture": "#rope", "uv": [0, 0, 2.5, 31.5], "autoUv": false, "snapUv": false}
									},
									"renderPass": 0
								},
								{
									"name": "rope35",
									"from": [0, -9, -4.5],
									"to": [2, -8.5, -4],
									"rotationOrigin": [0, -9, -3.5],
									"faces": {
										"north": {"texture": "#rope", "uv": [0, 0, 10, 3.5], "autoUv": false, "snapUv": false},
										"east": {"texture": "#rope", "uv": [0, 0, 6.3, 3.5], "autoUv": false, "snapUv": false},
										"south": {"texture": "#rope", "uv": [0, 0, 10, 3.5], "autoUv": false, "snapUv": false},
										"west": {"texture": "#rope", "uv": [0, 0, 6.3, 3.5], "autoUv": false, "snapUv": false},
										"up": {"texture": "#rope", "uv": [0, 0, 10, 6.3], "autoUv": false, "snapUv": false},
										"down": {"texture": "#rope", "uv": [0, 0, 10, 6.3], "autoUv": false, "snapUv": false}
									},
									"renderPass": 0
								},
								{
									"name": "rope36",
									"from": [-0.5, -10.5, -2],
									"to": [2, -10, -1.5],
									"rotationOrigin": [0, -10.5, -1],
									"faces": {
										"north": {"texture": "#rope", "uv": [0, 0, 12.5, 3.5], "autoUv": false, "snapUv": false},
										"east": {"texture": "#rope", "uv": [0, 0, 6.3, 3.5], "autoUv": false, "snapUv": false},
										"south": {"texture": "#rope", "uv": [0, 0, 12.5, 3.5], "autoUv": false, "snapUv": false},
										"west": {"texture": "#rope", "uv": [0, 0, 6.3, 3.5], "autoUv": false, "snapUv": false},
										"up": {"texture": "#rope", "uv": [0, 0, 12.5, 6.3], "autoUv": false, "snapUv": false},
										"down": {"texture": "#rope", "uv": [0, 0, 12.5, 6.3], "autoUv": false, "snapUv": false}
									},
									"renderPass": 0
								},
								{
									"name": "rope37",
									"from": [1, -9, -4],
									"to": [1.5, -8.5, -2],
									"rotationOrigin": [-0.5, -9, -1],
									"faces": {
										"north": {"texture": "#rope", "uv": [0, 0, 2.5, 3.5], "autoUv": false, "snapUv": false},
										"east": {"texture": "#rope", "uv": [0, 0, 25.2, 3.5], "autoUv": false, "snapUv": false},
										"south": {"texture": "#rope", "uv": [0, 0, 2.5, 3.5], "autoUv": false, "snapUv": false},
										"west": {"texture": "#rope", "uv": [0, 0, 25.2, 3.5], "autoUv": false, "snapUv": false},
										"up": {"texture": "#rope", "uv": [0, 0, 2.5, 25.2], "autoUv": false, "snapUv": false},
										"down": {"texture": "#rope", "uv": [0, 0, 2.5, 25.2], "autoUv": false, "snapUv": false}
									},
									"renderPass": 0
								},
								{
									"name": "rope37",
									"from": [1, -9, -8],
									"to": [1.5, -8.5, -6],
									"rotationOrigin": [-0.5, -9, -4.75],
									"faces": {
										"north": {"texture": "#rope", "uv": [0, 0, 2.5, 3.5], "autoUv": false, "snapUv": false},
										"east": {"texture": "#rope", "uv": [0, 0, 25.2, 3.5], "autoUv": false, "snapUv": false},
										"south": {"texture": "#rope", "uv": [0, 0, 2.5, 3.5], "autoUv": false, "snapUv": false},
										"west": {"texture": "#rope", "uv": [0, 0, 25.2, 3.5], "autoUv": false, "snapUv": false},
										"up": {"texture": "#rope", "uv": [0, 0, 2.5, 25.2], "autoUv": false, "snapUv": false},
										"down": {"texture": "#rope", "uv": [0, 0, 2.5, 25.2], "autoUv": false, "snapUv": false}
									},
									"renderPass": 0
								},
								{
									"name": "rope36",
									"from": [-0.5, -10.5, -6],
									"to": [2, -10, -5.5],
									"rotationOrigin": [0, -10.5, -5],
									"faces": {
										"north": {"texture": "#rope", "uv": [0, 0, 12.5, 3.5], "autoUv": false, "snapUv": false},
										"east": {"texture": "#rope", "uv": [0, 0, 6.3, 3.5], "autoUv": false, "snapUv": false},
										"south": {"texture": "#rope", "uv": [0, 0, 12.5, 3.5], "autoUv": false, "snapUv": false},
										"west": {"texture": "#rope", "uv": [0, 0, 6.3, 3.5], "autoUv": false, "snapUv": false},
										"up": {"texture": "#rope", "uv": [0, 0, 12.5, 6.3], "autoUv": false, "snapUv": false},
										"down": {"texture": "#rope", "uv": [0, 0, 12.5, 6.3], "autoUv": false, "snapUv": false}
									},
									"renderPass": 0
								},
								{
									"name": "rope35",
									"from": [0, -9, -6],
									"to": [2, -8.5, -5.5],
									"rotationOrigin": [0, -9, -5],
									"faces": {
										"north": {"texture": "#rope", "uv": [0, 0, 10, 3.5], "autoUv": false, "snapUv": false},
										"east": {"texture": "#rope", "uv": [0, 0, 6.3, 3.5], "autoUv": false, "snapUv": false},
										"south": {"texture": "#rope", "uv": [0, 0, 10, 3.5], "autoUv": false, "snapUv": false},
										"west": {"texture": "#rope", "uv": [0, 0, 6.3, 3.5], "autoUv": false, "snapUv": false},
										"up": {"texture": "#rope", "uv": [0, 0, 10, 6.3], "autoUv": false, "snapUv": false},
										"down": {"texture": "#rope", "uv": [0, 0, 10, 6.3], "autoUv": false, "snapUv": false}
									},
									"renderPass": 0
								},
								{
									"name": "rope34",
									"from": [-0.5, -9, -8.25],
									"to": [0, -8.5, -5.75],
									"rotationOrigin": [-2, -9, -5],
									"faces": {
										"north": {"texture": "#rope", "uv": [0, 0, 2.5, 3.5], "autoUv": false, "snapUv": false},
										"east": {"texture": "#rope", "uv": [0, 0, 31.5, 3.5], "autoUv": false, "snapUv": false},
										"south": {"texture": "#rope", "uv": [0, 0, 2.5, 3.5], "autoUv": false, "snapUv": false},
										"west": {"texture": "#rope", "uv": [0, 0, 31.5, 3.5], "autoUv": false, "snapUv": false},
										"up": {"texture": "#rope", "uv": [0, 0, 2.5, 31.5], "autoUv": false, "snapUv": false},
										"down": {"texture": "#rope", "uv": [0, 0, 2.5, 31.5], "autoUv": false, "snapUv": false}
									},
									"renderPass": 0
								},
								{
									"name": "rope33",
									"from": [-0.5, -10.09985, -8.2685],
									"to": [0, -9.59985, -6.0185],
									"rotationOrigin": [-2, -9.75, -7.5],
									"faces": {
										"north": {"texture": "#rope", "uv": [2.5, 0, 0, 3.5], "autoUv": false, "snapUv": false},
										"east": {"texture": "#rope", "uv": [28.35, 0, 0, 3.5], "autoUv": false, "snapUv": false},
										"south": {"texture": "#rope", "uv": [2.5, 0, 0, 3.5], "autoUv": false, "snapUv": false},
										"west": {"texture": "#rope", "uv": [28.35, 0, 0, 3.5], "autoUv": false, "snapUv": false},
										"up": {"texture": "#rope", "uv": [0, 28.35, 2.5, 0], "autoUv": false, "snapUv": false},
										"down": {"texture": "#rope", "uv": [0, 28.35, 2.5, 0], "autoUv": false, "snapUv": false}
									},
									"rotationX": -42.5,
									"renderPass": 0
								},
								{
									"name": "rope32",
									"from": [2, -10.25, -6],
									"to": [2.5, -9, -5.5],
									"rotationOrigin": [2, -9, -5],
									"faces": {
										"north": {"texture": "#rope", "uv": [0, 0, 2.5, 8.75], "autoUv": false, "snapUv": false},
										"east": {"texture": "#rope", "uv": [0, 0, 6.3, 8.75], "autoUv": false, "snapUv": false},
										"south": {"texture": "#rope", "uv": [0, 0, 2.5, 8.75], "autoUv": false, "snapUv": false},
										"west": {"texture": "#rope", "uv": [0, 0, 6.3, 8.75], "autoUv": false, "snapUv": false},
										"up": {"texture": "#rope", "uv": [0, 0, 2.5, 6.3], "autoUv": false, "snapUv": false},
										"down": {"texture": "#rope", "uv": [0, 0, 2.5, 6.3], "autoUv": false, "snapUv": false}
									},
									"renderPass": 0
								},
								{
									"name": "rope31",
									"from": [2, -10.25, -8.5],
									"to": [2.5, -9, -8],
									"rotationOrigin": [2, -9, -7.5],
									"faces": {
										"north": {"texture": "#rope", "uv": [0, 0, 2.5, 8.75], "autoUv": false, "snapUv": false},
										"east": {"texture": "#rope", "uv": [0, 0, 6.3, 8.75], "autoUv": false, "snapUv": false},
										"south": {"texture": "#rope", "uv": [0, 0, 2.5, 8.75], "autoUv": false, "snapUv": false},
										"west": {"texture": "#rope", "uv": [0, 0, 6.3, 8.75], "autoUv": false, "snapUv": false},
										"up": {"texture": "#rope", "uv": [0, 0, 2.5, 6.3], "autoUv": false, "snapUv": false},
										"down": {"texture": "#rope", "uv": [0, 0, 2.5, 6.3], "autoUv": false, "snapUv": false}
									},
									"renderPass": 0
								},
								{
									"name": "rope30",
									"from": [-0.5, -10.5, -8.5],
									"to": [2, -10, -8],
									"rotationOrigin": [0, -10.5, -7.5],
									"faces": {
										"north": {"texture": "#rope", "uv": [0, 0, 12.5, 3.5], "autoUv": false, "snapUv": false},
										"east": {"texture": "#rope", "uv": [0, 0, 6.3, 3.5], "autoUv": false, "snapUv": false},
										"south": {"texture": "#rope", "uv": [0, 0, 12.5, 3.5], "autoUv": false, "snapUv": false},
										"west": {"texture": "#rope", "uv": [0, 0, 6.3, 3.5], "autoUv": false, "snapUv": false},
										"up": {"texture": "#rope", "uv": [0, 0, 12.5, 6.3], "autoUv": false, "snapUv": false},
										"down": {"texture": "#rope", "uv": [0, 0, 12.5, 6.3], "autoUv": false, "snapUv": false}
									},
									"renderPass": 0
								},
								{
									"name": "rope31",
									"from": [-0.5, -3.5, -9.5],
									"to": [10, -3, -9],
									"rotationOrigin": [6, -3.5, -8.5],
									"faces": {
										"north": {"texture": "#rope", "uv": [0, 0, 31.5, 3.5], "autoUv": false, "snapUv": false},
										"east": {"texture": "#rope", "uv": [0, 0, 6.3, 3.5], "autoUv": false, "snapUv": false},
										"south": {"texture": "#rope", "uv": [0, 0, 12.5, 3.5], "autoUv": false, "snapUv": false},
										"west": {"texture": "#rope", "uv": [0, 0, 6.3, 3.5], "autoUv": false, "snapUv": false},
										"up": {"texture": "#rope", "uv": [0, 0, 32, 6.3], "autoUv": false, "snapUv": false},
										"down": {"texture": "#rope", "uv": [0, 0, 32, 4.3], "autoUv": false, "snapUv": false}
									},
									"renderPass": 0
								},
								{
									"name": "rope32",
									"from": [-0.5, -3.5, -1],
									"to": [10, -3, -0.5],
									"rotationOrigin": [6, -3.5, 0],
									"faces": {
										"north": {"texture": "#rope", "uv": [0, 0, 31.5, 3.5], "autoUv": false, "snapUv": false},
										"east": {"texture": "#rope", "uv": [0, 0, 6.3, 3.5], "autoUv": false, "snapUv": false},
										"south": {"texture": "#rope", "uv": [0, 0, 12.5, 3.5], "autoUv": false, "snapUv": false},
										"west": {"texture": "#rope", "uv": [0, 0, 6.3, 3.5], "autoUv": false, "snapUv": false},
										"up": {"texture": "#rope", "uv": [0, 0, 32, 6.3], "autoUv": false, "snapUv": false},
										"down": {"texture": "#rope", "uv": [0, 0, 32, 4.3], "autoUv": false, "snapUv": false}
									},
									"renderPass": 0
								},
								{
									"name": "rope29",
									"from": [-0.5, -10.09985, -7.9815],
									"to": [0, -9.59985, -5.7315],
									"rotationOrigin": [-2, -9.75, -6.5],
									"faces": {
										"north": {"texture": "#rope", "uv": [0, 0, 2.5, 3.5], "autoUv": false, "snapUv": false},
										"east": {"texture": "#rope", "uv": [0, 0, 28.35, 3.5], "autoUv": false, "snapUv": false},
										"south": {"texture": "#rope", "uv": [0, 0, 2.5, 3.5], "autoUv": false, "snapUv": false},
										"west": {"texture": "#rope", "uv": [0, 0, 28.35, 3.5], "autoUv": false, "snapUv": false},
										"up": {"texture": "#rope", "uv": [0, 0, 2.5, 28.35], "autoUv": false, "snapUv": false},
										"down": {"texture": "#rope", "uv": [0, 0, 2.5, 28.35], "autoUv": false, "snapUv": false}
									},
									"rotationX": 42.5,
									"renderPass": 0
								}
							]
						}
					]
				}
			],
			"stepParentName": "UpperTorso"
		}
	],
	"animations": []
}
