[
  {
    "op": "remove",
    "path": "/blocklayers/0/blockCodeByMin/0/minTemp",
    "file": "game:worldgen/blocklayers.json",
    "side": "Server"
  },
  {
    "op": "replace",
    "path": "/blocklayers/0/blockCodeByMin/0/minFertility",
    "value": 0.56,
    "file": "game:worldgen/blocklayers.json",
    "side": "Server"
  },
  {
    "op": "remove",
    "path": "/blocklayers/0/blockCodeByMin/1/minTemp",
    "file": "game:worldgen/blocklayers.json",
    "side": "Server"
  },
  {
    "op": "replace",
    "path": "/blocklayers/0/blockCodeByMin/1/minFertility",
    "value": 0.54,
    "file": "game:worldgen/blocklayers.json",
    "side": "Server"
  },
  {
    "op": "remove",
    "path": "/blocklayers/0/blockCodeByMin/2/minTemp",
    "file": "game:worldgen/blocklayers.json",
    "side": "Server"
  },
  {
    "op": "replace",
    "path": "/blocklayers/0/blockCodeByMin/2/minFertility",
    "value": 0.52,
    "file": "game:worldgen/blocklayers.json",
    "side": "Server"
  },
  {
    "op": "remove",
    "path": "/blocklayers/0/blockCodeByMin/3/minTemp",
    "file": "game:worldgen/blocklayers.json",
    "side": "Server"
  },
  {
    "op": "replace",
    "path": "/blocklayers/0/blockCodeByMin/3/minFertility",
    "value": 0.31,
    "file": "game:worldgen/blocklayers.json",
    "side": "Server"
  },
  {
    "op": "remove",
    "path": "/blocklayers/0/blockCodeByMin/4/minTemp",
    "file": "game:worldgen/blocklayers.json",
    "side": "Server"
  },
  {
    "op": "replace",
    "path": "/blocklayers/0/blockCodeByMin/4/minFertility",
    "value": 0.29,
    "file": "game:worldgen/blocklayers.json",
    "side": "Server"
  },
  {
    "op": "remove",
    "path": "/blocklayers/0/blockCodeByMin/5/minTemp",
    "file": "game:worldgen/blocklayers.json",
    "side": "Server"
  },
  {
    "op": "add",
    "path": "/blocklayers/0/blockCodeByMin/5/maxY",
    "value": 0.51,
    "file": "game:worldgen/blocklayers.json",
    "side": "Server"
  },
  {
    "op": "replace",
    "path": "/blocklayers/0/blockCodeByMin/5/minFertility",
    "value": 0.27,
    "file": "game:worldgen/blocklayers.json",
    "side": "Server"
  },
  {
    "op": "replace",
    "path": "/blocklayers/0/maxY",
    "value": 0.6,
    "file": "game:worldgen/blocklayers.json",
    "side": "Server"
  },
  {
    "op": "replace",
    "path": "/blocklayers/1/maxTemp",
    "value": -20,
    "file": "game:worldgen/blocklayers.json",
    "side": "Server"
  },
  {
    "op": "add",
    "path": "/blocklayers/2/noiseAmplitudes",
    "value": [
      1,
      0.8,
      0.6
    ],
    "file": "game:worldgen/blocklayers.json",
    "side": "Server"
  },
  {
    "op": "add",
    "path": "/blocklayers/2/noiseFrequencies",
    "value": [
      1,
      2,
      3
    ],
    "file": "game:worldgen/blocklayers.json",
    "side": "Server"
  },
  {
    "op": "add",
    "path": "/blocklayers/2/noiseThreshold",
    "value": 0.5,
    "file": "game:worldgen/blocklayers.json",
    "side": "Server"
  },
  {
    "op": "replace",
    "path": "/blocklayers/2/maxTemp",
    "value": -15,
    "file": "game:worldgen/blocklayers.json",
    "side": "Server"
  },
  {
    "op": "replace",
    "path": "/blocklayers/2/minTemp",
    "value": -33,
    "file": "game:worldgen/blocklayers.json",
    "side": "Server"
  },
  {
    "op": "add",
    "path": "/blocklayers/11/noiseAmplitudes",
    "value": [
      1,
      0.8,
      0.6
    ],
    "file": "game:worldgen/blocklayers.json",
    "side": "Server"
  },
  {
    "op": "add",
    "path": "/blocklayers/11/noiseFrequencies",
    "value": [
      1,
      2,
      3
    ],
    "file": "game:worldgen/blocklayers.json",
    "side": "Server"
  },
  {
    "op": "add",
    "path": "/blocklayers/11/noiseThreshold",
    "value": 0.5,
    "file": "game:worldgen/blocklayers.json",
    "side": "Server"
  },
  {
    "op": "replace",
    "path": "/blocklayers/11/blockCode",
    "value": "snowblock",
    "file": "game:worldgen/blocklayers.json",
    "side": "Server"
  },
  {
    "op": "add",
    "path": "/blocklayers/13/noiseAmplitudes",
    "value": [
      1,
      0.8,
      0.6
    ],
    "file": "game:worldgen/blocklayers.json",
    "side": "Server"
  },
  {
    "op": "add",
    "path": "/blocklayers/13/noiseFrequencies",
    "value": [
      2,
      4,
      6
    ],
    "file": "game:worldgen/blocklayers.json",
    "side": "Server"
  },
  {
    "op": "add",
    "path": "/blocklayers/13/noiseThreshold",
    "value": 0.5,
    "file": "game:worldgen/blocklayers.json",
    "side": "Server"
  },
  {
    "op": "replace",
    "path": "/blocklayers/13/blockCode",
    "value": "snowblock",
    "file": "game:worldgen/blocklayers.json",
    "side": "Server"
  },
  {
    "op": "add",
    "path": "/blocklayers/14/noiseAmplitudes",
    "value": [
      1,
      0.8,
      0.6
    ],
    "file": "game:worldgen/blocklayers.json",
    "side": "Server"
  },
  {
    "op": "add",
    "path": "/blocklayers/14/noiseFrequencies",
    "value": [
      2,
      3,
      4
    ],
    "file": "game:worldgen/blocklayers.json",
    "side": "Server"
  },
  {
    "op": "add",
    "path": "/blocklayers/14/noiseThreshold",
    "value": 0.5,
    "file": "game:worldgen/blocklayers.json",
    "side": "Server"
  },
  {
    "op": "replace",
    "path": "/blocklayers/14/maxTemp",
    "value": -14,
    "file": "game:worldgen/blocklayers.json",
    "side": "Server"
  },
  {
    "op": "replace",
    "path": "/blocklayers/14/minTemp",
    "value": -40,
    "file": "game:worldgen/blocklayers.json",
    "side": "Server"
  },
  {
    "op": "add",
    "path": "/blocklayers/15/noiseAmplitudes",
    "value": [
      1,
      0.8,
      0.6
    ],
    "file": "game:worldgen/blocklayers.json",
    "side": "Server"
  },
  {
    "op": "add",
    "path": "/blocklayers/15/noiseFrequencies",
    "value": [
      3,
      4,
      5
    ],
    "file": "game:worldgen/blocklayers.json",
    "side": "Server"
  },
  {
    "op": "add",
    "path": "/blocklayers/15/noiseThreshold",
    "value": 0.5,
    "file": "game:worldgen/blocklayers.json",
    "side": "Server"
  },
  {
    "op": "replace",
    "path": "/blocklayers/15/maxTemp",
    "value": -14,
    "file": "game:worldgen/blocklayers.json",
    "side": "Server"
  },
  {
    "op": "replace",
    "path": "/blocklayers/15/minTemp",
    "value": -40,
    "file": "game:worldgen/blocklayers.json",
    "side": "Server"
  },
  {
    "op": "replace",
    "path": "/blocklayers/15/thickness",
    "value": 20,
    "file": "game:worldgen/blocklayers.json",
    "side": "Server"
  },
  {
    "op": "replace",
    "path": "/blockLayerTransitionSize",
    "value": 0.0125,
    "file": "game:worldgen/blocklayers.json",
    "side": "Server"
  },
  {
    "op": "replace",
    "path": "/v1dot8blockLayerTransitionSize",
    "value": 0.75,
    "file": "game:worldgen/blocklayers.json",
    "side": "Server"
  }
]