[
    {
      "file": "game:itemtypes/resource/plank.json",
      "op": "addmerge",
      "path": "/behaviors",
      "value": [{ "name": "vsroofing.PlaceFrame", "properties": { "primary": "rafterbeam" } }]
    },
    {
      "file": "game:itemtypes/resource/stick.json",
      "op": "addmerge",
      "path": "/behaviors",
      "value": [{ "name": "vsroofing.PlaceFrame", "properties": { "primary": "stick" } }]
    },
    {
      "file": "game:itemtypes/resource/bamboostakes.json",
      "op": "addmerge",
      "path": "/behaviors",
      "value": [{ "name": "vsroofing.PlaceFrame", "properties": { "primary": "bamboo" } }]
    },
    {
      "file": "game:itemtypes/tool/chisel.json",
      "op": "addmerge",
      "path": "/behaviors",
      "value": [{ "name": "vsroofing.ChiselRoof" }]
    },
    {
      "file": "game:itemtypes/resource/flaxfibers.json",
      "op": "addmerge",
      "path": "/behaviors",
      "value": [{ "name": "vsroofing.Offhand" }]
    },
    {
      "file": "game:itemtypes/resource/catttailtops.json",
      "op": "addmerge",
      "path": "/behaviors",
      "value": [{ "name": "vsroofing.Offhand" }]
    },
    {
      "file": "game:itemtypes/resource/papyrustops.json",
      "op": "addmerge",
      "path": "/behaviors",
      "value": [{ "name": "vsroofing.Offhand" }]
    },
    {
      "file": "game:blocktypes/plant/wildvine.json",
      "op": "addmerge",
      "path": "/behaviors",
      "value": [{ "name": "vsroofing.Offhand" }]
    },
]