{
  "code": "embraced-quartz",
  "class": "BlockCandle",
  "maxstacksize": 4,
  "shape": { "base": "aldiclasses:block/embraced-quartz" },
  "creativeinventory": {
    "general": [ "*" ],
    "items": [ "*" ],
    "aldiclasses": [ "*" ]
  },
  "blockmaterial": "Other",
  "replaceable": 900,
  "lightAbsorption": 0,
  "resistance": 1.25,
  "sideopaque": { "all": false },
  "sidesolid": { "all": false },
  "lightHsv": [ 0, 0, 14 ],
  "sounds": {
    "place": "game:block/glass",
    "break": "game:block/glass",
    "hit": "game:block/glass"
  },
  "behaviors": [
    { "name": "RightClickPickup" },
    { "name": "Unstable" }
  ],
 "randomDrawOffset": true,
 "randomizeRotations": true,
  "storageFlags": 257,
  "materialDensity": 300,
  "fpHandTransform": {
    "translation": {
      "x": 0,
      "y": 0,
      "z": 0
    },
    "rotation": {
      "x": 1,
      "y": 90,
      "z": 0
    },
    "scale": 1.67
  },
  "tpOffHandTransform": {
    "translation": {
      "x": -1.3,
      "y": -0.9,
      "z": -1.4
    },
    "rotation": {
      "x": -123,
      "y": -146,
      "z": 44
    },
    "scale": 0.55
  },

  "guiTransform": {
    "translation": {
      "x": 0,
      "y": 2,
      "z": 0
    },
    "rotation": {
      "x": 150,
      "y": -38,
      "z": 0
    },
    "origin": {
      "x": 0.5,
      "y": 0.1,
      "z": 0.5
    },
    "scale": 3.8
  },
  "tpHandTransform": {
    "translation": {
      "x": -0.93,
      "y": -0.19,
      "z": -0.77
    },
    "rotation": {
      "x": -48,
      "y": -180,
      "z": 23
    },
    "origin": {
      "x": 0.5,
      "y": 0.12,
      "z": 0.5
    },
    "scale": 0.6
  },
  "groundStorageTransform": {
    "rotation": {
      "x": 0,
      "y": 80,
      "z": 0
    },
    "scale": 6
  },
  "groundTransform": {
    "translation": {
      "x": 0,
      "y": 0,
      "z": 0
    },
    "rotation": {
      "x": 0,
      "y": 0,
      "z": 0
    },
    "origin": {
      "x": 0.5,
      "y": 0,
      "z": 0.5
    },
    "scale": 4.5
  },
  "collisionSelectionBox": {
    "x1": 0.42,
    "y1": 0,
    "z1": 0.42,
    "x2": 0.58,
    "y2": 0.32,
    "z2": 0.58
  }
}