{
	"code": "alignedplanks",
	"behaviors": [
		{ "name": "Pillar"}, 
		{ "name": "WrenchOrientable", "properties": { "baseCode": "aldiclasses:planksaligned-{wood}"  } }
	],
	"variantgroups": [
		{ "code": "wood", "states": ["aged"], "loadFromProperties": "block/wood" },
		{ "code": "orientation", "states": ["ns", "we", "ud"] }
	],
	"creativeinventory": { "general": ["*-ud"], "construction": ["*-ud"] },
	"shape": { "base": "game:block/basic/cube" },
	"blockmaterial": "Wood",
	"drawtype": "cube",
	"texturesByType": {
		"*-aged-ud": {
			"all": {
				"base": "aldiclasses:block/wood/planks/aged/aligned-generic*",
				"rotation": 90
			}
		},
		"*-aged-we": {
			"all": {
				"base": "aldiclasses:block/wood/planks/aged/aligned-generic*",
				"rotation": 0
			}
		},
		"*-aged-ns": {
			"all": { "base": "aldiclasses:block/wood/planks/aged/aligned-generic*" },
			"verticals": {
				"base": "aldiclasses:block/wood/planks/aged/aligned-generic*",
				"rotation": 90
			}
		},
		"*-ud": {
			"all": {
				"base": "aldiclasses:block/wood/planks/aligned-{wood}*",
				"rotation": 90
			}
		},
		"*-we": {
			"all": {
				"base": "aldiclasses:block/wood/planks/aligned-{wood}*",
				"rotation": 0
			}
		},
		"*-ns": {
			"all": { "base": "aldiclasses:block/wood/planks/aligned-{wood}*" },
			"verticals": {
				"base": "aldiclasses:block/wood/planks/aligned-{wood}*",
				"rotation": 90
			}
		},
	},
	"resistance": 3.5,
	"sounds": {
		"hit": "game:block/planks",
		"break": "game:block/planks",
		"place": "game:block/planks",
		"walk": "game:walk/wood"
	},
	"combustibleProps": {
		"burnTemperature": 600,
		"burnDuration": 20
	},
	"maxStackSize": 32,
	"materialDensity": 600,
	"heldTpIdleAnimation": "holdbothhandslarge", "heldRightReadyAnimation": "heldblockready", "heldTpUseAnimation": "twohandplaceblock",
	"tpHandTransform": {
		"translation": { "x": -1.23, "y": -0.91, "z": -0.8 },
		"rotation": { "x": -2, "y": 25, "z": -78 },
		"scale": 0.4
	},
	"drops": [
		{
			"type": "block",
			"code": "aldiclasses:alignedplanks-{wood}-ud"
		}
	]
}