{"editor": {"allAngles": false, "entityTextureMode": false}, "textureWidth": 16, "textureHeight": 16, "textureSizes": {}, "textures": {}, "elements": [{"name": "main", "from": [0.0, 0.0, 0.0], "to": [0.0, 0.0, 0.0], "faces": {"north": {"texture": "#null", "uv": [0.0, 0.0, 0.5, 0.5], "enabled": false}, "east": {"texture": "#null", "uv": [0.0, 0.0, 0.5, 0.5], "enabled": false}, "south": {"texture": "#null", "uv": [0.0, 0.0, 0.5, 0.5], "enabled": false}, "west": {"texture": "#null", "uv": [0.0, 0.0, 0.5, 0.5], "enabled": false}, "up": {"texture": "#null", "uv": [0.0, 0.0, 0.5, 0.5], "enabled": false}, "down": {"texture": "#null", "uv": [0.0, 0.0, 0.5, 0.5], "enabled": false}}, "children": [{"name": "lower", "from": [0.0, 0.0, 0.0], "to": [0.0, 0.0, 0.0], "faces": {"north": {"texture": "#null", "uv": [0.0, 0.0, 0.5, 0.5], "enabled": false}, "east": {"texture": "#null", "uv": [0.0, 0.0, 0.5, 0.5], "enabled": false}, "south": {"texture": "#null", "uv": [0.0, 0.0, 0.5, 0.5], "enabled": false}, "west": {"texture": "#null", "uv": [0.0, 0.0, 0.5, 0.5], "enabled": false}, "up": {"texture": "#null", "uv": [0.0, 0.0, 0.5, 0.5], "enabled": false}, "down": {"texture": "#null", "uv": [0.0, 0.0, 0.5, 0.5], "enabled": false}}, "children": [{"name": "0", "from": [3.76, 7.5729, -0.02], "to": [11.76, 13.0729, 16.01], "rotationOrigin": [3.7639, 10.3229, 8.0], "rotationZ": 41.0, "faces": {"north": {"texture": "#material", "uv": [0.0, 0.0, 5.5, 8.0], "rotation": 90}, "east": {"texture": "#material", "uv": [0.0, 0.0, 16.0, 5.5]}, "south": {"texture": "#material", "uv": [0.0, 0.0, 5.5, 8.0], "rotation": 90}, "west": {"texture": "#material", "uv": [0.0, 0.0, 16.0, 5.5]}, "up": {"texture": "#material", "uv": [0.0, 0.0, 16.0, 8.0], "rotation": 90}, "down": {"texture": "#material", "uv": [0.0, 0.0, 16.0, 8.0], "rotation": 90}}, "children": [{"name": "snow", "from": [0.0, 5.500000000000001, 0.025], "to": [8.0, 8.5, 16.015], "rotationOrigin": [3.7639, 10.3229, 8.0], "faces": {"north": {"uv": [0.0, 5.500000000000001, 8.0, 8.5], "texture": "#snowcover"}, "east": {"uv": [0.005000000000000001, 5.500000000000001, 15.995000000000001, 8.5], "texture": "#snowcover"}, "south": {"uv": [0.0, 5.500000000000001, 8.0, 8.5], "texture": "#snowcover"}, "west": {"uv": [0.005000000000000001, 5.500000000000001, 15.995000000000001, 8.5], "texture": "#snowcover"}, "up": {"texture": "#snowcover", "uv": [0.0, 0.0, 16.0, 8.0], "rotation": 90}, "down": {"texture": "#snowcover", "uv": [0.0, 0.0, 16.0, 8.0], "rotation": 90}}}]}, {"name": "1", "from": [-4.2361, 7.5729, -0.02], "to": [3.7639, 13.0729, 16.01], "rotationOrigin": [3.7639, 10.3229, 8.0], "rotationZ": 41.0, "faces": {"north": {"texture": "#material", "uv": [0.0, 8.0, 5.5, 16.0], "rotation": 90}, "east": {"texture": "#material", "uv": [0.0, 0.0, 16.0, 5.5]}, "south": {"texture": "#material", "uv": [0.0, 8.0, 5.5, 16.0], "rotation": 90}, "west": {"texture": "#material", "uv": [0.0, 0.0, 16.0, 5.5]}, "up": {"texture": "#material", "uv": [0.0, 8.0, 16.0, 16.0], "rotation": 90}, "down": {"texture": "#material", "uv": [0.0, 8.0, 16.0, 16.0], "rotation": 90}}, "children": [{"name": "snow", "from": [0.0, 5.500000000000001, 0.02], "to": [8.0, 8.5, 16.02], "rotationOrigin": [3.7639, 10.3229, 8.0], "faces": {"north": {"uv": [0.0, 5.500000000000001, 8.0, 8.5], "texture": "#snowcover"}, "east": {"uv": [0.0, 5.500000000000001, 16.0, 8.5], "texture": "#snowcover"}, "south": {"uv": [0.0, 5.500000000000001, 8.0, 8.5], "texture": "#snowcover"}, "west": {"uv": [0.0, 5.500000000000001, 16.0, 8.5], "texture": "#snowcover"}, "up": {"texture": "#snowcover", "uv": [0.0, 8.0, 16.0, 16.0], "rotation": 90}, "down": {"texture": "#snowcover", "uv": [0.0, 8.0, 16.0, 16.0], "rotation": 90}}}]}, {"name": "2", "from": [-0.24, -0.1771, -0.04], "to": [7.76, 4.8229, 16.02], "rotationOrigin": [-0.2361, 2.3229, 8.0], "rotationZ": 41.0, "faces": {"north": {"texture": "#material", "uv": [0.0, 0.0, 5.0, 8.0], "rotation": 90}, "east": {"texture": "#material", "uv": [0.0, 0.0, 16.0, 5.0]}, "south": {"texture": "#material", "uv": [0.0, 0.0, 5.0, 8.0], "rotation": 90}, "west": {"texture": "#material", "uv": [0.0, 0.0, 16.0, 5.0]}, "up": {"texture": "#material", "uv": [0.0, 0.0, 16.0, 8.0], "rotation": 90}, "down": {"texture": "#material", "uv": [0.0, 0.0, 16.0, 8.0], "rotation": 90}}, "children": [{"name": "snow", "from": [0.0, 5.0, 0.045], "to": [8.0, 8.0, 16.035], "rotationOrigin": [-0.2361, 2.3229, 8.0], "faces": {"north": {"uv": [0.0, 5.0, 8.0, 8.0], "texture": "#snowcover"}, "east": {"uv": [0.0049999999999999975, 5.0, 15.995000000000001, 8.0], "texture": "#snowcover"}, "south": {"uv": [0.0, 5.0, 8.0, 8.0], "texture": "#snowcover"}, "west": {"uv": [0.0049999999999999975, 5.0, 15.995000000000001, 8.0], "texture": "#snowcover"}, "up": {"texture": "#snowcover", "uv": [0.0, 0.0, 16.0, 8.0], "rotation": 90}, "down": {"texture": "#snowcover", "uv": [0.0, 0.0, 16.0, 8.0], "rotation": 90}}}]}, {"name": "3", "from": [-8.2361, -0.1771, -0.04], "to": [-0.2361, 4.8229, 16.02], "rotationOrigin": [-0.2361, 2.3229, 8.0], "rotationZ": 41.0, "faces": {"north": {"texture": "#material", "uv": [0.0, 8.0, 5.0, 16.0], "rotation": 90}, "east": {"texture": "#material", "uv": [0.0, 0.0, 16.0, 5.0]}, "south": {"texture": "#material", "uv": [0.0, 8.0, 5.0, 16.0], "rotation": 90}, "west": {"texture": "#material", "uv": [0.0, 0.0, 16.0, 5.0]}, "up": {"texture": "#material", "uv": [0.0, 8.0, 16.0, 16.0], "rotation": 90}, "down": {"texture": "#material", "uv": [0.0, 8.0, 16.0, 16.0], "rotation": 90}}, "children": [{"name": "snow", "from": [0.0, 5.0, 0.04], "to": [8.0, 8.0, 16.04], "rotationOrigin": [-0.2361, 2.3229, 8.0], "faces": {"north": {"uv": [0.0, 5.0, 8.0, 8.0], "texture": "#snowcover"}, "east": {"uv": [0.0, 5.0, 16.0, 8.0], "texture": "#snowcover"}, "south": {"uv": [0.0, 5.0, 8.0, 8.0], "texture": "#snowcover"}, "west": {"uv": [0.0, 5.0, 16.0, 8.0], "texture": "#snowcover"}, "up": {"texture": "#snowcover", "uv": [0.0, 8.0, 16.0, 16.0], "rotation": 90}, "down": {"texture": "#snowcover", "uv": [0.0, 8.0, 16.0, 16.0], "rotation": 90}}}]}]}, {"name": "upper", "from": [8.0, 0.0, 0.0], "to": [8.0, 0.0, 0.0], "renderInEditor": false, "faces": {"north": {"texture": "#null", "uv": [0.0, 0.0, 0.5, 0.5], "enabled": false}, "east": {"texture": "#null", "uv": [0.0, 0.0, 0.5, 0.5], "enabled": false}, "south": {"texture": "#null", "uv": [0.0, 0.0, 0.5, 0.5], "enabled": false}, "west": {"texture": "#null", "uv": [0.0, 0.0, 0.5, 0.5], "enabled": false}, "up": {"texture": "#null", "uv": [0.0, 0.0, 0.5, 0.5], "enabled": false}, "down": {"texture": "#null", "uv": [0.0, 0.0, 0.5, 0.5], "enabled": false}}, "children": [{"name": "0", "from": [3.76, 7.5729, -0.02], "to": [11.76, 13.0729, 16.01], "rotationOrigin": [3.7639, 10.3229, 8.0], "rotationZ": 41.0, "faces": {"north": {"texture": "#material", "uv": [0.0, 0.0, 5.5, 8.0], "rotation": 90}, "east": {"texture": "#material", "uv": [0.0, 0.0, 16.0, 5.5]}, "south": {"texture": "#material", "uv": [0.0, 0.0, 5.5, 8.0], "rotation": 90}, "west": {"texture": "#material", "uv": [0.0, 0.0, 16.0, 5.5]}, "up": {"texture": "#material", "uv": [0.0, 0.0, 16.0, 8.0], "rotation": 90}, "down": {"texture": "#material", "uv": [0.0, 0.0, 16.0, 8.0], "rotation": 90}}, "children": [{"name": "snow", "from": [0.0, 5.500000000000001, 0.025], "to": [8.0, 8.5, 16.015], "rotationOrigin": [3.7639, 10.3229, 8.0], "faces": {"north": {"uv": [0.0, 5.500000000000001, 8.0, 8.5], "texture": "#snowcover"}, "east": {"uv": [0.005000000000000001, 5.500000000000001, 15.995000000000001, 8.5], "texture": "#snowcover"}, "south": {"uv": [0.0, 5.500000000000001, 8.0, 8.5], "texture": "#snowcover"}, "west": {"uv": [0.005000000000000001, 5.500000000000001, 15.995000000000001, 8.5], "texture": "#snowcover"}, "up": {"texture": "#snowcover", "uv": [0.0, 0.0, 16.0, 8.0], "rotation": 90}, "down": {"texture": "#snowcover", "uv": [0.0, 0.0, 16.0, 8.0], "rotation": 90}}}]}, {"name": "1", "from": [-4.2361, 7.5729, -0.02], "to": [3.7639, 13.0729, 16.01], "rotationOrigin": [3.7639, 10.3229, 8.0], "rotationZ": 41.0, "faces": {"north": {"texture": "#material", "uv": [0.0, 8.0, 5.5, 16.0], "rotation": 90}, "east": {"texture": "#material", "uv": [0.0, 0.0, 16.0, 5.5]}, "south": {"texture": "#material", "uv": [0.0, 8.0, 5.5, 16.0], "rotation": 90}, "west": {"texture": "#material", "uv": [0.0, 0.0, 16.0, 5.5]}, "up": {"texture": "#material", "uv": [0.0, 8.0, 16.0, 16.0], "rotation": 90}, "down": {"texture": "#material", "uv": [0.0, 8.0, 16.0, 16.0], "rotation": 90}}, "children": [{"name": "snow", "from": [0.0, 5.500000000000001, 0.02], "to": [8.0, 8.5, 16.02], "rotationOrigin": [3.7639, 10.3229, 8.0], "faces": {"north": {"uv": [0.0, 5.500000000000001, 8.0, 8.5], "texture": "#snowcover"}, "east": {"uv": [0.0, 5.500000000000001, 16.0, 8.5], "texture": "#snowcover"}, "south": {"uv": [0.0, 5.500000000000001, 8.0, 8.5], "texture": "#snowcover"}, "west": {"uv": [0.0, 5.500000000000001, 16.0, 8.5], "texture": "#snowcover"}, "up": {"texture": "#snowcover", "uv": [0.0, 8.0, 16.0, 16.0], "rotation": 90}, "down": {"texture": "#snowcover", "uv": [0.0, 8.0, 16.0, 16.0], "rotation": 90}}}]}, {"name": "2", "from": [-0.24, -0.1771, -0.04], "to": [7.76, 4.8229, 16.02], "rotationOrigin": [-0.2361, 2.3229, 8.0], "rotationZ": 41.0, "faces": {"north": {"texture": "#material", "uv": [0.0, 0.0, 5.0, 8.0], "rotation": 90}, "east": {"texture": "#material", "uv": [0.0, 0.0, 16.0, 5.0]}, "south": {"texture": "#material", "uv": [0.0, 0.0, 5.0, 8.0], "rotation": 90}, "west": {"texture": "#material", "uv": [0.0, 0.0, 16.0, 5.0]}, "up": {"texture": "#material", "uv": [0.0, 0.0, 16.0, 8.0], "rotation": 90}, "down": {"texture": "#material", "uv": [0.0, 0.0, 16.0, 8.0], "rotation": 90}}, "children": [{"name": "snow", "from": [0.0, 5.0, 0.045], "to": [8.0, 8.0, 16.035], "rotationOrigin": [-0.2361, 2.3229, 8.0], "faces": {"north": {"uv": [0.0, 5.0, 8.0, 8.0], "texture": "#snowcover"}, "east": {"uv": [0.0049999999999999975, 5.0, 15.995000000000001, 8.0], "texture": "#snowcover"}, "south": {"uv": [0.0, 5.0, 8.0, 8.0], "texture": "#snowcover"}, "west": {"uv": [0.0049999999999999975, 5.0, 15.995000000000001, 8.0], "texture": "#snowcover"}, "up": {"texture": "#snowcover", "uv": [0.0, 0.0, 16.0, 8.0], "rotation": 90}, "down": {"texture": "#snowcover", "uv": [0.0, 0.0, 16.0, 8.0], "rotation": 90}}}]}, {"name": "3", "from": [-8.2361, -0.1771, -0.04], "to": [-0.2361, 4.8229, 16.02], "rotationOrigin": [-0.2361, 2.3229, 8.0], "rotationZ": 41.0, "faces": {"north": {"texture": "#material", "uv": [0.0, 8.0, 5.0, 16.0], "rotation": 90}, "east": {"texture": "#material", "uv": [0.0, 0.0, 16.0, 5.0]}, "south": {"texture": "#material", "uv": [0.0, 8.0, 5.0, 16.0], "rotation": 90}, "west": {"texture": "#material", "uv": [0.0, 0.0, 16.0, 5.0]}, "up": {"texture": "#material", "uv": [0.0, 8.0, 16.0, 16.0], "rotation": 90}, "down": {"texture": "#material", "uv": [0.0, 8.0, 16.0, 16.0], "rotation": 90}}, "children": [{"name": "snow", "from": [0.0, 5.0, 0.04], "to": [8.0, 8.0, 16.04], "rotationOrigin": [-0.2361, 2.3229, 8.0], "faces": {"north": {"uv": [0.0, 5.0, 8.0, 8.0], "texture": "#snowcover"}, "east": {"uv": [0.0, 5.0, 16.0, 8.0], "texture": "#snowcover"}, "south": {"uv": [0.0, 5.0, 8.0, 8.0], "texture": "#snowcover"}, "west": {"uv": [0.0, 5.0, 16.0, 8.0], "texture": "#snowcover"}, "up": {"texture": "#snowcover", "uv": [0.0, 8.0, 16.0, 16.0], "rotation": 90}, "down": {"texture": "#snowcover", "uv": [0.0, 8.0, 16.0, 16.0], "rotation": 90}}}]}]}]}]}