{
	"editor": {
		"allAngles": false,
		"entityTextureMode": false
	},
	"textureWidth": 16,
	"textureHeight": 16,
	"textureSizes": {
	},
	"textures": {
	},
	"elements": [
		{
			"name": "main",
			"from": [ 0.0, 0.0, 0.0 ],
			"to": [ 0.0, 0.0, 0.0 ],
			"faces": {
				"north": { "texture": "#null", "uv": [ 0.0, 0.0, 0.5, 0.5 ], "enabled": false },
				"east": { "texture": "#null", "uv": [ 0.0, 0.0, 0.5, 0.5 ], "enabled": false },
				"south": { "texture": "#null", "uv": [ 0.0, 0.0, 0.5, 0.5 ], "enabled": false },
				"west": { "texture": "#null", "uv": [ 0.0, 0.0, 0.5, 0.5 ], "enabled": false },
				"up": { "texture": "#null", "uv": [ 0.0, 0.0, 0.5, 0.5 ], "enabled": false },
				"down": { "texture": "#null", "uv": [ 0.0, 0.0, 0.5, 0.5 ], "enabled": false }
			},
			"children": [
				{
					"name": "lower",
					"from": [ 0.0, 0.0, 0.0 ],
					"to": [ 0.0, 0.0, 0.0 ],
					"faces": {
						"north": { "texture": "#null", "uv": [ 0.0, 0.0, 0.5, 0.5 ], "enabled": false },
						"east": { "texture": "#null", "uv": [ 0.0, 0.0, 0.5, 0.5 ], "enabled": false },
						"south": { "texture": "#null", "uv": [ 0.0, 0.0, 0.5, 0.5 ], "enabled": false },
						"west": { "texture": "#null", "uv": [ 0.0, 0.0, 0.5, 0.5 ], "enabled": false },
						"up": { "texture": "#null", "uv": [ 0.0, 0.0, 0.5, 0.5 ], "enabled": false },
						"down": { "texture": "#null", "uv": [ 0.0, 0.0, 0.5, 0.5 ], "enabled": false }
					},
					"children": [
						{
							"name": "0",
							"from": [ 10.5, 2.0406, -0.02 ],
							"to": [ 16.5, 7.5406, 16.01 ],
							"rotationOrigin": [ 9.1012, 4.7906, 8.0 ],
							"rotationZ": 7.5,
							"faces": {
								"north": { "texture": "#material", "uv": [ 0.0, 0.0, 5.5, 6.0 ], "rotation": 90 },
								"east": { "texture": "#material", "uv": [ 0.0, 0.0, 16.0, 5.5 ] },
								"south": { "texture": "#material", "uv": [ 0.0, 0.0, 5.5, 6.0 ], "rotation": 90 },
								"west": { "texture": "#material", "uv": [ 0.0, 0.0, 16.0, 5.5 ] },
								"up": { "texture": "#material", "uv": [ 0.0, 0.0, 16.0, 6.0 ], "rotation": 90 },
								"down": { "texture": "#material", "uv": [ 0.0, 0.0, 16.0, 6.0 ], "rotation": 90 }
							}
						},
						{
							"name": "1",
							"from": [ 3.5, 2.0406, -0.02 ],
							"to": [ 10.5, 7.5406, 16.01 ],
							"rotationOrigin": [ 9.1012, 4.7906, 8.0 ],
							"rotationZ": 7.5,
							"faces": {
								"north": { "texture": "#material", "uv": [ 0.0, 8.0, 5.5, 15.0 ], "rotation": 90 },
								"east": { "texture": "#material", "uv": [ 0.0, 0.0, 16.0, 5.5 ] },
								"south": { "texture": "#material", "uv": [ 0.0, 8.0, 5.5, 15.0 ], "rotation": 90 },
								"west": { "texture": "#material", "uv": [ 0.0, 0.0, 16.0, 5.5 ] },
								"up": { "texture": "#material", "uv": [ 0.0, 8.0, 16.0, 15.0 ], "rotation": 90 },
								"down": { "texture": "#material", "uv": [ 0.0, 8.0, 16.0, 15.0 ], "rotation": 90 }
							}
						},
						{
							"name": "2",
							"from": [ 2.5, -0.3761, -0.04 ],
							"to": [ 8.5, 4.6239, 16.02 ],
							"rotationOrigin": [ 1.1012, 2.1239, 8.0 ],
							"rotationZ": 7.5,
							"faces": {
								"north": { "texture": "#material", "uv": [ 0.0, 0.0, 5.0, 6.0 ], "rotation": 90 },
								"east": { "texture": "#material", "uv": [ 0.0, 0.0, 16.0, 5.0 ] },
								"south": { "texture": "#material", "uv": [ 0.0, 0.0, 5.0, 6.0 ], "rotation": 90 },
								"west": { "texture": "#material", "uv": [ 0.0, 0.0, 16.0, 5.0 ] },
								"up": { "texture": "#material", "uv": [ 0.0, 0.0, 16.0, 6.0 ], "rotation": 90 },
								"down": { "texture": "#material", "uv": [ 0.0, 0.0, 16.0, 6.0 ], "rotation": 90 }
							}
						},
						{
							"name": "3",
							"from": [ -4.5, -0.3761, -0.04 ],
							"to": [ 2.5, 4.6239, 16.02 ],
							"rotationOrigin": [ 1.1012, 2.1239, 8.0 ],
							"rotationZ": 7.5,
							"faces": {
								"north": { "texture": "#material", "uv": [ 0.0, 8.0, 5.0, 15.0 ], "rotation": 90 },
								"east": { "texture": "#material", "uv": [ 0.0, 0.0, 16.0, 5.0 ] },
								"south": { "texture": "#material", "uv": [ 0.0, 8.0, 5.0, 15.0 ], "rotation": 90 },
								"west": { "texture": "#material", "uv": [ 0.0, 0.0, 16.0, 5.0 ] },
								"up": { "texture": "#material", "uv": [ 0.0, 8.0, 16.0, 15.0 ], "rotation": 90 },
								"down": { "texture": "#material", "uv": [ 0.0, 8.0, 16.0, 15.0 ], "rotation": 90 }
							}
						}
					]
				},
				{
					"name": "middle",
					"from": [ 0.0, 5.33, 0.0 ],
					"to": [ 0.0, 5.33, 0.0 ],
					"renderInEditor": false,
					"faces": {
						"north": { "texture": "#null", "uv": [ 0.0, 0.0, 0.5, 0.5 ], "enabled": false },
						"east": { "texture": "#null", "uv": [ 0.0, 0.0, 0.5, 0.5 ], "enabled": false },
						"south": { "texture": "#null", "uv": [ 0.0, 0.0, 0.5, 0.5 ], "enabled": false },
						"west": { "texture": "#null", "uv": [ 0.0, 0.0, 0.5, 0.5 ], "enabled": false },
						"up": { "texture": "#null", "uv": [ 0.0, 0.0, 0.5, 0.5 ], "enabled": false },
						"down": { "texture": "#null", "uv": [ 0.0, 0.0, 0.5, 0.5 ], "enabled": false }
					},
					"children": [
						{
							"name": "0",
							"from": [ 10.5, 2.0406, -0.02 ],
							"to": [ 16.5, 7.5406, 16.01 ],
							"rotationOrigin": [ 9.1012, 4.7906, 8.0 ],
							"rotationZ": 7.5,
							"faces": {
								"north": { "texture": "#material", "uv": [ 0.0, 0.0, 5.5, 6.0 ], "rotation": 90 },
								"east": { "texture": "#material", "uv": [ 0.0, 0.0, 16.0, 5.5 ] },
								"south": { "texture": "#material", "uv": [ 0.0, 0.0, 5.5, 6.0 ], "rotation": 90 },
								"west": { "texture": "#material", "uv": [ 0.0, 0.0, 16.0, 5.5 ] },
								"up": { "texture": "#material", "uv": [ 0.0, 0.0, 16.0, 6.0 ], "rotation": 90 },
								"down": { "texture": "#material", "uv": [ 0.0, 0.0, 16.0, 6.0 ], "rotation": 90 }
							}
						},
						{
							"name": "1",
							"from": [ 3.5, 2.0406, -0.02 ],
							"to": [ 10.5, 7.5406, 16.01 ],
							"rotationOrigin": [ 9.1012, 4.7906, 8.0 ],
							"rotationZ": 7.5,
							"faces": {
								"north": { "texture": "#material", "uv": [ 0.0, 8.0, 5.5, 15.0 ], "rotation": 90 },
								"east": { "texture": "#material", "uv": [ 0.0, 0.0, 16.0, 5.5 ] },
								"south": { "texture": "#material", "uv": [ 0.0, 8.0, 5.5, 15.0 ], "rotation": 90 },
								"west": { "texture": "#material", "uv": [ 0.0, 0.0, 16.0, 5.5 ] },
								"up": { "texture": "#material", "uv": [ 0.0, 8.0, 16.0, 15.0 ], "rotation": 90 },
								"down": { "texture": "#material", "uv": [ 0.0, 8.0, 16.0, 15.0 ], "rotation": 90 }
							}
						},
						{
							"name": "2",
							"from": [ 2.5, -0.3761, -0.04 ],
							"to": [ 8.5, 4.6239, 16.02 ],
							"rotationOrigin": [ 1.1012, 2.1239, 8.0 ],
							"rotationZ": 7.5,
							"faces": {
								"north": { "texture": "#material", "uv": [ 0.0, 0.0, 5.0, 6.0 ], "rotation": 90 },
								"east": { "texture": "#material", "uv": [ 0.0, 0.0, 16.0, 5.0 ] },
								"south": { "texture": "#material", "uv": [ 0.0, 0.0, 5.0, 6.0 ], "rotation": 90 },
								"west": { "texture": "#material", "uv": [ 0.0, 0.0, 16.0, 5.0 ] },
								"up": { "texture": "#material", "uv": [ 0.0, 0.0, 16.0, 6.0 ], "rotation": 90 },
								"down": { "texture": "#material", "uv": [ 0.0, 0.0, 16.0, 6.0 ], "rotation": 90 }
							}
						},
						{
							"name": "3",
							"from": [ -4.5, -0.3761, -0.04 ],
							"to": [ 2.5, 4.6239, 16.02 ],
							"rotationOrigin": [ 1.1012, 2.1239, 8.0 ],
							"rotationZ": 7.5,
							"faces": {
								"north": { "texture": "#material", "uv": [ 0.0, 8.0, 5.0, 15.0 ], "rotation": 90 },
								"east": { "texture": "#material", "uv": [ 0.0, 0.0, 16.0, 5.0 ] },
								"south": { "texture": "#material", "uv": [ 0.0, 8.0, 5.0, 15.0 ], "rotation": 90 },
								"west": { "texture": "#material", "uv": [ 0.0, 0.0, 16.0, 5.0 ] },
								"up": { "texture": "#material", "uv": [ 0.0, 8.0, 16.0, 15.0 ], "rotation": 90 },
								"down": { "texture": "#material", "uv": [ 0.0, 8.0, 16.0, 15.0 ], "rotation": 90 }
							}
						}
					]
				},
				{
					"name": "upper",
					"from": [ 0.0, 10.66, 0.0 ],
					"to": [ 0.0, 10.66, 0.0 ],
					"renderInEditor": false,
					"faces": {
						"north": { "texture": "#null", "uv": [ 0.0, 0.0, 0.5, 0.5 ], "enabled": false },
						"east": { "texture": "#null", "uv": [ 0.0, 0.0, 0.5, 0.5 ], "enabled": false },
						"south": { "texture": "#null", "uv": [ 0.0, 0.0, 0.5, 0.5 ], "enabled": false },
						"west": { "texture": "#null", "uv": [ 0.0, 0.0, 0.5, 0.5 ], "enabled": false },
						"up": { "texture": "#null", "uv": [ 0.0, 0.0, 0.5, 0.5 ], "enabled": false },
						"down": { "texture": "#null", "uv": [ 0.0, 0.0, 0.5, 0.5 ], "enabled": false }
					},
					"children": [
						{
							"name": "0",
							"from": [ 10.5, 2.0406, -0.02 ],
							"to": [ 16.5, 7.5406, 16.01 ],
							"rotationOrigin": [ 9.1012, 4.7906, 8.0 ],
							"rotationZ": 7.5,
							"faces": {
								"north": { "texture": "#material", "uv": [ 0.0, 0.0, 5.5, 6.0 ], "rotation": 90 },
								"east": { "texture": "#material", "uv": [ 0.0, 0.0, 16.0, 5.5 ] },
								"south": { "texture": "#material", "uv": [ 0.0, 0.0, 5.5, 6.0 ], "rotation": 90 },
								"west": { "texture": "#material", "uv": [ 0.0, 0.0, 16.0, 5.5 ] },
								"up": { "texture": "#material", "uv": [ 0.0, 0.0, 16.0, 6.0 ], "rotation": 90 },
								"down": { "texture": "#material", "uv": [ 0.0, 0.0, 16.0, 6.0 ], "rotation": 90 }
							}
						},
						{
							"name": "1",
							"from": [ 3.5, 2.0406, -0.02 ],
							"to": [ 10.5, 7.5406, 16.01 ],
							"rotationOrigin": [ 9.1012, 4.7906, 8.0 ],
							"rotationZ": 7.5,
							"faces": {
								"north": { "texture": "#material", "uv": [ 0.0, 8.0, 5.5, 15.0 ], "rotation": 90 },
								"east": { "texture": "#material", "uv": [ 0.0, 0.0, 16.0, 5.5 ] },
								"south": { "texture": "#material", "uv": [ 0.0, 8.0, 5.5, 15.0 ], "rotation": 90 },
								"west": { "texture": "#material", "uv": [ 0.0, 0.0, 16.0, 5.5 ] },
								"up": { "texture": "#material", "uv": [ 0.0, 8.0, 16.0, 15.0 ], "rotation": 90 },
								"down": { "texture": "#material", "uv": [ 0.0, 8.0, 16.0, 15.0 ], "rotation": 90 }
							}
						},
						{
							"name": "2",
							"from": [ 2.5, -0.3761, -0.04 ],
							"to": [ 8.5, 4.6239, 16.02 ],
							"rotationOrigin": [ 1.1012, 2.1239, 8.0 ],
							"rotationZ": 7.5,
							"faces": {
								"north": { "texture": "#material", "uv": [ 0.0, 0.0, 5.0, 6.0 ], "rotation": 90 },
								"east": { "texture": "#material", "uv": [ 0.0, 0.0, 16.0, 5.0 ] },
								"south": { "texture": "#material", "uv": [ 0.0, 0.0, 5.0, 6.0 ], "rotation": 90 },
								"west": { "texture": "#material", "uv": [ 0.0, 0.0, 16.0, 5.0 ] },
								"up": { "texture": "#material", "uv": [ 0.0, 0.0, 16.0, 6.0 ], "rotation": 90 },
								"down": { "texture": "#material", "uv": [ 0.0, 0.0, 16.0, 6.0 ], "rotation": 90 }
							}
						},
						{
							"name": "3",
							"from": [ -4.5, -0.3761, -0.04 ],
							"to": [ 2.5, 4.6239, 16.02 ],
							"rotationOrigin": [ 1.1012, 2.1239, 8.0 ],
							"rotationZ": 7.5,
							"faces": {
								"north": { "texture": "#material", "uv": [ 0.0, 8.0, 5.0, 15.0 ], "rotation": 90 },
								"east": { "texture": "#material", "uv": [ 0.0, 0.0, 16.0, 5.0 ] },
								"south": { "texture": "#material", "uv": [ 0.0, 8.0, 5.0, 15.0 ], "rotation": 90 },
								"west": { "texture": "#material", "uv": [ 0.0, 0.0, 16.0, 5.0 ] },
								"up": { "texture": "#material", "uv": [ 0.0, 8.0, 16.0, 15.0 ], "rotation": 90 },
								"down": { "texture": "#material", "uv": [ 0.0, 8.0, 16.0, 15.0 ], "rotation": 90 }
							}
						}
					]
				}
			]
		}
	]}