{"editor": {"allAngles": false, "entityTextureMode": false}, "textureWidth": 16, "textureHeight": 16, "textureSizes": {}, "textures": {}, "elements": [{"name": "main", "from": [0.0, 0.0, 0.0], "to": [0.0, 0.0, 0.0], "faces": {"north": {"texture": "#null", "uv": [0.0, 0.0, 0.5, 0.5], "enabled": false}, "east": {"texture": "#null", "uv": [0.0, 0.0, 0.5, 0.5], "enabled": false}, "south": {"texture": "#null", "uv": [0.0, 0.0, 0.5, 0.5], "enabled": false}, "west": {"texture": "#null", "uv": [0.0, 0.0, 0.5, 0.5], "enabled": false}, "up": {"texture": "#null", "uv": [0.0, 0.0, 0.5, 0.5], "enabled": false}, "down": {"texture": "#null", "uv": [0.0, 0.0, 0.5, 0.5], "enabled": false}}, "children": [{"name": "middle", "from": [0.0, 0.0, 0.0], "to": [0.0, 0.0, 0.0], "faces": {"north": {"texture": "#null", "uv": [0.0, 0.0, 0.5, 0.5], "enabled": false}, "east": {"texture": "#null", "uv": [0.0, 0.0, 0.5, 0.5], "enabled": false}, "south": {"texture": "#null", "uv": [0.0, 0.0, 0.5, 0.5], "enabled": false}, "west": {"texture": "#null", "uv": [0.0, 0.0, 0.5, 0.5], "enabled": false}, "up": {"texture": "#null", "uv": [0.0, 0.0, 0.5, 0.5], "enabled": false}, "down": {"texture": "#null", "uv": [0.0, 0.0, 0.5, 0.5], "enabled": false}}, "children": [{"name": "0", "from": [10.53, 8.1893, -0.02], "to": [17.53, 13.6893, 16.01], "rotationOrigin": [9.5251, 10.9393, 8.0], "rotationZ": 35.0, "faces": {"north": {"texture": "#material", "uv": [0.0, 0.0, 5.5, 7.0], "rotation": 90}, "east": {"texture": "#material", "uv": [0.0, 0.0, 16.0, 5.5]}, "south": {"texture": "#material", "uv": [0.0, 0.0, 5.5, 7.0], "rotation": 90}, "west": {"texture": "#material", "uv": [0.0, 0.0, 16.0, 5.5]}, "up": {"texture": "#material", "uv": [0.0, 0.0, 16.0, 7.0], "rotation": 90}, "down": {"texture": "#material", "uv": [0.0, 0.0, 16.0, 7.0], "rotation": 90}}, "children": [{"name": "snow", "from": [0.0, 5.5, 0.025], "to": [7.000000000000002, 8.5, 16.015], "rotationOrigin": [9.5251, 10.9393, 8.0], "faces": {"north": {"uv": [0.0, 5.5, 7.000000000000002, 8.5], "texture": "#snowcover"}, "east": {"uv": [0.005000000000000001, 5.5, 15.995000000000001, 8.5], "texture": "#snowcover"}, "south": {"uv": [0.0, 5.5, 7.000000000000002, 8.5], "texture": "#snowcover"}, "west": {"uv": [0.005000000000000001, 5.5, 15.995000000000001, 8.5], "texture": "#snowcover"}, "up": {"texture": "#snowcover", "uv": [0.0, 0.0, 16.0, 7.0], "rotation": 90}, "down": {"texture": "#snowcover", "uv": [0.0, 0.0, 16.0, 7.0], "rotation": 90}}}]}, {"name": "1", "from": [3.53, 8.1893, -0.02], "to": [10.53, 13.6893, 16.01], "rotationOrigin": [9.5251, 10.9393, 8.0], "rotationZ": 35.0, "faces": {"north": {"texture": "#material", "uv": [0.0, 0.0, 5.5, 7.0], "rotation": 90}, "east": {"texture": "#material", "uv": [0.0, 0.0, 16.0, 5.5]}, "south": {"texture": "#material", "uv": [0.0, 0.0, 5.5, 7.0], "rotation": 90}, "west": {"texture": "#material", "uv": [0.0, 0.0, 16.0, 5.5]}, "up": {"texture": "#material", "uv": [0.0, 8.0, 16.0, 15.0], "rotation": 90}, "down": {"texture": "#material", "uv": [0.0, 8.0, 16.0, 15.0], "rotation": 90}}, "children": [{"name": "snow", "from": [0.0, 5.5, 0.02], "to": [7.0, 8.5, 16.02], "rotationOrigin": [9.5251, 10.9393, 8.0], "faces": {"north": {"uv": [0.0, 5.5, 7.0, 8.5], "texture": "#snowcover"}, "east": {"uv": [0.0, 5.5, 16.0, 8.5], "texture": "#snowcover"}, "south": {"uv": [0.0, 5.5, 7.0, 8.5], "texture": "#snowcover"}, "west": {"uv": [0.0, 5.5, 16.0, 8.5], "texture": "#snowcover"}, "up": {"texture": "#snowcover", "uv": [0.0, 8.0, 16.0, 15.0], "rotation": 90}, "down": {"texture": "#snowcover", "uv": [0.0, 8.0, 16.0, 15.0], "rotation": 90}}}]}, {"name": "2", "from": [2.53, 0.4393, -0.04], "to": [10.53, 5.4393, 16.02], "rotationOrigin": [1.5251, 2.9393, 8.0], "rotationZ": 35.0, "faces": {"north": {"texture": "#material", "uv": [0.0, 0.0, 5.0, 8.0], "rotation": 90}, "east": {"texture": "#material", "uv": [0.0, 0.0, 16.0, 5.0]}, "south": {"texture": "#material", "uv": [0.0, 0.0, 5.0, 8.0], "rotation": 90}, "west": {"texture": "#material", "uv": [0.0, 0.0, 16.0, 5.0]}, "up": {"texture": "#material", "uv": [0.0, 0.0, 16.0, 8.0], "rotation": 90}, "down": {"texture": "#material", "uv": [0.0, 0.0, 16.0, 8.0], "rotation": 90}}, "children": [{"name": "snow", "from": [0.0, 5.0, 0.045], "to": [8.0, 8.0, 16.035], "rotationOrigin": [1.5251, 2.9393, 8.0], "faces": {"north": {"uv": [0.0, 5.0, 8.0, 8.0], "texture": "#snowcover"}, "east": {"uv": [0.0049999999999999975, 5.0, 15.995000000000001, 8.0], "texture": "#snowcover"}, "south": {"uv": [0.0, 5.0, 8.0, 8.0], "texture": "#snowcover"}, "west": {"uv": [0.0049999999999999975, 5.0, 15.995000000000001, 8.0], "texture": "#snowcover"}, "up": {"texture": "#snowcover", "uv": [0.0, 0.0, 16.0, 8.0], "rotation": 90}, "down": {"texture": "#snowcover", "uv": [0.0, 0.0, 16.0, 8.0], "rotation": 90}}}]}, {"name": "3", "from": [-4.47, 0.4393, -0.04], "to": [2.53, 5.4393, 16.02], "rotationOrigin": [1.5251, 2.9393, 8.0], "rotationZ": 35.0, "faces": {"north": {"texture": "#material", "uv": [0.0, 0.0, 5.0, 7.0], "rotation": 90}, "east": {"texture": "#material", "uv": [0.0, 0.0, 16.0, 5.0]}, "south": {"texture": "#material", "uv": [0.0, 0.0, 5.0, 7.0], "rotation": 90}, "west": {"texture": "#material", "uv": [0.0, 0.0, 16.0, 5.0]}, "up": {"texture": "#material", "uv": [0.0, 8.0, 16.0, 15.0], "rotation": 90}, "down": {"texture": "#material", "uv": [0.0, 8.0, 16.0, 15.0], "rotation": 90}}, "children": [{"name": "snow", "from": [0.0, 5.0, 0.04], "to": [7.0, 8.0, 16.04], "rotationOrigin": [1.5251, 2.9393, 8.0], "faces": {"north": {"uv": [0.0, 5.0, 7.0, 8.0], "texture": "#snowcover"}, "east": {"uv": [0.0, 5.0, 16.0, 8.0], "texture": "#snowcover"}, "south": {"uv": [0.0, 5.0, 7.0, 8.0], "texture": "#snowcover"}, "west": {"uv": [0.0, 5.0, 16.0, 8.0], "texture": "#snowcover"}, "up": {"texture": "#snowcover", "uv": [0.0, 8.0, 16.0, 15.0], "rotation": 90}, "down": {"texture": "#snowcover", "uv": [0.0, 8.0, 16.0, 15.0], "rotation": 90}}}]}]}]}]}