{
	"editor": {
		"allAngles": false,
		"entityTextureMode": false
	},
	"textureWidth": 16,
	"textureHeight": 16,
	"textureSizes": {
	},
	"textures": {
	},
	"elements": [
		{
			"name": "body",
			"from": [ 2.1, 0.7, 6.6 ],
			"to": [ 5.6, 1.925, 9.4 ],
			"rotationOrigin": [ 2.1, 1.4, 6.2 ],
			"faces": {
				"north": { "texture": "#catfish1", "uv": [ 2.25, 8.5, 9.95, 10.425 ], "autoUv": false },
				"east": { "texture": "#catfish1", "uv": [ 2.75, 7.25, 9.75, 9.175 ], "autoUv": false },
				"south": { "texture": "#catfish1", "uv": [ 1.5, 9.5, 10.6, 11.425 ], "autoUv": false },
				"west": { "texture": "#catfish1", "uv": [ 2.5, 6.75, 9.5, 8.675 ], "autoUv": false },
				"up": { "texture": "#catfish1", "uv": [ 3.0, 8.5, 10.0, 10.6 ], "autoUv": false },
				"down": { "texture": "#catfish1", "uv": [ 3.0, 8.75, 9.3, 10.85 ], "autoUv": false }
			},
			"children": [
				{
					"name": "body2",
					"from": [ 2.8, 0.0, 0.175 ],
					"to": [ 7.0, 1.12, 2.625 ],
					"rotationOrigin": [ 2.8, 0.0, 1.4 ],
					"faces": {
						"north": { "texture": "#catfish1", "uv": [ 2.0, 8.5, 9.7, 10.25 ], "autoUv": false },
						"east": { "texture": "#catfish1", "uv": [ 2.5, 7.0, 9.15, 8.75 ], "autoUv": false },
						"south": { "texture": "#catfish1", "uv": [ 2.5, 7.5, 10.2, 9.25 ], "autoUv": false },
						"west": { "texture": "#catfish1", "uv": [ 2.75, 6.75, 8.7, 8.5 ], "autoUv": false },
						"up": { "texture": "#catfish1", "uv": [ 2.5, 9.75, 9.5, 11.5 ], "autoUv": false },
						"down": { "texture": "#catfish1", "uv": [ 2.5, 9.5, 9.5, 11.25 ], "autoUv": false }
					},
					"children": [
						{
							"name": "tail",
							"from": [ 2.8, 0.0, 0.175 ],
							"to": [ 5.0, 1.05, 2.275 ],
							"rotationOrigin": [ 2.8, 0.0, 1.19 ],
							"faces": {
								"north": { "texture": "#catfish1", "uv": [ 4.0, 6.5, 6.0, 7.5 ] },
								"east": { "texture": "#catfish1", "uv": [ 4.5, 8.0, 6.5, 9.0 ] },
								"south": { "texture": "#catfish1", "uv": [ 3.5, 9.0, 5.5, 10.0 ] },
								"west": { "texture": "#catfish1", "uv": [ 3.5, 7.0, 5.5, 8.0 ] },
								"up": { "texture": "#catfish1", "uv": [ 0.5, 9.0, 2.5, 11.0 ] },
								"down": { "texture": "#catfish1", "uv": [ 4.5, 6.5, 6.5, 8.5 ] }
							},
							"children": [
								{
									"name": "tail ridge",
									"from": [ 1.4, 0.455, 0.7 ],
									"to": [ 2.2, 1.155, 1.4 ],
									"rotationOrigin": [ 1.4, 0.0, 0.7 ],
									"faces": {
										"north": { "texture": "#catfish1", "uv": [ 3.0, 10.5, 3.5, 11.0 ] },
										"east": { "texture": "#catfish1", "uv": [ 4.0, 10.5, 4.5, 11.0 ] },
										"south": { "texture": "#catfish1", "uv": [ 1.5, 10.0, 2.0, 10.5 ] },
										"west": { "texture": "#catfish1", "uv": [ 3.0, 10.5, 3.5, 11.0 ] },
										"up": { "texture": "#catfish1", "uv": [ 1.75, 13.5, 2.45, 14.2 ], "autoUv": false },
										"down": { "texture": "#catfish1", "uv": [ 3.5, 9.5, 4.0, 10.0 ] }
									}
								},
								{
									"name": "tail 2",
									"from": [ 1.8, 0.0, 0.35 ],
									"to": [ 3.6, 0.91, 1.75 ],
									"rotationOrigin": [ 1.8, 0.0, 1.05 ],
									"faces": {
										"north": { "texture": "#catfish1", "uv": [ 2.75, 9.25, 9.75, 10.825 ], "autoUv": false },
										"east": { "texture": "#catfish1", "uv": [ 3.0, 9.5, 8.6, 11.075 ], "autoUv": false },
										"south": { "texture": "#catfish1", "uv": [ 2.5, 8.75, 8.8, 10.325 ], "autoUv": false },
										"west": { "texture": "#catfish1", "uv": [ 2.75, 9.0, 9.05, 10.575 ], "autoUv": false },
										"up": { "texture": "#catfish1", "uv": [ 2.0, 10.5, 8.3, 11.9 ], "autoUv": false },
										"down": { "texture": "#catfish1", "uv": [ 3.5, 9.25, 9.8, 10.65 ], "autoUv": false }
									},
									"children": [
										{
											"name": "tail ridge 2",
											"from": [ 0.0, 0.35, 0.35 ],
											"to": [ 2.1, 1.05, 1.05 ],
											"faces": {
												"north": { "texture": "#catfish1", "uv": [ 3.0, 8.5, 5.0, 9.0 ] },
												"east": { "texture": "#catfish1", "uv": [ 3.0, 8.0, 3.5, 8.5 ] },
												"south": { "texture": "#catfish1", "uv": [ 3.0, 10.0, 5.0, 10.5 ] },
												"west": { "texture": "#catfish1", "uv": [ 3.5, 10.0, 4.0, 10.5 ] },
												"up": { "texture": "#catfish1", "uv": [ 2.0, 13.5, 2.525, 14.2 ], "autoUv": false },
												"down": { "texture": "#catfish1", "uv": [ 3.5, 8.0, 5.5, 8.5 ] }
											}
										},
										{
											"name": "belly 4",
											"from": [ 0.0, -0.21, 0.175 ],
											"to": [ 2.1, 0.49, 1.225 ],
											"rotationOrigin": [ 0.0, -0.7, 0.0 ],
											"faces": {
												"north": { "texture": "#catfish1", "uv": [ 4.0, 6.75, 6.1, 7.45 ] },
												"east": { "texture": "#catfish1", "uv": [ 5.25, 8.25, 6.3, 8.95 ] },
												"south": { "texture": "#catfish1", "uv": [ 1.75, 11.5, 3.85, 12.2 ] },
												"west": { "texture": "#catfish1", "uv": [ 3.5, 5.0, 4.55, 5.7 ] },
												"up": { "texture": "#catfish1", "uv": [ 5.25, 8.75, 7.35, 9.8 ] },
												"down": { "texture": "#catfish1", "uv": [ 3.5, 5.25, 5.6, 6.3 ] }
											}
										},
										{
											"name": "tailfin",
											"from": [ 1.27, 1.6205, 0.7 ],
											"to": [ 2.7522, 3.4, 0.7847 ],
											"rotationOrigin": [ 2.114, 0.644, 0.777 ],
											"rotationZ": -90.0,
											"faces": {
												"north": { "texture": "#catfish1", "uv": [ 0.0, 1.0, 1.4, 3.45 ], "autoUv": false },
												"east": { "texture": "#catfish1", "uv": [ 0.0, 0.0, 0.25, 1.75 ] },
												"south": { "texture": "#catfish1", "uv": [ 1.0, 1.0, 1.7, 2.925 ], "autoUv": false },
												"west": { "texture": "#catfish1", "uv": [ 0.0, 0.0, 0.25, 1.75 ] },
												"up": { "texture": "#catfish1", "uv": [ 0.0, 0.0, 1.25, 0.25 ] },
												"down": { "texture": "#catfish1", "uv": [ 0.0, 0.0, 1.25, 0.25 ] }
											},
											"children": [
												{
													"name": "tailfin2",
													"from": [ 0.336, -0.7, 0.0 ],
													"to": [ 1.6065, 1.988, 0.0847 ],
													"rotationOrigin": [ 0.847, -0.7, 0.0 ],
													"rotationZ": -22.5,
													"faces": {
														"north": { "texture": "#catfish1", "uv": [ 0.0, 1.0, 0.525, 4.85 ], "autoUv": false },
														"east": { "texture": "#catfish1", "uv": [ 0.0, 0.0, 0.35, 2.45 ] },
														"south": { "texture": "#catfish1", "uv": [ 1.0, 1.0, 2.225, 4.325 ], "autoUv": false },
														"west": { "texture": "#catfish1", "uv": [ 0.0, 0.0, 0.35, 2.45 ] },
														"up": { "texture": "#catfish1", "uv": [ 0.0, 0.0, 1.05, 0.35 ] },
														"down": { "texture": "#catfish1", "uv": [ 0.0, 0.0, 1.05, 0.35 ] }
													}
												},
												{
													"name": "tailfin3",
													"from": [ 0.49, -1.4, 0.0 ],
													"to": [ 1.7605, 1.96, 0.0847 ],
													"rotationOrigin": [ 0.847, -1.4, 0.0 ],
													"rotationZ": 27.0,
													"faces": {
														"north": { "texture": "#catfish1", "uv": [ 0.0, 1.0, 1.225, 8.0 ], "autoUv": false },
														"east": { "texture": "#catfish1", "uv": [ 0.0, 0.0, 0.35, 3.15 ] },
														"south": { "texture": "#catfish1", "uv": [ 1.0, 1.0, 1.525, 5.9 ], "autoUv": false },
														"west": { "texture": "#catfish1", "uv": [ 0.0, 0.0, 0.35, 3.15 ] },
														"up": { "texture": "#catfish1", "uv": [ 0.0, 0.0, 1.05, 0.35 ] },
														"down": { "texture": "#catfish1", "uv": [ 0.0, 0.0, 1.05, 0.35 ] }
													}
												}
											]
										}
									]
								},
								{
									"name": "belly 3",
									"from": [ -0.1, -0.28, 0.35 ],
									"to": [ 2.4, 0.42, 1.75 ],
									"rotationOrigin": [ -0.1, -0.7, 0.0 ],
									"faces": {
										"north": { "texture": "#catfish1", "uv": [ 7.0, 5.0, 9.5, 5.5 ] },
										"east": { "texture": "#catfish1", "uv": [ 6.0, 10.0, 7.0, 10.5 ] },
										"south": { "texture": "#catfish1", "uv": [ 3.0, 4.0, 5.5, 4.5 ] },
										"west": { "texture": "#catfish1", "uv": [ 4.0, 7.5, 5.0, 8.0 ] },
										"up": { "texture": "#catfish1", "uv": [ 3.5, 8.0, 6.0, 9.0 ] },
										"down": { "texture": "#catfish1", "uv": [ 4.0, 4.5, 6.5, 5.5 ] }
									}
								}
							]
						},
						{
							"name": "body ridge 2",
							"from": [ 0.7, 0.7, 0.525 ],
							"to": [ 4.2, 1.225, 1.925 ],
							"rotationOrigin": [ 0.7, 0.7, 0.0 ],
							"faces": {
								"north": { "texture": "#catfish1", "uv": [ 5.25, 8.25, 8.75, 8.775 ] },
								"east": { "texture": "#catfish1", "uv": [ 2.5, 9.25, 3.9, 9.775 ] },
								"south": { "texture": "#catfish1", "uv": [ 1.5, 8.0, 5.0, 8.525 ] },
								"west": { "texture": "#catfish1", "uv": [ 1.0, 10.0, 2.4, 10.525 ] },
								"up": { "texture": "#catfish1", "uv": [ 1.75, 13.5, 2.45, 14.2 ], "autoUv": false },
								"down": { "texture": "#catfish1", "uv": [ 2.5, 8.5, 6.0, 9.9 ] }
							},
							"children": [
								{
									"name": "dorsal fin 15",
									"from": [ -0.98, 0.0, 0.7 ],
									"to": [ 0.42, 1.4, 0.77 ],
									"rotationOrigin": [ -0.98, -0.63, 0.7 ],
									"rotationZ": -12.0,
									"faces": {
										"north": { "texture": "#catfish1", "uv": [ 0.0, 1.0, 2.1, 3.1 ], "autoUv": false },
										"east": { "texture": "#catfish1", "uv": [ 0.0, 0.0, 0.35, 1.4 ] },
										"south": { "texture": "#catfish1", "uv": [ 0.0, 0.0, 1.4, 1.4 ] },
										"west": { "texture": "#catfish1", "uv": [ 0.0, 0.0, 0.35, 1.4 ] },
										"up": { "texture": "#catfish1", "uv": [ 0.0, 0.0, 1.4, 0.35 ] },
										"down": { "texture": "#catfish1", "uv": [ 0.0, 0.0, 1.4, 0.35 ] }
									}
								},
								{
									"name": "dorsal fin 16",
									"from": [ 0.28, -0.07, 0.7 ],
									"to": [ 2.1, 1.26, 0.77 ],
									"rotationOrigin": [ -0.42, -0.42, 0.7 ],
									"rotationZ": -9.1,
									"faces": {
										"north": { "texture": "#catfish1", "uv": [ 0.0, 1.0, 1.75, 2.05 ], "autoUv": false },
										"east": { "texture": "#catfish1", "uv": [ 0.0, 0.0, 0.35, 1.05 ] },
										"south": { "texture": "#catfish1", "uv": [ 0.0, 0.0, 1.75, 1.05 ] },
										"west": { "texture": "#catfish1", "uv": [ 0.0, 0.0, 0.35, 1.05 ] },
										"up": { "texture": "#catfish1", "uv": [ 0.0, 0.0, 1.75, 0.35 ] },
										"down": { "texture": "#catfish1", "uv": [ 0.0, 0.0, 1.75, 0.35 ] }
									}
								}
							]
						},
						{
							"name": "belly 2",
							"from": [ -0.1, -0.28, 0.35 ],
							"to": [ 3.4, 0.42, 2.1 ],
							"rotationOrigin": [ -0.1, -0.7, 0.0 ],
							"faces": {
								"north": { "texture": "#catfish1", "uv": [ 6.0, 10.0, 9.5, 10.5 ] },
								"east": { "texture": "#catfish1", "uv": [ 5.5, 8.5, 7.0, 9.0 ] },
								"south": { "texture": "#catfish1", "uv": [ 2.5, 7.0, 6.0, 7.5 ] },
								"west": { "texture": "#catfish1", "uv": [ 2.0, 9.0, 3.5, 9.5 ] },
								"up": { "texture": "#catfish1", "uv": [ 1.5, 5.0, 5.0, 6.5 ] },
								"down": { "texture": "#catfish1", "uv": [ 8.0, 8.0, 11.5, 9.5 ] }
							}
						},
						{
							"name": "left back fin52",
							"from": [ 2.744, 0.182, 2.429 ],
							"to": [ 2.8112, 1.302, 2.989 ],
							"rotationOrigin": [ 2.744, 0.182, 2.429 ],
							"rotationX": 140.0,
							"rotationY": 26.5,
							"rotationZ": -37.5,
							"faces": {
								"north": { "texture": "#catfish1", "uv": [ 0.0, 0.0, 0.35, 1.05 ] },
								"east": { "texture": "#catfish1", "uv": [ 0.0, 0.0, 0.35, 1.05 ] },
								"south": { "texture": "#catfish1", "uv": [ 0.0, 0.0, 0.35, 1.05 ] },
								"west": { "texture": "#catfish1", "uv": [ 0.0, 0.0, 0.35, 1.05 ] },
								"up": { "texture": "#catfish1", "uv": [ 0.0, 0.0, 0.35, 0.35 ] },
								"down": { "texture": "#catfish1", "uv": [ 0.0, 0.0, 0.35, 0.35 ] }
							},
							"children": [
								{
									"name": "left fin53",
									"from": [ 0.0, 0.1553, 0.0643 ],
									"to": [ 0.0672, 1.2753, 0.6243 ],
									"rotationOrigin": [ 0.0, 0.1553, 0.0643 ],
									"rotationX": 45.0,
									"faces": {
										"north": { "texture": "#catfish1", "uv": [ 0.0, 0.0, 0.28, 1.12 ] },
										"east": { "texture": "#catfish1", "uv": [ 0.0, 0.0, 0.56, 1.12 ] },
										"south": { "texture": "#catfish1", "uv": [ 0.0, 0.0, 0.28, 1.12 ] },
										"west": { "texture": "#catfish1", "uv": [ 0.0, 0.0, 0.56, 1.12 ] },
										"up": { "texture": "#catfish1", "uv": [ 0.0, 0.0, 0.28, 0.56 ] },
										"down": { "texture": "#catfish1", "uv": [ 0.0, 0.0, 0.28, 0.56 ] }
									}
								},
								{
									"name": "left fin 54",
									"from": [ 0.0, 0.616, 0.224 ],
									"to": [ 0.0672, 1.176, 0.784 ],
									"rotationOrigin": [ 0.0, 0.616, 0.224 ],
									"rotationX": 22.5,
									"faces": {
										"north": { "texture": "#catfish1", "uv": [ 0.0, 0.0, 0.28, 0.56 ] },
										"east": { "texture": "#catfish1", "uv": [ 0.0, 0.0, 0.56, 0.56 ] },
										"south": { "texture": "#catfish1", "uv": [ 0.0, 0.0, 0.28, 0.56 ] },
										"west": { "texture": "#catfish1", "uv": [ 0.0, 0.0, 0.56, 0.56 ] },
										"up": { "texture": "#catfish1", "uv": [ 0.0, 0.0, 0.28, 0.56 ] },
										"down": { "texture": "#catfish1", "uv": [ 0.0, 0.0, 0.28, 0.56 ] }
									}
								}
							]
						},
						{
							"name": "rihgt back fin55",
							"from": [ 3.444, -0.238, -0.028 ],
							"to": [ 3.5112, 0.882, 0.532 ],
							"rotationOrigin": [ 3.444, -0.168, 0.322 ],
							"rotationX": -166.1,
							"rotationY": 0.1,
							"rotationZ": -41.4,
							"faces": {
								"north": { "texture": "#catfish1", "uv": [ 0.0, 0.0, 0.175, 1.05 ] },
								"east": { "texture": "#catfish1", "uv": [ 0.0, 0.0, 0.525, 1.05 ] },
								"south": { "texture": "#catfish1", "uv": [ 0.0, 0.0, 0.175, 1.05 ] },
								"west": { "texture": "#catfish1", "uv": [ 0.0, 0.0, 0.525, 1.05 ] },
								"up": { "texture": "#catfish1", "uv": [ 0.0, 0.0, 0.175, 0.525 ] },
								"down": { "texture": "#catfish1", "uv": [ 0.0, 0.0, 0.175, 0.525 ] }
							},
							"children": [
								{
									"name": "right fin56",
									"from": [ 0.0, 0.1553, 0.0643 ],
									"to": [ 0.0672, 1.2753, 0.6243 ],
									"rotationOrigin": [ 0.0, 0.1553, 0.0643 ],
									"rotationX": 45.0,
									"faces": {
										"north": { "texture": "#catfish1", "uv": [ 0.0, 0.0, 0.28, 1.12 ] },
										"east": { "texture": "#catfish1", "uv": [ 0.0, 0.0, 0.56, 1.12 ] },
										"south": { "texture": "#catfish1", "uv": [ 0.0, 0.0, 0.28, 1.12 ] },
										"west": { "texture": "#catfish1", "uv": [ 0.0, 0.0, 0.56, 1.12 ] },
										"up": { "texture": "#catfish1", "uv": [ 0.0, 0.0, 0.28, 0.56 ] },
										"down": { "texture": "#catfish1", "uv": [ 0.0, 0.0, 0.28, 0.56 ] }
									}
								},
								{
									"name": "rightfin 57",
									"from": [ 0.0, 0.616, 0.224 ],
									"to": [ 0.0672, 1.176, 0.784 ],
									"rotationOrigin": [ 0.0, 0.616, 0.224 ],
									"rotationX": 22.5,
									"faces": {
										"north": { "texture": "#catfish1", "uv": [ 0.0, 0.0, 0.28, 0.56 ] },
										"east": { "texture": "#catfish1", "uv": [ 0.0, 0.0, 0.56, 0.56 ] },
										"south": { "texture": "#catfish1", "uv": [ 0.0, 0.0, 0.28, 0.56 ] },
										"west": { "texture": "#catfish1", "uv": [ 0.0, 0.0, 0.56, 0.56 ] },
										"up": { "texture": "#catfish1", "uv": [ 0.0, 0.0, 0.28, 0.56 ] },
										"down": { "texture": "#catfish1", "uv": [ 0.0, 0.0, 0.28, 0.56 ] }
									}
								}
							]
						}
					]
				},
				{
					"name": "body ridge",
					"from": [ -1.4, 0.7, 0.7 ],
					"to": [ 3.5, 1.4, 2.1 ],
					"rotationOrigin": [ -1.4, 0.7, 0.7 ],
					"faces": {
						"north": { "texture": "#catfish1", "uv": [ 2.0, 9.75, 6.9, 10.45 ] },
						"east": { "texture": "#catfish1", "uv": [ 5.0, 7.25, 6.4, 7.95 ] },
						"south": { "texture": "#catfish1", "uv": [ 2.25, 9.5, 7.15, 10.2 ] },
						"west": { "texture": "#catfish1", "uv": [ 2.0, 9.0, 3.4, 9.7 ] },
						"up": { "texture": "#catfish1", "uv": [ 2.25, 14.0, 2.95, 14.7 ], "autoUv": false },
						"down": { "texture": "#catfish1", "uv": [ 0.75, 7.75, 5.65, 9.15 ] }
					},
					"children": [
						{
							"name": "dorsal fin 13",
							"from": [ 2.87, 0.0, 0.7 ],
							"to": [ 4.27, 1.4, 0.77 ],
							"rotationOrigin": [ 2.59, -0.35, 0.7 ],
							"rotationZ": -1.7,
							"faces": {
								"north": { "texture": "#catfish1", "uv": [ 0.0, 0.0, 1.4, 1.4 ] },
								"east": { "texture": "#catfish1", "uv": [ 0.0, 0.0, 0.35, 1.4 ] },
								"south": { "texture": "#catfish1", "uv": [ 0.0, 0.0, 1.4, 1.4 ] },
								"west": { "texture": "#catfish1", "uv": [ 0.0, 0.0, 0.35, 1.4 ] },
								"up": { "texture": "#catfish1", "uv": [ 0.0, 0.0, 1.4, 0.35 ] },
								"down": { "texture": "#catfish1", "uv": [ 0.0, 0.0, 1.4, 0.35 ] }
							}
						},
						{
							"name": "dorsal fin 14",
							"from": [ 2.94, 1.4, 0.7 ],
							"to": [ 4.34, 2.8, 0.77 ],
							"rotationOrigin": [ 2.94, 1.4, 0.7 ],
							"rotationY": -2.0,
							"rotationZ": -150.1,
							"faces": {
								"north": { "texture": "#catfish1", "uv": [ 0.0, 0.0, 1.4, 1.4 ] },
								"east": { "texture": "#catfish1", "uv": [ 0.0, 0.0, 0.35, 1.4 ] },
								"south": { "texture": "#catfish1", "uv": [ 0.0, 0.0, 1.4, 1.4 ] },
								"west": { "texture": "#catfish1", "uv": [ 0.0, 0.0, 0.35, 1.4 ] },
								"up": { "texture": "#catfish1", "uv": [ 0.0, 0.0, 1.4, 0.35 ] },
								"down": { "texture": "#catfish1", "uv": [ 0.0, 0.0, 1.4, 0.35 ] }
							}
						}
					]
				},
				{
					"name": "head",
					"from": [ -1.4, 0.0, 0.35 ],
					"to": [ 0.7, 1.19, 2.45 ],
					"rotationOrigin": [ -0.42, 0.7, 1.4 ],
					"faces": {
						"north": { "texture": "#catfish1", "uv": [ 2.25, 5.5, 3.65, 6.725 ], "autoUv": false },
						"east": { "texture": "#catfish1", "uv": [ 7.25, 9.5, 8.65, 10.725 ], "autoUv": false },
						"south": { "texture": "#catfish1", "uv": [ 4.75, 7.5, 6.15, 8.725 ], "autoUv": false },
						"west": { "texture": "#catfish1", "uv": [ 1.5, 6.5, 2.9, 7.725 ], "autoUv": false },
						"up": { "texture": "#catfish1", "uv": [ 2.75, 7.75, 4.15, 9.15 ], "autoUv": false },
						"down": { "texture": "#catfish1", "uv": [ 3.25, 6.75, 4.65, 8.15 ], "autoUv": false }
					},
					"children": [
						{
							"name": "forehead",
							"from": [ 1.05, 0.28, -0.175 ],
							"to": [ 2.45, 1.68, 2.275 ],
							"rotationOrigin": [ 0.91, -0.42, 0.0 ],
							"rotationZ": 78.0,
							"faces": {
								"north": { "texture": "#catfish1", "uv": [ 0.5, 0.5, 6.8, 2.6 ], "autoUv": false },
								"east": { "texture": "#catfish1", "uv": [ 0.5, 0.5, 2.95, 1.9 ] },
								"south": { "texture": "#catfish1", "uv": [ 6.5, 0.75, 12.8, 2.85 ], "autoUv": false },
								"west": { "texture": "#catfish1", "uv": [ 0.5, 0.75, 2.95, 1.45 ], "autoUv": false },
								"up": { "texture": "#catfish1", "uv": [ 7.75, 0.75, 13.35, 10.9 ], "autoUv": false },
								"down": { "texture": "#catfish1", "uv": [ 0.5, 0.5, 1.9, 0.85 ], "autoUv": false }
							},
							"children": [
								{
									"name": "jaw",
									"from": [ -0.35, -0.35, -0.2 ],
									"to": [ 0.14, 1.4, 2.65 ],
									"rotationOrigin": [ 0.0, 0.0, 1.025 ],
									"rotationZ": 8.5,
									"faces": {
										"north": { "texture": "#catfish1", "uv": [ 6.5, 7.0, 7.0, 8.5 ] },
										"east": { "texture": "#catfish1", "uv": [ 4.0, 6.5, 6.5, 8.0 ] },
										"south": { "texture": "#catfish1", "uv": [ 3.5, 10.0, 4.0, 11.5 ] },
										"west": { "texture": "#catfish1", "uv": [ 5.5, 5.0, 8.0, 6.5 ] },
										"up": { "texture": "#catfish1", "uv": [ 4.5, 6.0, 5.0, 8.5 ] },
										"down": { "texture": "#catfish1", "uv": [ 5.0, 6.5, 5.5, 9.0 ] }
									},
									"children": [
										{
											"name": "l whisker 1",
											"from": [ 0.77, 0.7, 2.1 ],
											"to": [ 0.84, 0.77, 3.5 ],
											"rotationOrigin": [ 0.77, 0.7, 2.1 ],
											"rotationX": 20.5,
											"rotationZ": 24.0,
											"faces": {
												"north": { "texture": "#catfish1", "uv": [ 0.0, 0.0, 0.35, 0.35 ] },
												"east": { "texture": "#catfish1", "uv": [ 0.0, 0.0, 1.4, 0.35 ] },
												"south": { "texture": "#catfish1", "uv": [ 0.0, 0.0, 0.35, 0.35 ] },
												"west": { "texture": "#catfish1", "uv": [ 0.0, 0.0, 1.4, 0.35 ] },
												"up": { "texture": "#catfish1", "uv": [ 0.0, 0.0, 0.35, 1.4 ] },
												"down": { "texture": "#catfish1", "uv": [ 0.0, 0.0, 0.35, 1.4 ] }
											},
											"children": [
												{
													"name": "Cube61",
													"from": [ 0.0, 0.0, 1.4 ],
													"to": [ 0.07, 0.07, 2.8 ],
													"rotationOrigin": [ 0.0, 0.0, 1.4 ],
													"rotationX": 61.0,
													"faces": {
														"north": { "texture": "#catfish1", "uv": [ 0.0, 0.0, 0.35, 0.35 ] },
														"east": { "texture": "#catfish1", "uv": [ 0.0, 0.0, 1.4, 0.35 ] },
														"south": { "texture": "#catfish1", "uv": [ 0.0, 0.0, 0.35, 0.35 ] },
														"west": { "texture": "#catfish1", "uv": [ 0.0, 0.0, 1.4, 0.35 ] },
														"up": { "texture": "#catfish1", "uv": [ 0.0, 0.0, 0.35, 1.4 ] },
														"down": { "texture": "#catfish1", "uv": [ 0.0, 0.0, 0.35, 1.4 ] }
													}
												}
											]
										},
										{
											"name": "l whisker 62",
											"from": [ 1.05, 0.7, 2.1 ],
											"to": [ 1.12, 0.77, 3.5 ],
											"rotationOrigin": [ 1.05, 0.7, 2.1 ],
											"rotationX": 37.5,
											"rotationY": 9.0,
											"rotationZ": 24.0,
											"faces": {
												"north": { "texture": "#catfish1", "uv": [ 0.0, 0.0, 0.35, 0.35 ] },
												"east": { "texture": "#catfish1", "uv": [ 0.0, 0.0, 1.4, 0.35 ] },
												"south": { "texture": "#catfish1", "uv": [ 0.0, 0.0, 0.35, 0.35 ] },
												"west": { "texture": "#catfish1", "uv": [ 0.0, 0.0, 1.4, 0.35 ] },
												"up": { "texture": "#catfish1", "uv": [ 0.0, 0.0, 0.35, 1.4 ] },
												"down": { "texture": "#catfish1", "uv": [ 0.0, 0.0, 0.35, 1.4 ] }
											},
											"children": [
												{
													"name": "Cube63",
													"from": [ 0.0, 0.0, 1.4 ],
													"to": [ 0.07, 0.07, 2.8 ],
													"rotationOrigin": [ 0.0, 0.0, 1.4 ],
													"rotationX": 45.0,
													"faces": {
														"north": { "texture": "#catfish1", "uv": [ 0.0, 0.0, 0.35, 0.35 ] },
														"east": { "texture": "#catfish1", "uv": [ 0.0, 0.0, 1.4, 0.35 ] },
														"south": { "texture": "#catfish1", "uv": [ 0.0, 0.0, 0.35, 0.35 ] },
														"west": { "texture": "#catfish1", "uv": [ 0.0, 0.0, 1.4, 0.35 ] },
														"up": { "texture": "#catfish1", "uv": [ 0.0, 0.0, 0.35, 1.4 ] },
														"down": { "texture": "#catfish1", "uv": [ 0.0, 0.0, 0.35, 1.4 ] }
													}
												}
											]
										},
										{
											"name": "l whisker 64",
											"from": [ 0.77, 1.26, 2.1 ],
											"to": [ 0.84, 1.33, 3.5 ],
											"rotationOrigin": [ 0.77, 1.26, 2.1 ],
											"rotationX": 37.5,
											"rotationY": 7.0,
											"rotationZ": 16.0,
											"faces": {
												"north": { "texture": "#catfish1", "uv": [ 0.0, 0.0, 0.35, 0.35 ] },
												"east": { "texture": "#catfish1", "uv": [ 0.0, 0.0, 1.4, 0.35 ] },
												"south": { "texture": "#catfish1", "uv": [ 0.0, 0.0, 0.35, 0.35 ] },
												"west": { "texture": "#catfish1", "uv": [ 0.0, 0.0, 1.4, 0.35 ] },
												"up": { "texture": "#catfish1", "uv": [ 0.0, 0.0, 0.35, 1.4 ] },
												"down": { "texture": "#catfish1", "uv": [ 0.0, 0.0, 0.35, 1.4 ] }
											},
											"children": [
												{
													"name": "Cube65",
													"from": [ 0.0, 0.0, 1.4 ],
													"to": [ 0.07, 0.07, 2.8 ],
													"rotationOrigin": [ 0.0, 0.0, 1.4 ],
													"rotationX": 45.0,
													"faces": {
														"north": { "texture": "#catfish1", "uv": [ 0.0, 0.0, 0.35, 0.35 ] },
														"east": { "texture": "#catfish1", "uv": [ 0.0, 0.0, 1.4, 0.35 ] },
														"south": { "texture": "#catfish1", "uv": [ 0.0, 0.0, 0.35, 0.35 ] },
														"west": { "texture": "#catfish1", "uv": [ 0.0, 0.0, 1.4, 0.35 ] },
														"up": { "texture": "#catfish1", "uv": [ 0.0, 0.0, 0.35, 1.4 ] },
														"down": { "texture": "#catfish1", "uv": [ 0.0, 0.0, 0.35, 1.4 ] }
													}
												}
											]
										},
										{
											"name": "r whisker 1",
											"from": [ 0.98, 0.56, -0.98 ],
											"to": [ 1.05, 0.63, 0.42 ],
											"rotationOrigin": [ 0.98, 0.56, 0.42 ],
											"rotationX": -28.0,
											"rotationZ": 23.0,
											"faces": {
												"north": { "texture": "#catfish1", "uv": [ 0.0, 0.0, 0.35, 0.35 ] },
												"east": { "texture": "#catfish1", "uv": [ 0.0, 0.0, 1.4, 0.35 ] },
												"south": { "texture": "#catfish1", "uv": [ 0.0, 0.0, 0.35, 0.35 ] },
												"west": { "texture": "#catfish1", "uv": [ 0.0, 0.0, 1.4, 0.35 ] },
												"up": { "texture": "#catfish1", "uv": [ 0.0, 0.0, 0.35, 1.4 ] },
												"down": { "texture": "#catfish1", "uv": [ 0.0, 0.0, 0.35, 1.4 ] }
											},
											"children": [
												{
													"name": "r whisker 67",
													"from": [ 0.0, 0.0, -1.4 ],
													"to": [ 0.07, 0.07, 0.07 ],
													"rotationOrigin": [ 0.0, 0.0, 0.0 ],
													"rotationX": -60.0,
													"faces": {
														"north": { "texture": "#catfish1", "uv": [ 0.0, 0.0, 0.35, 0.35 ] },
														"east": { "texture": "#catfish1", "uv": [ 0.0, 0.0, 1.4, 0.35 ] },
														"south": { "texture": "#catfish1", "uv": [ 0.0, 0.0, 0.35, 0.35 ] },
														"west": { "texture": "#catfish1", "uv": [ 0.0, 0.0, 1.4, 0.35 ] },
														"up": { "texture": "#catfish1", "uv": [ 0.0, 0.0, 0.35, 1.4 ] },
														"down": { "texture": "#catfish1", "uv": [ 0.0, 0.0, 0.35, 1.4 ] }
													}
												}
											]
										},
										{
											"name": "r whisker 68",
											"from": [ 1.05, 1.26, -0.98 ],
											"to": [ 1.12, 1.33, 0.42 ],
											"rotationOrigin": [ 1.05, 1.26, 0.42 ],
											"rotationX": -25.0,
											"rotationZ": 20.0,
											"faces": {
												"north": { "texture": "#catfish1", "uv": [ 0.0, 0.0, 0.35, 0.35 ] },
												"east": { "texture": "#catfish1", "uv": [ 0.0, 0.0, 1.4, 0.35 ] },
												"south": { "texture": "#catfish1", "uv": [ 0.0, 0.0, 0.35, 0.35 ] },
												"west": { "texture": "#catfish1", "uv": [ 0.0, 0.0, 1.4, 0.35 ] },
												"up": { "texture": "#catfish1", "uv": [ 0.0, 0.0, 0.35, 1.4 ] },
												"down": { "texture": "#catfish1", "uv": [ 0.0, 0.0, 0.35, 1.4 ] }
											},
											"children": [
												{
													"name": "r whisker 69",
													"from": [ 0.0, 0.0, -1.4 ],
													"to": [ 0.07, 0.07, 0.07 ],
													"rotationOrigin": [ 0.0, 0.0, 0.0 ],
													"rotationX": -60.0,
													"faces": {
														"north": { "texture": "#catfish1", "uv": [ 0.0, 0.0, 0.35, 0.35 ] },
														"east": { "texture": "#catfish1", "uv": [ 0.0, 0.0, 1.4, 0.35 ] },
														"south": { "texture": "#catfish1", "uv": [ 0.0, 0.0, 0.35, 0.35 ] },
														"west": { "texture": "#catfish1", "uv": [ 0.0, 0.0, 1.4, 0.35 ] },
														"up": { "texture": "#catfish1", "uv": [ 0.0, 0.0, 0.35, 1.4 ] },
														"down": { "texture": "#catfish1", "uv": [ 0.0, 0.0, 0.35, 1.4 ] }
													}
												}
											]
										},
										{
											"name": "r whisker 70",
											"from": [ 0.7, 0.56, -0.98 ],
											"to": [ 0.77, 0.63, 0.42 ],
											"rotationOrigin": [ 0.7, 0.56, 0.42 ],
											"rotationX": -20.0,
											"rotationZ": 12.0,
											"faces": {
												"north": { "texture": "#catfish1", "uv": [ 0.0, 0.0, 0.35, 0.35 ] },
												"east": { "texture": "#catfish1", "uv": [ 0.0, 0.0, 1.4, 0.35 ] },
												"south": { "texture": "#catfish1", "uv": [ 0.0, 0.0, 0.35, 0.35 ] },
												"west": { "texture": "#catfish1", "uv": [ 0.0, 0.0, 1.4, 0.35 ] },
												"up": { "texture": "#catfish1", "uv": [ 0.0, 0.0, 0.35, 1.4 ] },
												"down": { "texture": "#catfish1", "uv": [ 0.0, 0.0, 0.35, 1.4 ] }
											},
											"children": [
												{
													"name": "r whisker 71",
													"from": [ 0.0, 0.0, -1.4 ],
													"to": [ 0.07, 0.07, 0.07 ],
													"rotationOrigin": [ 0.0, 0.0, 0.0 ],
													"rotationX": -60.0,
													"faces": {
														"north": { "texture": "#catfish1", "uv": [ 0.0, 0.0, 0.35, 0.35 ] },
														"east": { "texture": "#catfish1", "uv": [ 0.0, 0.0, 1.4, 0.35 ] },
														"south": { "texture": "#catfish1", "uv": [ 0.0, 0.0, 0.35, 0.35 ] },
														"west": { "texture": "#catfish1", "uv": [ 0.0, 0.0, 1.4, 0.35 ] },
														"up": { "texture": "#catfish1", "uv": [ 0.0, 0.0, 0.35, 1.4 ] },
														"down": { "texture": "#catfish1", "uv": [ 0.0, 0.0, 0.35, 1.4 ] }
													}
												}
											]
										}
									]
								},
								{
									"name": "right eye",
									"from": [ 0.83, 1.25, 0.175 ],
									"to": [ 1.53, 1.95, 0.875 ],
									"rotationOrigin": [ 0.8315, 1.5974, 0.525 ],
									"rotationX": -5.09,
									"rotationY": -4.15,
									"rotationZ": -96.63,
									"faces": {
										"north": { "texture": "#catfish1", "uv": [ 2.5, 6.5, 3.0, 7.0 ] },
										"east": { "texture": "#catfish1", "uv": [ 3.5, 7.5, 4.0, 8.0 ] },
										"south": { "texture": "#catfish1", "uv": [ 3.5, 7.0, 4.0, 7.5 ] },
										"west": { "texture": "#catfish1", "uv": [ 1.5, 1.0, 2.0, 1.5 ] },
										"up": { "texture": "#catfish1", "uv": [ 2.5, 6.5, 3.0, 7.0 ] },
										"down": { "texture": "#catfish1", "uv": [ 3.5, 3.5, 4.0, 4.0 ] }
									}
								},
								{
									"name": "left eye",
									"from": [ 0.83, 1.176, 1.575 ],
									"to": [ 1.53, 1.876, 2.275 ],
									"rotationOrigin": [ 0.8315, 1.5274, 1.855 ],
									"rotationX": 0.92,
									"rotationY": 2.94,
									"rotationZ": -96.67,
									"faces": {
										"north": { "texture": "#catfish1", "uv": [ 4.5, 5.5, 5.0, 6.0 ] },
										"east": { "texture": "#catfish1", "uv": [ 3.5, 5.0, 4.0, 5.5 ] },
										"south": { "texture": "#catfish1", "uv": [ 4.0, 6.5, 4.5, 7.0 ] },
										"west": { "texture": "#catfish1", "uv": [ 1.0, 1.0, 1.5, 1.5 ] },
										"up": { "texture": "#catfish1", "uv": [ 2.5, 4.0, 3.0, 4.5 ] },
										"down": { "texture": "#catfish1", "uv": [ 5.0, 4.0, 5.5, 4.5 ] }
									}
								}
							]
						}
					]
				},
				{
					"name": "belly1",
					"from": [ -1.4, -0.35, 0.35 ],
					"to": [ 2.8, 0.35, 2.45 ],
					"rotationOrigin": [ -1.4, -0.7, 0.0 ],
					"faces": {
						"north": { "texture": "#catfish1", "uv": [ 4.0, 10.25, 8.2, 10.95 ] },
						"east": { "texture": "#catfish1", "uv": [ 6.75, 8.25, 8.85, 8.95 ] },
						"south": { "texture": "#catfish1", "uv": [ 2.25, 4.25, 6.45, 4.95 ] },
						"west": { "texture": "#catfish1", "uv": [ 1.75, 7.0, 3.85, 7.7 ] },
						"up": { "texture": "#catfish1", "uv": [ 5.75, 7.25, 9.95, 9.35 ] },
						"down": { "texture": "#catfish1", "uv": [ 2.5, 7.0, 6.7, 9.1 ] }
					}
				},
				{
					"name": "left fin",
					"from": [ 0.63, 0.49, 2.73 ],
					"to": [ 0.714, 1.89, 3.43 ],
					"rotationOrigin": [ 0.63, 0.49, 2.73 ],
					"rotationX": 90.0,
					"rotationY": 22.5,
					"rotationZ": -22.5,
					"faces": {
						"north": { "texture": "#catfish1", "uv": [ 0.0, 0.0, 0.35, 1.4 ] },
						"east": { "texture": "#catfish1", "uv": [ 0.0, 0.0, 0.7, 1.4 ] },
						"south": { "texture": "#catfish1", "uv": [ 0.0, 0.0, 0.35, 1.4 ] },
						"west": { "texture": "#catfish1", "uv": [ 0.0, 0.0, 0.7, 1.4 ] },
						"up": { "texture": "#catfish1", "uv": [ 0.0, 0.0, 0.35, 0.7 ] },
						"down": { "texture": "#catfish1", "uv": [ 0.0, 0.0, 0.35, 0.7 ] }
					},
					"children": [
						{
							"name": "left fin25",
							"from": [ 0.0, 0.194, 0.0804 ],
							"to": [ 0.084, 1.594, 0.7804 ],
							"rotationOrigin": [ 0.0, 0.194, 0.0804 ],
							"rotationX": 45.0,
							"faces": {
								"north": { "texture": "#catfish1", "uv": [ 0.0, 0.0, 0.35, 1.4 ] },
								"east": { "texture": "#catfish1", "uv": [ 0.0, 0.0, 0.7, 1.4 ] },
								"south": { "texture": "#catfish1", "uv": [ 0.0, 0.0, 0.35, 1.4 ] },
								"west": { "texture": "#catfish1", "uv": [ 0.0, 0.0, 0.7, 1.4 ] },
								"up": { "texture": "#catfish1", "uv": [ 0.0, 0.0, 0.35, 0.7 ] },
								"down": { "texture": "#catfish1", "uv": [ 0.0, 0.0, 0.35, 0.7 ] }
							}
						},
						{
							"name": "left fin 3",
							"from": [ 0.0, 0.77, 0.28 ],
							"to": [ 0.084, 1.47, 0.98 ],
							"rotationOrigin": [ 0.0, 0.77, 0.28 ],
							"rotationX": 22.5,
							"faces": {
								"north": { "texture": "#catfish1", "uv": [ 0.0, 0.0, 0.35, 0.7 ] },
								"east": { "texture": "#catfish1", "uv": [ 0.0, 0.0, 0.7, 0.7 ] },
								"south": { "texture": "#catfish1", "uv": [ 0.0, 0.0, 0.35, 0.7 ] },
								"west": { "texture": "#catfish1", "uv": [ 0.0, 0.0, 0.7, 0.7 ] },
								"up": { "texture": "#catfish1", "uv": [ 0.0, 0.0, 0.35, 0.7 ] },
								"down": { "texture": "#catfish1", "uv": [ 0.0, 0.0, 0.35, 0.7 ] }
							}
						}
					]
				},
				{
					"name": "rihgt fin",
					"from": [ 0.63, -0.21, 0.14 ],
					"to": [ 0.714, 1.19, 0.84 ],
					"rotationOrigin": [ 0.63, -0.21, 0.14 ],
					"rotationX": -112.5,
					"rotationZ": -22.5,
					"faces": {
						"north": { "texture": "#catfish1", "uv": [ 0.0, 0.0, 0.35, 1.4 ] },
						"east": { "texture": "#catfish1", "uv": [ 0.0, 0.0, 0.7, 1.4 ] },
						"south": { "texture": "#catfish1", "uv": [ 0.0, 0.0, 0.35, 1.4 ] },
						"west": { "texture": "#catfish1", "uv": [ 0.0, 0.0, 0.7, 1.4 ] },
						"up": { "texture": "#catfish1", "uv": [ 0.0, 0.0, 0.35, 0.7 ] },
						"down": { "texture": "#catfish1", "uv": [ 0.0, 0.0, 0.35, 0.7 ] }
					},
					"children": [
						{
							"name": "right fin28",
							"from": [ 0.0, 0.194, 0.0804 ],
							"to": [ 0.084, 1.594, 0.7804 ],
							"rotationOrigin": [ 0.0, 0.194, 0.0804 ],
							"rotationX": 45.0,
							"faces": {
								"north": { "texture": "#catfish1", "uv": [ 0.0, 0.0, 0.35, 1.4 ] },
								"east": { "texture": "#catfish1", "uv": [ 0.0, 0.0, 0.7, 1.4 ] },
								"south": { "texture": "#catfish1", "uv": [ 0.0, 0.0, 0.35, 1.4 ] },
								"west": { "texture": "#catfish1", "uv": [ 0.0, 0.0, 0.7, 1.4 ] },
								"up": { "texture": "#catfish1", "uv": [ 0.0, 0.0, 0.35, 0.7 ] },
								"down": { "texture": "#catfish1", "uv": [ 0.0, 0.0, 0.35, 0.7 ] }
							}
						},
						{
							"name": "rightfin 29",
							"from": [ 0.0, 0.77, 0.28 ],
							"to": [ 0.084, 1.47, 0.98 ],
							"rotationOrigin": [ 0.0, 0.77, 0.28 ],
							"rotationX": 22.5,
							"faces": {
								"north": { "texture": "#catfish1", "uv": [ 0.0, 0.0, 0.35, 0.7 ] },
								"east": { "texture": "#catfish1", "uv": [ 0.0, 0.0, 0.7, 0.7 ] },
								"south": { "texture": "#catfish1", "uv": [ 0.0, 0.0, 0.35, 0.7 ] },
								"west": { "texture": "#catfish1", "uv": [ 0.0, 0.0, 0.7, 0.7 ] },
								"up": { "texture": "#catfish1", "uv": [ 0.0, 0.0, 0.35, 0.7 ] },
								"down": { "texture": "#catfish1", "uv": [ 0.0, 0.0, 0.35, 0.7 ] }
							}
						}
					]
				}
			]
		}
	],
	"animations": [
		{
			"name": "swim",
			"code": "swim",
			"quantityframes": 34,
			"onActivityStopped": "EaseOut",
			"onAnimationEnd": "Repeat",
			"keyframes": [
				{
					"frame": 0,
					"elements": {
						"body": { "rotationX": 0.0, "rotationY": 0.0, "rotationZ": 0.0 }
					}
				},
				{
					"frame": 5,
					"elements": {
						"body": { "rotationX": 0.0, "rotationY": 0.0, "rotationZ": 0.0 }
					}
				},
				{
					"frame": 10,
					"elements": {
						"body": { "rotationX": 0.0, "rotationY": -2.0, "rotationZ": 0.0 },
						"body2": { "rotationX": 0.0, "rotationY": 15.0, "rotationZ": 0.0 },
						"tail": { "rotationX": 0.0, "rotationY": 10.0, "rotationZ": 0.0 },
						"tail 2": { "rotationX": 0.0, "rotationY": 10.0, "rotationZ": 0.0 },
						"tailfin": { "rotationX": 0.0, "rotationY": 0.0, "rotationZ": 0.0 },
						"head": { "rotationX": 0.0, "rotationY": -4.0, "rotationZ": 0.0 }
					}
				},
				{
					"frame": 15,
					"elements": {
						"body": { "rotationX": 0.0, "rotationY": 0.0, "rotationZ": 0.0 }
					}
				},
				{
					"frame": 20,
					"elements": {
						"body": { "rotationX": 0.0, "rotationY": 0.0, "rotationZ": 0.0 }
					}
				},
				{
					"frame": 25,
					"elements": {
						"body": { "rotationX": 0.0, "rotationY": 2.0, "rotationZ": 0.0 },
						"body2": { "rotationX": 0.0, "rotationY": -15.0, "rotationZ": 0.0 },
						"tail": { "rotationX": 0.0, "rotationY": -10.0, "rotationZ": 0.0 },
						"tail 2": { "rotationX": 0.0, "rotationY": -10.0, "rotationZ": 0.0 },
						"tailfin": { "rotationX": 0.0, "rotationY": 0.0, "rotationZ": 0.0 },
						"head": { "rotationX": 0.0, "rotationY": 4.0, "rotationZ": 0.0 }
					}
				},
				{
					"frame": 30,
					"elements": {
						"body": { "rotationX": 0.0, "rotationY": 0.0, "rotationZ": 0.0 }
					}
				}
			]
		},

		{
			"name": "attack",
			"code": "attack",
			"quantityframes": 75,
			"onActivityStopped": "EaseOut",
			"onAnimationEnd": "Stop",
			"keyframes": [
				{
					"frame": 0,
					"elements": {
						"body": { "rotationX": 0.0, "rotationY": 0.0, "rotationZ": 0.0 }
					}
				},
				{
					"frame": 7,
					"elements": {
						"body": { "rotationX": 0.0, "rotationY": 0.0, "rotationZ": 0.0 }
					}
				},
				{
					"frame": 14,
					"elements": {
						"body": { "rotationX": 0.0, "rotationY": 0.0, "rotationZ": 0.0 }
					}
				}
			]
		},

		{
			"name": "idle",
			"code": "idle",
			"quantityframes": 41,
			"onActivityStopped": "EaseOut",
			"onAnimationEnd": "Repeat",
			"keyframes": [
				{
					"frame": 0,
					"elements": {
						"body": { "rotationX": 0.0, "rotationY": 0.0, "rotationZ": 0.0 },
						"rihgt back fin55": { "rotationX": 0.0, "rotationY": 0.0, "rotationZ": 0.0 },
						"left back fin52": { "rotationX": 13.0, "rotationY": 12.0, "rotationZ": -18.0 },
						"rihgt fin": { "rotationX": 0.0, "rotationY": 0.0, "rotationZ": 0.0 },
						"left fin": { "rotationX": 0.0, "rotationY": 0.0, "rotationZ": 0.0 }
					}
				},
				{
					"frame": 10,
					"elements": {
						"body": { "rotationX": 0.0, "rotationY": 0.0, "rotationZ": 0.0 },
						"left back fin52": { "rotationX": 0.0, "rotationY": 0.0, "rotationZ": 0.0 },
						"rihgt back fin55": { "rotationX": 13.0, "rotationY": 12.0, "rotationZ": -20.0 },
						"left fin": { "rotationX": -20.0, "rotationY": -8.0, "rotationZ": 34.0 },
						"rihgt fin": { "rotationX": 0.0, "rotationY": -10.0, "rotationZ": 22.0 }
					}
				},
				{
					"frame": 20,
					"elements": {
						"body": { "rotationX": 0.0, "rotationY": 0.0, "rotationZ": 0.0 },
						"left back fin52": { "rotationX": 15.0, "rotationY": 10.0, "rotationZ": -19.0 },
						"rihgt back fin55": { "rotationX": 0.0, "rotationY": 0.0, "rotationZ": 0.0 },
						"left fin": { "rotationX": 0.0, "rotationY": 0.0, "rotationZ": 0.0 },
						"rihgt fin": { "rotationX": 0.0, "rotationY": 0.0, "rotationZ": 0.0 }
					}
				},
				{
					"frame": 30,
					"elements": {
						"body": { "rotationX": 0.0, "rotationY": 0.0, "rotationZ": 0.0 },
						"left back fin52": { "rotationX": 0.0, "rotationY": 0.0, "rotationZ": 0.0 },
						"rihgt back fin55": { "rotationX": 13.0, "rotationY": 12.0, "rotationZ": -18.0 },
						"left fin": { "rotationX": -19.0, "rotationY": 8.0, "rotationZ": 34.0 },
						"rihgt fin": { "rotationX": 0.0, "rotationY": -10.0, "rotationZ": 16.0 }
					}
				}
			]
		},

		{
			"name": "dead",
			"code": "dead",
			"quantityframes": 30,
			"onActivityStopped": "EaseOut",
			"onAnimationEnd": "Hold",
			"keyframes": [
				{
					"frame": 0,
					"elements": {
						"body": { "rotationX": 0.0, "rotationY": 0.0, "rotationZ": 0.0 }
					}
				},
				{
					"frame": 25,
					"elements": {
						"body": { "rotationX": -180.0, "rotationY": 0.0, "rotationZ": 0.0 }
					}
				}
			]
		},

		{
			"name": "idleSwim",
			"code": "idleSwim",
			"quantityframes": 35,
			"onActivityStopped": "EaseOut",
			"onAnimationEnd": "Repeat",
			"keyframes": [
				{
					"frame": 0,
					"elements": {
						"body": { "rotationX": 0.0, "rotationY": 0.0, "rotationZ": 0.0 }
					}
				},
				{
					"frame": 5,
					"elements": {
						"body": { "rotationX": 0.0, "rotationY": 0.0, "rotationZ": 0.0 },
						"left fin": { "rotationX": 0.0, "rotationY": 0.0, "rotationZ": -25.0 },
						"jaw": { "rotationX": 0.0, "rotationY": 0.0, "rotationZ": -3.0 }
					}
				},
				{
					"frame": 10,
					"elements": {
						"body": { "rotationX": 0.0, "rotationY": 0.0, "rotationZ": 0.0 },
						"body2": { "rotationX": 0.0, "rotationY": 1.0, "rotationZ": 0.0 },
						"tail": { "rotationX": 0.0, "rotationY": 2.0, "rotationZ": 0.0 },
						"tail 2": { "rotationX": 0.0, "rotationY": 3.0, "rotationZ": 0.0 },
						"tailfin": { "rotationX": 0.0, "rotationY": 7.0, "rotationZ": 0.0 },
						"left back fin52": { "rotationX": 0.0, "rotationY": 0.0, "rotationZ": -12.0 },
						"rihgt back fin55": { "rotationX": 0.0, "rotationY": 0.0, "rotationZ": 5.0 },
						"head": { "rotationX": 0.0, "rotationY": -1.0, "rotationZ": 0.0 },
						"rihgt fin": { "rotationX": 0.0, "rotationY": 0.0, "rotationZ": -20.0 }
					}
				},
				{
					"frame": 15,
					"elements": {
						"body": { "rotationX": 0.0, "rotationY": 0.0, "rotationZ": 0.0 }
					}
				},
				{
					"frame": 20,
					"elements": {
						"body": { "rotationX": 0.0, "rotationY": 0.0, "rotationZ": 0.0 }
					}
				},
				{
					"frame": 25,
					"elements": {
						"body": { "rotationX": 0.0, "rotationY": 0.0, "rotationZ": 0.0 },
						"body2": { "rotationX": 0.0, "rotationY": -1.0, "rotationZ": 0.0 },
						"tail": { "rotationX": 0.0, "rotationY": -2.0, "rotationZ": 0.0 },
						"tail 2": { "rotationX": 0.0, "rotationY": -3.0, "rotationZ": 0.0 },
						"tailfin": { "rotationX": 0.0, "rotationY": -7.0, "rotationZ": 0.0 },
						"left back fin52": { "rotationX": 0.0, "rotationY": 0.0, "rotationZ": 5.0 },
						"rihgt back fin55": { "rotationX": 0.0, "rotationY": 0.0, "rotationZ": -12.0 },
						"head": { "rotationX": 0.0, "rotationY": 1.0, "rotationZ": 0.0 },
						"jaw": { "rotationX": 0.0, "rotationY": 0.0, "rotationZ": 1.0 },
						"left fin": { "rotationX": 0.0, "rotationY": 0.0, "rotationZ": -20.0 },
						"rihgt fin": { "rotationX": 0.0, "rotationY": 0.0, "rotationZ": -25.0 }
					}
				},
				{
					"frame": 34,
					"elements": {
						"body": { "rotationX": 0.0, "rotationY": 0.0, "rotationZ": 0.0 }
					}
				}
			]
		}
	]
}