{
	"editor": {
		"allAngles": false,
		"entityTextureMode": false
	},
	"textureWidth": 16,
	"textureHeight": 16,
	"textureSizes": {
	},
	"textures": {
	},
	"elements": [
		{
			"name": "body",
			"from": [ 3.98, 0.56, 6.86 ],
			"to": [ 6.78, 1.54, 9.1 ],
			"rotationOrigin": [ 3.98, 1.12, 7.98 ],
			"faces": {
				"north": { "texture": "#catfish1", "uv": [ 2.25, 8.5, 9.95, 10.425 ], "autoUv": false },
				"east": { "texture": "#catfish1", "uv": [ 2.75, 7.25, 9.75, 9.175 ], "autoUv": false },
				"south": { "texture": "#catfish1", "uv": [ 1.5, 9.5, 10.6, 11.425 ], "autoUv": false },
				"west": { "texture": "#catfish1", "uv": [ 2.5, 6.75, 9.5, 8.675 ], "autoUv": false },
				"up": { "texture": "#catfish1", "uv": [ 3.0, 8.5, 10.0, 10.6 ], "autoUv": false },
				"down": { "texture": "#catfish1", "uv": [ 3.0, 8.75, 9.3, 10.85 ], "autoUv": false }
			},
			"children": [
				{
					"name": "body2",
					"from": [ 2.24, 0.0, 0.14 ],
					"to": [ 5.6, 0.896, 2.1 ],
					"rotationOrigin": [ 2.24, 0.0, 1.12 ],
					"faces": {
						"north": { "texture": "#catfish1", "uv": [ 2.0, 8.5, 9.7, 10.25 ], "autoUv": false },
						"east": { "texture": "#catfish1", "uv": [ 2.5, 7.0, 9.15, 8.75 ], "autoUv": false },
						"south": { "texture": "#catfish1", "uv": [ 2.5, 7.5, 10.2, 9.25 ], "autoUv": false },
						"west": { "texture": "#catfish1", "uv": [ 2.75, 6.75, 8.7, 8.5 ], "autoUv": false },
						"up": { "texture": "#catfish1", "uv": [ 2.5, 9.75, 9.5, 11.5 ], "autoUv": false },
						"down": { "texture": "#catfish1", "uv": [ 2.5, 9.5, 9.5, 11.25 ], "autoUv": false }
					},
					"children": [
						{
							"name": "tail",
							"from": [ 2.24, 0.0, 0.14 ],
							"to": [ 4.0, 0.84, 1.82 ],
							"rotationOrigin": [ 2.24, 0.0, 0.952 ],
							"faces": {
								"north": { "texture": "#catfish1", "uv": [ 4.0, 6.5, 6.0, 7.5 ], "autoUv": false },
								"east": { "texture": "#catfish1", "uv": [ 4.5, 8.0, 6.5, 9.0 ], "autoUv": false },
								"south": { "texture": "#catfish1", "uv": [ 3.5, 9.0, 5.5, 10.0 ], "autoUv": false },
								"west": { "texture": "#catfish1", "uv": [ 3.5, 7.0, 5.5, 8.0 ], "autoUv": false },
								"up": { "texture": "#catfish1", "uv": [ 0.5, 9.0, 2.5, 11.0 ], "autoUv": false },
								"down": { "texture": "#catfish1", "uv": [ 4.5, 6.5, 6.5, 8.5 ], "autoUv": false }
							},
							"children": [
								{
									"name": "tail ridge",
									"from": [ 1.12, 0.364, 0.56 ],
									"to": [ 1.76, 0.924, 1.12 ],
									"rotationOrigin": [ 1.12, 0.0, 0.56 ],
									"faces": {
										"north": { "texture": "#catfish1", "uv": [ 3.0, 10.5, 3.5, 11.0 ], "autoUv": false },
										"east": { "texture": "#catfish1", "uv": [ 4.0, 10.5, 4.5, 11.0 ], "autoUv": false },
										"south": { "texture": "#catfish1", "uv": [ 1.5, 10.0, 2.0, 10.5 ], "autoUv": false },
										"west": { "texture": "#catfish1", "uv": [ 3.0, 10.5, 3.5, 11.0 ], "autoUv": false },
										"up": { "texture": "#catfish1", "uv": [ 1.75, 13.5, 2.45, 14.2 ], "autoUv": false },
										"down": { "texture": "#catfish1", "uv": [ 3.5, 9.5, 4.0, 10.0 ], "autoUv": false }
									}
								},
								{
									"name": "tail 2",
									"from": [ 1.44, 0.0, 0.28 ],
									"to": [ 2.88, 0.728, 1.4 ],
									"rotationOrigin": [ 1.44, 0.0, 0.84 ],
									"faces": {
										"north": { "texture": "#catfish1", "uv": [ 2.75, 9.25, 9.75, 10.825 ], "autoUv": false },
										"east": { "texture": "#catfish1", "uv": [ 3.0, 9.5, 8.6, 11.075 ], "autoUv": false },
										"south": { "texture": "#catfish1", "uv": [ 2.5, 8.75, 8.8, 10.325 ], "autoUv": false },
										"west": { "texture": "#catfish1", "uv": [ 2.75, 9.0, 9.05, 10.575 ], "autoUv": false },
										"up": { "texture": "#catfish1", "uv": [ 2.0, 10.5, 8.3, 11.9 ], "autoUv": false },
										"down": { "texture": "#catfish1", "uv": [ 3.5, 9.25, 9.8, 10.65 ], "autoUv": false }
									},
									"children": [
										{
											"name": "tail ridge 2",
											"from": [ 0.0, 0.28, 0.28 ],
											"to": [ 1.68, 0.84, 0.84 ],
											"faces": {
												"north": { "texture": "#catfish1", "uv": [ 3.0, 8.5, 5.0, 9.0 ], "autoUv": false },
												"east": { "texture": "#catfish1", "uv": [ 3.0, 8.0, 3.5, 8.5 ], "autoUv": false },
												"south": { "texture": "#catfish1", "uv": [ 3.0, 10.0, 5.0, 10.5 ], "autoUv": false },
												"west": { "texture": "#catfish1", "uv": [ 3.5, 10.0, 4.0, 10.5 ], "autoUv": false },
												"up": { "texture": "#catfish1", "uv": [ 2.0, 13.5, 2.525, 14.2 ], "autoUv": false },
												"down": { "texture": "#catfish1", "uv": [ 3.5, 8.0, 5.5, 8.5 ], "autoUv": false }
											}
										},
										{
											"name": "belly 4",
											"from": [ 0.0, -0.168, 0.14 ],
											"to": [ 1.68, 0.392, 0.98 ],
											"rotationOrigin": [ 0.0, -0.56, 0.0 ],
											"faces": {
												"north": { "texture": "#catfish1", "uv": [ 4.0, 6.75, 6.1, 7.45 ], "autoUv": false },
												"east": { "texture": "#catfish1", "uv": [ 5.25, 8.25, 6.3, 8.95 ], "autoUv": false },
												"south": { "texture": "#catfish1", "uv": [ 1.75, 11.5, 3.85, 12.2 ], "autoUv": false },
												"west": { "texture": "#catfish1", "uv": [ 3.5, 5.0, 4.55, 5.7 ], "autoUv": false },
												"up": { "texture": "#catfish1", "uv": [ 5.25, 8.75, 7.35, 9.8 ], "autoUv": false },
												"down": { "texture": "#catfish1", "uv": [ 3.5, 5.25, 5.6, 6.3 ], "autoUv": false }
											}
										},
										{
											"name": "tailfin",
											"from": [ 1.016, 1.2964, 0.56 ],
											"to": [ 2.2018, 2.72, 0.6278 ],
											"rotationOrigin": [ 1.6912, 0.5152, 0.6216 ],
											"rotationZ": -90.0,
											"faces": {
												"north": { "texture": "#catfish1", "uv": [ 0.0, 1.0, 1.4, 3.45 ], "autoUv": false },
												"east": { "texture": "#catfish1", "uv": [ 0.0, 0.0, 0.25, 1.75 ], "autoUv": false },
												"south": { "texture": "#catfish1", "uv": [ 1.0, 1.0, 1.7, 2.925 ], "autoUv": false },
												"west": { "texture": "#catfish1", "uv": [ 0.0, 0.0, 0.25, 1.75 ], "autoUv": false },
												"up": { "texture": "#catfish1", "uv": [ 0.0, 0.0, 1.25, 0.25 ], "autoUv": false },
												"down": { "texture": "#catfish1", "uv": [ 0.0, 0.0, 1.25, 0.25 ], "autoUv": false }
											},
											"children": [
												{
													"name": "tailfin2",
													"from": [ 0.2688, -0.56, 0.0 ],
													"to": [ 1.2852, 1.5904, 0.0678 ],
													"rotationOrigin": [ 0.6776, -0.56, 0.0 ],
													"rotationZ": -22.5,
													"faces": {
														"north": { "texture": "#catfish1", "uv": [ 0.0, 1.0, 0.525, 4.85 ], "autoUv": false },
														"east": { "texture": "#catfish1", "uv": [ 0.0, 0.0, 0.35, 2.45 ], "autoUv": false },
														"south": { "texture": "#catfish1", "uv": [ 1.0, 1.0, 2.225, 4.325 ], "autoUv": false },
														"west": { "texture": "#catfish1", "uv": [ 0.0, 0.0, 0.35, 2.45 ], "autoUv": false },
														"up": { "texture": "#catfish1", "uv": [ 0.0, 0.0, 1.05, 0.35 ], "autoUv": false },
														"down": { "texture": "#catfish1", "uv": [ 0.0, 0.0, 1.05, 0.35 ], "autoUv": false }
													}
												},
												{
													"name": "tailfin3",
													"from": [ 0.392, -1.12, 0.0 ],
													"to": [ 1.4084, 1.568, 0.0678 ],
													"rotationOrigin": [ 0.6776, -1.12, 0.0 ],
													"rotationZ": 27.0,
													"faces": {
														"north": { "texture": "#catfish1", "uv": [ 0.0, 1.0, 1.225, 8.0 ], "autoUv": false },
														"east": { "texture": "#catfish1", "uv": [ 0.0, 0.0, 0.35, 3.15 ], "autoUv": false },
														"south": { "texture": "#catfish1", "uv": [ 1.0, 1.0, 1.525, 5.9 ], "autoUv": false },
														"west": { "texture": "#catfish1", "uv": [ 0.0, 0.0, 0.35, 3.15 ], "autoUv": false },
														"up": { "texture": "#catfish1", "uv": [ 0.0, 0.0, 1.05, 0.35 ], "autoUv": false },
														"down": { "texture": "#catfish1", "uv": [ 0.0, 0.0, 1.05, 0.35 ], "autoUv": false }
													}
												}
											]
										}
									]
								},
								{
									"name": "belly 3",
									"from": [ -0.08, -0.224, 0.28 ],
									"to": [ 1.92, 0.336, 1.4 ],
									"rotationOrigin": [ -0.08, -0.56, 0.0 ],
									"faces": {
										"north": { "texture": "#catfish1", "uv": [ 7.0, 5.0, 9.5, 5.5 ], "autoUv": false },
										"east": { "texture": "#catfish1", "uv": [ 6.0, 10.0, 7.0, 10.5 ], "autoUv": false },
										"south": { "texture": "#catfish1", "uv": [ 3.0, 4.0, 5.5, 4.5 ], "autoUv": false },
										"west": { "texture": "#catfish1", "uv": [ 4.0, 7.5, 5.0, 8.0 ], "autoUv": false },
										"up": { "texture": "#catfish1", "uv": [ 3.5, 8.0, 6.0, 9.0 ], "autoUv": false },
										"down": { "texture": "#catfish1", "uv": [ 4.0, 4.5, 6.5, 5.5 ], "autoUv": false }
									}
								}
							]
						},
						{
							"name": "body ridge 2",
							"from": [ 0.56, 0.56, 0.42 ],
							"to": [ 3.36, 0.98, 1.54 ],
							"rotationOrigin": [ 0.56, 0.56, 0.0 ],
							"faces": {
								"north": { "texture": "#catfish1", "uv": [ 5.25, 8.25, 8.75, 8.775 ], "autoUv": false },
								"east": { "texture": "#catfish1", "uv": [ 2.5, 9.25, 3.9, 9.775 ], "autoUv": false },
								"south": { "texture": "#catfish1", "uv": [ 1.5, 8.0, 5.0, 8.525 ], "autoUv": false },
								"west": { "texture": "#catfish1", "uv": [ 1.0, 10.0, 2.4, 10.525 ], "autoUv": false },
								"up": { "texture": "#catfish1", "uv": [ 1.75, 13.5, 2.45, 14.2 ], "autoUv": false },
								"down": { "texture": "#catfish1", "uv": [ 2.5, 8.5, 6.0, 9.9 ], "autoUv": false }
							},
							"children": [
								{
									"name": "dorsal fin 15",
									"from": [ -0.784, 0.0, 0.56 ],
									"to": [ 0.336, 1.12, 0.616 ],
									"rotationOrigin": [ -0.784, -0.504, 0.56 ],
									"rotationZ": -12.0,
									"faces": {
										"north": { "texture": "#catfish1", "uv": [ 0.0, 1.0, 2.1, 3.1 ], "autoUv": false },
										"east": { "texture": "#catfish1", "uv": [ 0.0, 0.0, 0.35, 1.4 ], "autoUv": false },
										"south": { "texture": "#catfish1", "uv": [ 0.0, 0.0, 1.4, 1.4 ], "autoUv": false },
										"west": { "texture": "#catfish1", "uv": [ 0.0, 0.0, 0.35, 1.4 ], "autoUv": false },
										"up": { "texture": "#catfish1", "uv": [ 0.0, 0.0, 1.4, 0.35 ], "autoUv": false },
										"down": { "texture": "#catfish1", "uv": [ 0.0, 0.0, 1.4, 0.35 ], "autoUv": false }
									}
								},
								{
									"name": "dorsal fin 16",
									"from": [ 0.224, -0.056, 0.56 ],
									"to": [ 1.68, 1.008, 0.616 ],
									"rotationOrigin": [ -0.336, -0.336, 0.56 ],
									"rotationZ": -9.1,
									"faces": {
										"north": { "texture": "#catfish1", "uv": [ 0.0, 1.0, 1.75, 2.05 ], "autoUv": false },
										"east": { "texture": "#catfish1", "uv": [ 0.0, 0.0, 0.35, 1.05 ], "autoUv": false },
										"south": { "texture": "#catfish1", "uv": [ 0.0, 0.0, 1.75, 1.05 ], "autoUv": false },
										"west": { "texture": "#catfish1", "uv": [ 0.0, 0.0, 0.35, 1.05 ], "autoUv": false },
										"up": { "texture": "#catfish1", "uv": [ 0.0, 0.0, 1.75, 0.35 ], "autoUv": false },
										"down": { "texture": "#catfish1", "uv": [ 0.0, 0.0, 1.75, 0.35 ], "autoUv": false }
									}
								}
							]
						},
						{
							"name": "belly 2",
							"from": [ -0.08, -0.224, 0.28 ],
							"to": [ 2.72, 0.336, 1.68 ],
							"rotationOrigin": [ -0.08, -0.56, 0.0 ],
							"faces": {
								"north": { "texture": "#catfish1", "uv": [ 6.0, 10.0, 9.5, 10.5 ], "autoUv": false },
								"east": { "texture": "#catfish1", "uv": [ 5.5, 8.5, 7.0, 9.0 ], "autoUv": false },
								"south": { "texture": "#catfish1", "uv": [ 2.5, 7.0, 6.0, 7.5 ], "autoUv": false },
								"west": { "texture": "#catfish1", "uv": [ 2.0, 9.0, 3.5, 9.5 ], "autoUv": false },
								"up": { "texture": "#catfish1", "uv": [ 1.5, 5.0, 5.0, 6.5 ], "autoUv": false },
								"down": { "texture": "#catfish1", "uv": [ 8.0, 8.0, 11.5, 9.5 ], "autoUv": false }
							}
						},
						{
							"name": "left back fin52",
							"from": [ 2.1952, 0.1456, 1.9432 ],
							"to": [ 2.249, 1.0416, 2.3912 ],
							"rotationOrigin": [ 2.1952, 0.1456, 1.9432 ],
							"rotationX": 140.0,
							"rotationY": 26.5,
							"rotationZ": -37.5,
							"faces": {
								"north": { "texture": "#catfish1", "uv": [ 0.0, 0.0, 0.35, 1.05 ], "autoUv": false },
								"east": { "texture": "#catfish1", "uv": [ 0.0, 0.0, 0.35, 1.05 ], "autoUv": false },
								"south": { "texture": "#catfish1", "uv": [ 0.0, 0.0, 0.35, 1.05 ], "autoUv": false },
								"west": { "texture": "#catfish1", "uv": [ 0.0, 0.0, 0.35, 1.05 ], "autoUv": false },
								"up": { "texture": "#catfish1", "uv": [ 0.0, 0.0, 0.35, 0.35 ], "autoUv": false },
								"down": { "texture": "#catfish1", "uv": [ 0.0, 0.0, 0.35, 0.35 ], "autoUv": false }
							},
							"children": [
								{
									"name": "left fin53",
									"from": [ 0.0, 0.1242, 0.0514 ],
									"to": [ 0.0538, 1.0202, 0.4994 ],
									"rotationOrigin": [ 0.0, 0.1242, 0.0514 ],
									"rotationX": 45.0,
									"faces": {
										"north": { "texture": "#catfish1", "uv": [ 0.0, 0.0, 0.28, 1.12 ], "autoUv": false },
										"east": { "texture": "#catfish1", "uv": [ 0.0, 0.0, 0.56, 1.12 ], "autoUv": false },
										"south": { "texture": "#catfish1", "uv": [ 0.0, 0.0, 0.28, 1.12 ], "autoUv": false },
										"west": { "texture": "#catfish1", "uv": [ 0.0, 0.0, 0.56, 1.12 ], "autoUv": false },
										"up": { "texture": "#catfish1", "uv": [ 0.0, 0.0, 0.28, 0.56 ], "autoUv": false },
										"down": { "texture": "#catfish1", "uv": [ 0.0, 0.0, 0.28, 0.56 ], "autoUv": false }
									}
								},
								{
									"name": "left fin 54",
									"from": [ 0.0, 0.4928, 0.1792 ],
									"to": [ 0.0538, 0.9408, 0.6272 ],
									"rotationOrigin": [ 0.0, 0.4928, 0.1792 ],
									"rotationX": 22.5,
									"faces": {
										"north": { "texture": "#catfish1", "uv": [ 0.0, 0.0, 0.28, 0.56 ], "autoUv": false },
										"east": { "texture": "#catfish1", "uv": [ 0.0, 0.0, 0.56, 0.56 ], "autoUv": false },
										"south": { "texture": "#catfish1", "uv": [ 0.0, 0.0, 0.28, 0.56 ], "autoUv": false },
										"west": { "texture": "#catfish1", "uv": [ 0.0, 0.0, 0.56, 0.56 ], "autoUv": false },
										"up": { "texture": "#catfish1", "uv": [ 0.0, 0.0, 0.28, 0.56 ], "autoUv": false },
										"down": { "texture": "#catfish1", "uv": [ 0.0, 0.0, 0.28, 0.56 ], "autoUv": false }
									}
								}
							]
						},
						{
							"name": "rihgt back fin55",
							"from": [ 2.7552, -0.1904, -0.0224 ],
							"to": [ 2.809, 0.7056, 0.4256 ],
							"rotationOrigin": [ 2.7552, -0.1344, 0.2576 ],
							"rotationX": -166.1,
							"rotationY": 0.1,
							"rotationZ": -41.4,
							"faces": {
								"north": { "texture": "#catfish1", "uv": [ 0.0, 0.0, 0.175, 1.05 ], "autoUv": false },
								"east": { "texture": "#catfish1", "uv": [ 0.0, 0.0, 0.525, 1.05 ], "autoUv": false },
								"south": { "texture": "#catfish1", "uv": [ 0.0, 0.0, 0.175, 1.05 ], "autoUv": false },
								"west": { "texture": "#catfish1", "uv": [ 0.0, 0.0, 0.525, 1.05 ], "autoUv": false },
								"up": { "texture": "#catfish1", "uv": [ 0.0, 0.0, 0.175, 0.525 ], "autoUv": false },
								"down": { "texture": "#catfish1", "uv": [ 0.0, 0.0, 0.175, 0.525 ], "autoUv": false }
							},
							"children": [
								{
									"name": "right fin56",
									"from": [ 0.0, 0.1242, 0.0514 ],
									"to": [ 0.0538, 1.0202, 0.4994 ],
									"rotationOrigin": [ 0.0, 0.1242, 0.0514 ],
									"rotationX": 45.0,
									"faces": {
										"north": { "texture": "#catfish1", "uv": [ 0.0, 0.0, 0.28, 1.12 ], "autoUv": false },
										"east": { "texture": "#catfish1", "uv": [ 0.0, 0.0, 0.56, 1.12 ], "autoUv": false },
										"south": { "texture": "#catfish1", "uv": [ 0.0, 0.0, 0.28, 1.12 ], "autoUv": false },
										"west": { "texture": "#catfish1", "uv": [ 0.0, 0.0, 0.56, 1.12 ], "autoUv": false },
										"up": { "texture": "#catfish1", "uv": [ 0.0, 0.0, 0.28, 0.56 ], "autoUv": false },
										"down": { "texture": "#catfish1", "uv": [ 0.0, 0.0, 0.28, 0.56 ], "autoUv": false }
									}
								},
								{
									"name": "rightfin 57",
									"from": [ 0.0, 0.4928, 0.1792 ],
									"to": [ 0.0538, 0.9408, 0.6272 ],
									"rotationOrigin": [ 0.0, 0.4928, 0.1792 ],
									"rotationX": 22.5,
									"faces": {
										"north": { "texture": "#catfish1", "uv": [ 0.0, 0.0, 0.28, 0.56 ], "autoUv": false },
										"east": { "texture": "#catfish1", "uv": [ 0.0, 0.0, 0.56, 0.56 ], "autoUv": false },
										"south": { "texture": "#catfish1", "uv": [ 0.0, 0.0, 0.28, 0.56 ], "autoUv": false },
										"west": { "texture": "#catfish1", "uv": [ 0.0, 0.0, 0.56, 0.56 ], "autoUv": false },
										"up": { "texture": "#catfish1", "uv": [ 0.0, 0.0, 0.28, 0.56 ], "autoUv": false },
										"down": { "texture": "#catfish1", "uv": [ 0.0, 0.0, 0.28, 0.56 ], "autoUv": false }
									}
								}
							]
						}
					]
				},
				{
					"name": "body ridge",
					"from": [ -1.12, 0.56, 0.56 ],
					"to": [ 2.8, 1.12, 1.68 ],
					"rotationOrigin": [ -1.12, 0.56, 0.56 ],
					"faces": {
						"north": { "texture": "#catfish1", "uv": [ 2.0, 9.75, 6.9, 10.45 ], "autoUv": false },
						"east": { "texture": "#catfish1", "uv": [ 5.0, 7.25, 6.4, 7.95 ], "autoUv": false },
						"south": { "texture": "#catfish1", "uv": [ 2.25, 9.5, 7.15, 10.2 ], "autoUv": false },
						"west": { "texture": "#catfish1", "uv": [ 2.0, 9.0, 3.4, 9.7 ], "autoUv": false },
						"up": { "texture": "#catfish1", "uv": [ 2.25, 14.0, 2.95, 14.7 ], "autoUv": false },
						"down": { "texture": "#catfish1", "uv": [ 0.75, 7.75, 5.65, 9.15 ], "autoUv": false }
					},
					"children": [
						{
							"name": "dorsal fin 13",
							"from": [ 2.296, 0.0, 0.56 ],
							"to": [ 3.416, 1.12, 0.616 ],
							"rotationOrigin": [ 2.072, -0.28, 0.56 ],
							"rotationZ": -1.7,
							"faces": {
								"north": { "texture": "#catfish1", "uv": [ 0.0, 0.0, 1.4, 1.4 ], "autoUv": false },
								"east": { "texture": "#catfish1", "uv": [ 0.0, 0.0, 0.35, 1.4 ], "autoUv": false },
								"south": { "texture": "#catfish1", "uv": [ 0.0, 0.0, 1.4, 1.4 ], "autoUv": false },
								"west": { "texture": "#catfish1", "uv": [ 0.0, 0.0, 0.35, 1.4 ], "autoUv": false },
								"up": { "texture": "#catfish1", "uv": [ 0.0, 0.0, 1.4, 0.35 ], "autoUv": false },
								"down": { "texture": "#catfish1", "uv": [ 0.0, 0.0, 1.4, 0.35 ], "autoUv": false }
							}
						},
						{
							"name": "dorsal fin 14",
							"from": [ 2.352, 1.12, 0.56 ],
							"to": [ 3.472, 2.24, 0.616 ],
							"rotationOrigin": [ 2.352, 1.12, 0.56 ],
							"rotationY": -2.0,
							"rotationZ": -150.1,
							"faces": {
								"north": { "texture": "#catfish1", "uv": [ 0.0, 0.0, 1.4, 1.4 ], "autoUv": false },
								"east": { "texture": "#catfish1", "uv": [ 0.0, 0.0, 0.35, 1.4 ], "autoUv": false },
								"south": { "texture": "#catfish1", "uv": [ 0.0, 0.0, 1.4, 1.4 ], "autoUv": false },
								"west": { "texture": "#catfish1", "uv": [ 0.0, 0.0, 0.35, 1.4 ], "autoUv": false },
								"up": { "texture": "#catfish1", "uv": [ 0.0, 0.0, 1.4, 0.35 ], "autoUv": false },
								"down": { "texture": "#catfish1", "uv": [ 0.0, 0.0, 1.4, 0.35 ], "autoUv": false }
							}
						}
					]
				},
				{
					"name": "head",
					"from": [ -1.12, 0.0, 0.28 ],
					"to": [ 0.56, 0.952, 1.96 ],
					"rotationOrigin": [ -0.336, 0.56, 1.12 ],
					"faces": {
						"north": { "texture": "#catfish1", "uv": [ 2.25, 5.5, 3.65, 6.725 ], "autoUv": false },
						"east": { "texture": "#catfish1", "uv": [ 7.25, 9.5, 8.65, 10.725 ], "autoUv": false },
						"south": { "texture": "#catfish1", "uv": [ 4.75, 7.5, 6.15, 8.725 ], "autoUv": false },
						"west": { "texture": "#catfish1", "uv": [ 1.5, 6.5, 2.9, 7.725 ], "autoUv": false },
						"up": { "texture": "#catfish1", "uv": [ 2.75, 7.75, 4.15, 9.15 ], "autoUv": false },
						"down": { "texture": "#catfish1", "uv": [ 3.25, 6.75, 4.65, 8.15 ], "autoUv": false }
					},
					"children": [
						{
							"name": "forehead",
							"from": [ 0.84, 0.224, -0.14 ],
							"to": [ 1.96, 1.344, 1.82 ],
							"rotationOrigin": [ 0.728, -0.336, 0.0 ],
							"rotationZ": 78.0,
							"faces": {
								"north": { "texture": "#catfish1", "uv": [ 0.5, 0.5, 6.8, 2.6 ], "autoUv": false },
								"east": { "texture": "#catfish1", "uv": [ 0.5, 0.5, 2.95, 1.9 ], "autoUv": false },
								"south": { "texture": "#catfish1", "uv": [ 6.5, 0.75, 12.8, 2.85 ], "autoUv": false },
								"west": { "texture": "#catfish1", "uv": [ 0.5, 0.75, 2.95, 1.45 ], "autoUv": false },
								"up": { "texture": "#catfish1", "uv": [ 7.75, 0.75, 13.35, 10.9 ], "autoUv": false },
								"down": { "texture": "#catfish1", "uv": [ 0.5, 0.5, 1.9, 0.85 ], "autoUv": false }
							},
							"children": [
								{
									"name": "jaw",
									"from": [ -0.28, -0.28, -0.16 ],
									"to": [ 0.112, 1.12, 2.12 ],
									"rotationOrigin": [ 0.0, 0.0, 0.82 ],
									"rotationZ": 8.5,
									"faces": {
										"north": { "texture": "#catfish1", "uv": [ 6.5, 7.0, 7.0, 8.5 ], "autoUv": false },
										"east": { "texture": "#catfish1", "uv": [ 4.0, 6.5, 6.5, 8.0 ], "autoUv": false },
										"south": { "texture": "#catfish1", "uv": [ 3.5, 10.0, 4.0, 11.5 ], "autoUv": false },
										"west": { "texture": "#catfish1", "uv": [ 5.5, 5.0, 8.0, 6.5 ], "autoUv": false },
										"up": { "texture": "#catfish1", "uv": [ 4.5, 6.0, 5.0, 8.5 ], "autoUv": false },
										"down": { "texture": "#catfish1", "uv": [ 5.0, 6.5, 5.5, 9.0 ], "autoUv": false }
									},
									"children": [
										{
											"name": "l whisker 1",
											"from": [ 0.616, 0.56, 1.68 ],
											"to": [ 0.672, 0.616, 2.8 ],
											"rotationOrigin": [ 0.616, 0.56, 1.68 ],
											"rotationX": 20.5,
											"rotationZ": 24.0,
											"faces": {
												"north": { "texture": "#catfish1", "uv": [ 0.0, 0.0, 0.35, 0.35 ], "autoUv": false },
												"east": { "texture": "#catfish1", "uv": [ 0.0, 0.0, 1.4, 0.35 ], "autoUv": false },
												"south": { "texture": "#catfish1", "uv": [ 0.0, 0.0, 0.35, 0.35 ], "autoUv": false },
												"west": { "texture": "#catfish1", "uv": [ 0.0, 0.0, 1.4, 0.35 ], "autoUv": false },
												"up": { "texture": "#catfish1", "uv": [ 0.0, 0.0, 0.35, 1.4 ], "autoUv": false },
												"down": { "texture": "#catfish1", "uv": [ 0.0, 0.0, 0.35, 1.4 ], "autoUv": false }
											},
											"children": [
												{
													"name": "Cube61",
													"from": [ 0.0, 0.0, 1.12 ],
													"to": [ 0.056, 0.056, 2.24 ],
													"rotationOrigin": [ 0.0, 0.0, 1.12 ],
													"rotationX": 61.0,
													"faces": {
														"north": { "texture": "#catfish1", "uv": [ 0.0, 0.0, 0.35, 0.35 ], "autoUv": false },
														"east": { "texture": "#catfish1", "uv": [ 0.0, 0.0, 1.4, 0.35 ], "autoUv": false },
														"south": { "texture": "#catfish1", "uv": [ 0.0, 0.0, 0.35, 0.35 ], "autoUv": false },
														"west": { "texture": "#catfish1", "uv": [ 0.0, 0.0, 1.4, 0.35 ], "autoUv": false },
														"up": { "texture": "#catfish1", "uv": [ 0.0, 0.0, 0.35, 1.4 ], "autoUv": false },
														"down": { "texture": "#catfish1", "uv": [ 0.0, 0.0, 0.35, 1.4 ], "autoUv": false }
													}
												}
											]
										},
										{
											"name": "l whisker 62",
											"from": [ 0.84, 0.56, 1.68 ],
											"to": [ 0.896, 0.616, 2.8 ],
											"rotationOrigin": [ 0.84, 0.56, 1.68 ],
											"rotationX": 37.5,
											"rotationY": 9.0,
											"rotationZ": 24.0,
											"faces": {
												"north": { "texture": "#catfish1", "uv": [ 0.0, 0.0, 0.35, 0.35 ], "autoUv": false },
												"east": { "texture": "#catfish1", "uv": [ 0.0, 0.0, 1.4, 0.35 ], "autoUv": false },
												"south": { "texture": "#catfish1", "uv": [ 0.0, 0.0, 0.35, 0.35 ], "autoUv": false },
												"west": { "texture": "#catfish1", "uv": [ 0.0, 0.0, 1.4, 0.35 ], "autoUv": false },
												"up": { "texture": "#catfish1", "uv": [ 0.0, 0.0, 0.35, 1.4 ], "autoUv": false },
												"down": { "texture": "#catfish1", "uv": [ 0.0, 0.0, 0.35, 1.4 ], "autoUv": false }
											},
											"children": [
												{
													"name": "Cube63",
													"from": [ 0.0, 0.0, 1.12 ],
													"to": [ 0.056, 0.056, 2.24 ],
													"rotationOrigin": [ 0.0, 0.0, 1.12 ],
													"rotationX": 45.0,
													"faces": {
														"north": { "texture": "#catfish1", "uv": [ 0.0, 0.0, 0.35, 0.35 ], "autoUv": false },
														"east": { "texture": "#catfish1", "uv": [ 0.0, 0.0, 1.4, 0.35 ], "autoUv": false },
														"south": { "texture": "#catfish1", "uv": [ 0.0, 0.0, 0.35, 0.35 ], "autoUv": false },
														"west": { "texture": "#catfish1", "uv": [ 0.0, 0.0, 1.4, 0.35 ], "autoUv": false },
														"up": { "texture": "#catfish1", "uv": [ 0.0, 0.0, 0.35, 1.4 ], "autoUv": false },
														"down": { "texture": "#catfish1", "uv": [ 0.0, 0.0, 0.35, 1.4 ], "autoUv": false }
													}
												}
											]
										},
										{
											"name": "l whisker 64",
											"from": [ 0.616, 1.008, 1.68 ],
											"to": [ 0.672, 1.064, 2.8 ],
											"rotationOrigin": [ 0.616, 1.008, 1.68 ],
											"rotationX": 37.5,
											"rotationY": 7.0,
											"rotationZ": 16.0,
											"faces": {
												"north": { "texture": "#catfish1", "uv": [ 0.0, 0.0, 0.35, 0.35 ], "autoUv": false },
												"east": { "texture": "#catfish1", "uv": [ 0.0, 0.0, 1.4, 0.35 ], "autoUv": false },
												"south": { "texture": "#catfish1", "uv": [ 0.0, 0.0, 0.35, 0.35 ], "autoUv": false },
												"west": { "texture": "#catfish1", "uv": [ 0.0, 0.0, 1.4, 0.35 ], "autoUv": false },
												"up": { "texture": "#catfish1", "uv": [ 0.0, 0.0, 0.35, 1.4 ], "autoUv": false },
												"down": { "texture": "#catfish1", "uv": [ 0.0, 0.0, 0.35, 1.4 ], "autoUv": false }
											},
											"children": [
												{
													"name": "Cube65",
													"from": [ 0.0, 0.0, 1.12 ],
													"to": [ 0.056, 0.056, 2.24 ],
													"rotationOrigin": [ 0.0, 0.0, 1.12 ],
													"rotationX": 45.0,
													"faces": {
														"north": { "texture": "#catfish1", "uv": [ 0.0, 0.0, 0.35, 0.35 ], "autoUv": false },
														"east": { "texture": "#catfish1", "uv": [ 0.0, 0.0, 1.4, 0.35 ], "autoUv": false },
														"south": { "texture": "#catfish1", "uv": [ 0.0, 0.0, 0.35, 0.35 ], "autoUv": false },
														"west": { "texture": "#catfish1", "uv": [ 0.0, 0.0, 1.4, 0.35 ], "autoUv": false },
														"up": { "texture": "#catfish1", "uv": [ 0.0, 0.0, 0.35, 1.4 ], "autoUv": false },
														"down": { "texture": "#catfish1", "uv": [ 0.0, 0.0, 0.35, 1.4 ], "autoUv": false }
													}
												}
											]
										},
										{
											"name": "r whisker 1",
											"from": [ 0.784, 0.448, -0.784 ],
											"to": [ 0.84, 0.504, 0.336 ],
											"rotationOrigin": [ 0.784, 0.448, 0.336 ],
											"rotationX": -28.0,
											"rotationZ": 23.0,
											"faces": {
												"north": { "texture": "#catfish1", "uv": [ 0.0, 0.0, 0.35, 0.35 ], "autoUv": false },
												"east": { "texture": "#catfish1", "uv": [ 0.0, 0.0, 1.4, 0.35 ], "autoUv": false },
												"south": { "texture": "#catfish1", "uv": [ 0.0, 0.0, 0.35, 0.35 ], "autoUv": false },
												"west": { "texture": "#catfish1", "uv": [ 0.0, 0.0, 1.4, 0.35 ], "autoUv": false },
												"up": { "texture": "#catfish1", "uv": [ 0.0, 0.0, 0.35, 1.4 ], "autoUv": false },
												"down": { "texture": "#catfish1", "uv": [ 0.0, 0.0, 0.35, 1.4 ], "autoUv": false }
											},
											"children": [
												{
													"name": "r whisker 67",
													"from": [ 0.0, 0.0, -1.12 ],
													"to": [ 0.056, 0.056, 0.056 ],
													"rotationOrigin": [ 0.0, 0.0, 0.0 ],
													"rotationX": -60.0,
													"faces": {
														"north": { "texture": "#catfish1", "uv": [ 0.0, 0.0, 0.35, 0.35 ], "autoUv": false },
														"east": { "texture": "#catfish1", "uv": [ 0.0, 0.0, 1.4, 0.35 ], "autoUv": false },
														"south": { "texture": "#catfish1", "uv": [ 0.0, 0.0, 0.35, 0.35 ], "autoUv": false },
														"west": { "texture": "#catfish1", "uv": [ 0.0, 0.0, 1.4, 0.35 ], "autoUv": false },
														"up": { "texture": "#catfish1", "uv": [ 0.0, 0.0, 0.35, 1.4 ], "autoUv": false },
														"down": { "texture": "#catfish1", "uv": [ 0.0, 0.0, 0.35, 1.4 ], "autoUv": false }
													}
												}
											]
										},
										{
											"name": "r whisker 68",
											"from": [ 0.84, 1.008, -0.784 ],
											"to": [ 0.896, 1.064, 0.336 ],
											"rotationOrigin": [ 0.84, 1.008, 0.336 ],
											"rotationX": -25.0,
											"rotationZ": 20.0,
											"faces": {
												"north": { "texture": "#catfish1", "uv": [ 0.0, 0.0, 0.35, 0.35 ], "autoUv": false },
												"east": { "texture": "#catfish1", "uv": [ 0.0, 0.0, 1.4, 0.35 ], "autoUv": false },
												"south": { "texture": "#catfish1", "uv": [ 0.0, 0.0, 0.35, 0.35 ], "autoUv": false },
												"west": { "texture": "#catfish1", "uv": [ 0.0, 0.0, 1.4, 0.35 ], "autoUv": false },
												"up": { "texture": "#catfish1", "uv": [ 0.0, 0.0, 0.35, 1.4 ], "autoUv": false },
												"down": { "texture": "#catfish1", "uv": [ 0.0, 0.0, 0.35, 1.4 ], "autoUv": false }
											},
											"children": [
												{
													"name": "r whisker 69",
													"from": [ 0.0, 0.0, -1.12 ],
													"to": [ 0.056, 0.056, 0.056 ],
													"rotationOrigin": [ 0.0, 0.0, 0.0 ],
													"rotationX": -60.0,
													"faces": {
														"north": { "texture": "#catfish1", "uv": [ 0.0, 0.0, 0.35, 0.35 ], "autoUv": false },
														"east": { "texture": "#catfish1", "uv": [ 0.0, 0.0, 1.4, 0.35 ], "autoUv": false },
														"south": { "texture": "#catfish1", "uv": [ 0.0, 0.0, 0.35, 0.35 ], "autoUv": false },
														"west": { "texture": "#catfish1", "uv": [ 0.0, 0.0, 1.4, 0.35 ], "autoUv": false },
														"up": { "texture": "#catfish1", "uv": [ 0.0, 0.0, 0.35, 1.4 ], "autoUv": false },
														"down": { "texture": "#catfish1", "uv": [ 0.0, 0.0, 0.35, 1.4 ], "autoUv": false }
													}
												}
											]
										},
										{
											"name": "r whisker 70",
											"from": [ 0.56, 0.448, -0.784 ],
											"to": [ 0.616, 0.504, 0.336 ],
											"rotationOrigin": [ 0.56, 0.448, 0.336 ],
											"rotationX": -20.0,
											"rotationZ": 12.0,
											"faces": {
												"north": { "texture": "#catfish1", "uv": [ 0.0, 0.0, 0.35, 0.35 ], "autoUv": false },
												"east": { "texture": "#catfish1", "uv": [ 0.0, 0.0, 1.4, 0.35 ], "autoUv": false },
												"south": { "texture": "#catfish1", "uv": [ 0.0, 0.0, 0.35, 0.35 ], "autoUv": false },
												"west": { "texture": "#catfish1", "uv": [ 0.0, 0.0, 1.4, 0.35 ], "autoUv": false },
												"up": { "texture": "#catfish1", "uv": [ 0.0, 0.0, 0.35, 1.4 ], "autoUv": false },
												"down": { "texture": "#catfish1", "uv": [ 0.0, 0.0, 0.35, 1.4 ], "autoUv": false }
											},
											"children": [
												{
													"name": "r whisker 71",
													"from": [ 0.0, 0.0, -1.12 ],
													"to": [ 0.056, 0.056, 0.056 ],
													"rotationOrigin": [ 0.0, 0.0, 0.0 ],
													"rotationX": -60.0,
													"faces": {
														"north": { "texture": "#catfish1", "uv": [ 0.0, 0.0, 0.35, 0.35 ], "autoUv": false },
														"east": { "texture": "#catfish1", "uv": [ 0.0, 0.0, 1.4, 0.35 ], "autoUv": false },
														"south": { "texture": "#catfish1", "uv": [ 0.0, 0.0, 0.35, 0.35 ], "autoUv": false },
														"west": { "texture": "#catfish1", "uv": [ 0.0, 0.0, 1.4, 0.35 ], "autoUv": false },
														"up": { "texture": "#catfish1", "uv": [ 0.0, 0.0, 0.35, 1.4 ], "autoUv": false },
														"down": { "texture": "#catfish1", "uv": [ 0.0, 0.0, 0.35, 1.4 ], "autoUv": false }
													}
												}
											]
										}
									]
								},
								{
									"name": "right eye",
									"from": [ 0.664, 1.0, 0.14 ],
									"to": [ 1.224, 1.56, 0.7 ],
									"rotationOrigin": [ 0.6652, 1.2779, 0.42 ],
									"rotationX": -5.09,
									"rotationY": -4.15,
									"rotationZ": -96.63,
									"faces": {
										"north": { "texture": "#catfish1", "uv": [ 2.5, 6.5, 3.0, 7.0 ], "autoUv": false },
										"east": { "texture": "#catfish1", "uv": [ 3.5, 7.5, 4.0, 8.0 ], "autoUv": false },
										"south": { "texture": "#catfish1", "uv": [ 3.5, 7.0, 4.0, 7.5 ], "autoUv": false },
										"west": { "texture": "#catfish1", "uv": [ 1.5, 1.0, 2.0, 1.5 ], "autoUv": false },
										"up": { "texture": "#catfish1", "uv": [ 2.5, 6.5, 3.0, 7.0 ], "autoUv": false },
										"down": { "texture": "#catfish1", "uv": [ 3.5, 3.5, 4.0, 4.0 ], "autoUv": false }
									}
								},
								{
									"name": "left eye",
									"from": [ 0.664, 0.9408, 1.26 ],
									"to": [ 1.224, 1.5008, 1.82 ],
									"rotationOrigin": [ 0.6652, 1.2219, 1.484 ],
									"rotationX": 0.92,
									"rotationY": 2.94,
									"rotationZ": -96.67,
									"faces": {
										"north": { "texture": "#catfish1", "uv": [ 4.5, 5.5, 5.0, 6.0 ], "autoUv": false },
										"east": { "texture": "#catfish1", "uv": [ 3.5, 5.0, 4.0, 5.5 ], "autoUv": false },
										"south": { "texture": "#catfish1", "uv": [ 4.0, 6.5, 4.5, 7.0 ], "autoUv": false },
										"west": { "texture": "#catfish1", "uv": [ 1.0, 1.0, 1.5, 1.5 ], "autoUv": false },
										"up": { "texture": "#catfish1", "uv": [ 2.5, 4.0, 3.0, 4.5 ], "autoUv": false },
										"down": { "texture": "#catfish1", "uv": [ 5.0, 4.0, 5.5, 4.5 ], "autoUv": false }
									}
								}
							]
						}
					]
				},
				{
					"name": "belly1",
					"from": [ -1.12, -0.28, 0.28 ],
					"to": [ 2.24, 0.28, 1.96 ],
					"rotationOrigin": [ -1.12, -0.56, 0.0 ],
					"faces": {
						"north": { "texture": "#catfish1", "uv": [ 4.0, 10.25, 8.2, 10.95 ], "autoUv": false },
						"east": { "texture": "#catfish1", "uv": [ 6.75, 8.25, 8.85, 8.95 ], "autoUv": false },
						"south": { "texture": "#catfish1", "uv": [ 2.25, 4.25, 6.45, 4.95 ], "autoUv": false },
						"west": { "texture": "#catfish1", "uv": [ 1.75, 7.0, 3.85, 7.7 ], "autoUv": false },
						"up": { "texture": "#catfish1", "uv": [ 5.75, 7.25, 9.95, 9.35 ], "autoUv": false },
						"down": { "texture": "#catfish1", "uv": [ 2.5, 7.0, 6.7, 9.1 ], "autoUv": false }
					}
				},
				{
					"name": "left fin",
					"from": [ 0.504, 0.392, 2.184 ],
					"to": [ 0.5712, 1.512, 2.744 ],
					"rotationOrigin": [ 0.504, 0.392, 2.184 ],
					"rotationX": 90.0,
					"rotationY": 22.5,
					"rotationZ": -22.5,
					"faces": {
						"north": { "texture": "#catfish1", "uv": [ 0.0, 0.0, 0.35, 1.4 ], "autoUv": false },
						"east": { "texture": "#catfish1", "uv": [ 0.0, 0.0, 0.7, 1.4 ], "autoUv": false },
						"south": { "texture": "#catfish1", "uv": [ 0.0, 0.0, 0.35, 1.4 ], "autoUv": false },
						"west": { "texture": "#catfish1", "uv": [ 0.0, 0.0, 0.7, 1.4 ], "autoUv": false },
						"up": { "texture": "#catfish1", "uv": [ 0.0, 0.0, 0.35, 0.7 ], "autoUv": false },
						"down": { "texture": "#catfish1", "uv": [ 0.0, 0.0, 0.35, 0.7 ], "autoUv": false }
					},
					"children": [
						{
							"name": "left fin25",
							"from": [ 0.0, 0.1552, 0.0643 ],
							"to": [ 0.0672, 1.2752, 0.6243 ],
							"rotationOrigin": [ 0.0, 0.1552, 0.0643 ],
							"rotationX": 45.0,
							"faces": {
								"north": { "texture": "#catfish1", "uv": [ 0.0, 0.0, 0.35, 1.4 ], "autoUv": false },
								"east": { "texture": "#catfish1", "uv": [ 0.0, 0.0, 0.7, 1.4 ], "autoUv": false },
								"south": { "texture": "#catfish1", "uv": [ 0.0, 0.0, 0.35, 1.4 ], "autoUv": false },
								"west": { "texture": "#catfish1", "uv": [ 0.0, 0.0, 0.7, 1.4 ], "autoUv": false },
								"up": { "texture": "#catfish1", "uv": [ 0.0, 0.0, 0.35, 0.7 ], "autoUv": false },
								"down": { "texture": "#catfish1", "uv": [ 0.0, 0.0, 0.35, 0.7 ], "autoUv": false }
							}
						},
						{
							"name": "left fin 3",
							"from": [ 0.0, 0.616, 0.224 ],
							"to": [ 0.0672, 1.176, 0.784 ],
							"rotationOrigin": [ 0.0, 0.616, 0.224 ],
							"rotationX": 22.5,
							"faces": {
								"north": { "texture": "#catfish1", "uv": [ 0.0, 0.0, 0.35, 0.7 ], "autoUv": false },
								"east": { "texture": "#catfish1", "uv": [ 0.0, 0.0, 0.7, 0.7 ], "autoUv": false },
								"south": { "texture": "#catfish1", "uv": [ 0.0, 0.0, 0.35, 0.7 ], "autoUv": false },
								"west": { "texture": "#catfish1", "uv": [ 0.0, 0.0, 0.7, 0.7 ], "autoUv": false },
								"up": { "texture": "#catfish1", "uv": [ 0.0, 0.0, 0.35, 0.7 ], "autoUv": false },
								"down": { "texture": "#catfish1", "uv": [ 0.0, 0.0, 0.35, 0.7 ], "autoUv": false }
							}
						}
					]
				},
				{
					"name": "rihgt fin",
					"from": [ 0.504, -0.168, 0.112 ],
					"to": [ 0.5712, 0.952, 0.672 ],
					"rotationOrigin": [ 0.504, -0.168, 0.112 ],
					"rotationX": -112.5,
					"rotationZ": -22.5,
					"faces": {
						"north": { "texture": "#catfish1", "uv": [ 0.0, 0.0, 0.35, 1.4 ], "autoUv": false },
						"east": { "texture": "#catfish1", "uv": [ 0.0, 0.0, 0.7, 1.4 ], "autoUv": false },
						"south": { "texture": "#catfish1", "uv": [ 0.0, 0.0, 0.35, 1.4 ], "autoUv": false },
						"west": { "texture": "#catfish1", "uv": [ 0.0, 0.0, 0.7, 1.4 ], "autoUv": false },
						"up": { "texture": "#catfish1", "uv": [ 0.0, 0.0, 0.35, 0.7 ], "autoUv": false },
						"down": { "texture": "#catfish1", "uv": [ 0.0, 0.0, 0.35, 0.7 ], "autoUv": false }
					},
					"children": [
						{
							"name": "right fin28",
							"from": [ 0.0, 0.1552, 0.0643 ],
							"to": [ 0.0672, 1.2752, 0.6243 ],
							"rotationOrigin": [ 0.0, 0.1552, 0.0643 ],
							"rotationX": 45.0,
							"faces": {
								"north": { "texture": "#catfish1", "uv": [ 0.0, 0.0, 0.35, 1.4 ], "autoUv": false },
								"east": { "texture": "#catfish1", "uv": [ 0.0, 0.0, 0.7, 1.4 ], "autoUv": false },
								"south": { "texture": "#catfish1", "uv": [ 0.0, 0.0, 0.35, 1.4 ], "autoUv": false },
								"west": { "texture": "#catfish1", "uv": [ 0.0, 0.0, 0.7, 1.4 ], "autoUv": false },
								"up": { "texture": "#catfish1", "uv": [ 0.0, 0.0, 0.35, 0.7 ], "autoUv": false },
								"down": { "texture": "#catfish1", "uv": [ 0.0, 0.0, 0.35, 0.7 ], "autoUv": false }
							}
						},
						{
							"name": "rightfin 29",
							"from": [ 0.0, 0.616, 0.224 ],
							"to": [ 0.0672, 1.176, 0.784 ],
							"rotationOrigin": [ 0.0, 0.616, 0.224 ],
							"rotationX": 22.5,
							"faces": {
								"north": { "texture": "#catfish1", "uv": [ 0.0, 0.0, 0.35, 0.7 ], "autoUv": false },
								"east": { "texture": "#catfish1", "uv": [ 0.0, 0.0, 0.7, 0.7 ], "autoUv": false },
								"south": { "texture": "#catfish1", "uv": [ 0.0, 0.0, 0.35, 0.7 ], "autoUv": false },
								"west": { "texture": "#catfish1", "uv": [ 0.0, 0.0, 0.7, 0.7 ], "autoUv": false },
								"up": { "texture": "#catfish1", "uv": [ 0.0, 0.0, 0.35, 0.7 ], "autoUv": false },
								"down": { "texture": "#catfish1", "uv": [ 0.0, 0.0, 0.35, 0.7 ], "autoUv": false }
							}
						}
					]
				}
			]
		}
	],
	"animations": [
		{
			"name": "swim",
			"code": "swim",
			"quantityframes": 34,
			"onActivityStopped": "EaseOut",
			"onAnimationEnd": "Repeat",
			"keyframes": [
				{
					"frame": 0,
					"elements": {
						"body": { "rotationX": 0.0, "rotationY": 0.0, "rotationZ": 0.0 }
					}
				},
				{
					"frame": 5,
					"elements": {
						"body": { "rotationX": 0.0, "rotationY": 0.0, "rotationZ": 0.0 }
					}
				},
				{
					"frame": 10,
					"elements": {
						"body": { "rotationX": 0.0, "rotationY": -2.0, "rotationZ": 0.0 },
						"body2": { "rotationX": 0.0, "rotationY": 15.0, "rotationZ": 0.0 },
						"tail": { "rotationX": 0.0, "rotationY": 10.0, "rotationZ": 0.0 },
						"tail 2": { "rotationX": 0.0, "rotationY": 10.0, "rotationZ": 0.0 },
						"tailfin": { "rotationX": 0.0, "rotationY": 0.0, "rotationZ": 0.0 },
						"head": { "rotationX": 0.0, "rotationY": -4.0, "rotationZ": 0.0 }
					}
				},
				{
					"frame": 15,
					"elements": {
						"body": { "rotationX": 0.0, "rotationY": 0.0, "rotationZ": 0.0 }
					}
				},
				{
					"frame": 20,
					"elements": {
						"body": { "rotationX": 0.0, "rotationY": 0.0, "rotationZ": 0.0 }
					}
				},
				{
					"frame": 25,
					"elements": {
						"body": { "rotationX": 0.0, "rotationY": 2.0, "rotationZ": 0.0 },
						"body2": { "rotationX": 0.0, "rotationY": -15.0, "rotationZ": 0.0 },
						"tail": { "rotationX": 0.0, "rotationY": -10.0, "rotationZ": 0.0 },
						"tail 2": { "rotationX": 0.0, "rotationY": -10.0, "rotationZ": 0.0 },
						"tailfin": { "rotationX": 0.0, "rotationY": 0.0, "rotationZ": 0.0 },
						"head": { "rotationX": 0.0, "rotationY": 4.0, "rotationZ": 0.0 }
					}
				},
				{
					"frame": 30,
					"elements": {
						"body": { "rotationX": 0.0, "rotationY": 0.0, "rotationZ": 0.0 }
					}
				}
			]
		},

		{
			"name": "attack",
			"code": "attack",
			"quantityframes": 75,
			"onActivityStopped": "EaseOut",
			"onAnimationEnd": "Stop",
			"keyframes": [
				{
					"frame": 0,
					"elements": {
						"body": { "rotationX": 0.0, "rotationY": 0.0, "rotationZ": 0.0 }
					}
				},
				{
					"frame": 7,
					"elements": {
						"body": { "rotationX": 0.0, "rotationY": 0.0, "rotationZ": 0.0 }
					}
				},
				{
					"frame": 14,
					"elements": {
						"body": { "rotationX": 0.0, "rotationY": 0.0, "rotationZ": 0.0 }
					}
				}
			]
		},

		{
			"name": "idle",
			"code": "idle",
			"quantityframes": 41,
			"onActivityStopped": "EaseOut",
			"onAnimationEnd": "Repeat",
			"keyframes": [
				{
					"frame": 0,
					"elements": {
						"body": { "rotationX": 0.0, "rotationY": 0.0, "rotationZ": 0.0 },
						"rihgt back fin55": { "rotationX": 0.0, "rotationY": 0.0, "rotationZ": 0.0 },
						"left back fin52": { "rotationX": 13.0, "rotationY": 12.0, "rotationZ": -18.0 },
						"rihgt fin": { "rotationX": 0.0, "rotationY": 0.0, "rotationZ": 0.0 },
						"left fin": { "rotationX": 0.0, "rotationY": 0.0, "rotationZ": 0.0 }
					}
				},
				{
					"frame": 10,
					"elements": {
						"body": { "rotationX": 0.0, "rotationY": 0.0, "rotationZ": 0.0 },
						"left back fin52": { "rotationX": 0.0, "rotationY": 0.0, "rotationZ": 0.0 },
						"rihgt back fin55": { "rotationX": 13.0, "rotationY": 12.0, "rotationZ": -20.0 },
						"left fin": { "rotationX": -20.0, "rotationY": -8.0, "rotationZ": 34.0 },
						"rihgt fin": { "rotationX": 0.0, "rotationY": -10.0, "rotationZ": 22.0 }
					}
				},
				{
					"frame": 20,
					"elements": {
						"body": { "rotationX": 0.0, "rotationY": 0.0, "rotationZ": 0.0 },
						"left back fin52": { "rotationX": 15.0, "rotationY": 10.0, "rotationZ": -19.0 },
						"rihgt back fin55": { "rotationX": 0.0, "rotationY": 0.0, "rotationZ": 0.0 },
						"left fin": { "rotationX": 0.0, "rotationY": 0.0, "rotationZ": 0.0 },
						"rihgt fin": { "rotationX": 0.0, "rotationY": 0.0, "rotationZ": 0.0 }
					}
				},
				{
					"frame": 30,
					"elements": {
						"body": { "rotationX": 0.0, "rotationY": 0.0, "rotationZ": 0.0 },
						"left back fin52": { "rotationX": 0.0, "rotationY": 0.0, "rotationZ": 0.0 },
						"rihgt back fin55": { "rotationX": 13.0, "rotationY": 12.0, "rotationZ": -18.0 },
						"left fin": { "rotationX": -19.0, "rotationY": 8.0, "rotationZ": 34.0 },
						"rihgt fin": { "rotationX": 0.0, "rotationY": -10.0, "rotationZ": 16.0 }
					}
				}
			]
		},

		{
			"name": "dead",
			"code": "dead",
			"quantityframes": 30,
			"onActivityStopped": "EaseOut",
			"onAnimationEnd": "Hold",
			"keyframes": [
				{
					"frame": 0,
					"elements": {
						"body": { "rotationX": 0.0, "rotationY": 0.0, "rotationZ": 0.0 }
					}
				},
				{
					"frame": 25,
					"elements": {
						"body": { "rotationX": -180.0, "rotationY": 0.0, "rotationZ": 0.0 }
					}
				}
			]
		},

		{
			"name": "idleSwim",
			"code": "idleSwim",
			"quantityframes": 35,
			"onActivityStopped": "EaseOut",
			"onAnimationEnd": "Repeat",
			"keyframes": [
				{
					"frame": 0,
					"elements": {
						"body": { "rotationX": 0.0, "rotationY": 0.0, "rotationZ": 0.0 }
					}
				},
				{
					"frame": 5,
					"elements": {
						"body": { "rotationX": 0.0, "rotationY": 0.0, "rotationZ": 0.0 },
						"left fin": { "rotationX": 0.0, "rotationY": 0.0, "rotationZ": -25.0 },
						"jaw": { "rotationX": 0.0, "rotationY": 0.0, "rotationZ": -3.0 }
					}
				},
				{
					"frame": 10,
					"elements": {
						"body": { "rotationX": 0.0, "rotationY": 0.0, "rotationZ": 0.0 },
						"body2": { "rotationX": 0.0, "rotationY": 1.0, "rotationZ": 0.0 },
						"tail": { "rotationX": 0.0, "rotationY": 2.0, "rotationZ": 0.0 },
						"tail 2": { "rotationX": 0.0, "rotationY": 3.0, "rotationZ": 0.0 },
						"tailfin": { "rotationX": 0.0, "rotationY": 7.0, "rotationZ": 0.0 },
						"left back fin52": { "rotationX": 0.0, "rotationY": 0.0, "rotationZ": -12.0 },
						"rihgt back fin55": { "rotationX": 0.0, "rotationY": 0.0, "rotationZ": 5.0 },
						"head": { "rotationX": 0.0, "rotationY": -1.0, "rotationZ": 0.0 },
						"rihgt fin": { "rotationX": 0.0, "rotationY": 0.0, "rotationZ": -20.0 }
					}
				},
				{
					"frame": 15,
					"elements": {
						"body": { "rotationX": 0.0, "rotationY": 0.0, "rotationZ": 0.0 }
					}
				},
				{
					"frame": 20,
					"elements": {
						"body": { "rotationX": 0.0, "rotationY": 0.0, "rotationZ": 0.0 }
					}
				},
				{
					"frame": 25,
					"elements": {
						"body": { "rotationX": 0.0, "rotationY": 0.0, "rotationZ": 0.0 },
						"body2": { "rotationX": 0.0, "rotationY": -1.0, "rotationZ": 0.0 },
						"tail": { "rotationX": 0.0, "rotationY": -2.0, "rotationZ": 0.0 },
						"tail 2": { "rotationX": 0.0, "rotationY": -3.0, "rotationZ": 0.0 },
						"tailfin": { "rotationX": 0.0, "rotationY": -7.0, "rotationZ": 0.0 },
						"left back fin52": { "rotationX": 0.0, "rotationY": 0.0, "rotationZ": 5.0 },
						"rihgt back fin55": { "rotationX": 0.0, "rotationY": 0.0, "rotationZ": -12.0 },
						"head": { "rotationX": 0.0, "rotationY": 1.0, "rotationZ": 0.0 },
						"jaw": { "rotationX": 0.0, "rotationY": 0.0, "rotationZ": 1.0 },
						"left fin": { "rotationX": 0.0, "rotationY": 0.0, "rotationZ": -20.0 },
						"rihgt fin": { "rotationX": 0.0, "rotationY": 0.0, "rotationZ": -25.0 }
					}
				},
				{
					"frame": 34,
					"elements": {
						"body": { "rotationX": 0.0, "rotationY": 0.0, "rotationZ": 0.0 }
					}
				}
			]
		}
	]
}