{
	"editor": {
		"allAngles": true,
		"entityTextureMode": true
	},
	"textureWidth": 12,
	"textureHeight": 12,
	"textureSizes": {
	},
	"textures": {
	},
	"elements": [
		{
			"name": "origin",
			"from": [ 9.6, 0.0, 7.96 ],
			"to": [ 9.6, 0.0, 7.96 ],
			"uv": [ 999.0, 999.0 ],
			"rotationOrigin": [ 9.595, 0.0, 7.96 ],
			"faces": {
			},
			"children": [
				{
					"name": "Body",
					"from": [ -5.07, 0.845, -0.845 ],
					"to": [ -0.845, 4.6475, 0.676 ],
					"unwrapMode": 7,
					"unwrapRotation": 1,
					"autoUnwrap": false,
					"uv": [ 9.0, 1.0 ],
					"rotationOrigin": [ -0.845, 2.535, 0.0 ],
					"faces": {
						"north": { "texture": "#coral-fish1", "uv": [ 4.5, 2.0, 0.0, 7.0 ], "rotation": 90, "autoUv": false, "windMode": [-1,-1,-1,-1] },
						"east": { "texture": "#coral-fish1", "uv": [ 7.5, 2.25, 9.0, 6.75 ], "autoUv": false },
						"south": { "texture": "#coral-fish1", "uv": [ 0.0, 2.0, 4.5, 7.0 ], "rotation": 270, "autoUv": false },
						"west": { "texture": "#coral-fish1", "uv": [ 9.0, 6.75, 10.5, 2.25 ], "rotation": 180, "autoUv": false, "windMode": [-1,-1,-1,-1] },
						"up": { "texture": "#coral-fish1", "uv": [ 4.5, 2.0, 6.0, 7.0 ], "rotation": 270, "autoUv": false },
						"down": { "texture": "#coral-fish1", "uv": [ 6.0, 2.0, 7.5, 7.0 ], "rotation": 90, "autoUv": false, "windMode": [-1,-1,-1,-1] }
					},
					"children": [
						{
							"name": "Butt",
							"from": [ 3.887, 0.5492, 0.169 ],
							"to": [ 4.732, 3.2532, 1.352 ],
							"unwrapMode": 7,
							"unwrapRotation": 1,
							"autoUnwrap": false,
							"uv": [ 15.5, 5.0 ],
							"rotationOrigin": [ 4.1405, 1.69, 0.7605 ],
							"faces": {
								"north": { "texture": "#coral-fish1", "uv": [ 7.5, 2.25, 10.5, 1.25 ], "rotation": 270, "autoUv": false, "windMode": [-1,-1,-1,-1] },
								"east": { "texture": "#coral-fish1", "uv": [ 10.5, 6.0, 11.75, 9.0 ], "autoUv": false },
								"south": { "texture": "#coral-fish1", "uv": [ 7.5, 1.5, 10.5, 2.5 ], "rotation": 270, "autoUv": false },
								"west": { "texture": "#coral-fish1", "uv": [ 10.5, 6.0, 11.5, 9.0 ], "rotation": 180, "autoUv": false, "windMode": [-1,-1,-1,-1] },
								"up": { "texture": "#coral-fish1", "uv": [ 10.0, 0.25, 11.0, 1.25 ], "rotation": 270, "autoUv": false },
								"down": { "texture": "#coral-fish1", "uv": [ 10.0, 11.0, 11.0, 12.0 ], "rotation": 90, "autoUv": false }
							},
							"children": [
								{
									"name": "Tail",
									"from": [ 0.5915, 0.507, 0.169 ],
									"to": [ 2.2815, 2.197, 1.014 ],
									"unwrapMode": 7,
									"unwrapRotation": 1,
									"autoUnwrap": false,
									"uv": [ 24.5, 5.0 ],
									"rotationOrigin": [ 0.845, 1.352, 0.5915 ],
									"faces": {
										"north": { "texture": "#coral-fish1", "uv": [ 0.0, 11.0, 2.0, 9.0 ], "rotation": 270, "autoUv": false, "windMode": [-1,-1,-1,-1] },
										"east": { "texture": "#coral-fish1", "uv": [ 11.0, 9.0, 12.0, 11.0 ], "autoUv": false, "windMode": [-1,-1,-1,-1] },
										"south": { "texture": "#coral-fish1", "uv": [ 0.0, 9.0, 2.0, 11.0 ], "rotation": 270, "autoUv": false },
										"west": { "texture": "#coral-fish1", "uv": [ 11.0, 9.0, 12.0, 11.0 ], "rotation": 180, "autoUv": false, "windMode": [-1,-1,-1,-1] },
										"up": { "texture": "#coral-fish1", "uv": [ 11.0, 0.0, 12.0, 2.0 ], "rotation": 270, "autoUv": false },
										"down": { "texture": "#coral-fish1", "uv": [ 9.5, 7.0, 10.5, 9.0 ], "rotation": 90, "autoUv": false }
									},
									"children": [
										{
											"name": "TailFin",
											"from": [ 0.845, 0.7605, 0.4225 ],
											"to": [ 3.549, 3.4645, 0.4233 ],
											"autoUnwrap": false,
											"uv": [ 28.0, 0.0 ],
											"rotationOrigin": [ 0.845, 0.845, 0.4225 ],
											"rotationZ": -45.0,
											"faces": {
												"north": { "texture": "#coral-fish1", "uv": [ 2.0, 8.5, 5.0, 11.5 ], "autoUv": false },
												"south": { "texture": "#coral-fish1", "uv": [ 2.0, 8.5, 5.0, 11.5 ], "rotation": 90, "autoUv": false, "windMode": [-1,-1,-1,-1] }
											}
										}
									]
								}
							]
						},
						{
							"name": "FinRight",
							"from": [ 1.0985, 0.338, 0.0 ],
							"to": [ 2.7885, 1.521, 8.0E-4 ],
							"autoUnwrap": false,
							"uv": [ 6.5, 11.0 ],
							"rotationOrigin": [ 1.0985, 1.521, 0.0 ],
							"rotationY": 36.0,
							"rotationZ": -36.0,
							"faces": {
								"north": { "texture": "#coral-fish1", "uv": [ 0.0, 8.0, 2.0, 9.0 ], "autoUv": false, "windMode": [-1,-1,-1,-1] },
								"south": { "texture": "#coral-fish1", "uv": [ 2.0, 8.0, 0.0, 9.0 ], "autoUv": false, "windMode": [-1,-1,-1,-1] }
							}
						},
						{
							"name": "FinLeft",
							"from": [ 1.0985, 0.338, 1.521 ],
							"to": [ 2.7885, 1.521, 1.5218 ],
							"autoUnwrap": false,
							"uv": [ 6.5, 11.0 ],
							"rotationOrigin": [ 1.0985, 1.521, 1.521 ],
							"rotationY": -36.0,
							"rotationZ": -36.0,
							"faces": {
								"north": { "texture": "#coral-fish1", "uv": [ 0.0, 8.0, 2.0, 9.0 ], "autoUv": false },
								"south": { "texture": "#coral-fish1", "uv": [ 2.0, 8.0, 0.0, 9.0 ], "autoUv": false, "windMode": [-1,-1,-1,-1] }
							}
						},
						{
							"name": "Butt2",
							"from": [ -0.338, 0.338, 0.1605 ],
							"to": [ 0.507, 3.4645, 1.3604 ],
							"unwrapMode": 7,
							"unwrapRotation": 1,
							"autoUnwrap": false,
							"uv": [ 19.0, 0.5 ],
							"rotationOrigin": [ -0.0845, 1.69, 0.7605 ],
							"faces": {
								"north": { "texture": "#coral-fish1", "uv": [ 8.5, 10.0, 5.0, 9.0 ], "rotation": 90, "autoUv": false, "windMode": [-1,-1,-1,-1] },
								"east": { "texture": "#coral-fish1", "uv": [ 10.5, 2.5, 11.75, 6.0 ], "autoUv": false, "windMode": [-1,-1,-1,-1] },
								"south": { "texture": "#coral-fish1", "uv": [ 5.0, 9.0, 8.5, 10.0 ], "rotation": 270, "autoUv": false, "windMode": [-1,-1,-1,-1] },
								"west": { "texture": "#coral-fish1", "uv": [ 10.5, 2.5, 11.5, 6.0 ], "rotation": 180, "autoUv": false, "windMode": [-1,-1,-1,-1] },
								"up": { "texture": "#coral-fish1", "uv": [ 8.0, 0.0, 9.0, 1.0 ], "rotation": 270, "autoUv": false },
								"down": { "texture": "#coral-fish1", "uv": [ 9.0, 0.25, 10.0, 1.25 ], "rotation": 90, "autoUv": false, "windMode": [-1,-1,-1,-1] }
							},
							"children": [
								{
									"name": "Head",
									"from": [ -0.845, 0.8788, 8.0E-4 ],
									"to": [ 1.014, 2.7378, 1.1838 ],
									"unwrapMode": 7,
									"unwrapRotation": 1,
									"autoUnwrap": false,
									"uv": [ 0.0, 0.0 ],
									"rotationOrigin": [ 0.338, 1.6055, 0.5915 ],
									"rotationZ": 45.0,
									"faces": {
										"north": { "texture": "#coral-fish1", "uv": [ 2.0, 0.0, 0.0, 2.0 ], "rotation": 90, "autoUv": false, "windMode": [-1,-1,-1,-1] },
										"east": { "texture": "#coral-fish1", "uv": [ 4.0, 0.0, 5.0, 2.0 ], "autoUv": false },
										"south": { "texture": "#coral-fish1", "uv": [ 0.0, 0.0, 2.0, 2.0 ], "rotation": 270, "autoUv": false, "windMode": [-1,-1,-1,-1] },
										"west": { "texture": "#coral-fish1", "uv": [ 2.0, 0.0, 3.0, 2.0 ], "rotation": 180, "autoUv": false },
										"up": { "texture": "#coral-fish1", "uv": [ 3.0, 0.0, 4.0, 2.0 ], "rotation": 270, "autoUv": false },
										"down": { "texture": "#coral-fish1", "uv": [ 5.0, 0.0, 6.0, 2.0 ], "rotation": 90, "autoUv": false }
									},
									"children": [
										{
											"name": "Jaw2",
											"from": [ -0.169, -0.169, 0.1267 ],
											"to": [ 0.676, 0.845, 1.0562 ],
											"unwrapMode": 7,
											"unwrapRotation": 1,
											"autoUnwrap": false,
											"uv": [ 1.0, 8.5 ],
											"rotationOrigin": [ 0.2535, -0.169, 0.845 ],
											"faces": {
												"north": { "texture": "#coral-fish1", "uv": [ 0.0, 7.0, 1.0, 8.0 ], "rotation": 90, "autoUv": false },
												"east": { "texture": "#coral-fish1", "uv": [ 1.0, 11.0, 2.0, 12.0 ], "autoUv": false },
												"south": { "texture": "#coral-fish1", "uv": [ 0.0, 7.0, 1.0, 8.0 ], "rotation": 270, "autoUv": false },
												"west": { "texture": "#coral-fish1", "uv": [ 1.0, 7.0, 2.0, 8.0 ], "rotation": 180, "autoUv": false },
												"up": { "texture": "#coral-fish1", "uv": [ 7.0, 0.0, 8.0, 1.0 ], "rotation": 270, "autoUv": false },
												"down": { "texture": "#coral-fish1", "uv": [ 11.0, 11.0, 12.0, 12.0 ], "rotation": 90, "autoUv": false }
											},
											"children": [
												{
													"name": "Jaw",
													"from": [ -0.0084, 0.845, 0.0 ],
													"to": [ 0.2704, 1.7745, 0.9295 ],
													"unwrapMode": 7,
													"unwrapRotation": 1,
													"autoUnwrap": false,
													"uv": [ 4.5, 8.0 ],
													"rotationOrigin": [ 0.0, 0.845, 0.4647 ],
													"rotationZ": 20.0,
													"faces": {
														"north": { "texture": "#coral-fish1", "uv": [ 6.0, 1.5, 7.0, 2.0 ], "rotation": 90, "autoUv": false },
														"east": { "texture": "#coral-fish1", "uv": [ 8.75, 11.0, 9.75, 12.0 ], "autoUv": false },
														"south": { "texture": "#coral-fish1", "uv": [ 6.0, 1.5, 7.0, 2.0 ], "rotation": 270, "autoUv": false },
														"west": { "texture": "#coral-fish1", "uv": [ 0.0, 11.0, 1.0, 12.0 ], "rotation": 180, "autoUv": false },
														"up": { "texture": "#coral-fish1", "uv": [ 9.0, 0.0, 10.0, 0.5 ], "rotation": 270, "autoUv": false },
														"down": { "texture": "#coral-fish1", "uv": [ 10.0, 0.0, 11.0, 0.5 ], "rotation": 90, "autoUv": false }
													}
												}
											]
										},
										{
											"name": "Eye",
											"from": [ 0.5001, 1.0816, -0.0845 ],
											"to": [ 1.1339, 1.7153, 1.2675 ],
											"autoUnwrap": false,
											"uv": [ 5.0, 4.25 ],
											"rotationOrigin": [ 0.6691, 1.3344, -0.0845 ],
											"faces": {
												"north": { "texture": "#coral-fish1", "uv": [ 9.25, 9.25, 8.5, 10.0 ], "rotation": 90, "autoUv": false, "windMode": [-1,-1,-1,-1] },
												"east": { "texture": "#coral-fish1", "uv": [ 5.25, 11.5, 6.75, 12.0 ], "autoUv": false, "windMode": [-1,-1,-1,-1] },
												"south": { "texture": "#coral-fish1", "uv": [ 8.5, 9.25, 9.25, 10.0 ], "rotation": 270, "autoUv": false, "windMode": [-1,-1,-1,-1] },
												"west": { "texture": "#coral-fish1", "uv": [ 5.25, 11.5, 6.75, 12.0 ], "autoUv": false, "windMode": [-1,-1,-1,-1] },
												"up": { "texture": "#coral-fish1", "uv": [ 6.0, 0.0, 6.5, 1.5 ], "autoUv": false, "windMode": [-1,-1,-1,-1] },
												"down": { "texture": "#coral-fish1", "uv": [ 6.5, 0.0, 7.0, 1.5 ], "autoUv": false }
											}
										}
									]
								}
							]
						},
						{
							"name": "DorsalFin",
							"from": [ 2.8813, 3.5892, 0.7605 ],
							"to": [ 4.9093, 5.0257, 0.7647 ],
							"autoUnwrap": false,
							"uv": [ 9.5, 14.0 ],
							"rotationOrigin": [ 4.9115, 4.943, 0.7605 ],
							"rotationZ": 36.0,
							"faces": {
								"north": { "texture": "#coral-fish1", "uv": [ 5.0, 10.0, 7.0, 11.5 ], "autoUv": false, "windMode": [-1,-1,-1,-1] },
								"south": { "texture": "#coral-fish1", "uv": [ 7.0, 10.0, 5.0, 11.5 ], "autoUv": false, "windMode": [-1,-1,-1,-1] }
							},
							"children": [
								{
									"name": "DorsalFin2",
									"from": [ -1.8687, -0.1617, -0.0084 ],
									"to": [ 1.5112, 1.5283, 0.0051 ],
									"autoUnwrap": false,
									"uv": [ 4.5, 13.0 ],
									"rotationOrigin": [ 1.5119, 0.6861, 0.0 ],
									"rotationZ": -36.0,
									"faces": {
										"north": { "texture": "#coral-fish1", "uv": [ 9.0, 7.0, 5.0, 9.0 ], "autoUv": false, "windMode": [-1,-1,-1,-1] },
										"south": { "texture": "#coral-fish1", "uv": [ 5.0, 7.0, 9.0, 9.0 ], "autoUv": false, "windMode": [-1,-1,-1,-1] }
									},
									"children": [
										{
											"name": "DorsalFin3",
											"from": [ -2.7469, 0.2673, 4.0E-4 ],
											"to": [ 0.0247, 1.6362, 0.0013 ],
											"autoUnwrap": false,
											"uv": [ 1.25, 11.0 ],
											"rotationOrigin": [ -0.0343, 1.6437, 0.0 ],
											"rotationZ": 60.0,
											"faces": {
												"north": { "texture": "#coral-fish1", "uv": [ 2.0, 7.0, 5.0, 8.5 ], "autoUv": false, "windMode": [-1,-1,-1,-1] },
												"south": { "texture": "#coral-fish1", "uv": [ 5.0, 7.0, 2.0, 8.5 ], "autoUv": false, "windMode": [-1,-1,-1,-1] }
											}
										}
									]
								}
							]
						},
						{
							"name": "FinVentral",
							"from": [ 3.042, 0.5492, 0.7605 ],
							"to": [ 4.563, 2.4082, 0.7613 ],
							"autoUnwrap": false,
							"uv": [ 12.5, 11.0 ],
							"rotationOrigin": [ 3.042, 0.5492, 0.676 ],
							"rotationZ": -66.0,
							"faces": {
								"north": { "texture": "#coral-fish1", "uv": [ 9.25, 9.0, 11.0, 11.0 ], "autoUv": false, "windMode": [-1,-1,-1,-1] },
								"south": { "texture": "#coral-fish1", "uv": [ 11.0, 9.0, 9.25, 11.0 ], "autoUv": false, "windMode": [-1,-1,-1,-1] }
							},
							"children": [
								{
									"name": "FinVentral2",
									"from": [ 0.0, -0.4225, 4.0E-4 ],
									"to": [ 1.6055, 1.4365, 8.0E-4 ],
									"autoUnwrap": false,
									"uv": [ 10.5, 11.0 ],
									"rotationOrigin": [ 0.0, -0.4225, 0.0 ],
									"rotationZ": 14.0,
									"faces": {
										"north": { "texture": "#coral-fish1", "uv": [ 9.25, 9.0, 11.0, 11.0 ], "autoUv": false, "windMode": [-1,-1,-1,-1] },
										"south": { "texture": "#coral-fish1", "uv": [ 11.0, 9.0, 9.25, 11.0 ], "autoUv": false, "windMode": [-1,-1,-1,-1] }
									}
								}
							]
						},
						{
							"name": "FinVentral3",
							"from": [ 0.507, 0.5492, 0.4225 ],
							"to": [ 2.028, 1.5632, 0.4233 ],
							"autoUnwrap": false,
							"uv": [ 12.5, 11.0 ],
							"rotationOrigin": [ 0.507, 0.5492, 1.2675 ],
							"rotationZ": -66.0,
							"faces": {
								"north": { "texture": "#coral-fish1", "uv": [ 9.25, 9.0, 11.0, 11.0 ], "autoUv": false, "windMode": [-1,-1,-1,-1] },
								"south": { "texture": "#coral-fish1", "uv": [ 11.0, 9.0, 9.25, 11.0 ], "autoUv": false, "windMode": [-1,-1,-1,-1] }
							}
						},
						{
							"name": "FinVentral4",
							"from": [ 0.507, 0.5492, 1.0985 ],
							"to": [ 2.028, 1.5632, 1.0993 ],
							"autoUnwrap": false,
							"uv": [ 12.5, 11.0 ],
							"rotationOrigin": [ 0.507, 0.5492, 1.9435 ],
							"rotationZ": -66.0,
							"faces": {
								"north": { "texture": "#coral-fish1", "uv": [ 9.25, 9.0, 11.0, 11.0 ], "autoUv": false, "windMode": [-1,-1,-1,-1] },
								"south": { "texture": "#coral-fish1", "uv": [ 11.0, 9.0, 9.25, 11.0 ], "autoUv": false, "windMode": [-1,-1,-1,-1] }
							}
						}
					]
				}
			]
		}
	],
	"animations": [
		{
			"name": "swim",
			"code": "swim",
			"quantityframes": 30,
			"onActivityStopped": "EaseOut",
			"onAnimationEnd": "Repeat",
			"keyframes": [
				{
					"frame": 0,
					"elements": {
						"Body": { "rotationX": 0.0, "rotationY": 3.0, "rotationZ": 0.0 },
						"Butt": { "rotationX": 0.0, "rotationY": -15.0, "rotationZ": 0.0 },
						"Tail": { "rotationX": 0.0, "rotationY": -15.0, "rotationZ": 0.0 },
						"TailFin": { "rotationX": 0.0, "rotationY": -15.0, "rotationZ": 0.0 },
						"Jaw": { "rotationX": 0.0, "rotationY": 0.0, "rotationZ": 0.0 },
						"FinLeft": { "rotationX": 0.0, "rotationY": 0.0, "rotationZ": 0.0 },
						"FinRight": { "rotationX": 0.0, "rotationY": 0.0, "rotationZ": 0.0 },
						"DorsalFin": { "rotationX": 0.0, "rotationY": 0.0, "rotationZ": 0.0 }
					}
				},
				{
					"frame": 10,
					"elements": {
						"Head": { "rotationX": 0.0, "rotationY": 0.0, "rotationZ": -3.0 }
					}
				},
				{
					"frame": 15,
					"elements": {
						"Body": { "rotationX": 0.0, "rotationY": -3.0, "rotationZ": 0.0 },
						"Butt": { "rotationX": 0.0, "rotationY": 15.0, "rotationZ": 0.0 },
						"Tail": { "rotationX": 0.0, "rotationY": 15.0, "rotationZ": 0.0 },
						"TailFin": { "rotationX": 0.0, "rotationY": 15.0, "rotationZ": 0.0 },
						"Jaw": { "rotationX": 0.0, "rotationY": 0.0, "rotationZ": -10.0 },
						"FinLeft": { "rotationX": 0.0, "rotationY": -30.0, "rotationZ": 36.0 },
						"FinRight": { "rotationX": 0.0, "rotationY": 30.0, "rotationZ": 36.0 }
					}
				},
				{
					"frame": 25,
					"elements": {
						"Jaw": { "rotationX": 0.0, "rotationY": 0.0, "rotationZ": 0.0 },
						"FinLeft": { "rotationX": 0.0, "rotationY": 5.0, "rotationZ": 0.0 },
						"FinRight": { "rotationX": 0.0, "rotationY": -5.0, "rotationZ": 0.0 }
					}
				},
				{
					"frame": 29,
					"elements": {
						"Body": { "rotationX": 0.0, "rotationY": 3.0, "rotationZ": 0.0 },
						"Butt": { "rotationX": 0.0, "rotationY": -15.0, "rotationZ": 0.0 },
						"Tail": { "rotationX": 0.0, "rotationY": -15.0, "rotationZ": 0.0 },
						"TailFin": { "rotationX": 0.0, "rotationY": -15.0, "rotationZ": 0.0 },
						"DorsalFin": { "rotationX": 0.0, "rotationY": 0.0, "rotationZ": 0.0 }
					}
				}
			]
		},

		{
			"name": "idle",
			"code": "idle",
			"quantityframes": 30,
			"onActivityStopped": "PlayTillEnd",
			"onAnimationEnd": "Repeat",
			"keyframes": [
				{
					"frame": 0,
					"elements": {
						"Body": { "rotationX": 0.0, "rotationY": 2.0, "rotationZ": -1.0 },
						"Butt": { "rotationX": 0.0, "rotationY": -5.0, "rotationZ": 0.0 },
						"Tail": { "rotationX": 0.0, "rotationY": -5.0, "rotationZ": 0.0 },
						"TailFin": { "rotationX": 0.0, "rotationY": -5.0, "rotationZ": 0.0 },
						"FinVentral": { "rotationX": 5.0, "rotationY": 0.0, "rotationZ": 0.0 },
						"Jaw": { "rotationX": 0.0, "rotationY": 0.0, "rotationZ": 0.0 },
						"FinRight": { "rotationX": 0.0, "rotationY": -20.0, "rotationZ": 0.0 },
						"FinLeft": { "rotationX": 0.0, "rotationY": -60.0, "rotationZ": 0.0 }
					}
				},
				{
					"frame": 10,
					"elements": {
						"FinRight": { "rotationX": 10.0, "rotationY": 0.0, "rotationZ": 0.0 },
						"FinLeft": { "rotationX": -10.0, "rotationY": 0.0, "rotationZ": 0.0 }
					}
				},
				{
					"frame": 15,
					"elements": {
						"Body": { "rotationX": 0.0, "rotationY": -2.0, "rotationZ": 1.0 },
						"Jaw": { "rotationX": 0.0, "rotationY": 0.0, "rotationZ": -14.0 },
						"Butt": { "rotationX": 0.0, "rotationY": 5.0, "rotationZ": 0.0 },
						"Tail": { "rotationX": 0.0, "rotationY": 5.0, "rotationZ": 0.0 },
						"TailFin": { "rotationX": 0.0, "rotationY": 5.0, "rotationZ": 0.0 },
						"FinVentral": { "rotationX": -5.0, "rotationY": 0.0, "rotationZ": 0.0 },
						"FinRight": { "rotationX": 0.0, "rotationY": 60.0, "rotationZ": 0.0 },
						"FinLeft": { "rotationX": 0.0, "rotationY": 20.0, "rotationZ": 0.0 }
					}
				},
				{
					"frame": 20,
					"elements": {
						"FinRight": { "rotationX": -10.0, "rotationY": 0.0, "rotationZ": 0.0 },
						"FinLeft": { "rotationX": 10.0, "rotationY": 0.0, "rotationZ": 0.0 }
					}
				},
				{
					"frame": 29,
					"elements": {
						"Body": { "rotationX": 0.0, "rotationY": 2.0, "rotationZ": -1.0 },
						"Butt": { "rotationX": 0.0, "rotationY": -5.0, "rotationZ": 0.0 },
						"Tail": { "rotationX": 0.0, "rotationY": -5.0, "rotationZ": 0.0 },
						"TailFin": { "rotationX": 0.0, "rotationY": -5.0, "rotationZ": 0.0 },
						"FinVentral": { "rotationX": 5.0, "rotationY": 0.0, "rotationZ": 0.0 },
						"FinRight": { "rotationX": 0.0, "rotationY": -20.0, "rotationZ": 0.0 },
						"FinLeft": { "rotationX": 0.0, "rotationY": -60.0, "rotationZ": 0.0 }
					}
				}
			]
		},

		{
			"name": "dead-floating",
			"code": "death",
			"quantityframes": 30,
			"onActivityStopped": "PlayTillEnd",
			"onAnimationEnd": "Hold",
			"keyframes": [
				{
					"frame": 0,
					"elements": {
						"Body": { "offsetX": 0.0, "offsetY": 0.0, "offsetZ": 0.0, "rotationX": 0.0, "rotationY": 0.0, "rotationZ": 0.0 },
						"Butt": { "rotationX": 0.0, "rotationY": 0.0, "rotationZ": 0.0 },
						"Tail": { "rotationX": 0.0, "rotationY": 0.0, "rotationZ": 0.0 },
						"TailFin": { "rotationX": 0.0, "rotationY": 0.0, "rotationZ": 0.0 },
						"FinVentral": { "rotationX": 0.0, "rotationY": 0.0, "rotationZ": 0.0 },
						"DorsalFin": { "rotationX": 0.0, "rotationY": 0.0, "rotationZ": 0.0 },
						"FinRight": { "rotationX": 0.0, "rotationY": 0.0, "rotationZ": 0.0 },
						"Head": { "rotationX": 0.0, "rotationY": 0.0, "rotationZ": 0.0 },
						"Jaw": { "rotationX": 0.0, "rotationY": 0.0, "rotationZ": 0.0 },
						"FinLeft": { "rotationX": 0.0, "rotationY": 0.0, "rotationZ": 0.0 }
					}
				},
				{
					"frame": 12,
					"elements": {
						"Body": { "offsetX": 0.0, "offsetY": 0.0, "offsetZ": 0.0, "rotationX": 0.0, "rotationY": 8.0, "rotationZ": -17.0 },
						"Head": { "rotationX": 0.0, "rotationY": 36.0, "rotationZ": 0.0 },
						"Jaw": { "rotationX": 0.0, "rotationY": 0.0, "rotationZ": -22.0 },
						"FinLeft": { "rotationX": 19.0, "rotationY": -36.0, "rotationZ": 55.0 },
						"FinRight": { "rotationX": 0.0, "rotationY": 61.0, "rotationZ": 61.0 },
						"Butt": { "rotationX": 0.0, "rotationY": -39.0, "rotationZ": 0.0 },
						"Tail": { "rotationX": 0.0, "rotationY": -39.0, "rotationZ": 0.0 },
						"TailFin": { "rotationX": 0.0, "rotationY": -8.0, "rotationZ": 0.0 },
						"FinVentral": { "rotationX": -30.0, "rotationY": 0.0, "rotationZ": 0.0 },
						"DorsalFin": { "rotationX": 0.0, "rotationY": 0.0, "rotationZ": 0.0 }
					}
				},
				{
					"frame": 28,
					"elements": {
						"Body": { "offsetX": 0.0, "offsetY": 0.0, "offsetZ": 3.38, "rotationX": -83.0, "rotationY": 0.0, "rotationZ": 0.0 },
						"Butt": { "rotationX": 0.0, "rotationY": 33.0, "rotationZ": 0.0 },
						"Tail": { "rotationX": 0.0, "rotationY": 22.0, "rotationZ": 0.0 },
						"TailFin": { "rotationX": 0.0, "rotationY": 0.0, "rotationZ": 0.0 },
						"FinVentral": { "rotationX": 0.0, "rotationY": 4.0, "rotationZ": 0.0 },
						"FinRight": { "rotationX": 0.0, "rotationY": 47.0, "rotationZ": 0.0 },
						"FinLeft": { "rotationX": 0.0, "rotationY": 8.0, "rotationZ": 0.0 },
						"DorsalFin": { "rotationX": 0.0, "rotationY": 0.0, "rotationZ": 0.0 },
						"Head": { "rotationX": 0.0, "rotationY": -19.0, "rotationZ": 0.0 },
						"Jaw": { "rotationX": 0.0, "rotationY": 0.0, "rotationZ": 6.0 }
					}
				}
			]
		},

		{
			"name": "dead-land",
			"code": "dead",
			"quantityframes": 10,
			"onActivityStopped": "PlayTillEnd",
			"onAnimationEnd": "Hold",
			"keyframes": [
				{
					"frame": 0,
					"elements": {
						"Body": { "offsetX": 0.0, "offsetY": 0.0, "offsetZ": -1.69, "rotationX": -94.0, "rotationY": 0.0, "rotationZ": 2.0 },
						"Head": { "rotationX": 0.0, "rotationY": -14.0, "rotationZ": 0.0 },
						"Jaw": { "rotationX": 0.0, "rotationY": 0.0, "rotationZ": -14.0 },
						"Butt": { "rotationX": 0.0, "rotationY": 9.0, "rotationZ": 0.0 },
						"Tail": { "rotationX": 0.0, "rotationY": -8.0, "rotationZ": 0.0 },
						"TailFin": { "rotationX": 0.0, "rotationY": 10.0, "rotationZ": 0.0 },
						"FinVentral": { "rotationX": 0.0, "rotationY": 0.0, "rotationZ": 0.0 },
						"DorsalFin": { "rotationX": 0.0, "rotationY": 0.0, "rotationZ": 0.0 },
						"FinRight": { "rotationX": 0.0, "rotationY": -22.0, "rotationZ": 0.0 },
						"FinLeft": { "rotationX": 0.0, "rotationY": 28.0, "rotationZ": 0.0 }
					}
				},
				{
					"frame": 9,
					"elements": {
						"Body": { "offsetX": 0.0, "offsetY": 0.0, "offsetZ": -1.69, "rotationX": -94.0, "rotationY": 0.0, "rotationZ": 0.0 },
						"Head": { "rotationX": 0.0, "rotationY": -14.0, "rotationZ": 0.0 },
						"Jaw": { "rotationX": 0.0, "rotationY": 0.0, "rotationZ": 8.0 },
						"FinLeft": { "rotationX": 0.0, "rotationY": 19.0, "rotationZ": 0.0 },
						"FinRight": { "rotationX": 0.0, "rotationY": -22.0, "rotationZ": 0.0 },
						"DorsalFin": { "rotationX": 0.0, "rotationY": 0.0, "rotationZ": 0.0 },
						"Butt": { "rotationX": 0.0, "rotationY": 10.0, "rotationZ": 0.0 },
						"Tail": { "rotationX": 0.0, "rotationY": -11.0, "rotationZ": 0.0 },
						"TailFin": { "rotationX": 0.0, "rotationY": 14.0, "rotationZ": 0.0 },
						"FinVentral": { "rotationX": 0.0, "rotationY": -8.0, "rotationZ": 0.0 }
					}
				}
			]
		},

		{
			"name": "idle-land",
			"code": "idle-land",
			"quantityframes": 20,
			"onActivityStopped": "EaseOut",
			"onAnimationEnd": "Repeat",
			"keyframes": [
				{
					"frame": 0,
					"elements": {
						"Body": { "offsetX": 0.0, "offsetY": 0.0, "offsetZ": -1.69, "rotationX": -89.0, "rotationY": 0.0, "rotationZ": 0.0 },
						"FinRight": { "rotationX": 0.0, "rotationY": -36.0, "rotationZ": 0.0 },
						"FinLeft": { "rotationX": 0.0, "rotationY": 22.0, "rotationZ": 0.0 },
						"Butt": { "rotationX": 0.0, "rotationY": 4.0, "rotationZ": 0.0 },
						"Tail": { "rotationX": 0.0, "rotationY": 4.0, "rotationZ": 0.0 },
						"TailFin": { "rotationX": 0.0, "rotationY": -8.0, "rotationZ": 0.0 },
						"FinVentral": { "rotationX": 0.0, "rotationY": 0.0, "rotationZ": 0.0 },
						"DorsalFin": { "rotationX": 0.0, "rotationY": 0.0, "rotationZ": 0.0 },
						"Jaw": { "rotationX": 0.0, "rotationY": 0.0, "rotationZ": 0.0 }
					}
				},
				{
					"frame": 10,
					"elements": {
						"Body": { "rotationX": -86.0, "rotationY": 0.0, "rotationZ": 0.0 },
						"Jaw": { "rotationX": 0.0, "rotationY": 0.0, "rotationZ": 8.0 },
						"FinLeft": { "rotationX": 0.0, "rotationY": 6.0, "rotationZ": 0.0 },
						"FinRight": { "rotationX": 0.0, "rotationY": -28.0, "rotationZ": 0.0 },
						"DorsalFin": { "rotationX": 0.0, "rotationY": 0.0, "rotationZ": 0.0 },
						"Tail": { "rotationX": 0.0, "rotationY": 2.0, "rotationZ": 0.0 }
					}
				}
			]
		},

		{
			"name": "flopping",
			"code": "flopping",
			"quantityframes": 30,
			"onActivityStopped": "PlayTillEnd",
			"onAnimationEnd": "Repeat",
			"keyframes": [
				{
					"frame": 0,
					"elements": {
						"Body": { "offsetX": 0.0, "offsetY": 0.0, "offsetZ": -1.69, "rotationX": -87.0, "rotationY": 0.0, "rotationZ": 0.0 },
						"FinRight": { "rotationX": 0.0, "rotationY": -22.0, "rotationZ": 0.0 },
						"FinLeft": { "rotationX": 0.0, "rotationY": 28.0, "rotationZ": 0.0 },
						"Jaw": { "rotationX": 0.0, "rotationY": 0.0, "rotationZ": -14.0 },
						"Butt": { "rotationX": 0.0, "rotationY": 5.0, "rotationZ": 0.0 },
						"Tail": { "rotationX": 0.0, "rotationY": 1.0, "rotationZ": 0.0 },
						"TailFin": { "rotationX": 0.0, "rotationY": 0.0, "rotationZ": 0.0 },
						"FinVentral": { "rotationX": 19.0, "rotationY": 0.0, "rotationZ": 0.0 },
						"DorsalFin": { "rotationX": -19.0, "rotationY": 0.0, "rotationZ": 0.0 }
					}
				},
				{
					"frame": 4,
					"elements": {
						"Body": { "offsetX": 0.0, "offsetY": 0.0, "offsetZ": -1.69, "rotationX": -86.0, "rotationY": 6.0, "rotationZ": 0.0 },
						"Butt": { "rotationX": 0.0, "rotationY": -14.0, "rotationZ": 0.0 },
						"Tail": { "rotationX": 0.0, "rotationY": -42.0, "rotationZ": 0.0 },
						"TailFin": { "rotationX": 0.0, "rotationY": -11.0, "rotationZ": 0.0 },
						"Jaw": { "rotationX": 0.0, "rotationY": 0.0, "rotationZ": 0.0 },
						"FinLeft": { "rotationX": 0.0, "rotationY": 0.0, "rotationZ": 0.0 },
						"FinRight": { "rotationX": 0.0, "rotationY": -22.0, "rotationZ": 0.0 }
					}
				},
				{
					"frame": 8,
					"elements": {
						"Body": { "offsetX": 0.0, "offsetY": 0.0, "offsetZ": -0.845, "rotationX": -91.0, "rotationY": -8.0, "rotationZ": 0.0 },
						"Butt": { "rotationX": 0.0, "rotationY": 14.0, "rotationZ": 0.0 },
						"Tail": { "rotationX": 0.0, "rotationY": 14.0, "rotationZ": 0.0 },
						"TailFin": { "rotationX": 0.0, "rotationY": 28.0, "rotationZ": 0.0 },
						"FinVentral": { "rotationX": 10.0, "rotationY": 9.0, "rotationZ": 0.0 },
						"Jaw": { "rotationX": 0.0, "rotationY": 0.0, "rotationZ": 22.0 },
						"FinLeft": { "rotationX": 0.0, "rotationY": -6.0, "rotationZ": 0.0 },
						"FinRight": { "rotationX": 0.0, "rotationY": 42.0, "rotationZ": 0.0 },
						"DorsalFin": { "rotationX": 0.0, "rotationY": 8.0, "rotationZ": 0.0 }
					}
				},
				{
					"frame": 13,
					"elements": {
						"Body": { "offsetX": 0.845, "offsetY": 0.0, "offsetZ": 2.535, "rotationX": -100.0, "rotationY": -33.0, "rotationZ": 0.0 },
						"Butt": { "offsetX": -0.169, "offsetY": 0.0, "offsetZ": 0.0, "rotationX": 0.0, "rotationY": 45.0, "rotationZ": 0.0 },
						"Tail": { "rotationX": 0.0, "rotationY": 39.0, "rotationZ": 0.0 },
						"TailFin": { "rotationX": 0.0, "rotationY": -22.0, "rotationZ": 0.0 },
						"FinVentral": { "rotationX": 0.0, "rotationY": 0.0, "rotationZ": 0.0 }
					}
				},
				{
					"frame": 23,
					"elements": {
						"Body": { "offsetX": 0.0, "offsetY": 0.0, "offsetZ": 1.69, "rotationX": -94.0, "rotationY": 19.0, "rotationZ": 0.0 },
						"Jaw": { "rotationX": 0.0, "rotationY": 0.0, "rotationZ": 0.0 },
						"Butt": { "rotationX": 0.0, "rotationY": -14.0, "rotationZ": 0.0 },
						"Tail": { "rotationX": 0.0, "rotationY": -42.0, "rotationZ": 0.0 },
						"TailFin": { "rotationX": 0.0, "rotationY": -11.0, "rotationZ": 0.0 },
						"FinVentral": { "rotationX": 27.0, "rotationY": 5.43, "rotationZ": 0.0 },
						"DorsalFin": { "rotationX": -13.571, "rotationY": 2.286, "rotationZ": 0.0 },
						"FinRight": { "rotationX": 0.0, "rotationY": -22.0, "rotationZ": 0.0 },
						"FinLeft": { "rotationX": 0.0, "rotationY": 0.0, "rotationZ": 0.0 }
					}
				}
			]
		},

		{
			"name": "rising-eat",
			"code": "rising-eat",
			"quantityframes": 60,
			"onActivityStopped": "PlayTillEnd",
			"onAnimationEnd": "Stop",
			"keyframes": [
				{
					"frame": 0,
					"elements": {
						"Body": { "offsetX": 0.0, "offsetY": 0.0, "offsetZ": 0.0, "rotationX": 0.0, "rotationY": 0.0, "rotationZ": 0.0 },
						"Butt": { "rotationX": 0.0, "rotationY": 0.0, "rotationZ": 0.0 },
						"Tail": { "rotationX": 0.0, "rotationY": 0.0, "rotationZ": 0.0 },
						"Jaw": { "rotationX": 0.0, "rotationY": 0.0, "rotationZ": 0.0 },
						"DorsalFin": { "offsetX": 0.0, "offsetY": 0.0, "offsetZ": 0.0 }
					}
				},
				{
					"frame": 10,
					"elements": {
						"Body": { "rotationX": 0.0, "rotationY": 2.0, "rotationZ": -30.0 },
						"Butt": { "rotationX": 0.0, "rotationY": 5.0, "rotationZ": 0.0 },
						"Tail": { "rotationX": 0.0, "rotationY": 5.0, "rotationZ": 0.0 },
						"TailFin": { "rotationX": 0.0, "rotationY": 5.0, "rotationZ": 0.0 },
						"FinVentral": { "rotationX": 5.0, "rotationY": 0.0, "rotationZ": 0.0 },
						"DorsalFin": { "rotationX": 0.0, "rotationY": 0.0, "rotationZ": 0.0 },
						"FinRight": { "rotationX": 20.0, "rotationY": 0.0, "rotationZ": 0.0 },
						"FinLeft": { "rotationX": -10.0, "rotationY": 0.0, "rotationZ": 0.0 }
					}
				},
				{
					"frame": 15,
					"elements": {
						"Body": { "offsetX": 0.0, "offsetY": 0.0, "offsetZ": 0.0, "rotationX": 0.0, "rotationY": 0.0, "rotationZ": -45.0 },
						"Jaw": { "rotationX": 0.0, "rotationY": 0.0, "rotationZ": 20.0 }
					}
				},
				{
					"frame": 20,
					"elements": {
						"Body": { "offsetX": -0.169, "offsetY": 0.0, "offsetZ": 0.0, "rotationX": 0.0, "rotationY": -2.0, "rotationZ": -46.0 },
						"Butt": { "rotationX": 0.0, "rotationY": -5.0, "rotationZ": 0.0 },
						"Tail": { "rotationX": 0.0, "rotationY": -5.0, "rotationZ": 0.0 },
						"TailFin": { "rotationX": 0.0, "rotationY": -5.0, "rotationZ": 0.0 },
						"FinVentral": { "rotationX": -5.0, "rotationY": 0.0, "rotationZ": 0.0 },
						"DorsalFin": { "rotationX": 0.0, "rotationY": 0.0, "rotationZ": 0.0 },
						"FinRight": { "rotationX": -10.0, "rotationY": -10.0, "rotationZ": 0.0 },
						"FinLeft": { "rotationX": 10.0, "rotationY": 10.0, "rotationZ": 0.0 }
					}
				},
				{
					"frame": 25,
					"elements": {
						"Body": { "offsetX": 0.0, "offsetY": 0.0, "offsetZ": 0.0 },
						"Jaw": { "rotationX": 0.0, "rotationY": 0.0, "rotationZ": -14.0 }
					}
				},
				{
					"frame": 30,
					"elements": {
						"Body": { "rotationX": 0.0, "rotationY": 5.0, "rotationZ": -44.0 },
						"Butt": { "rotationX": 0.0, "rotationY": 5.0, "rotationZ": 0.0 },
						"Tail": { "rotationX": 0.0, "rotationY": 5.0, "rotationZ": 0.0 },
						"DorsalFin": { "rotationX": 0.0, "rotationY": 0.0, "rotationZ": 0.0 },
						"FinRight": { "rotationX": 10.0, "rotationY": 0.0, "rotationZ": 0.0 },
						"FinLeft": { "rotationX": -10.0, "rotationY": 0.0, "rotationZ": 0.0 }
					}
				},
				{
					"frame": 32,
					"elements": {
						"Body": { "offsetX": 0.169, "offsetY": 0.0, "offsetZ": 0.0 }
					}
				},
				{
					"frame": 35,
					"elements": {
						"Jaw": { "rotationX": 0.0, "rotationY": 0.0, "rotationZ": 20.0 }
					}
				},
				{
					"frame": 40,
					"elements": {
						"Body": { "offsetX": 0.0, "offsetY": 0.0, "offsetZ": 0.0, "rotationX": 0.0, "rotationY": -2.0, "rotationZ": -45.0 },
						"Butt": { "rotationX": 0.0, "rotationY": -5.0, "rotationZ": 0.0 },
						"Tail": { "rotationX": 0.0, "rotationY": -5.0, "rotationZ": 0.0 },
						"DorsalFin": { "rotationX": 0.0, "rotationY": 0.0, "rotationZ": 0.0 },
						"FinRight": { "rotationX": -10.0, "rotationY": -10.0, "rotationZ": 0.0 },
						"FinLeft": { "rotationX": 10.0, "rotationY": 10.0, "rotationZ": 0.0 }
					}
				},
				{
					"frame": 45,
					"elements": {
						"Body": { "offsetX": -0.169, "offsetY": 0.0, "offsetZ": 0.0, "rotationX": 0.0, "rotationY": 0.0, "rotationZ": -46.0 },
						"Jaw": { "rotationX": 0.0, "rotationY": 0.0, "rotationZ": -14.0 },
						"Tail": { "rotationX": 0.0, "rotationY": 0.0, "rotationZ": 0.0 },
						"TailFin": { "rotationX": 0.0, "rotationY": 0.0, "rotationZ": 0.0 },
						"FinVentral": { "rotationX": 0.0, "rotationY": 0.0, "rotationZ": 0.0 }
					}
				},
				{
					"frame": 50,
					"elements": {
						"Body": { "offsetX": 0.0, "offsetY": 0.0, "offsetZ": 0.0, "rotationX": 0.0, "rotationY": 2.0, "rotationZ": -30.0 },
						"Butt": { "rotationX": 0.0, "rotationY": 5.0, "rotationZ": 0.0 },
						"Tail": { "rotationX": 0.0, "rotationY": 5.0, "rotationZ": 0.0 },
						"DorsalFin": { "rotationX": 0.0, "rotationY": 0.0, "rotationZ": 0.0 },
						"FinRight": { "rotationX": 10.0, "rotationY": 0.0, "rotationZ": 0.0 },
						"FinLeft": { "rotationX": -10.0, "rotationY": 0.0, "rotationZ": 0.0 }
					}
				}
			]
		},

		{
			"name": "eat",
			"code": "eat",
			"quantityframes": 45,
			"onActivityStopped": "EaseOut",
			"onAnimationEnd": "Repeat",
			"keyframes": [
				{
					"frame": 0,
					"elements": {
						"Body": { "rotationX": 0.0, "rotationY": 2.0, "rotationZ": 5.0 },
						"Butt": { "rotationX": 0.0, "rotationY": 5.0, "rotationZ": 0.0 },
						"Tail": { "rotationX": 0.0, "rotationY": 5.0, "rotationZ": 0.0 },
						"TailFin": { "rotationX": 0.0, "rotationY": 5.0, "rotationZ": 0.0 },
						"FinVentral": { "rotationX": 5.0, "rotationY": 0.0, "rotationZ": 0.0 },
						"DorsalFin": { "rotationX": 0.0, "rotationY": 0.0, "rotationZ": 0.0 },
						"FinRight": { "rotationX": 20.0, "rotationY": 0.0, "rotationZ": 0.0 },
						"FinLeft": { "rotationX": -10.0, "rotationY": 0.0, "rotationZ": 0.0 }
					}
				},
				{
					"frame": 5,
					"elements": {
						"Body": { "offsetX": 0.0, "offsetY": 0.0, "offsetZ": 0.0, "rotationX": 0.0, "rotationY": 0.0, "rotationZ": 10.0 },
						"Jaw": { "rotationX": 0.0, "rotationY": 0.0, "rotationZ": 20.0 }
					}
				},
				{
					"frame": 10,
					"elements": {
						"Body": { "offsetX": -0.169, "offsetY": 0.0, "offsetZ": 0.0, "rotationX": 0.0, "rotationY": -2.0, "rotationZ": 9.0 },
						"Butt": { "rotationX": 0.0, "rotationY": -5.0, "rotationZ": 0.0 },
						"Tail": { "rotationX": 0.0, "rotationY": -5.0, "rotationZ": 0.0 },
						"TailFin": { "rotationX": 0.0, "rotationY": -5.0, "rotationZ": 0.0 },
						"FinVentral": { "rotationX": -5.0, "rotationY": 0.0, "rotationZ": 0.0 },
						"DorsalFin": { "rotationX": 0.0, "rotationY": 0.0, "rotationZ": 0.0 },
						"FinRight": { "rotationX": -10.0, "rotationY": -10.0, "rotationZ": 0.0 },
						"FinLeft": { "rotationX": 10.0, "rotationY": 10.0, "rotationZ": 0.0 }
					}
				},
				{
					"frame": 15,
					"elements": {
						"Body": { "offsetX": 0.0, "offsetY": 0.0, "offsetZ": 0.0 },
						"Jaw": { "rotationX": 0.0, "rotationY": 0.0, "rotationZ": -14.0 }
					}
				},
				{
					"frame": 20,
					"elements": {
						"Body": { "rotationX": 0.0, "rotationY": 5.0, "rotationZ": 11.0 },
						"Butt": { "rotationX": 0.0, "rotationY": 5.0, "rotationZ": 0.0 },
						"Tail": { "rotationX": 0.0, "rotationY": 5.0, "rotationZ": 0.0 },
						"DorsalFin": { "rotationX": 0.0, "rotationY": 0.0, "rotationZ": 0.0 },
						"FinRight": { "rotationX": 10.0, "rotationY": 0.0, "rotationZ": 0.0 },
						"FinLeft": { "rotationX": -10.0, "rotationY": 0.0, "rotationZ": 0.0 }
					}
				},
				{
					"frame": 25,
					"elements": {
						"Jaw": { "rotationX": 0.0, "rotationY": 0.0, "rotationZ": 20.0 }
					}
				},
				{
					"frame": 30,
					"elements": {
						"Body": { "offsetX": 0.0, "offsetY": 0.0, "offsetZ": 0.0, "rotationX": 0.0, "rotationY": -2.0, "rotationZ": 10.0 },
						"Butt": { "rotationX": 0.0, "rotationY": -5.0, "rotationZ": 0.0 },
						"Tail": { "rotationX": 0.0, "rotationY": -5.0, "rotationZ": 0.0 },
						"DorsalFin": { "rotationX": 0.0, "rotationY": 0.0, "rotationZ": 0.0 },
						"FinRight": { "rotationX": -10.0, "rotationY": -10.0, "rotationZ": 0.0 },
						"FinLeft": { "rotationX": 10.0, "rotationY": 10.0, "rotationZ": 0.0 }
					}
				},
				{
					"frame": 35,
					"elements": {
						"Body": { "offsetX": -0.169, "offsetY": 0.0, "offsetZ": 0.0, "rotationX": 0.0, "rotationY": 0.0, "rotationZ": 9.0 },
						"Jaw": { "rotationX": 0.0, "rotationY": 0.0, "rotationZ": -14.0 },
						"Tail": { "rotationX": 0.0, "rotationY": 0.0, "rotationZ": 0.0 },
						"TailFin": { "rotationX": 0.0, "rotationY": 0.0, "rotationZ": 0.0 },
						"FinVentral": { "rotationX": 0.0, "rotationY": 0.0, "rotationZ": 0.0 }
					}
				}
			]
		},

		{
			"name": "hurt",
			"code": "hurt",
			"quantityframes": 20,
			"onActivityStopped": "EaseOut",
			"onAnimationEnd": "Stop",
			"keyframes": [
				{
					"frame": 0,
					"elements": {
						"Body": { "rotationX": 0.0, "rotationY": 0.0, "rotationZ": 0.0 },
						"Butt": { "rotationX": 0.0, "rotationY": 0.0, "rotationZ": 0.0 },
						"Tail": { "rotationX": 0.0, "rotationY": 0.0, "rotationZ": 0.0 },
						"TailFin": { "rotationX": 0.0, "rotationY": 0.0, "rotationZ": 0.0 },
						"FinVentral": { "rotationX": 0.0, "rotationY": 0.0, "rotationZ": 0.0 },
						"Head": { "rotationX": 0.0, "rotationY": 0.0, "rotationZ": 0.0 },
						"Jaw": { "rotationX": 0.0, "rotationY": 0.0, "rotationZ": 0.0 },
						"FinRight": { "rotationX": 0.0, "rotationY": 0.0, "rotationZ": 0.0 },
						"FinLeft": { "rotationX": 0.0, "rotationY": 0.0, "rotationZ": 0.0 },
						"DorsalFin": { "rotationX": 0.0, "rotationY": 0.0, "rotationZ": 0.0 }
					}
				},
				{
					"frame": 7,
					"elements": {
						"Body": { "rotationX": 19.0, "rotationY": 3.0, "rotationZ": 0.0 },
						"Head": { "rotationX": 0.0, "rotationY": 15.0, "rotationZ": 0.0 },
						"Jaw": { "rotationX": 0.0, "rotationY": 0.0, "rotationZ": -10.0 },
						"FinRight": { "rotationX": 0.0, "rotationY": 42.0, "rotationZ": 22.0 },
						"FinLeft": { "rotationX": 0.0, "rotationY": -22.0, "rotationZ": 0.0 },
						"Butt": { "rotationX": 0.0, "rotationY": 9.0, "rotationZ": 0.0 },
						"Tail": { "rotationX": 0.0, "rotationY": 25.0, "rotationZ": 0.0 },
						"TailFin": { "rotationX": 0.0, "rotationY": 4.0, "rotationZ": 0.0 },
						"FinVentral": { "rotationX": 0.0, "rotationY": 3.0, "rotationZ": 8.0 },
						"DorsalFin": { "rotationX": -19.0, "rotationY": 0.0, "rotationZ": 0.0 }
					}
				},
				{
					"frame": 14,
					"elements": {
						"Body": { "rotationX": -14.0, "rotationY": 0.0, "rotationZ": 0.0 },
						"Butt": { "rotationX": 0.0, "rotationY": -28.0, "rotationZ": 0.0 },
						"Tail": { "rotationX": 0.0, "rotationY": -22.0, "rotationZ": 0.0 },
						"TailFin": { "rotationX": 0.0, "rotationY": -22.0, "rotationZ": 0.0 },
						"Head": { "rotationX": 8.0, "rotationY": 0.0, "rotationZ": 0.0 }
					}
				}
			]
		}
	]
}