{
	"editor": {
		"allAngles": true,
		"entityTextureMode": true
	},
	"textureWidth": 32,
	"textureHeight": 16,
	"textureSizes": {
	},
	"textures": {
	},
	"elements": [
		{
			"name": "origin",
			"from": [ 7.6, 4.0, 8.1 ],
			"to": [ 7.6, 4.0, 8.1 ],
			"uv": [ 999.0, 999.0 ],
			"rotationOrigin": [ 7.6, 4.0, 8.1 ],
			"faces": {
			},
			"children": [
				{
					"name": "Head",
					"from": [ -2.5, 1.6, -0.7 ],
					"to": [ 0.1, 4.3, 0.7 ],
					"unwrapMode": 7,
					"unwrapRotation": 1,
					"autoUnwrap": false,
					"uv": [ 10.5, 0.5 ],
					"rotationOrigin": [ -1.0, 3.1, -0.1 ],
					"rotationZ": 45.0,
					"faces": {
						"north": { "texture": "#piranha", "uv": [ 28.5, 0.0, 31.1, 2.25 ], "rotation": 90, "autoUv": false, "windMode": [-1,-1,-1,-1] },
						"east": { "texture": "#piranha", "uv": [ 28.5, 0.05, 31.2, 2.15 ], "autoUv": false, "windMode": [-1,-1,-1,-1] },
						"south": { "texture": "#piranha", "uv": [ 28.5, 0.0, 31.3, 2.35 ], "rotation": 270, "autoUv": false },
						"west": { "texture": "#piranha", "uv": [ 13.5, 0.5, 14.5, 3.0 ], "rotation": 180 },
						"up": { "texture": "#piranha", "uv": [ 29.5, 0.0, 30.5, 2.25 ], "rotation": 270, "autoUv": false },
						"down": { "texture": "#piranha", "uv": [ 29.5, 0.0, 30.5, 2.25 ], "rotation": 90, "autoUv": false }
					},
					"children": [
						{
							"name": "Jaw",
							"from": [ -0.2, 1.1, 0.4 ],
							"to": [ 0.3, 2.6, 1.1 ],
							"unwrapMode": 7,
							"unwrapRotation": 1,
							"autoUnwrap": false,
							"uv": [ 6.0, 2.5 ],
							"rotationOrigin": [ 0.3, 1.1, 1.0 ],
							"rotationZ": 20.0,
							"faces": {
								"north": { "texture": "#piranha", "uv": [ 5.6, 4.9, 7.6, 4.2 ], "rotation": 90, "autoUv": false, "windMode": [-1,-1,-1,-1] },
								"east": { "texture": "#piranha", "uv": [ 7.5, 4.5, 8.0, 6.0 ] },
								"south": { "texture": "#piranha", "uv": [ 5.4, 5.3, 7.4, 4.3 ], "rotation": 270, "autoUv": false, "windMode": [-1,-1,-1,-1] },
								"west": { "texture": "#piranha", "uv": [ 5.9, 4.5, 7.4, 5.7 ], "rotation": 180, "autoUv": false, "windMode": [-1,-1,-1,-1] },
								"up": { "texture": "#piranha", "uv": [ 6.5, 5.0, 7.0, 5.5 ], "rotation": 270, "windMode": [-1,-1,-1,-1] },
								"down": { "texture": "#piranha", "uv": [ 6.5, 5.0, 7.0, 5.5 ], "rotation": 90, "windMode": [-1,-1,-1,-1] }
							}
						},
						{
							"name": "Eye",
							"from": [ 1.0, 2.0, -0.1 ],
							"to": [ 1.5, 2.5, 1.5 ],
							"autoUnwrap": false,
							"uv": [ 14.0, 4.25 ],
							"rotationOrigin": [ 1.0, 2.0, -0.1 ],
							"faces": {
								"north": { "texture": "#piranha", "uv": [ 15.0, 10.75, 15.5, 11.25 ] },
								"east": { "texture": "#piranha", "uv": [ 5.5, 6.25, 7.0, 6.75 ] },
								"south": { "texture": "#piranha", "uv": [ 14.5, 10.5, 15.0, 11.0 ], "windMode": [-1,-1,-1,-1] },
								"west": { "texture": "#piranha", "uv": [ 5.5, 5.75, 7.0, 6.25 ] },
								"up": { "texture": "#piranha", "uv": [ 7.0, 5.25, 7.5, 6.75 ] },
								"down": { "texture": "#piranha", "uv": [ 7.0, 5.25, 7.5, 6.75 ] }
							}
						},
						{
							"name": "Body",
							"from": [ 1.0586, -0.3, 0.1 ],
							"to": [ 4.0586, 2.9, 1.3 ],
							"unwrapMode": 7,
							"unwrapRotation": 1,
							"autoUnwrap": false,
							"uv": [ 14.0, 7.25 ],
							"rotationOrigin": [ 1.3586, 1.3, 0.6 ],
							"rotationZ": -45.0,
							"faces": {
								"north": { "texture": "#piranha", "uv": [ 28.5, 0.15, 31.1, 2.15 ], "rotation": 90, "autoUv": false },
								"east": { "texture": "#piranha", "uv": [ 30.0, 0.25, 31.0, 2.25 ], "autoUv": false, "windMode": [-1,-1,-1,-1] },
								"south": { "texture": "#piranha", "uv": [ 28.8, 0.05, 31.2, 2.15 ], "rotation": 270, "autoUv": false, "windMode": [-1,-1,-1,-1] },
								"up": { "texture": "#piranha", "uv": [ 29.5, 0.0, 30.5, 2.0 ], "rotation": 270, "autoUv": false },
								"down": { "texture": "#piranha", "uv": [ 21.0, 7.5, 22.0, 10.5 ], "rotation": 90 }
							},
							"children": [
								{
									"name": "Tail",
									"from": [ 2.0, 0.6, 0.1 ],
									"to": [ 4.0, 2.6, 1.1 ],
									"unwrapMode": 7,
									"unwrapRotation": 1,
									"autoUnwrap": false,
									"uv": [ 9.0, 9.25 ],
									"rotationOrigin": [ 3.0, 1.8, 0.7 ],
									"faces": {
										"north": { "texture": "#piranha", "uv": [ 29.0, 0.0, 31.0, 2.0 ], "rotation": 90 },
										"east": { "texture": "#piranha", "uv": [ 29.5, 0.0, 30.5, 1.95 ], "autoUv": false },
										"south": { "texture": "#piranha", "uv": [ 29.0, 0.0, 31.0, 2.0 ], "rotation": 270 },
										"up": { "texture": "#piranha", "uv": [ 29.5, 0.0, 30.5, 2.0 ], "rotation": 270 },
										"down": { "texture": "#piranha", "uv": [ 29.5, 0.0, 30.5, 2.0 ], "rotation": 90 }
									},
									"children": [
										{
											"name": "TailFin",
											"from": [ 2.0, -1.0, 0.5 ],
											"to": [ 4.7, 1.7, 0.5 ],
											"autoUnwrap": false,
											"uv": [ 28.5, 0.0 ],
											"rotationOrigin": [ 4.0, 1.0, 0.5 ],
											"rotationZ": -45.0,
											"faces": {
												"north": { "texture": "#piranha", "uv": [ 19.3, 15.5, 13.5, 12.5 ], "autoUv": false, "windMode": [-1,-1,-1,-1] }
											}
										}
									]
								},
								{
									"name": "BackFin",
									"from": [ 1.5, 1.4, 0.6 ],
									"to": [ 3.9, 3.4, 0.6 ],
									"autoUnwrap": false,
									"uv": [ 2.5, 9.5 ],
									"rotationOrigin": [ 1.5, 1.3, 0.7 ],
									"rotationZ": 34.0,
									"faces": {
										"north": { "texture": "#piranha", "uv": [ 4.0, 9.5, 0.5, 11.5 ], "autoUv": false }
									}
								},
								{
									"name": "FinVentral",
									"from": [ 1.3, 0.9, 0.6 ],
									"to": [ 3.3, 3.1, 0.6 ],
									"autoUnwrap": false,
									"uv": [ 12.5, 14.0 ],
									"rotationOrigin": [ 0.8, 1.4, 0.6 ],
									"rotationZ": -53.0,
									"faces": {
										"north": { "texture": "#piranha", "uv": [ 18.5, 16.0, 14.5, 13.0 ], "autoUv": false }
									}
								},
								{
									"name": "FinRight",
									"from": [ 0.7, 1.0, 0.6 ],
									"to": [ 2.7, 2.4, 0.6 ],
									"autoUnwrap": false,
									"uv": [ 25.0, 11.25 ],
									"rotationOrigin": [ 0.7, 1.7, 0.6 ],
									"rotationY": 36.0,
									"rotationZ": -3.0,
									"faces": {
										"north": { "texture": "#piranha", "uv": [ 0.0, 12.75, 3.6, 14.0 ], "autoUv": false }
									}
								},
								{
									"name": "FinLeft",
									"from": [ 0.7, 1.0, 0.6 ],
									"to": [ 2.7, 2.4, 0.6 ],
									"autoUnwrap": false,
									"uv": [ 27.0, 11.25 ],
									"rotationOrigin": [ 0.7, 1.7, 0.6 ],
									"rotationY": -36.0,
									"rotationZ": 3.0,
									"faces": {
										"north": { "texture": "#piranha", "uv": [ 0.0, 12.75, 2.8, 14.1 ], "autoUv": false }
									}
								}
							]
						}
					]
				}
			]
		}
	],
	"animations": [
		{
			"name": "swim",
			"code": "swim",
			"quantityframes": 30,
			"onActivityStopped": "EaseOut",
			"onAnimationEnd": "Repeat",
			"keyframes": [
				{
					"frame": 0,
					"elements": {
						"FinRight": { "rotationX": 0.0, "rotationY": 25.0, "rotationZ": -3.0 },
						"FinLeft": { "rotationX": 0.0, "rotationY": -25.0, "rotationZ": 0.0 },
						"Tail": { "rotationX": 11.0, "rotationY": 0.0, "rotationZ": 0.0 }
					}
				},
				{
					"frame": 7,
					"elements": {
						"Body": { "rotationX": -8.0, "rotationY": 0.0, "rotationZ": 0.0 },
						"FinLeft": { "rotationX": 0.0, "rotationY": 0.0, "rotationZ": 0.0 },
						"FinRight": { "rotationX": 0.0, "rotationY": 0.0, "rotationZ": 0.0 }
					}
				},
				{
					"frame": 10,
					"elements": {
						"FinRight": { "rotationX": 0.0, "rotationY": 0.0, "rotationZ": 0.0 },
						"FinLeft": { "rotationX": 0.0, "rotationY": 0.0, "rotationZ": 0.0 }
					}
				},
				{
					"frame": 15,
					"elements": {
						"FinLeft": { "rotationX": 0.0, "rotationY": -25.0, "rotationZ": 0.0 },
						"FinRight": { "rotationX": 0.0, "rotationY": 25.0, "rotationZ": 0.0 },
						"Tail": { "rotationX": 2.0, "rotationY": 0.0, "rotationZ": -1.0 }
					}
				},
				{
					"frame": 20,
					"elements": {
						"Body": { "rotationX": 8.0, "rotationY": 0.0, "rotationZ": 0.0 },
						"FinLeft": { "rotationX": 0.0, "rotationY": 0.0, "rotationZ": 0.0 },
						"FinRight": { "rotationX": 0.0, "rotationY": 0.0, "rotationZ": 0.0 }
					}
				},
				{
					"frame": 25,
					"elements": {
						"FinRight": { "rotationX": 0.0, "rotationY": 0.0, "rotationZ": 0.0 },
						"FinLeft": { "rotationX": 0.0, "rotationY": 0.0, "rotationZ": 0.0 }
					}
				},
				{
					"frame": 29,
					"elements": {
						"FinRight": { "rotationX": 0.0, "rotationY": 25.0, "rotationZ": 0.0 },
						"FinLeft": { "rotationX": 0.0, "rotationY": -25.0, "rotationZ": 0.0 }
					}
				}
			]
		},

		{
			"name": "dead-floating",
			"code": "death",
			"quantityframes": 30,
			"onActivityStopped": "PlayTillEnd",
			"onAnimationEnd": "Hold",
			"keyframes": [
				{
					"frame": 0,
					"elements": {
						"Head": { "offsetX": 0.0, "offsetY": 0.0, "offsetZ": 0.0, "rotationX": 22.0, "rotationY": 0.0, "rotationZ": 0.0 },
						"Body": { "offsetX": 0.0, "offsetY": 0.0, "offsetZ": 0.0, "rotationX": 0.0, "rotationY": 0.0, "rotationZ": 0.0 }
					}
				},
				{
					"frame": 12,
					"elements": {
						"Head": { "offsetX": 0.0, "offsetY": 0.0, "offsetZ": -2.0, "rotationX": 58.0, "rotationY": 0.0, "rotationZ": 0.0 }
					}
				},
				{
					"frame": 28,
					"elements": {
						"Head": { "offsetX": 0.0, "offsetY": 0.0, "offsetZ": -3.0, "rotationX": 91.0, "rotationY": 25.0, "rotationZ": 0.0 },
						"Body": { "rotationX": -25.0, "rotationY": -25.0, "rotationZ": 3.0 }
					}
				}
			]
		},

		{
			"name": "dead-land",
			"code": "dead",
			"quantityframes": 10,
			"onActivityStopped": "PlayTillEnd",
			"onAnimationEnd": "Hold",
			"keyframes": [
				{
					"frame": 0,
					"elements": {
						"Head": { "offsetX": 0.0, "offsetY": 0.0, "offsetZ": 2.5 },
						"Body": { "rotationX": 0.0, "rotationY": 0.0, "rotationZ": 0.0 }
					}
				},
				{
					"frame": 1,
					"elements": {
						"Head": { "offsetX": 0.0, "offsetY": 0.0, "offsetZ": 2.5, "rotationX": 91.0, "rotationY": 6.0, "rotationZ": -3.0 },
						"Jaw": { "rotationX": 0.0, "rotationY": 0.0, "rotationZ": 8.0 },
						"Body": { "offsetX": 0.0, "offsetY": 0.0, "offsetZ": 0.0, "rotationX": 0.0, "rotationY": 0.0, "rotationZ": 0.0 },
						"Tail": { "rotationX": 0.0, "rotationY": -11.0, "rotationZ": 0.0 },
						"TailFin": { "rotationX": 0.0, "rotationY": 14.0, "rotationZ": 0.0 },
						"BackFin": { "rotationX": -50.0, "rotationY": 0.0, "rotationZ": 0.0 },
						"FinVentral": { "rotationX": 0.0, "rotationY": -8.0, "rotationZ": 0.0 },
						"FinRight": { "rotationX": 0.0, "rotationY": -22.0, "rotationZ": 0.0 },
						"FinLeft": { "rotationX": 0.0, "rotationY": 19.0, "rotationZ": 0.0 }
					}
				}
			]
		},

		{
			"name": "idle-land",
			"code": "idle-land",
			"quantityframes": 20,
			"onActivityStopped": "EaseOut",
			"onAnimationEnd": "Repeat",
			"keyframes": [
				{
					"frame": 0,
					"elements": {
						"Head": { "offsetX": 0.0, "offsetY": 0.0, "offsetZ": 2.5, "rotationX": 91.0, "rotationY": 0.0, "rotationZ": 8.0 },
						"Jaw": { "rotationX": 0.0, "rotationY": 0.0, "rotationZ": 0.0 }
					}
				},
				{
					"frame": 10,
					"elements": {
						"Jaw": { "rotationX": 0.0, "rotationY": 0.0, "rotationZ": -6.0 }
					}
				}
			]
		},

		{
			"name": "flopping",
			"code": "flopping",
			"quantityframes": 30,
			"onActivityStopped": "PlayTillEnd",
			"onAnimationEnd": "Repeat",
			"keyframes": [
				{
					"frame": 0,
					"elements": {
						"Head": { "offsetX": 0.0, "offsetY": 0.0, "offsetZ": 2.5, "rotationX": 91.0, "rotationY": 0.0, "rotationZ": 0.0 }
					}
				},
				{
					"frame": 4,
					"elements": {
						"Head": { "offsetX": 0.0, "offsetY": 0.0, "offsetZ": 0.0, "rotationX": 89.0, "rotationY": 17.0, "rotationZ": 0.0 },
						"Body": { "rotationX": -14.0, "rotationY": -25.0, "rotationZ": 6.0 }
					}
				},
				{
					"frame": 8,
					"elements": {
						"Head": { "offsetX": 0.0, "offsetY": 0.0, "offsetZ": 0.0, "rotationX": 94.0, "rotationY": 0.0, "rotationZ": 0.0 },
						"Body": { "offsetX": 0.0, "offsetY": 0.0, "offsetZ": 0.0, "rotationX": 0.0, "rotationY": 0.0, "rotationZ": 0.0 }
					}
				},
				{
					"frame": 13,
					"elements": {
						"Head": { "offsetX": 0.0, "offsetY": 0.0, "offsetZ": 1.0, "rotationX": 91.0, "rotationY": 0.0, "rotationZ": 0.0 },
						"Body": { "rotationX": 19.0, "rotationY": 19.0, "rotationZ": 0.0 }
					}
				},
				{
					"frame": 23,
					"elements": {
						"Head": { "offsetX": 0.0, "offsetY": 0.0, "offsetZ": 2.5, "rotationX": 94.0, "rotationY": 0.0, "rotationZ": 0.0 }
					}
				}
			]
		},

		{
			"name": "rising-eat",
			"code": "rising-eat",
			"quantityframes": 60,
			"onActivityStopped": "PlayTillEnd",
			"onAnimationEnd": "Stop",
			"keyframes": [
				{
					"frame": 20,
					"elements": {
						"Head": { "offsetX": 0.0, "offsetY": 1.0, "offsetZ": 0.0 }
					}
				},
				{
					"frame": 30,
					"elements": {
						"Head": { "offsetX": 0.0, "offsetY": 0.6, "offsetZ": 0.0 }
					}
				},
				{
					"frame": 32,
					"elements": {
						"Head": { "offsetX": 0.0, "offsetY": 0.4, "offsetZ": 0.0 }
					}
				}
			]
		},

		{
			"name": "eat",
			"code": "eat",
			"quantityframes": 60,
			"onActivityStopped": "PlayTillEnd",
			"onAnimationEnd": "Stop",
			"keyframes": [
				{
					"frame": 0,
					"elements": {
						"Head": { "offsetX": 0.0, "offsetY": 0.0, "offsetZ": 0.0, "rotationX": 0.0, "rotationY": 0.0, "rotationZ": 0.0 }
					}
				},
				{
					"frame": 10,
					"elements": {
						"Jaw": { "rotationX": 0.0, "rotationY": 0.0, "rotationZ": 17.0 },
						"Body": { "rotationX": 0.0, "rotationY": -8.0, "rotationZ": 0.0 }
					}
				},
				{
					"frame": 15,
					"elements": {
						"Jaw": { "rotationX": 0.0, "rotationY": 0.0, "rotationZ": 0.0 }
					}
				},
				{
					"frame": 20,
					"elements": {
						"Body": { "rotationX": 0.0, "rotationY": 14.0, "rotationZ": 0.0 }
					}
				},
				{
					"frame": 30,
					"elements": {
						"Jaw": { "rotationX": 0.0, "rotationY": 0.0, "rotationZ": -6.0 },
						"Body": { "rotationX": 0.0, "rotationY": -14.0, "rotationZ": 0.0 }
					}
				},
				{
					"frame": 35,
					"elements": {
						"Jaw": { "rotationX": 0.0, "rotationY": 0.0, "rotationZ": 0.0 }
					}
				},
				{
					"frame": 40,
					"elements": {
						"Jaw": { "rotationX": 0.0, "rotationY": 0.0, "rotationZ": 17.0 },
						"Body": { "rotationX": 0.0, "rotationY": 11.0, "rotationZ": 0.0 }
					}
				},
				{
					"frame": 45,
					"elements": {
						"Jaw": { "rotationX": 0.0, "rotationY": 0.0, "rotationZ": 0.0 }
					}
				},
				{
					"frame": 50,
					"elements": {
						"Body": { "rotationX": 0.0, "rotationY": -8.0, "rotationZ": 0.0 }
					}
				}
			]
		}
	]
}