{
	"editor": {
		"allAngles": false,
		"entityTextureMode": false
	},
	"textureWidth": 16,
	"textureHeight": 16,
	"textureSizes": {
	},
	"textures": {
	},
	"elements": [
		{
			"name": "body",
			"from": [ 3.0, 1.0, 6.0 ],
			"to": [ 8.0, 3.25, 10.0 ],
			"rotationOrigin": [ 3.0, 2.0, 8.0 ],
			"faces": {
				"north": { "texture": "#catfish3", "uv": [ 2.25, 8.5, 13.25, 11.25 ], "autoUv": false },
				"east": { "texture": "#catfish3", "uv": [ 2.75, 7.25, 12.75, 10.0 ], "autoUv": false },
				"south": { "texture": "#catfish3", "uv": [ 1.5, 9.5, 14.5, 12.25 ], "autoUv": false },
				"west": { "texture": "#catfish3", "uv": [ 2.5, 6.75, 12.5, 9.5 ], "autoUv": false },
				"up": { "texture": "#catfish3", "uv": [ 3.0, 8.5, 13.0, 11.5 ], "autoUv": false },
				"down": { "texture": "#catfish3", "uv": [ 3.0, 8.75, 12.0, 11.75 ], "autoUv": false }
			},
			"children": [
				{
					"name": "body2",
					"from": [ 4.0, 0.0, 0.25 ],
					"to": [ 10.0, 2.1, 3.75 ],
					"rotationOrigin": [ 4.0, 0.0, 2.0 ],
					"faces": {
						"north": { "texture": "#catfish3", "uv": [ 2.0, 8.5, 13.0, 11.0 ], "autoUv": false },
						"east": { "texture": "#catfish3", "uv": [ 2.5, 7.0, 12.0, 9.5 ], "autoUv": false },
						"south": { "texture": "#catfish3", "uv": [ 2.5, 7.5, 13.5, 10.0 ], "autoUv": false },
						"west": { "texture": "#catfish3", "uv": [ 2.75, 6.75, 11.25, 9.25 ], "autoUv": false },
						"up": { "texture": "#catfish3", "uv": [ 2.5, 9.75, 12.5, 12.25 ], "autoUv": false },
						"down": { "texture": "#catfish3", "uv": [ 2.5, 9.5, 12.5, 12.0 ], "autoUv": false }
					},
					"children": [
						{
							"name": "tail",
							"from": [ 4.0, 0.0, 0.25 ],
							"to": [ 10.0, 2.0, 3.25 ],
							"rotationOrigin": [ 4.0, 0.0, 1.7 ],
							"faces": {
								"north": { "texture": "#catfish3", "uv": [ 3.75, 6.5, 9.75, 8.5 ] },
								"east": { "texture": "#catfish3", "uv": [ 4.5, 7.75, 7.5, 9.75 ] },
								"south": { "texture": "#catfish3", "uv": [ 3.25, 9.0, 9.25, 11.0 ] },
								"west": { "texture": "#catfish3", "uv": [ 3.5, 6.75, 6.5, 8.75 ] },
								"up": { "texture": "#catfish3", "uv": [ 0.5, 9.0, 6.5, 12.0 ] },
								"down": { "texture": "#catfish3", "uv": [ 4.5, 6.25, 10.5, 9.25 ] }
							},
							"children": [
								{
									"name": "tail ridge",
									"from": [ 2.0, 0.65, 1.0 ],
									"to": [ 6.0, 2.15, 2.0 ],
									"rotationOrigin": [ 2.0, 0.0, 1.0 ],
									"faces": {
										"north": { "texture": "#catfish3", "uv": [ 2.75, 10.5, 6.75, 12.0 ] },
										"east": { "texture": "#catfish3", "uv": [ 3.75, 10.25, 4.75, 11.75 ] },
										"south": { "texture": "#catfish3", "uv": [ 1.25, 10.0, 5.25, 11.5 ] },
										"west": { "texture": "#catfish3", "uv": [ 3.0, 10.25, 4.0, 11.75 ] },
										"up": { "texture": "#catfish3", "uv": [ 1.75, 13.5, 2.75, 14.5 ], "autoUv": false },
										"down": { "texture": "#catfish3", "uv": [ 3.25, 9.5, 7.25, 10.5 ] }
									}
								},
								{
									"name": "tail 2",
									"from": [ 4.0, 0.0, 0.5 ],
									"to": [ 8.0, 1.8, 2.5 ],
									"rotationOrigin": [ 4.0, 0.0, 1.5 ],
									"faces": {
										"north": { "texture": "#catfish3", "uv": [ 2.75, 9.25, 12.75, 11.5 ], "autoUv": false },
										"east": { "texture": "#catfish3", "uv": [ 3.0, 9.5, 11.0, 11.75 ], "autoUv": false },
										"south": { "texture": "#catfish3", "uv": [ 2.5, 8.75, 11.5, 11.0 ], "autoUv": false },
										"west": { "texture": "#catfish3", "uv": [ 2.75, 9.0, 11.75, 11.25 ], "autoUv": false },
										"up": { "texture": "#catfish3", "uv": [ 2.0, 10.5, 11.0, 12.5 ], "autoUv": false },
										"down": { "texture": "#catfish3", "uv": [ 3.5, 9.25, 12.5, 11.25 ], "autoUv": false }
									},
									"children": [
										{
											"name": "tail ridge 2",
											"from": [ 1.0, 0.5, 0.5 ],
											"to": [ 4.0, 2.0, 1.5 ],
											"rotationOrigin": [ 1.0, 0.0, 0.0 ],
											"faces": {
												"north": { "texture": "#catfish3", "uv": [ 3.0, 8.25, 6.0, 9.75 ] },
												"east": { "texture": "#catfish3", "uv": [ 3.0, 8.0, 4.0, 9.5 ] },
												"south": { "texture": "#catfish3", "uv": [ 2.75, 9.75, 5.75, 11.25 ] },
												"west": { "texture": "#catfish3", "uv": [ 3.5, 9.75, 4.5, 11.25 ] },
												"up": { "texture": "#catfish3", "uv": [ 2.0, 13.5, 2.75, 14.5 ], "autoUv": false },
												"down": { "texture": "#catfish3", "uv": [ 3.25, 7.75, 6.25, 8.75 ] }
											},
											"children": [
												{
													"name": "tailfin",
													"from": [ 0.82, 1.815, 0.5 ],
													"to": [ 2.9375, 5.6429, 0.621 ],
													"rotationOrigin": [ 2.02, 0.42, 0.61 ],
													"rotationZ": -90.0,
													"faces": {
														"north": { "texture": "#catfish3", "uv": [ 0.0, 1.0, 2.0, 4.5 ], "autoUv": false },
														"east": { "texture": "#catfish3", "uv": [ 0.0, 0.0, 0.25, 3.75 ] },
														"south": { "texture": "#catfish3", "uv": [ 1.0, 1.0, 2.0, 3.75 ], "autoUv": false },
														"west": { "texture": "#catfish3", "uv": [ 0.0, 0.0, 0.25, 3.75 ] },
														"up": { "texture": "#catfish3", "uv": [ 0.0, 0.0, 2.0, 0.25 ] },
														"down": { "texture": "#catfish3", "uv": [ 0.0, 0.0, 2.0, 0.25 ] }
													},
													"children": [
														{
															"name": "tailfin2",
															"from": [ 0.48, -1.0, 0.0 ],
															"to": [ 2.295, 3.84, 0.121 ],
															"rotationOrigin": [ 1.21, -1.0, 0.0 ],
															"rotationZ": -22.5,
															"faces": {
																"north": { "texture": "#catfish3", "uv": [ 0.0, 1.0, 0.75, 6.5 ], "autoUv": false },
																"east": { "texture": "#catfish3", "uv": [ 0.0, 0.0, 0.25, 4.75 ] },
																"south": { "texture": "#catfish3", "uv": [ 1.0, 1.0, 2.75, 5.75 ], "autoUv": false },
																"west": { "texture": "#catfish3", "uv": [ 0.0, 0.0, 0.25, 4.75 ] },
																"up": { "texture": "#catfish3", "uv": [ 0.0, 0.0, 1.75, 0.25 ] },
																"down": { "texture": "#catfish3", "uv": [ 0.0, 0.0, 1.75, 0.25 ] }
															}
														},
														{
															"name": "tailfin3",
															"from": [ 0.7, -2.0, 0.0 ],
															"to": [ 2.515, 3.8, 0.121 ],
															"rotationOrigin": [ 1.21, -2.0, 0.0 ],
															"rotationZ": 27.0,
															"faces": {
																"north": { "texture": "#catfish3", "uv": [ 0.0, 1.0, 1.75, 11.0 ], "autoUv": false },
																"east": { "texture": "#catfish3", "uv": [ 0.0, 0.0, 0.25, 5.75 ] },
																"south": { "texture": "#catfish3", "uv": [ 1.0, 1.0, 1.75, 8.0 ], "autoUv": false },
																"west": { "texture": "#catfish3", "uv": [ 0.0, 0.0, 0.25, 5.75 ] },
																"up": { "texture": "#catfish3", "uv": [ 0.0, 0.0, 1.75, 0.25 ] },
																"down": { "texture": "#catfish3", "uv": [ 0.0, 0.0, 1.75, 0.25 ] }
															}
														}
													]
												}
											]
										},
										{
											"name": "belly 4",
											"from": [ 0.0, -0.3, 0.25 ],
											"to": [ 3.0, 0.7, 1.75 ],
											"rotationOrigin": [ 0.0, -1.0, 0.0 ],
											"faces": {
												"north": { "texture": "#catfish3", "uv": [ 4.0, 6.75, 7.0, 7.75 ] },
												"east": { "texture": "#catfish3", "uv": [ 5.25, 8.25, 6.75, 9.25 ] },
												"south": { "texture": "#catfish3", "uv": [ 1.75, 11.5, 4.75, 12.5 ] },
												"west": { "texture": "#catfish3", "uv": [ 3.5, 5.0, 5.0, 6.0 ] },
												"up": { "texture": "#catfish3", "uv": [ 5.25, 8.75, 8.25, 10.25 ] },
												"down": { "texture": "#catfish3", "uv": [ 3.5, 5.25, 6.5, 6.75 ] }
											}
										},
										{
											"name": "razor ridge50",
											"from": [ 1.6, 1.0, 1.25 ],
											"to": [ 2.3, 1.3, 3.45 ],
											"rotationOrigin": [ 1.5, 1.0, 1.25 ],
											"rotationX": 180.0,
											"rotationY": 28.0,
											"faces": {
												"north": { "texture": "#catfish3", "uv": [ 1.5, 0.5, 2.0, 0.75 ] },
												"east": { "texture": "#catfish3", "uv": [ 0.0, 1.0, 2.0, 1.25 ] },
												"south": { "texture": "#catfish3", "uv": [ 0.75, 1.0, 1.25, 1.25 ] },
												"west": { "texture": "#catfish3", "uv": [ 0.0, 2.0, 2.0, 2.25 ] },
												"up": { "texture": "#catfish3", "uv": [ 0.0, -0.5, 0.5, 1.5 ] },
												"down": { "texture": "#catfish3", "uv": [ 0.5, 0.25, 1.0, 2.25 ] }
											},
											"children": [
												{
													"name": "razor ridge51",
													"from": [ 0.0792, 0.0, 2.194 ],
													"to": [ 0.4792, 0.3, 3.694 ],
													"rotationOrigin": [ 0.0792, 0.0, 2.194 ],
													"rotationY": 50.0,
													"faces": {
														"north": { "texture": "#catfish3", "uv": [ 1.25, 1.5, 1.5, 1.75 ] },
														"east": { "texture": "#catfish3", "uv": [ 0.75, 2.25, 2.25, 2.5 ] },
														"south": { "texture": "#catfish3", "uv": [ 0.75, 1.75, 1.0, 2.0 ] },
														"west": { "texture": "#catfish3", "uv": [ 0.0, 1.75, 1.5, 2.0 ] },
														"up": { "texture": "#catfish3", "uv": [ 1.0, 1.5, 1.25, 3.0 ] },
														"down": { "texture": "#catfish3", "uv": [ 0.5, 1.5, 0.75, 3.0 ] }
													}
												}
											]
										},
										{
											"name": "razor ridge38",
											"from": [ 1.6, 0.7, 0.75 ],
											"to": [ 2.3, 1.0, 2.95 ],
											"rotationOrigin": [ 1.5, 0.7, 0.75 ],
											"rotationY": 28.0,
											"faces": {
												"north": { "texture": "#catfish3", "uv": [ 0.0, 0.0, 0.5, 0.5 ] },
												"east": { "texture": "#catfish3", "uv": [ 0.0, 0.0, 2.0, 0.5 ] },
												"south": { "texture": "#catfish3", "uv": [ 0.0, 0.0, 0.5, 0.5 ] },
												"west": { "texture": "#catfish3", "uv": [ 0.0, 0.0, 2.0, 0.5 ] },
												"up": { "texture": "#catfish3", "uv": [ 0.0, 0.0, 0.5, 2.0 ] },
												"down": { "texture": "#catfish3", "uv": [ 0.0, 0.0, 0.5, 2.0 ] }
											},
											"children": [
												{
													"name": "razor ridge39",
													"from": [ 0.0792, 0.0, 2.194 ],
													"to": [ 0.4792, 0.3, 3.694 ],
													"rotationOrigin": [ 0.0792, 0.0, 2.194 ],
													"rotationY": 50.0,
													"faces": {
														"north": { "texture": "#catfish3", "uv": [ 1.25, 1.75, 1.5, 2.0 ] },
														"east": { "texture": "#catfish3", "uv": [ 0.75, 2.25, 2.25, 2.5 ] },
														"south": { "texture": "#catfish3", "uv": [ 1.0, 2.25, 1.25, 2.5 ] },
														"west": { "texture": "#catfish3", "uv": [ 0.75, 1.5, 2.25, 1.75 ] },
														"up": { "texture": "#catfish3", "uv": [ 1.75, 0.5, 2.0, 2.0 ] },
														"down": { "texture": "#catfish3", "uv": [ 1.0, 0.75, 1.25, 2.25 ] }
													}
												}
											]
										}
									]
								},
								{
									"name": "belly 3",
									"from": [ 0.0, -0.4, 0.5 ],
									"to": [ 5.0, 0.6, 2.5 ],
									"rotationOrigin": [ 0.0, -1.0, 0.0 ],
									"faces": {
										"north": { "texture": "#catfish3", "uv": [ 6.75, 4.75, 11.75, 5.75 ] },
										"east": { "texture": "#catfish3", "uv": [ 6.0, 10.0, 8.0, 11.0 ] },
										"south": { "texture": "#catfish3", "uv": [ 3.0, 4.0, 8.0, 5.0 ] },
										"west": { "texture": "#catfish3", "uv": [ 3.75, 7.25, 5.75, 8.25 ] },
										"up": { "texture": "#catfish3", "uv": [ 3.25, 7.75, 8.25, 9.75 ] },
										"down": { "texture": "#catfish3", "uv": [ 3.75, 4.5, 8.75, 6.5 ] }
									}
								},
								{
									"name": "razor ridge36",
									"from": [ 3.2, 0.7, 1.75 ],
									"to": [ 3.9, 1.0, 3.95 ],
									"rotationOrigin": [ 3.1, 0.7, 1.75 ],
									"rotationY": 28.0,
									"faces": {
										"north": { "texture": "#catfish3", "uv": [ 0.0, 0.0, 0.5, 0.5 ] },
										"east": { "texture": "#catfish3", "uv": [ 0.0, 0.0, 2.0, 0.5 ] },
										"south": { "texture": "#catfish3", "uv": [ 0.0, 0.0, 0.5, 0.5 ] },
										"west": { "texture": "#catfish3", "uv": [ 0.0, 0.0, 2.0, 0.5 ] },
										"up": { "texture": "#catfish3", "uv": [ 0.0, 0.0, 0.5, 2.0 ] },
										"down": { "texture": "#catfish3", "uv": [ 0.0, 0.0, 0.5, 2.0 ] }
									},
									"children": [
										{
											"name": "razor ridge37",
											"from": [ 0.0792, 0.0, 2.194 ],
											"to": [ 0.4792, 0.3, 3.694 ],
											"rotationOrigin": [ 0.0792, 0.0, 2.194 ],
											"rotationY": 50.0,
											"faces": {
												"north": { "texture": "#catfish3", "uv": [ 1.25, 1.75, 1.5, 2.0 ] },
												"east": { "texture": "#catfish3", "uv": [ 0.0, 2.25, 1.5, 2.5 ] },
												"south": { "texture": "#catfish3", "uv": [ 1.25, 1.75, 1.5, 2.0 ] },
												"west": { "texture": "#catfish3", "uv": [ 0.0, 1.25, 1.5, 1.5 ] },
												"up": { "texture": "#catfish3", "uv": [ 1.0, 0.5, 1.25, 2.0 ] },
												"down": { "texture": "#catfish3", "uv": [ 1.25, 1.0, 1.5, 2.5 ] }
											}
										}
									]
								},
								{
									"name": "razor ridge48",
									"from": [ 3.2, 1.0, 1.25 ],
									"to": [ 3.9, 1.3, 3.45 ],
									"rotationOrigin": [ 3.1, 1.0, 1.25 ],
									"rotationX": -180.0,
									"rotationY": 28.0,
									"faces": {
										"north": { "texture": "#catfish3", "uv": [ 0.0, 0.0, 0.5, 0.5 ] },
										"east": { "texture": "#catfish3", "uv": [ 0.0, 0.0, 2.0, 0.5 ] },
										"south": { "texture": "#catfish3", "uv": [ 0.0, 0.0, 0.5, 0.5 ] },
										"west": { "texture": "#catfish3", "uv": [ 0.0, 0.0, 2.0, 0.5 ] },
										"up": { "texture": "#catfish3", "uv": [ 0.0, 0.0, 0.5, 2.0 ] },
										"down": { "texture": "#catfish3", "uv": [ 0.0, 0.0, 0.5, 2.0 ] }
									},
									"children": [
										{
											"name": "razor ridge49",
											"from": [ 0.0792, 0.0, 2.194 ],
											"to": [ 0.4792, 0.3, 3.694 ],
											"rotationOrigin": [ 0.0792, 0.0, 2.194 ],
											"rotationY": 50.0,
											"faces": {
												"north": { "texture": "#catfish3", "uv": [ 1.25, 1.5, 1.5, 1.75 ] },
												"east": { "texture": "#catfish3", "uv": [ 0.25, 1.5, 1.75, 1.75 ] },
												"south": { "texture": "#catfish3", "uv": [ 1.5, 1.75, 1.75, 2.0 ] },
												"west": { "texture": "#catfish3", "uv": [ 0.75, 1.5, 2.25, 1.75 ] },
												"up": { "texture": "#catfish3", "uv": [ 1.5, 1.5, 1.75, 3.0 ] },
												"down": { "texture": "#catfish3", "uv": [ 1.0, 0.5, 1.25, 2.0 ] }
											}
										}
									]
								}
							]
						},
						{
							"name": "body ridge 2",
							"from": [ 1.0, 1.0, 0.75 ],
							"to": [ 6.0, 1.75, 2.75 ],
							"rotationOrigin": [ 1.0, 1.0, 0.0 ],
							"faces": {
								"north": { "texture": "#catfish3", "uv": [ 5.25, 8.25, 10.25, 9.0 ] },
								"east": { "texture": "#catfish3", "uv": [ 2.5, 9.25, 4.5, 10.0 ] },
								"south": { "texture": "#catfish3", "uv": [ 1.5, 8.0, 6.5, 8.75 ] },
								"west": { "texture": "#catfish3", "uv": [ 1.0, 10.0, 3.0, 10.75 ] },
								"up": { "texture": "#catfish3", "uv": [ 1.75, 13.5, 2.75, 14.5 ], "autoUv": false },
								"down": { "texture": "#catfish3", "uv": [ 2.5, 8.5, 7.5, 10.5 ] }
							},
							"children": [
								{
									"name": "dorsal fin 15",
									"from": [ -1.0, -0.9, 1.0 ],
									"to": [ 2.0, 2.1, 1.1 ],
									"rotationOrigin": [ -1.0, -1.8, 1.0 ],
									"rotationZ": 2.0,
									"faces": {
										"north": { "texture": "#catfish3", "uv": [ 0.0, 1.0, 3.0, 4.0 ], "autoUv": false },
										"east": { "texture": "#catfish3", "uv": [ 0.0, 0.0, 0.5, 3.0 ] },
										"south": { "texture": "#catfish3", "uv": [ 0.0, 0.0, 3.0, 3.0 ] },
										"west": { "texture": "#catfish3", "uv": [ 0.0, 0.0, 0.5, 3.0 ] },
										"up": { "texture": "#catfish3", "uv": [ 0.0, 0.0, 3.0, 0.5 ] },
										"down": { "texture": "#catfish3", "uv": [ 0.0, 0.0, 3.0, 0.5 ] }
									}
								},
								{
									"name": "dorsal fin 16",
									"from": [ 0.4, 0.4, 1.0 ],
									"to": [ 3.0, 2.3, 1.1 ],
									"rotationOrigin": [ -0.6, -0.1, 1.0 ],
									"rotationZ": -7.1,
									"faces": {
										"north": { "texture": "#catfish3", "uv": [ 0.0, 1.0, 2.5, 2.5 ], "autoUv": false },
										"east": { "texture": "#catfish3", "uv": [ 0.0, 0.0, 0.5, 1.5 ] },
										"south": { "texture": "#catfish3", "uv": [ 0.0, 0.0, 2.5, 1.5 ] },
										"west": { "texture": "#catfish3", "uv": [ 0.0, 0.0, 0.5, 1.5 ] },
										"up": { "texture": "#catfish3", "uv": [ 0.0, 0.0, 2.5, 0.5 ] },
										"down": { "texture": "#catfish3", "uv": [ 0.0, 0.0, 2.5, 0.5 ] }
									}
								},
								{
									"name": "dorsal fin 30",
									"from": [ 1.6, 0.3, 1.0 ],
									"to": [ 4.2, 2.2, 1.1 ],
									"rotationOrigin": [ 0.6, -0.2, 1.0 ],
									"rotationZ": -13.1,
									"faces": {
										"north": { "texture": "#catfish3", "uv": [ 0.0, 1.7, 2.5, 3.5 ], "autoUv": false },
										"east": { "texture": "#catfish3", "uv": [ 0.0, 0.0, 0.5, 1.5 ] },
										"south": { "texture": "#catfish3", "uv": [ 0.0, 0.0, 2.5, 1.5 ] },
										"west": { "texture": "#catfish3", "uv": [ 0.0, 0.0, 0.5, 1.5 ] },
										"up": { "texture": "#catfish3", "uv": [ 0.0, 0.0, 2.5, 0.5 ] },
										"down": { "texture": "#catfish3", "uv": [ 0.0, 0.0, 2.5, 0.5 ] }
									}
								},
								{
									"name": "dorsal fin 31",
									"from": [ 3.0, -0.1, 1.0 ],
									"to": [ 5.6, 1.8, 1.1 ],
									"rotationOrigin": [ 2.0, -0.6, 1.0 ],
									"rotationZ": -17.1,
									"faces": {
										"north": { "texture": "#catfish3", "uv": [ 0.0, 0.0, 2.5, 2.5 ] },
										"east": { "texture": "#catfish3", "uv": [ 0.0, 0.0, 0.5, 1.5 ] },
										"south": { "texture": "#catfish3", "uv": [ 0.0, 0.0, 2.5, 1.5 ] },
										"west": { "texture": "#catfish3", "uv": [ 0.0, 0.0, 0.5, 1.5 ] },
										"up": { "texture": "#catfish3", "uv": [ 0.0, 0.0, 2.5, 0.5 ] },
										"down": { "texture": "#catfish3", "uv": [ 0.0, 0.0, 2.5, 0.5 ] }
									}
								}
							]
						},
						{
							"name": "belly 2",
							"from": [ 0.0, -0.4, 0.5 ],
							"to": [ 5.0, 0.6, 3.0 ],
							"rotationOrigin": [ 0.0, -1.0, 0.0 ],
							"faces": {
								"north": { "texture": "#catfish3", "uv": [ 6.0, 9.75, 11.0, 10.75 ] },
								"east": { "texture": "#catfish3", "uv": [ 5.5, 8.25, 8.0, 9.25 ] },
								"south": { "texture": "#catfish3", "uv": [ 2.5, 6.75, 7.5, 7.75 ] },
								"west": { "texture": "#catfish3", "uv": [ 2.0, 9.0, 4.5, 10.0 ] },
								"up": { "texture": "#catfish3", "uv": [ 1.5, 5.0, 6.5, 7.5 ] },
								"down": { "texture": "#catfish3", "uv": [ 7.75, 7.75, 12.75, 10.25 ] }
							}
						},
						{
							"name": "razor ridge",
							"from": [ 2.1, 0.9, 2.4 ],
							"to": [ 2.8, 1.2, 4.6 ],
							"rotationOrigin": [ 2.1, 0.9, 2.4 ],
							"rotationY": 28.0,
							"faces": {
								"north": { "texture": "#catfish3", "uv": [ 0.0, 0.0, 0.5, 0.5 ] },
								"east": { "texture": "#catfish3", "uv": [ 0.0, 0.0, 2.0, 0.5 ] },
								"south": { "texture": "#catfish3", "uv": [ 0.0, 0.0, 0.5, 0.5 ] },
								"west": { "texture": "#catfish3", "uv": [ 0.0, 0.0, 2.0, 0.5 ] },
								"up": { "texture": "#catfish3", "uv": [ 0.0, 0.0, 0.5, 2.0 ] },
								"down": { "texture": "#catfish3", "uv": [ 0.0, 0.0, 0.5, 2.0 ] }
							},
							"children": [
								{
									"name": "razor ridge33",
									"from": [ 0.0792, 0.0, 2.194 ],
									"to": [ 0.4792, 0.3, 3.694 ],
									"rotationOrigin": [ 0.0792, 0.0, 2.194 ],
									"rotationY": 50.0,
									"faces": {
										"north": { "texture": "#catfish3", "uv": [ 1.5, 1.5, 1.75, 1.75 ] },
										"east": { "texture": "#catfish3", "uv": [ 1.25, 1.5, 2.75, 1.75 ] },
										"south": { "texture": "#catfish3", "uv": [ 1.0, 1.0, 1.25, 1.25 ] },
										"west": { "texture": "#catfish3", "uv": [ 0.25, 1.5, 1.75, 1.75 ] },
										"up": { "texture": "#catfish3", "uv": [ 1.25, 1.25, 1.5, 2.75 ] },
										"down": { "texture": "#catfish3", "uv": [ 1.0, 0.75, 1.25, 2.25 ] }
									}
								}
							]
						},
						{
							"name": "razor ridge34",
							"from": [ 4.7, 0.9, 2.3 ],
							"to": [ 5.4, 1.2, 4.5 ],
							"rotationOrigin": [ 4.6, 0.9, 2.3 ],
							"rotationY": 28.0,
							"faces": {
								"north": { "texture": "#catfish3", "uv": [ 0.0, 0.0, 0.5, 0.5 ] },
								"east": { "texture": "#catfish3", "uv": [ 0.0, 0.0, 2.0, 0.5 ] },
								"south": { "texture": "#catfish3", "uv": [ 0.0, 0.0, 0.5, 0.5 ] },
								"west": { "texture": "#catfish3", "uv": [ 0.0, 0.0, 2.0, 0.5 ] },
								"up": { "texture": "#catfish3", "uv": [ 0.0, 0.0, 0.5, 2.0 ] },
								"down": { "texture": "#catfish3", "uv": [ 0.0, 0.0, 0.5, 2.0 ] }
							},
							"children": [
								{
									"name": "razor ridge35",
									"from": [ 0.0792, 0.0, 2.194 ],
									"to": [ 0.4792, 0.3, 3.694 ],
									"rotationOrigin": [ 0.0792, 0.0, 2.194 ],
									"rotationY": 50.0,
									"faces": {
										"north": { "texture": "#catfish3", "uv": [ 1.5, 2.0, 1.75, 2.25 ] },
										"east": { "texture": "#catfish3", "uv": [ 0.75, 1.25, 2.25, 1.5 ] },
										"south": { "texture": "#catfish3", "uv": [ 1.25, 1.5, 1.5, 1.75 ] },
										"west": { "texture": "#catfish3", "uv": [ 1.0, 1.25, 2.5, 1.5 ] },
										"up": { "texture": "#catfish3", "uv": [ 1.0, 0.75, 1.25, 2.25 ] },
										"down": { "texture": "#catfish3", "uv": [ 0.75, 1.0, 1.0, 2.5 ] }
									}
								}
							]
						},
						{
							"name": "razor ridge44",
							"from": [ 2.1, 1.0, 0.9 ],
							"to": [ 2.8, 1.3, 3.1 ],
							"rotationOrigin": [ 2.1, 1.0, 0.9 ],
							"rotationX": -180.0,
							"rotationY": 28.0,
							"faces": {
								"north": { "texture": "#catfish3", "uv": [ 0.0, 0.0, 0.5, 0.5 ] },
								"east": { "texture": "#catfish3", "uv": [ 0.0, 0.0, 2.0, 0.5 ] },
								"south": { "texture": "#catfish3", "uv": [ 0.0, 0.0, 0.5, 0.5 ] },
								"west": { "texture": "#catfish3", "uv": [ 0.0, 0.0, 2.0, 0.5 ] },
								"up": { "texture": "#catfish3", "uv": [ 0.0, 0.0, 0.5, 2.0 ] },
								"down": { "texture": "#catfish3", "uv": [ 0.0, 0.0, 0.5, 2.0 ] }
							},
							"children": [
								{
									"name": "razor ridge45",
									"from": [ 0.0792, 0.0, 2.194 ],
									"to": [ 0.4792, 0.3, 3.694 ],
									"rotationOrigin": [ 0.0792, 0.0, 2.194 ],
									"rotationY": 50.0,
									"faces": {
										"north": { "texture": "#catfish3", "uv": [ 1.25, 1.5, 1.5, 1.75 ] },
										"east": { "texture": "#catfish3", "uv": [ 0.5, 1.25, 2.0, 1.5 ] },
										"south": { "texture": "#catfish3", "uv": [ 1.0, 1.25, 1.25, 1.5 ] },
										"west": { "texture": "#catfish3", "uv": [ 1.0, 1.25, 2.5, 1.5 ] },
										"up": { "texture": "#catfish3", "uv": [ 1.0, 0.75, 1.25, 2.25 ] },
										"down": { "texture": "#catfish3", "uv": [ 1.0, 0.5, 1.25, 2.0 ] }
									}
								}
							]
						},
						{
							"name": "razor ridge46",
							"from": [ 4.7, 0.9, 1.3 ],
							"to": [ 5.4, 1.2, 3.5 ],
							"rotationOrigin": [ 4.6, 0.9, 1.3 ],
							"rotationX": -180.0,
							"rotationY": 28.0,
							"faces": {
								"north": { "texture": "#catfish3", "uv": [ 0.0, 0.0, 0.5, 0.5 ] },
								"east": { "texture": "#catfish3", "uv": [ 0.0, 0.0, 2.0, 0.5 ] },
								"south": { "texture": "#catfish3", "uv": [ 0.0, 0.0, 0.5, 0.5 ] },
								"west": { "texture": "#catfish3", "uv": [ 0.0, 0.0, 2.0, 0.5 ] },
								"up": { "texture": "#catfish3", "uv": [ 0.0, 0.0, 0.5, 2.0 ] },
								"down": { "texture": "#catfish3", "uv": [ 0.0, 0.0, 0.5, 2.0 ] }
							},
							"children": [
								{
									"name": "razor ridge47",
									"from": [ 0.0792, 0.0, 2.194 ],
									"to": [ 0.4792, 0.3, 3.694 ],
									"rotationOrigin": [ 0.0792, 0.0, 2.194 ],
									"rotationY": 50.0,
									"faces": {
										"north": { "texture": "#catfish3", "uv": [ 2.0, 1.5, 2.25, 1.75 ] },
										"east": { "texture": "#catfish3", "uv": [ 0.25, 1.25, 1.75, 1.5 ] },
										"south": { "texture": "#catfish3", "uv": [ 1.25, 1.0, 1.5, 1.25 ] },
										"west": { "texture": "#catfish3", "uv": [ 1.25, 0.75, 2.75, 1.0 ] },
										"up": { "texture": "#catfish3", "uv": [ 1.0, 1.0, 1.25, 2.5 ] },
										"down": { "texture": "#catfish3", "uv": [ 1.0, 0.75, 1.25, 2.25 ] }
									}
								}
							]
						},
						{
							"name": "left back fin52",
							"from": [ 3.92, 0.26, 3.47 ],
							"to": [ 4.016, 1.86, 4.27 ],
							"rotationOrigin": [ 3.92, 0.26, 3.47 ],
							"rotationX": 140.0,
							"rotationY": 26.5,
							"rotationZ": -37.5,
							"faces": {
								"north": { "texture": "#catfish3", "uv": [ 0.0, 0.0, 0.5, 1.5 ] },
								"east": { "texture": "#catfish3", "uv": [ 0.0, 0.0, 0.5, 1.5 ] },
								"south": { "texture": "#catfish3", "uv": [ 0.0, 0.0, 0.5, 1.5 ] },
								"west": { "texture": "#catfish3", "uv": [ 0.0, 0.0, 0.5, 1.5 ] },
								"up": { "texture": "#catfish3", "uv": [ 0.0, 0.0, 0.5, 0.5 ] },
								"down": { "texture": "#catfish3", "uv": [ 0.0, 0.0, 0.5, 0.5 ] }
							},
							"children": [
								{
									"name": "left fin53",
									"from": [ 0.0, 0.2218, 0.0918 ],
									"to": [ 0.096, 1.8218, 0.8918 ],
									"rotationOrigin": [ 0.0, 0.2218, 0.0918 ],
									"rotationX": 45.0,
									"faces": {
										"north": { "texture": "#catfish3", "uv": [ 0.0, 0.0, 0.4, 1.6 ] },
										"east": { "texture": "#catfish3", "uv": [ 0.0, 0.0, 0.8, 1.6 ] },
										"south": { "texture": "#catfish3", "uv": [ 0.0, 0.0, 0.4, 1.6 ] },
										"west": { "texture": "#catfish3", "uv": [ 0.0, 0.0, 0.8, 1.6 ] },
										"up": { "texture": "#catfish3", "uv": [ 0.0, 0.0, 0.4, 0.8 ] },
										"down": { "texture": "#catfish3", "uv": [ 0.0, 0.0, 0.4, 0.8 ] }
									}
								},
								{
									"name": "left fin 54",
									"from": [ 0.0, 0.88, 0.32 ],
									"to": [ 0.096, 1.68, 1.12 ],
									"rotationOrigin": [ 0.0, 0.88, 0.32 ],
									"rotationX": 22.5,
									"faces": {
										"north": { "texture": "#catfish3", "uv": [ 0.0, 0.0, 0.4, 0.8 ] },
										"east": { "texture": "#catfish3", "uv": [ 0.0, 0.0, 0.8, 0.8 ] },
										"south": { "texture": "#catfish3", "uv": [ 0.0, 0.0, 0.4, 0.8 ] },
										"west": { "texture": "#catfish3", "uv": [ 0.0, 0.0, 0.8, 0.8 ] },
										"up": { "texture": "#catfish3", "uv": [ 0.0, 0.0, 0.4, 0.8 ] },
										"down": { "texture": "#catfish3", "uv": [ 0.0, 0.0, 0.4, 0.8 ] }
									}
								}
							]
						},
						{
							"name": "rihgt back fin55",
							"from": [ 4.92, -0.34, -0.04 ],
							"to": [ 5.016, 1.26, 0.76 ],
							"rotationOrigin": [ 4.92, -0.24, 0.46 ],
							"rotationX": -166.1,
							"rotationY": 0.1,
							"rotationZ": -41.4,
							"faces": {
								"north": { "texture": "#catfish3", "uv": [ 0.0, 0.0, 0.25, 1.5 ] },
								"east": { "texture": "#catfish3", "uv": [ 0.0, 0.0, 0.75, 1.5 ] },
								"south": { "texture": "#catfish3", "uv": [ 0.0, 0.0, 0.25, 1.5 ] },
								"west": { "texture": "#catfish3", "uv": [ 0.0, 0.0, 0.75, 1.5 ] },
								"up": { "texture": "#catfish3", "uv": [ 0.0, 0.0, 0.25, 0.75 ] },
								"down": { "texture": "#catfish3", "uv": [ 0.0, 0.0, 0.25, 0.75 ] }
							},
							"children": [
								{
									"name": "right fin56",
									"from": [ 0.0, 0.2218, 0.0918 ],
									"to": [ 0.096, 1.8218, 0.8918 ],
									"rotationOrigin": [ 0.0, 0.2218, 0.0918 ],
									"rotationX": 45.0,
									"faces": {
										"north": { "texture": "#catfish3", "uv": [ 0.0, 0.0, 0.4, 1.6 ] },
										"east": { "texture": "#catfish3", "uv": [ 0.0, 0.0, 0.8, 1.6 ] },
										"south": { "texture": "#catfish3", "uv": [ 0.0, 0.0, 0.4, 1.6 ] },
										"west": { "texture": "#catfish3", "uv": [ 0.0, 0.0, 0.8, 1.6 ] },
										"up": { "texture": "#catfish3", "uv": [ 0.0, 0.0, 0.4, 0.8 ] },
										"down": { "texture": "#catfish3", "uv": [ 0.0, 0.0, 0.4, 0.8 ] }
									}
								},
								{
									"name": "rightfin 57",
									"from": [ 0.0, 0.88, 0.32 ],
									"to": [ 0.096, 1.68, 1.12 ],
									"rotationOrigin": [ 0.0, 0.88, 0.32 ],
									"rotationX": 22.5,
									"faces": {
										"north": { "texture": "#catfish3", "uv": [ 0.0, 0.0, 0.4, 0.8 ] },
										"east": { "texture": "#catfish3", "uv": [ 0.0, 0.0, 0.8, 0.8 ] },
										"south": { "texture": "#catfish3", "uv": [ 0.0, 0.0, 0.4, 0.8 ] },
										"west": { "texture": "#catfish3", "uv": [ 0.0, 0.0, 0.8, 0.8 ] },
										"up": { "texture": "#catfish3", "uv": [ 0.0, 0.0, 0.4, 0.8 ] },
										"down": { "texture": "#catfish3", "uv": [ 0.0, 0.0, 0.4, 0.8 ] }
									}
								}
							]
						}
					]
				},
				{
					"name": "body ridge",
					"from": [ -2.0, 1.0, 1.0 ],
					"to": [ 5.0, 2.0, 3.0 ],
					"rotationOrigin": [ -2.0, 1.0, 1.0 ],
					"faces": {
						"north": { "texture": "#catfish3", "uv": [ 2.0, 9.75, 9.0, 10.75 ] },
						"east": { "texture": "#catfish3", "uv": [ 5.0, 7.25, 7.0, 8.25 ] },
						"south": { "texture": "#catfish3", "uv": [ 2.25, 9.5, 9.25, 10.5 ] },
						"west": { "texture": "#catfish3", "uv": [ 2.0, 9.0, 4.0, 10.0 ] },
						"up": { "texture": "#catfish3", "uv": [ 2.25, 14.0, 3.25, 15.0 ], "autoUv": false },
						"down": { "texture": "#catfish3", "uv": [ 0.75, 7.75, 7.75, 9.75 ] }
					},
					"children": [
						{
							"name": "dorsal fin 1",
							"from": [ 2.0, 0.7, 1.0 ],
							"to": [ 4.0, 3.7, 1.1 ],
							"rotationOrigin": [ 2.0, 0.7, 1.0 ],
							"rotationZ": -57.0,
							"faces": {
								"north": { "texture": "#catfish3", "uv": [ 0.0, 0.0, 2.0, 3.0 ] },
								"east": { "texture": "#catfish3", "uv": [ 0.0, 0.0, 0.5, 3.0 ] },
								"south": { "texture": "#catfish3", "uv": [ 0.0, 0.0, 2.0, 3.0 ] },
								"west": { "texture": "#catfish3", "uv": [ 0.0, 0.0, 0.5, 3.0 ] },
								"up": { "texture": "#catfish3", "uv": [ 0.0, 0.0, 2.0, 0.5 ] },
								"down": { "texture": "#catfish3", "uv": [ 0.0, 0.0, 2.0, 0.5 ] }
							}
						},
						{
							"name": "dorsal fin 13",
							"from": [ 3.6, 2.3, 1.0 ],
							"to": [ 5.6, 4.3, 1.1 ],
							"rotationOrigin": [ 3.2, 1.8, 1.0 ],
							"rotationZ": -65.0,
							"faces": {
								"north": { "texture": "#catfish3", "uv": [ 0.0, 0.0, 2.0, 2.0 ] },
								"east": { "texture": "#catfish3", "uv": [ 0.0, 0.0, 0.5, 2.0 ] },
								"south": { "texture": "#catfish3", "uv": [ 0.0, 0.0, 2.0, 2.0 ] },
								"west": { "texture": "#catfish3", "uv": [ 0.0, 0.0, 0.5, 2.0 ] },
								"up": { "texture": "#catfish3", "uv": [ 0.0, 0.0, 2.0, 0.5 ] },
								"down": { "texture": "#catfish3", "uv": [ 0.0, 0.0, 2.0, 0.5 ] }
							}
						},
						{
							"name": "dorsal fin 14",
							"from": [ 5.2, 2.2, 1.0 ],
							"to": [ 8.2, 4.2, 1.1 ],
							"rotationOrigin": [ 5.2, 2.2, 1.0 ],
							"rotationY": -2.0,
							"rotationZ": -84.0,
							"faces": {
								"north": { "texture": "#catfish3", "uv": [ 0.0, 0.0, 3.0, 2.0 ] },
								"east": { "texture": "#catfish3", "uv": [ 0.0, 0.0, 0.5, 2.0 ] },
								"south": { "texture": "#catfish3", "uv": [ 0.0, 0.0, 3.0, 2.0 ] },
								"west": { "texture": "#catfish3", "uv": [ 0.0, 0.0, 0.5, 2.0 ] },
								"up": { "texture": "#catfish3", "uv": [ 0.0, 0.0, 3.0, 0.5 ] },
								"down": { "texture": "#catfish3", "uv": [ 0.0, 0.0, 3.0, 0.5 ] }
							}
						}
					]
				},
				{
					"name": "head",
					"from": [ -2.0, -0.2, 0.5 ],
					"to": [ 1.0, 2.3, 3.5 ],
					"rotationOrigin": [ -0.6, 0.8, 2.0 ],
					"rotationZ": -3.0,
					"faces": {
						"north": { "texture": "#catfish3", "uv": [ 2.25, 5.5, 4.25, 7.25 ], "autoUv": false },
						"east": { "texture": "#catfish3", "uv": [ 7.25, 9.5, 9.25, 11.25 ], "autoUv": false },
						"south": { "texture": "#catfish3", "uv": [ 4.75, 7.5, 6.75, 9.25 ], "autoUv": false },
						"west": { "texture": "#catfish3", "uv": [ 1.5, 6.5, 3.5, 8.25 ], "autoUv": false },
						"up": { "texture": "#catfish3", "uv": [ 2.75, 7.75, 4.75, 9.75 ], "autoUv": false },
						"down": { "texture": "#catfish3", "uv": [ 3.25, 6.75, 5.25, 8.75 ], "autoUv": false }
					},
					"children": [
						{
							"name": "forehead",
							"from": [ 1.5, 0.0, -0.25 ],
							"to": [ 3.5, 2.0, 3.25 ],
							"rotationOrigin": [ 1.3, -1.0, 0.0 ],
							"rotationZ": 59.0,
							"faces": {
								"north": { "texture": "#catfish3", "uv": [ 0.5, 0.5, 9.5, 3.5 ], "autoUv": false },
								"east": { "texture": "#catfish3", "uv": [ 0.25, 0.5, 3.75, 2.5 ] },
								"south": { "texture": "#catfish3", "uv": [ 6.5, 0.75, 15.5, 3.75 ], "autoUv": false },
								"west": { "texture": "#catfish3", "uv": [ 0.5, 0.75, 4.0, 1.75 ], "autoUv": false },
								"up": { "texture": "#catfish3", "uv": [ 7.75, 0.75, 15.75, 15.25 ], "autoUv": false },
								"down": { "texture": "#catfish3", "uv": [ 0.5, 0.5, 2.5, 1.0 ], "autoUv": false }
							},
							"children": [
								{
									"name": "jaw",
									"from": [ -0.2, -0.4, 0.0 ],
									"to": [ 0.2, 2.1, 3.5 ],
									"rotationOrigin": [ 0.3, 0.1, 1.75 ],
									"rotationZ": 6.5,
									"faces": {
										"north": { "texture": "#catfish3", "uv": [ 6.5, 7.0, 7.0, 9.5 ] },
										"east": { "texture": "#catfish3", "uv": [ 4.0, 6.5, 7.5, 9.0 ] },
										"south": { "texture": "#catfish3", "uv": [ 3.5, 10.0, 4.0, 12.5 ] },
										"west": { "texture": "#catfish3", "uv": [ 5.5, 5.0, 9.0, 7.5 ] },
										"up": { "texture": "#catfish3", "uv": [ 4.5, 6.0, 5.0, 9.5 ] },
										"down": { "texture": "#catfish3", "uv": [ 5.0, 6.5, 5.5, 10.0 ] }
									},
									"children": [
										{
											"name": "l whisker 1",
											"from": [ 1.1, 1.0, 3.0 ],
											"to": [ 1.2, 1.1, 5.0 ],
											"rotationOrigin": [ 1.1, 1.0, 3.0 ],
											"rotationX": 20.5,
											"rotationZ": 24.0,
											"faces": {
												"north": { "texture": "#catfish3", "uv": [ 0.0, 0.0, 0.5, 0.5 ] },
												"east": { "texture": "#catfish3", "uv": [ 0.0, 0.0, 2.0, 0.5 ] },
												"south": { "texture": "#catfish3", "uv": [ 0.0, 0.0, 0.5, 0.5 ] },
												"west": { "texture": "#catfish3", "uv": [ 0.0, 0.0, 2.0, 0.5 ] },
												"up": { "texture": "#catfish3", "uv": [ 0.0, 0.0, 0.5, 2.0 ] },
												"down": { "texture": "#catfish3", "uv": [ 0.0, 0.0, 0.5, 2.0 ] }
											},
											"children": [
												{
													"name": "Cube61",
													"from": [ 0.0, 0.0, 2.0 ],
													"to": [ 0.1, 0.1, 4.0 ],
													"rotationOrigin": [ 0.0, 0.0, 2.0 ],
													"rotationX": 61.0,
													"faces": {
														"north": { "texture": "#catfish3", "uv": [ 0.0, 0.0, 0.5, 0.5 ] },
														"east": { "texture": "#catfish3", "uv": [ 0.0, 0.0, 2.0, 0.5 ] },
														"south": { "texture": "#catfish3", "uv": [ 0.0, 0.0, 0.5, 0.5 ] },
														"west": { "texture": "#catfish3", "uv": [ 0.0, 0.0, 2.0, 0.5 ] },
														"up": { "texture": "#catfish3", "uv": [ 0.0, 0.0, 0.5, 2.0 ] },
														"down": { "texture": "#catfish3", "uv": [ 0.0, 0.0, 0.5, 2.0 ] }
													}
												}
											]
										},
										{
											"name": "l whisker 62",
											"from": [ 1.5, 1.0, 3.0 ],
											"to": [ 1.6, 1.1, 5.0 ],
											"rotationOrigin": [ 1.5, 1.0, 3.0 ],
											"rotationX": 37.5,
											"rotationY": 9.0,
											"rotationZ": 24.0,
											"faces": {
												"north": { "texture": "#catfish3", "uv": [ 0.0, 0.0, 0.5, 0.5 ] },
												"east": { "texture": "#catfish3", "uv": [ 0.0, 0.0, 2.0, 0.5 ] },
												"south": { "texture": "#catfish3", "uv": [ 0.0, 0.0, 0.5, 0.5 ] },
												"west": { "texture": "#catfish3", "uv": [ 0.0, 0.0, 2.0, 0.5 ] },
												"up": { "texture": "#catfish3", "uv": [ 0.0, 0.0, 0.5, 2.0 ] },
												"down": { "texture": "#catfish3", "uv": [ 0.0, 0.0, 0.5, 2.0 ] }
											},
											"children": [
												{
													"name": "Cube63",
													"from": [ 0.0, 0.0, 2.0 ],
													"to": [ 0.1, 0.1, 4.0 ],
													"rotationOrigin": [ 0.0, 0.0, 2.0 ],
													"rotationX": 45.0,
													"faces": {
														"north": { "texture": "#catfish3", "uv": [ 0.0, 0.0, 0.5, 0.5 ] },
														"east": { "texture": "#catfish3", "uv": [ 0.0, 0.0, 2.0, 0.5 ] },
														"south": { "texture": "#catfish3", "uv": [ 0.0, 0.0, 0.5, 0.5 ] },
														"west": { "texture": "#catfish3", "uv": [ 0.0, 0.0, 2.0, 0.5 ] },
														"up": { "texture": "#catfish3", "uv": [ 0.0, 0.0, 0.5, 2.0 ] },
														"down": { "texture": "#catfish3", "uv": [ 0.0, 0.0, 0.5, 2.0 ] }
													}
												}
											]
										},
										{
											"name": "l whisker 64",
											"from": [ 1.1, 1.8, 3.0 ],
											"to": [ 1.2, 1.9, 5.0 ],
											"rotationOrigin": [ 1.1, 1.8, 3.0 ],
											"rotationX": 37.5,
											"rotationY": 7.0,
											"rotationZ": 16.0,
											"faces": {
												"north": { "texture": "#catfish3", "uv": [ 0.0, 0.0, 0.5, 0.5 ] },
												"east": { "texture": "#catfish3", "uv": [ 0.0, 0.0, 2.0, 0.5 ] },
												"south": { "texture": "#catfish3", "uv": [ 0.0, 0.0, 0.5, 0.5 ] },
												"west": { "texture": "#catfish3", "uv": [ 0.0, 0.0, 2.0, 0.5 ] },
												"up": { "texture": "#catfish3", "uv": [ 0.0, 0.0, 0.5, 2.0 ] },
												"down": { "texture": "#catfish3", "uv": [ 0.0, 0.0, 0.5, 2.0 ] }
											},
											"children": [
												{
													"name": "Cube65",
													"from": [ 0.0, 0.0, 2.0 ],
													"to": [ 0.1, 0.1, 4.0 ],
													"rotationOrigin": [ 0.0, 0.0, 2.0 ],
													"rotationX": 45.0,
													"faces": {
														"north": { "texture": "#catfish3", "uv": [ 0.0, 0.0, 0.5, 0.5 ] },
														"east": { "texture": "#catfish3", "uv": [ 0.0, 0.0, 2.0, 0.5 ] },
														"south": { "texture": "#catfish3", "uv": [ 0.0, 0.0, 0.5, 0.5 ] },
														"west": { "texture": "#catfish3", "uv": [ 0.0, 0.0, 2.0, 0.5 ] },
														"up": { "texture": "#catfish3", "uv": [ 0.0, 0.0, 0.5, 2.0 ] },
														"down": { "texture": "#catfish3", "uv": [ 0.0, 0.0, 0.5, 2.0 ] }
													}
												}
											]
										},
										{
											"name": "r whisker 1",
											"from": [ 1.4, 0.8, -1.4 ],
											"to": [ 1.5, 0.9, 0.6 ],
											"rotationOrigin": [ 1.4, 0.8, 0.6 ],
											"rotationX": -28.0,
											"rotationZ": 23.0,
											"faces": {
												"north": { "texture": "#catfish3", "uv": [ 0.0, 0.0, 0.5, 0.5 ] },
												"east": { "texture": "#catfish3", "uv": [ 0.0, 0.0, 2.0, 0.5 ] },
												"south": { "texture": "#catfish3", "uv": [ 0.0, 0.0, 0.5, 0.5 ] },
												"west": { "texture": "#catfish3", "uv": [ 0.0, 0.0, 2.0, 0.5 ] },
												"up": { "texture": "#catfish3", "uv": [ 0.0, 0.0, 0.5, 2.0 ] },
												"down": { "texture": "#catfish3", "uv": [ 0.0, 0.0, 0.5, 2.0 ] }
											},
											"children": [
												{
													"name": "r whisker 67",
													"from": [ 0.0, 0.0, -2.0 ],
													"to": [ 0.1, 0.1, 0.1 ],
													"rotationOrigin": [ 0.0, 0.0, 0.0 ],
													"rotationX": -60.0,
													"faces": {
														"north": { "texture": "#catfish3", "uv": [ 0.0, 0.0, 0.5, 0.5 ] },
														"east": { "texture": "#catfish3", "uv": [ 0.0, 0.0, 2.0, 0.5 ] },
														"south": { "texture": "#catfish3", "uv": [ 0.0, 0.0, 0.5, 0.5 ] },
														"west": { "texture": "#catfish3", "uv": [ 0.0, 0.0, 2.0, 0.5 ] },
														"up": { "texture": "#catfish3", "uv": [ 0.0, 0.0, 0.5, 2.0 ] },
														"down": { "texture": "#catfish3", "uv": [ 0.0, 0.0, 0.5, 2.0 ] }
													}
												}
											]
										},
										{
											"name": "r whisker 68",
											"from": [ 1.5, 1.8, -1.4 ],
											"to": [ 1.6, 1.9, 0.6 ],
											"rotationOrigin": [ 1.5, 1.8, 0.6 ],
											"rotationX": -25.0,
											"rotationZ": 20.0,
											"faces": {
												"north": { "texture": "#catfish3", "uv": [ 0.0, 0.0, 0.5, 0.5 ] },
												"east": { "texture": "#catfish3", "uv": [ 0.0, 0.0, 2.0, 0.5 ] },
												"south": { "texture": "#catfish3", "uv": [ 0.0, 0.0, 0.5, 0.5 ] },
												"west": { "texture": "#catfish3", "uv": [ 0.0, 0.0, 2.0, 0.5 ] },
												"up": { "texture": "#catfish3", "uv": [ 0.0, 0.0, 0.5, 2.0 ] },
												"down": { "texture": "#catfish3", "uv": [ 0.0, 0.0, 0.5, 2.0 ] }
											},
											"children": [
												{
													"name": "r whisker 69",
													"from": [ 0.0, 0.0, -2.0 ],
													"to": [ 0.1, 0.1, 0.1 ],
													"rotationOrigin": [ 0.0, 0.0, 0.0 ],
													"rotationX": -60.0,
													"faces": {
														"north": { "texture": "#catfish3", "uv": [ 0.0, 0.0, 0.5, 0.5 ] },
														"east": { "texture": "#catfish3", "uv": [ 0.0, 0.0, 2.0, 0.5 ] },
														"south": { "texture": "#catfish3", "uv": [ 0.0, 0.0, 0.5, 0.5 ] },
														"west": { "texture": "#catfish3", "uv": [ 0.0, 0.0, 2.0, 0.5 ] },
														"up": { "texture": "#catfish3", "uv": [ 0.0, 0.0, 0.5, 2.0 ] },
														"down": { "texture": "#catfish3", "uv": [ 0.0, 0.0, 0.5, 2.0 ] }
													}
												}
											]
										},
										{
											"name": "r whisker 70",
											"from": [ 1.0, 0.8, -1.4 ],
											"to": [ 1.1, 0.9, 0.6 ],
											"rotationOrigin": [ 1.0, 0.8, 0.6 ],
											"rotationX": -20.0,
											"rotationZ": 12.0,
											"faces": {
												"north": { "texture": "#catfish3", "uv": [ 0.0, 0.0, 0.5, 0.5 ] },
												"east": { "texture": "#catfish3", "uv": [ 0.0, 0.0, 2.0, 0.5 ] },
												"south": { "texture": "#catfish3", "uv": [ 0.0, 0.0, 0.5, 0.5 ] },
												"west": { "texture": "#catfish3", "uv": [ 0.0, 0.0, 2.0, 0.5 ] },
												"up": { "texture": "#catfish3", "uv": [ 0.0, 0.0, 0.5, 2.0 ] },
												"down": { "texture": "#catfish3", "uv": [ 0.0, 0.0, 0.5, 2.0 ] }
											},
											"children": [
												{
													"name": "r whisker 71",
													"from": [ 0.0, 0.0, -2.0 ],
													"to": [ 0.1, 0.1, 0.1 ],
													"rotationOrigin": [ 0.0, 0.0, 0.0 ],
													"rotationX": -60.0,
													"faces": {
														"north": { "texture": "#catfish3", "uv": [ 0.0, 0.0, 0.5, 0.5 ] },
														"east": { "texture": "#catfish3", "uv": [ 0.0, 0.0, 2.0, 0.5 ] },
														"south": { "texture": "#catfish3", "uv": [ 0.0, 0.0, 0.5, 0.5 ] },
														"west": { "texture": "#catfish3", "uv": [ 0.0, 0.0, 2.0, 0.5 ] },
														"up": { "texture": "#catfish3", "uv": [ 0.0, 0.0, 0.5, 2.0 ] },
														"down": { "texture": "#catfish3", "uv": [ 0.0, 0.0, 0.5, 2.0 ] }
													}
												}
											]
										}
									]
								},
								{
									"name": "right eye",
									"from": [ 0.9, 1.78, 0.25 ],
									"to": [ 1.9, 2.78, 1.25 ],
									"rotationOrigin": [ 0.9021, 2.282, 0.75 ],
									"rotationX": -7.09,
									"rotationY": -15.15,
									"rotationZ": -70.63,
									"faces": {
										"north": { "texture": "#catfish3", "uv": [ 2.5, 6.25, 3.5, 7.25 ] },
										"east": { "texture": "#catfish3", "uv": [ 3.5, 7.25, 4.5, 8.25 ] },
										"south": { "texture": "#catfish3", "uv": [ 3.25, 6.75, 4.25, 7.75 ] },
										"west": { "texture": "#catfish3", "uv": [ 1.25, 0.75, 2.25, 1.75 ] },
										"up": { "texture": "#catfish3", "uv": [ 2.5, 6.25, 3.5, 7.25 ] },
										"down": { "texture": "#catfish3", "uv": [ 3.5, 3.5, 4.5, 4.5 ] }
									}
								},
								{
									"name": "left eye",
									"from": [ 0.9, 1.68, 2.25 ],
									"to": [ 1.9, 2.68, 3.25 ],
									"rotationOrigin": [ 0.9021, 2.182, 2.65 ],
									"rotationX": 0.92,
									"rotationY": 15.94,
									"rotationZ": -68.67,
									"faces": {
										"north": { "texture": "#catfish3", "uv": [ 4.5, 5.5, 5.5, 6.5 ] },
										"east": { "texture": "#catfish3", "uv": [ 3.5, 5.0, 4.5, 6.0 ] },
										"south": { "texture": "#catfish3", "uv": [ 4.0, 6.5, 5.0, 7.5 ] },
										"west": { "texture": "#catfish3", "uv": [ 1.0, 0.75, 2.0, 1.75 ] },
										"up": { "texture": "#catfish3", "uv": [ 2.5, 4.0, 3.5, 5.0 ] },
										"down": { "texture": "#catfish3", "uv": [ 5.0, 4.0, 6.0, 5.0 ] }
									}
								}
							]
						}
					]
				},
				{
					"name": "belly1",
					"from": [ -2.0, -0.5, 0.5 ],
					"to": [ 4.0, 0.5, 3.5 ],
					"rotationOrigin": [ -2.0, -1.0, 0.0 ],
					"faces": {
						"north": { "texture": "#catfish3", "uv": [ 4.0, 10.25, 10.0, 11.25 ] },
						"east": { "texture": "#catfish3", "uv": [ 6.75, 8.25, 9.75, 9.25 ] },
						"south": { "texture": "#catfish3", "uv": [ 2.25, 4.25, 8.25, 5.25 ] },
						"west": { "texture": "#catfish3", "uv": [ 1.75, 7.0, 4.75, 8.0 ] },
						"up": { "texture": "#catfish3", "uv": [ 5.75, 7.25, 11.75, 10.25 ] },
						"down": { "texture": "#catfish3", "uv": [ 2.5, 7.0, 8.5, 10.0 ] }
					}
				},
				{
					"name": "left fin",
					"from": [ 0.9, 0.7, 3.9 ],
					"to": [ 1.02, 2.7, 4.9 ],
					"rotationOrigin": [ 0.9, 0.7, 3.9 ],
					"rotationX": 90.0,
					"rotationY": 22.5,
					"rotationZ": -22.5,
					"faces": {
						"north": { "texture": "#catfish3", "uv": [ 0.0, 0.0, 0.5, 2.0 ] },
						"east": { "texture": "#catfish3", "uv": [ 0.0, 0.0, 1.0, 2.0 ] },
						"south": { "texture": "#catfish3", "uv": [ 0.0, 0.0, 0.5, 2.0 ] },
						"west": { "texture": "#catfish3", "uv": [ 0.0, 0.0, 1.0, 2.0 ] },
						"up": { "texture": "#catfish3", "uv": [ 0.0, 0.0, 0.5, 1.0 ] },
						"down": { "texture": "#catfish3", "uv": [ 0.0, 0.0, 0.5, 1.0 ] }
					},
					"children": [
						{
							"name": "left fin25",
							"from": [ 0.0, 0.2772, 0.1148 ],
							"to": [ 0.12, 2.2772, 1.1148 ],
							"rotationOrigin": [ 0.0, 0.2772, 0.1148 ],
							"rotationX": 45.0,
							"faces": {
								"north": { "texture": "#catfish3", "uv": [ 0.0, 0.0, 0.5, 2.0 ] },
								"east": { "texture": "#catfish3", "uv": [ 0.0, 0.0, 1.0, 2.0 ] },
								"south": { "texture": "#catfish3", "uv": [ 0.0, 0.0, 0.5, 2.0 ] },
								"west": { "texture": "#catfish3", "uv": [ 0.0, 0.0, 1.0, 2.0 ] },
								"up": { "texture": "#catfish3", "uv": [ 0.0, 0.0, 0.5, 1.0 ] },
								"down": { "texture": "#catfish3", "uv": [ 0.0, 0.0, 0.5, 1.0 ] }
							}
						},
						{
							"name": "left fin 3",
							"from": [ 0.0, 1.1, 0.4 ],
							"to": [ 0.12, 2.1, 1.4 ],
							"rotationOrigin": [ 0.0, 1.1, 0.4 ],
							"rotationX": 22.5,
							"faces": {
								"north": { "texture": "#catfish3", "uv": [ 0.0, 0.0, 0.5, 1.0 ] },
								"east": { "texture": "#catfish3", "uv": [ 0.0, 0.0, 1.0, 1.0 ] },
								"south": { "texture": "#catfish3", "uv": [ 0.0, 0.0, 0.5, 1.0 ] },
								"west": { "texture": "#catfish3", "uv": [ 0.0, 0.0, 1.0, 1.0 ] },
								"up": { "texture": "#catfish3", "uv": [ 0.0, 0.0, 0.5, 1.0 ] },
								"down": { "texture": "#catfish3", "uv": [ 0.0, 0.0, 0.5, 1.0 ] }
							}
						}
					]
				},
				{
					"name": "rihgt fin",
					"from": [ 0.9, -0.3, 0.2 ],
					"to": [ 1.02, 1.7, 1.2 ],
					"rotationOrigin": [ 0.9, -0.3, 0.2 ],
					"rotationX": -112.5,
					"rotationZ": -22.5,
					"faces": {
						"north": { "texture": "#catfish3", "uv": [ 0.0, 0.0, 0.5, 2.0 ] },
						"east": { "texture": "#catfish3", "uv": [ 0.0, 0.0, 1.0, 2.0 ] },
						"south": { "texture": "#catfish3", "uv": [ 0.0, 0.0, 0.5, 2.0 ] },
						"west": { "texture": "#catfish3", "uv": [ 0.0, 0.0, 1.0, 2.0 ] },
						"up": { "texture": "#catfish3", "uv": [ 0.0, 0.0, 0.5, 1.0 ] },
						"down": { "texture": "#catfish3", "uv": [ 0.0, 0.0, 0.5, 1.0 ] }
					},
					"children": [
						{
							"name": "right fin28",
							"from": [ 0.0, 0.2772, 0.1148 ],
							"to": [ 0.12, 2.2772, 1.1148 ],
							"rotationOrigin": [ 0.0, 0.2772, 0.1148 ],
							"rotationX": 45.0,
							"faces": {
								"north": { "texture": "#catfish3", "uv": [ 0.0, 0.0, 0.5, 2.0 ] },
								"east": { "texture": "#catfish3", "uv": [ 0.0, 0.0, 1.0, 2.0 ] },
								"south": { "texture": "#catfish3", "uv": [ 0.0, 0.0, 0.5, 2.0 ] },
								"west": { "texture": "#catfish3", "uv": [ 0.0, 0.0, 1.0, 2.0 ] },
								"up": { "texture": "#catfish3", "uv": [ 0.0, 0.0, 0.5, 1.0 ] },
								"down": { "texture": "#catfish3", "uv": [ 0.0, 0.0, 0.5, 1.0 ] }
							}
						},
						{
							"name": "rightfin 29",
							"from": [ 0.0, 1.1, 0.4 ],
							"to": [ 0.12, 2.1, 1.4 ],
							"rotationOrigin": [ 0.0, 1.1, 0.4 ],
							"rotationX": 22.5,
							"faces": {
								"north": { "texture": "#catfish3", "uv": [ 0.0, 0.0, 0.5, 1.0 ] },
								"east": { "texture": "#catfish3", "uv": [ 0.0, 0.0, 1.0, 1.0 ] },
								"south": { "texture": "#catfish3", "uv": [ 0.0, 0.0, 0.5, 1.0 ] },
								"west": { "texture": "#catfish3", "uv": [ 0.0, 0.0, 1.0, 1.0 ] },
								"up": { "texture": "#catfish3", "uv": [ 0.0, 0.0, 0.5, 1.0 ] },
								"down": { "texture": "#catfish3", "uv": [ 0.0, 0.0, 0.5, 1.0 ] }
							}
						}
					]
				}
			]
		}
	],
	"animations": [
		{
			"name": "swim",
			"code": "swim",
			"quantityframes": 34,
			"onActivityStopped": "EaseOut",
			"onAnimationEnd": "Repeat",
			"keyframes": [
				{
					"frame": 0,
					"elements": {
						"body": { "rotationX": 0.0, "rotationY": 0.0, "rotationZ": 0.0 }
					}
				},
				{
					"frame": 5,
					"elements": {
						"body": { "rotationX": 0.0, "rotationY": 0.0, "rotationZ": 0.0 }
					}
				},
				{
					"frame": 10,
					"elements": {
						"body": { "rotationX": 0.0, "rotationY": -2.0, "rotationZ": 0.0 },
						"body2": { "rotationX": 0.0, "rotationY": 15.0, "rotationZ": 0.0 },
						"tail": { "rotationX": 0.0, "rotationY": 10.0, "rotationZ": 0.0 },
						"tail 2": { "rotationX": 0.0, "rotationY": 10.0, "rotationZ": 0.0 },
						"tailfin": { "rotationX": 0.0, "rotationY": 0.0, "rotationZ": 0.0 },
						"head": { "rotationX": 0.0, "rotationY": -4.0, "rotationZ": 0.0 }
					}
				},
				{
					"frame": 15,
					"elements": {
						"body": { "rotationX": 0.0, "rotationY": 0.0, "rotationZ": 0.0 }
					}
				},
				{
					"frame": 20,
					"elements": {
						"body": { "rotationX": 0.0, "rotationY": 0.0, "rotationZ": 0.0 }
					}
				},
				{
					"frame": 25,
					"elements": {
						"body": { "rotationX": 0.0, "rotationY": 2.0, "rotationZ": 0.0 },
						"body2": { "rotationX": 0.0, "rotationY": -15.0, "rotationZ": 0.0 },
						"tail": { "rotationX": 0.0, "rotationY": -10.0, "rotationZ": 0.0 },
						"tail 2": { "rotationX": 0.0, "rotationY": -10.0, "rotationZ": 0.0 },
						"tailfin": { "rotationX": 0.0, "rotationY": 0.0, "rotationZ": 0.0 },
						"head": { "rotationX": 0.0, "rotationY": 4.0, "rotationZ": 0.0 }
					}
				},
				{
					"frame": 30,
					"elements": {
						"body": { "rotationX": 0.0, "rotationY": 0.0, "rotationZ": 0.0 }
					}
				}
			]
		},

		{
			"name": "attack",
			"code": "attack",
			"quantityframes": 15,
			"onActivityStopped": "EaseOut",
			"onAnimationEnd": "Stop",
			"keyframes": [
				{
					"frame": 0,
					"elements": {
						"body": { "offsetX": 0.0, "offsetY": 0.0, "offsetZ": 0.0, "rotationX": 0.0, "rotationY": 0.0, "rotationZ": 0.0 },
						"body2": { "rotationX": 0.0, "rotationY": 0.0, "rotationZ": 0.0 }
					}
				},
				{
					"frame": 7,
					"elements": {
						"body": { "offsetX": -4.0, "offsetY": 0.0, "offsetZ": -1.0, "rotationX": -55.0, "rotationY": 113.0, "rotationZ": 65.0 },
						"body2": { "rotationX": -7.0, "rotationY": -10.0, "rotationZ": -15.0 },
						"tail": { "rotationX": 0.0, "rotationY": -20.0, "rotationZ": 0.0 }
					}
				},
				{
					"frame": 10,
					"elements": {
						"body2": { "rotationX": -9.0, "rotationY": -27.0, "rotationZ": -15.0 },
						"body": { "offsetX": -9.0, "offsetY": 1.0, "offsetZ": -1.0, "rotationX": -31.0, "rotationY": 154.0, "rotationZ": 36.0 }
					}
				},
				{
					"frame": 14,
					"elements": {
						"body": { "offsetX": 5.0, "offsetY": 0.0, "offsetZ": 3.0, "rotationX": 0.0, "rotationY": 341.0, "rotationZ": 0.0 },
						"body2": { "rotationX": 0.0, "rotationY": -13.0, "rotationZ": 0.0 },
						"tail": { "rotationX": 0.0, "rotationY": -10.0, "rotationZ": 0.0 }
					}
				}
			]
		},

		{
			"name": "idle",
			"code": "idle",
			"quantityframes": 41,
			"onActivityStopped": "EaseOut",
			"onAnimationEnd": "Repeat",
			"keyframes": [
				{
					"frame": 0,
					"elements": {
						"body": { "rotationX": 0.0, "rotationY": 0.0, "rotationZ": 0.0 },
						"rihgt back fin55": { "rotationX": 0.0, "rotationY": 0.0, "rotationZ": 0.0 },
						"left back fin52": { "rotationX": 13.0, "rotationY": 12.0, "rotationZ": -18.0 },
						"rihgt fin": { "rotationX": 0.0, "rotationY": 0.0, "rotationZ": 0.0 },
						"left fin": { "rotationX": 0.0, "rotationY": 0.0, "rotationZ": 0.0 }
					}
				},
				{
					"frame": 10,
					"elements": {
						"body": { "rotationX": 0.0, "rotationY": 0.0, "rotationZ": 0.0 },
						"left back fin52": { "rotationX": 0.0, "rotationY": 0.0, "rotationZ": 0.0 },
						"rihgt back fin55": { "rotationX": 13.0, "rotationY": 12.0, "rotationZ": -20.0 },
						"left fin": { "rotationX": -20.0, "rotationY": -8.0, "rotationZ": 34.0 },
						"rihgt fin": { "rotationX": 0.0, "rotationY": -10.0, "rotationZ": 22.0 }
					}
				},
				{
					"frame": 20,
					"elements": {
						"body": { "rotationX": 0.0, "rotationY": 0.0, "rotationZ": 0.0 },
						"left back fin52": { "rotationX": 15.0, "rotationY": 10.0, "rotationZ": -19.0 },
						"rihgt back fin55": { "rotationX": 0.0, "rotationY": 0.0, "rotationZ": 0.0 },
						"left fin": { "rotationX": 0.0, "rotationY": 0.0, "rotationZ": 0.0 },
						"rihgt fin": { "rotationX": 0.0, "rotationY": 0.0, "rotationZ": 0.0 }
					}
				},
				{
					"frame": 30,
					"elements": {
						"body": { "rotationX": 0.0, "rotationY": 0.0, "rotationZ": 0.0 },
						"left back fin52": { "rotationX": 0.0, "rotationY": 0.0, "rotationZ": 0.0 },
						"rihgt back fin55": { "rotationX": 13.0, "rotationY": 12.0, "rotationZ": -18.0 },
						"left fin": { "rotationX": -19.0, "rotationY": 8.0, "rotationZ": 34.0 },
						"rihgt fin": { "rotationX": 0.0, "rotationY": -10.0, "rotationZ": 16.0 }
					}
				}
			]
		},

		{
			"name": "dead",
			"code": "dead",
			"quantityframes": 30,
			"onActivityStopped": "EaseOut",
			"onAnimationEnd": "Hold",
			"keyframes": [
				{
					"frame": 0,
					"elements": {
						"body": { "rotationX": 0.0, "rotationY": 0.0, "rotationZ": 0.0 }
					}
				},
				{
					"frame": 25,
					"elements": {
						"body": { "rotationX": -180.0, "rotationY": 0.0, "rotationZ": 0.0 }
					}
				}
			]
		},

		{
			"name": "idleSwim",
			"code": "idleSwim",
			"quantityframes": 35,
			"onActivityStopped": "EaseOut",
			"onAnimationEnd": "Repeat",
			"keyframes": [
				{
					"frame": 0,
					"elements": {
						"body": { "rotationX": 0.0, "rotationY": 0.0, "rotationZ": 0.0 }
					}
				},
				{
					"frame": 5,
					"elements": {
						"body": { "rotationX": 0.0, "rotationY": 0.0, "rotationZ": 0.0 },
						"left fin": { "rotationX": 0.0, "rotationY": 0.0, "rotationZ": -25.0 },
						"jaw": { "rotationX": 0.0, "rotationY": 0.0, "rotationZ": -3.0 }
					}
				},
				{
					"frame": 10,
					"elements": {
						"body": { "rotationX": 0.0, "rotationY": 0.0, "rotationZ": 0.0 },
						"body2": { "rotationX": 0.0, "rotationY": 1.0, "rotationZ": 0.0 },
						"tail": { "rotationX": 0.0, "rotationY": 2.0, "rotationZ": 0.0 },
						"tail 2": { "rotationX": 0.0, "rotationY": 3.0, "rotationZ": 0.0 },
						"tailfin": { "rotationX": 0.0, "rotationY": 7.0, "rotationZ": 0.0 },
						"left back fin52": { "rotationX": 0.0, "rotationY": 0.0, "rotationZ": -12.0 },
						"rihgt back fin55": { "rotationX": 0.0, "rotationY": 0.0, "rotationZ": 5.0 },
						"head": { "rotationX": 0.0, "rotationY": -1.0, "rotationZ": 0.0 },
						"rihgt fin": { "rotationX": 0.0, "rotationY": 0.0, "rotationZ": -20.0 }
					}
				},
				{
					"frame": 15,
					"elements": {
						"body": { "rotationX": 0.0, "rotationY": 0.0, "rotationZ": 0.0 }
					}
				},
				{
					"frame": 20,
					"elements": {
						"body": { "rotationX": 0.0, "rotationY": 0.0, "rotationZ": 0.0 }
					}
				},
				{
					"frame": 25,
					"elements": {
						"body": { "rotationX": 0.0, "rotationY": 0.0, "rotationZ": 0.0 },
						"body2": { "rotationX": 0.0, "rotationY": -1.0, "rotationZ": 0.0 },
						"tail": { "rotationX": 0.0, "rotationY": -2.0, "rotationZ": 0.0 },
						"tail 2": { "rotationX": 0.0, "rotationY": -3.0, "rotationZ": 0.0 },
						"tailfin": { "rotationX": 0.0, "rotationY": -7.0, "rotationZ": 0.0 },
						"left back fin52": { "rotationX": 0.0, "rotationY": 0.0, "rotationZ": 5.0 },
						"rihgt back fin55": { "rotationX": 0.0, "rotationY": 0.0, "rotationZ": -12.0 },
						"head": { "rotationX": 0.0, "rotationY": 1.0, "rotationZ": 0.0 },
						"jaw": { "rotationX": 0.0, "rotationY": 0.0, "rotationZ": 1.0 },
						"left fin": { "rotationX": 0.0, "rotationY": 0.0, "rotationZ": -20.0 },
						"rihgt fin": { "rotationX": 0.0, "rotationY": 0.0, "rotationZ": -25.0 }
					}
				},
				{
					"frame": 34,
					"elements": {
						"body": { "rotationX": 0.0, "rotationY": 0.0, "rotationZ": 0.0 }
					}
				}
			]
		}
	]
}