{
	"editor": {
		"allAngles": false,
		"entityTextureMode": false
	},
	"textureWidth": 16,
	"textureHeight": 16,
	"textureSizes": {
	},
	"textures": {
	},
	"elements": [
		{
			"name": "body",
			"from": [ 4.5, 1.5, 4.9 ],
			"to": [ 12.0, 4.875, 10.9 ],
			"rotationOrigin": [ 4.5, 3.0, 7.9 ],
			"faces": {
				"north": { "texture": "#catfish3", "uv": [ 2.25, 8.5, 13.25, 11.25 ], "autoUv": false },
				"east": { "texture": "#catfish3", "uv": [ 2.75, 7.25, 12.75, 10.0 ], "autoUv": false },
				"south": { "texture": "#catfish3", "uv": [ 1.5, 9.5, 14.5, 12.25 ], "autoUv": false },
				"west": { "texture": "#catfish3", "uv": [ 2.5, 6.75, 12.5, 9.5 ], "autoUv": false },
				"up": { "texture": "#catfish3", "uv": [ 3.0, 8.5, 13.0, 11.5 ], "autoUv": false },
				"down": { "texture": "#catfish3", "uv": [ 3.0, 8.75, 12.0, 11.75 ], "autoUv": false }
			},
			"children": [
				{
					"name": "body2",
					"from": [ 6.0, 0.0, 0.375 ],
					"to": [ 15.0, 3.15, 5.625 ],
					"rotationOrigin": [ 6.0, 0.0, 3.0 ],
					"faces": {
						"north": { "texture": "#catfish3", "uv": [ 2.0, 8.5, 13.0, 11.0 ], "autoUv": false },
						"east": { "texture": "#catfish3", "uv": [ 2.5, 7.0, 12.0, 9.5 ], "autoUv": false },
						"south": { "texture": "#catfish3", "uv": [ 2.5, 7.5, 13.5, 10.0 ], "autoUv": false },
						"west": { "texture": "#catfish3", "uv": [ 2.75, 6.75, 11.25, 9.25 ], "autoUv": false },
						"up": { "texture": "#catfish3", "uv": [ 2.5, 9.75, 12.5, 12.25 ], "autoUv": false },
						"down": { "texture": "#catfish3", "uv": [ 2.5, 9.5, 12.5, 12.0 ], "autoUv": false }
					},
					"children": [
						{
							"name": "tail",
							"from": [ 6.0, 0.0, 0.375 ],
							"to": [ 15.0, 3.0, 4.875 ],
							"rotationOrigin": [ 6.0, 0.0, 2.55 ],
							"faces": {
								"north": { "texture": "#catfish3", "uv": [ 3.75, 6.5, 9.75, 8.5 ], "autoUv": false },
								"east": { "texture": "#catfish3", "uv": [ 4.5, 7.75, 7.5, 9.75 ], "autoUv": false },
								"south": { "texture": "#catfish3", "uv": [ 3.25, 9.0, 9.25, 11.0 ], "autoUv": false },
								"west": { "texture": "#catfish3", "uv": [ 3.5, 6.75, 6.5, 8.75 ], "autoUv": false },
								"up": { "texture": "#catfish3", "uv": [ 0.5, 9.0, 6.5, 12.0 ], "autoUv": false },
								"down": { "texture": "#catfish3", "uv": [ 4.5, 6.25, 10.5, 9.25 ], "autoUv": false }
							},
							"children": [
								{
									"name": "tail ridge",
									"from": [ 3.0, 0.975, 1.5 ],
									"to": [ 9.0, 3.225, 3.0 ],
									"rotationOrigin": [ 3.0, 0.0, 1.5 ],
									"faces": {
										"north": { "texture": "#catfish3", "uv": [ 2.75, 10.5, 6.75, 12.0 ], "autoUv": false },
										"east": { "texture": "#catfish3", "uv": [ 3.75, 10.25, 4.75, 11.75 ], "autoUv": false },
										"south": { "texture": "#catfish3", "uv": [ 1.25, 10.0, 5.25, 11.5 ], "autoUv": false },
										"west": { "texture": "#catfish3", "uv": [ 3.0, 10.25, 4.0, 11.75 ], "autoUv": false },
										"up": { "texture": "#catfish3", "uv": [ 1.75, 13.5, 2.75, 14.5 ], "autoUv": false },
										"down": { "texture": "#catfish3", "uv": [ 3.25, 9.5, 7.25, 10.5 ], "autoUv": false }
									}
								},
								{
									"name": "tail 2",
									"from": [ 6.0, 0.0, 0.75 ],
									"to": [ 12.0, 2.7, 3.75 ],
									"rotationOrigin": [ 6.0, 0.0, 2.25 ],
									"faces": {
										"north": { "texture": "#catfish3", "uv": [ 2.75, 9.25, 12.75, 11.5 ], "autoUv": false },
										"east": { "texture": "#catfish3", "uv": [ 3.0, 9.5, 11.0, 11.75 ], "autoUv": false },
										"south": { "texture": "#catfish3", "uv": [ 2.5, 8.75, 11.5, 11.0 ], "autoUv": false },
										"west": { "texture": "#catfish3", "uv": [ 2.75, 9.0, 11.75, 11.25 ], "autoUv": false },
										"up": { "texture": "#catfish3", "uv": [ 2.0, 10.5, 11.0, 12.5 ], "autoUv": false },
										"down": { "texture": "#catfish3", "uv": [ 3.5, 9.25, 12.5, 11.25 ], "autoUv": false }
									},
									"children": [
										{
											"name": "tail ridge 2",
											"from": [ 1.5, 0.75, 0.75 ],
											"to": [ 6.0, 3.0, 2.25 ],
											"rotationOrigin": [ 1.5, 0.0, 0.0 ],
											"faces": {
												"north": { "texture": "#catfish3", "uv": [ 3.0, 8.25, 6.0, 9.75 ], "autoUv": false },
												"east": { "texture": "#catfish3", "uv": [ 3.0, 8.0, 4.0, 9.5 ], "autoUv": false },
												"south": { "texture": "#catfish3", "uv": [ 2.75, 9.75, 5.75, 11.25 ], "autoUv": false },
												"west": { "texture": "#catfish3", "uv": [ 3.5, 9.75, 4.5, 11.25 ], "autoUv": false },
												"up": { "texture": "#catfish3", "uv": [ 2.0, 13.5, 2.75, 14.5 ], "autoUv": false },
												"down": { "texture": "#catfish3", "uv": [ 3.25, 7.75, 6.25, 8.75 ], "autoUv": false }
											},
											"children": [
												{
													"name": "tailfin",
													"from": [ 1.23, 2.7225, 0.75 ],
													"to": [ 4.4063, 8.4644, 0.9315 ],
													"rotationOrigin": [ 3.03, 0.63, 0.915 ],
													"rotationZ": -90.0,
													"faces": {
														"north": { "texture": "#catfish3", "uv": [ 0.0, 1.0, 2.0, 4.5 ], "autoUv": false },
														"east": { "texture": "#catfish3", "uv": [ 0.0, 0.0, 0.25, 3.75 ], "autoUv": false },
														"south": { "texture": "#catfish3", "uv": [ 1.0, 1.0, 2.0, 3.75 ], "autoUv": false },
														"west": { "texture": "#catfish3", "uv": [ 0.0, 0.0, 0.25, 3.75 ], "autoUv": false },
														"up": { "texture": "#catfish3", "uv": [ 0.0, 0.0, 2.0, 0.25 ], "autoUv": false },
														"down": { "texture": "#catfish3", "uv": [ 0.0, 0.0, 2.0, 0.25 ], "autoUv": false }
													},
													"children": [
														{
															"name": "tailfin2",
															"from": [ 0.72, -1.5, 0.0 ],
															"to": [ 3.4425, 5.76, 0.1815 ],
															"rotationOrigin": [ 1.815, -1.5, 0.0 ],
															"rotationZ": -22.5,
															"faces": {
																"north": { "texture": "#catfish3", "uv": [ 0.0, 1.0, 0.75, 6.5 ], "autoUv": false },
																"east": { "texture": "#catfish3", "uv": [ 0.0, 0.0, 0.25, 4.75 ], "autoUv": false },
																"south": { "texture": "#catfish3", "uv": [ 1.0, 1.0, 2.75, 5.75 ], "autoUv": false },
																"west": { "texture": "#catfish3", "uv": [ 0.0, 0.0, 0.25, 4.75 ], "autoUv": false },
																"up": { "texture": "#catfish3", "uv": [ 0.0, 0.0, 1.75, 0.25 ], "autoUv": false },
																"down": { "texture": "#catfish3", "uv": [ 0.0, 0.0, 1.75, 0.25 ], "autoUv": false }
															}
														},
														{
															"name": "tailfin3",
															"from": [ 1.05, -3.0, 0.0 ],
															"to": [ 3.7725, 5.7, 0.1815 ],
															"rotationOrigin": [ 1.815, -3.0, 0.0 ],
															"rotationZ": 27.0,
															"faces": {
																"north": { "texture": "#catfish3", "uv": [ 0.0, 1.0, 1.75, 11.0 ], "autoUv": false },
																"east": { "texture": "#catfish3", "uv": [ 0.0, 0.0, 0.25, 5.75 ], "autoUv": false },
																"south": { "texture": "#catfish3", "uv": [ 1.0, 1.0, 1.75, 8.0 ], "autoUv": false },
																"west": { "texture": "#catfish3", "uv": [ 0.0, 0.0, 0.25, 5.75 ], "autoUv": false },
																"up": { "texture": "#catfish3", "uv": [ 0.0, 0.0, 1.75, 0.25 ], "autoUv": false },
																"down": { "texture": "#catfish3", "uv": [ 0.0, 0.0, 1.75, 0.25 ], "autoUv": false }
															}
														}
													]
												}
											]
										},
										{
											"name": "belly 4",
											"from": [ 0.0, -0.45, 0.375 ],
											"to": [ 4.5, 1.05, 2.625 ],
											"rotationOrigin": [ 0.0, -1.5, 0.0 ],
											"faces": {
												"north": { "texture": "#catfish3", "uv": [ 4.0, 6.75, 7.0, 7.75 ], "autoUv": false },
												"east": { "texture": "#catfish3", "uv": [ 5.25, 8.25, 6.75, 9.25 ], "autoUv": false },
												"south": { "texture": "#catfish3", "uv": [ 1.75, 11.5, 4.75, 12.5 ], "autoUv": false },
												"west": { "texture": "#catfish3", "uv": [ 3.5, 5.0, 5.0, 6.0 ], "autoUv": false },
												"up": { "texture": "#catfish3", "uv": [ 5.25, 8.75, 8.25, 10.25 ], "autoUv": false },
												"down": { "texture": "#catfish3", "uv": [ 3.5, 5.25, 6.5, 6.75 ], "autoUv": false }
											}
										},
										{
											"name": "razor ridge50",
											"from": [ 2.4, 1.5, 1.875 ],
											"to": [ 3.45, 1.95, 5.175 ],
											"rotationOrigin": [ 2.25, 1.5, 1.875 ],
											"rotationX": 180.0,
											"rotationY": 28.0,
											"faces": {
												"north": { "texture": "#catfish3", "uv": [ 1.5, 0.5, 2.0, 0.75 ], "autoUv": false },
												"east": { "texture": "#catfish3", "uv": [ 0.0, 1.0, 2.0, 1.25 ], "autoUv": false },
												"south": { "texture": "#catfish3", "uv": [ 0.75, 1.0, 1.25, 1.25 ], "autoUv": false },
												"west": { "texture": "#catfish3", "uv": [ 0.0, 2.0, 2.0, 2.25 ], "autoUv": false },
												"up": { "texture": "#catfish3", "uv": [ 0.0, -0.5, 0.5, 1.5 ], "autoUv": false },
												"down": { "texture": "#catfish3", "uv": [ 0.5, 0.25, 1.0, 2.25 ], "autoUv": false }
											},
											"children": [
												{
													"name": "razor ridge51",
													"from": [ 0.1188, 0.0, 3.291 ],
													"to": [ 0.7188, 0.45, 5.541 ],
													"rotationOrigin": [ 0.1188, 0.0, 3.291 ],
													"rotationY": 50.0,
													"faces": {
														"north": { "texture": "#catfish3", "uv": [ 1.25, 1.5, 1.5, 1.75 ], "autoUv": false },
														"east": { "texture": "#catfish3", "uv": [ 0.75, 2.25, 2.25, 2.5 ], "autoUv": false },
														"south": { "texture": "#catfish3", "uv": [ 0.75, 1.75, 1.0, 2.0 ], "autoUv": false },
														"west": { "texture": "#catfish3", "uv": [ 0.0, 1.75, 1.5, 2.0 ], "autoUv": false },
														"up": { "texture": "#catfish3", "uv": [ 1.0, 1.5, 1.25, 3.0 ], "autoUv": false },
														"down": { "texture": "#catfish3", "uv": [ 0.5, 1.5, 0.75, 3.0 ], "autoUv": false }
													}
												}
											]
										},
										{
											"name": "razor ridge38",
											"from": [ 2.4, 1.05, 1.125 ],
											"to": [ 3.45, 1.5, 4.425 ],
											"rotationOrigin": [ 2.25, 1.05, 1.125 ],
											"rotationY": 28.0,
											"faces": {
												"north": { "texture": "#catfish3", "uv": [ 0.0, 0.0, 0.5, 0.5 ], "autoUv": false },
												"east": { "texture": "#catfish3", "uv": [ 0.0, 0.0, 2.0, 0.5 ], "autoUv": false },
												"south": { "texture": "#catfish3", "uv": [ 0.0, 0.0, 0.5, 0.5 ], "autoUv": false },
												"west": { "texture": "#catfish3", "uv": [ 0.0, 0.0, 2.0, 0.5 ], "autoUv": false },
												"up": { "texture": "#catfish3", "uv": [ 0.0, 0.0, 0.5, 2.0 ], "autoUv": false },
												"down": { "texture": "#catfish3", "uv": [ 0.0, 0.0, 0.5, 2.0 ], "autoUv": false }
											},
											"children": [
												{
													"name": "razor ridge39",
													"from": [ 0.1188, 0.0, 3.291 ],
													"to": [ 0.7188, 0.45, 5.541 ],
													"rotationOrigin": [ 0.1188, 0.0, 3.291 ],
													"rotationY": 50.0,
													"faces": {
														"north": { "texture": "#catfish3", "uv": [ 1.25, 1.75, 1.5, 2.0 ], "autoUv": false },
														"east": { "texture": "#catfish3", "uv": [ 0.75, 2.25, 2.25, 2.5 ], "autoUv": false },
														"south": { "texture": "#catfish3", "uv": [ 1.0, 2.25, 1.25, 2.5 ], "autoUv": false },
														"west": { "texture": "#catfish3", "uv": [ 0.75, 1.5, 2.25, 1.75 ], "autoUv": false },
														"up": { "texture": "#catfish3", "uv": [ 1.75, 0.5, 2.0, 2.0 ], "autoUv": false },
														"down": { "texture": "#catfish3", "uv": [ 1.0, 0.75, 1.25, 2.25 ], "autoUv": false }
													}
												}
											]
										}
									]
								},
								{
									"name": "belly 3",
									"from": [ 0.0, -0.6, 0.75 ],
									"to": [ 7.5, 0.9, 3.75 ],
									"rotationOrigin": [ 0.0, -1.5, 0.0 ],
									"faces": {
										"north": { "texture": "#catfish3", "uv": [ 6.75, 4.75, 11.75, 5.75 ], "autoUv": false },
										"east": { "texture": "#catfish3", "uv": [ 6.0, 10.0, 8.0, 11.0 ], "autoUv": false },
										"south": { "texture": "#catfish3", "uv": [ 3.0, 4.0, 8.0, 5.0 ], "autoUv": false },
										"west": { "texture": "#catfish3", "uv": [ 3.75, 7.25, 5.75, 8.25 ], "autoUv": false },
										"up": { "texture": "#catfish3", "uv": [ 3.25, 7.75, 8.25, 9.75 ], "autoUv": false },
										"down": { "texture": "#catfish3", "uv": [ 3.75, 4.5, 8.75, 6.5 ], "autoUv": false }
									}
								},
								{
									"name": "razor ridge36",
									"from": [ 4.8, 1.05, 2.625 ],
									"to": [ 5.85, 1.5, 5.925 ],
									"rotationOrigin": [ 4.65, 1.05, 2.625 ],
									"rotationY": 28.0,
									"faces": {
										"north": { "texture": "#catfish3", "uv": [ 0.0, 0.0, 0.5, 0.5 ], "autoUv": false },
										"east": { "texture": "#catfish3", "uv": [ 0.0, 0.0, 2.0, 0.5 ], "autoUv": false },
										"south": { "texture": "#catfish3", "uv": [ 0.0, 0.0, 0.5, 0.5 ], "autoUv": false },
										"west": { "texture": "#catfish3", "uv": [ 0.0, 0.0, 2.0, 0.5 ], "autoUv": false },
										"up": { "texture": "#catfish3", "uv": [ 0.0, 0.0, 0.5, 2.0 ], "autoUv": false },
										"down": { "texture": "#catfish3", "uv": [ 0.0, 0.0, 0.5, 2.0 ], "autoUv": false }
									},
									"children": [
										{
											"name": "razor ridge37",
											"from": [ 0.1188, 0.0, 3.291 ],
											"to": [ 0.7188, 0.45, 5.541 ],
											"rotationOrigin": [ 0.1188, 0.0, 3.291 ],
											"rotationY": 50.0,
											"faces": {
												"north": { "texture": "#catfish3", "uv": [ 1.25, 1.75, 1.5, 2.0 ], "autoUv": false },
												"east": { "texture": "#catfish3", "uv": [ 0.0, 2.25, 1.5, 2.5 ], "autoUv": false },
												"south": { "texture": "#catfish3", "uv": [ 1.25, 1.75, 1.5, 2.0 ], "autoUv": false },
												"west": { "texture": "#catfish3", "uv": [ 0.0, 1.25, 1.5, 1.5 ], "autoUv": false },
												"up": { "texture": "#catfish3", "uv": [ 1.0, 0.5, 1.25, 2.0 ], "autoUv": false },
												"down": { "texture": "#catfish3", "uv": [ 1.25, 1.0, 1.5, 2.5 ], "autoUv": false }
											}
										}
									]
								},
								{
									"name": "razor ridge48",
									"from": [ 4.8, 1.5, 1.875 ],
									"to": [ 5.85, 1.95, 5.175 ],
									"rotationOrigin": [ 4.65, 1.5, 1.875 ],
									"rotationX": -180.0,
									"rotationY": 28.0,
									"faces": {
										"north": { "texture": "#catfish3", "uv": [ 0.0, 0.0, 0.5, 0.5 ], "autoUv": false },
										"east": { "texture": "#catfish3", "uv": [ 0.0, 0.0, 2.0, 0.5 ], "autoUv": false },
										"south": { "texture": "#catfish3", "uv": [ 0.0, 0.0, 0.5, 0.5 ], "autoUv": false },
										"west": { "texture": "#catfish3", "uv": [ 0.0, 0.0, 2.0, 0.5 ], "autoUv": false },
										"up": { "texture": "#catfish3", "uv": [ 0.0, 0.0, 0.5, 2.0 ], "autoUv": false },
										"down": { "texture": "#catfish3", "uv": [ 0.0, 0.0, 0.5, 2.0 ], "autoUv": false }
									},
									"children": [
										{
											"name": "razor ridge49",
											"from": [ 0.1188, 0.0, 3.291 ],
											"to": [ 0.7188, 0.45, 5.541 ],
											"rotationOrigin": [ 0.1188, 0.0, 3.291 ],
											"rotationY": 50.0,
											"faces": {
												"north": { "texture": "#catfish3", "uv": [ 1.25, 1.5, 1.5, 1.75 ], "autoUv": false },
												"east": { "texture": "#catfish3", "uv": [ 0.25, 1.5, 1.75, 1.75 ], "autoUv": false },
												"south": { "texture": "#catfish3", "uv": [ 1.5, 1.75, 1.75, 2.0 ], "autoUv": false },
												"west": { "texture": "#catfish3", "uv": [ 0.75, 1.5, 2.25, 1.75 ], "autoUv": false },
												"up": { "texture": "#catfish3", "uv": [ 1.5, 1.5, 1.75, 3.0 ], "autoUv": false },
												"down": { "texture": "#catfish3", "uv": [ 1.0, 0.5, 1.25, 2.0 ], "autoUv": false }
											}
										}
									]
								}
							]
						},
						{
							"name": "body ridge 2",
							"from": [ 1.5, 1.5, 1.125 ],
							"to": [ 9.0, 2.625, 4.125 ],
							"rotationOrigin": [ 1.5, 1.5, 0.0 ],
							"faces": {
								"north": { "texture": "#catfish3", "uv": [ 5.25, 8.25, 10.25, 9.0 ], "autoUv": false },
								"east": { "texture": "#catfish3", "uv": [ 2.5, 9.25, 4.5, 10.0 ], "autoUv": false },
								"south": { "texture": "#catfish3", "uv": [ 1.5, 8.0, 6.5, 8.75 ], "autoUv": false },
								"west": { "texture": "#catfish3", "uv": [ 1.0, 10.0, 3.0, 10.75 ], "autoUv": false },
								"up": { "texture": "#catfish3", "uv": [ 1.75, 13.5, 2.75, 14.5 ], "autoUv": false },
								"down": { "texture": "#catfish3", "uv": [ 2.5, 8.5, 7.5, 10.5 ], "autoUv": false }
							},
							"children": [
								{
									"name": "dorsal fin 15",
									"from": [ -1.5, -1.35, 1.5 ],
									"to": [ 3.0, 3.15, 1.65 ],
									"rotationOrigin": [ -1.5, -2.7, 1.5 ],
									"rotationZ": 2.0,
									"faces": {
										"north": { "texture": "#catfish3", "uv": [ 0.0, 1.0, 3.0, 4.0 ], "autoUv": false },
										"east": { "texture": "#catfish3", "uv": [ 0.0, 0.0, 0.5, 3.0 ], "autoUv": false },
										"south": { "texture": "#catfish3", "uv": [ 0.0, 0.0, 3.0, 3.0 ], "autoUv": false },
										"west": { "texture": "#catfish3", "uv": [ 0.0, 0.0, 0.5, 3.0 ], "autoUv": false },
										"up": { "texture": "#catfish3", "uv": [ 0.0, 0.0, 3.0, 0.5 ], "autoUv": false },
										"down": { "texture": "#catfish3", "uv": [ 0.0, 0.0, 3.0, 0.5 ], "autoUv": false }
									}
								},
								{
									"name": "dorsal fin 16",
									"from": [ 0.6, 0.6, 1.5 ],
									"to": [ 4.5, 3.45, 1.65 ],
									"rotationOrigin": [ -0.9, -0.15, 1.5 ],
									"rotationZ": -7.1,
									"faces": {
										"north": { "texture": "#catfish3", "uv": [ 0.0, 1.0, 2.5, 2.5 ], "autoUv": false },
										"east": { "texture": "#catfish3", "uv": [ 0.0, 0.0, 0.5, 1.5 ], "autoUv": false },
										"south": { "texture": "#catfish3", "uv": [ 0.0, 0.0, 2.5, 1.5 ], "autoUv": false },
										"west": { "texture": "#catfish3", "uv": [ 0.0, 0.0, 0.5, 1.5 ], "autoUv": false },
										"up": { "texture": "#catfish3", "uv": [ 0.0, 0.0, 2.5, 0.5 ], "autoUv": false },
										"down": { "texture": "#catfish3", "uv": [ 0.0, 0.0, 2.5, 0.5 ], "autoUv": false }
									}
								},
								{
									"name": "dorsal fin 30",
									"from": [ 2.4, 0.45, 1.5 ],
									"to": [ 6.3, 3.3, 1.65 ],
									"rotationOrigin": [ 0.9, -0.3, 1.5 ],
									"rotationZ": -13.1,
									"faces": {
										"north": { "texture": "#catfish3", "uv": [ 0.0, 1.7, 2.5, 3.5 ], "autoUv": false },
										"east": { "texture": "#catfish3", "uv": [ 0.0, 0.0, 0.5, 1.5 ], "autoUv": false },
										"south": { "texture": "#catfish3", "uv": [ 0.0, 0.0, 2.5, 1.5 ], "autoUv": false },
										"west": { "texture": "#catfish3", "uv": [ 0.0, 0.0, 0.5, 1.5 ], "autoUv": false },
										"up": { "texture": "#catfish3", "uv": [ 0.0, 0.0, 2.5, 0.5 ], "autoUv": false },
										"down": { "texture": "#catfish3", "uv": [ 0.0, 0.0, 2.5, 0.5 ], "autoUv": false }
									}
								},
								{
									"name": "dorsal fin 31",
									"from": [ 4.5, -0.15, 1.5 ],
									"to": [ 8.4, 2.7, 1.65 ],
									"rotationOrigin": [ 3.0, -0.9, 1.5 ],
									"rotationZ": -17.1,
									"faces": {
										"north": { "texture": "#catfish3", "uv": [ 0.0, 0.0, 2.5, 2.5 ], "autoUv": false },
										"east": { "texture": "#catfish3", "uv": [ 0.0, 0.0, 0.5, 1.5 ], "autoUv": false },
										"south": { "texture": "#catfish3", "uv": [ 0.0, 0.0, 2.5, 1.5 ], "autoUv": false },
										"west": { "texture": "#catfish3", "uv": [ 0.0, 0.0, 0.5, 1.5 ], "autoUv": false },
										"up": { "texture": "#catfish3", "uv": [ 0.0, 0.0, 2.5, 0.5 ], "autoUv": false },
										"down": { "texture": "#catfish3", "uv": [ 0.0, 0.0, 2.5, 0.5 ], "autoUv": false }
									}
								}
							]
						},
						{
							"name": "belly 2",
							"from": [ 0.0, -0.6, 0.75 ],
							"to": [ 7.5, 0.9, 4.5 ],
							"rotationOrigin": [ 0.0, -1.5, 0.0 ],
							"faces": {
								"north": { "texture": "#catfish3", "uv": [ 6.0, 9.75, 11.0, 10.75 ], "autoUv": false },
								"east": { "texture": "#catfish3", "uv": [ 5.5, 8.25, 8.0, 9.25 ], "autoUv": false },
								"south": { "texture": "#catfish3", "uv": [ 2.5, 6.75, 7.5, 7.75 ], "autoUv": false },
								"west": { "texture": "#catfish3", "uv": [ 2.0, 9.0, 4.5, 10.0 ], "autoUv": false },
								"up": { "texture": "#catfish3", "uv": [ 1.5, 5.0, 6.5, 7.5 ], "autoUv": false },
								"down": { "texture": "#catfish3", "uv": [ 7.75, 7.75, 12.75, 10.25 ], "autoUv": false }
							}
						},
						{
							"name": "razor ridge",
							"from": [ 3.15, 1.35, 3.6 ],
							"to": [ 4.2, 1.8, 6.9 ],
							"rotationOrigin": [ 3.15, 1.35, 3.6 ],
							"rotationY": 28.0,
							"faces": {
								"north": { "texture": "#catfish3", "uv": [ 0.0, 0.0, 0.5, 0.5 ], "autoUv": false },
								"east": { "texture": "#catfish3", "uv": [ 0.0, 0.0, 2.0, 0.5 ], "autoUv": false },
								"south": { "texture": "#catfish3", "uv": [ 0.0, 0.0, 0.5, 0.5 ], "autoUv": false },
								"west": { "texture": "#catfish3", "uv": [ 0.0, 0.0, 2.0, 0.5 ], "autoUv": false },
								"up": { "texture": "#catfish3", "uv": [ 0.0, 0.0, 0.5, 2.0 ], "autoUv": false },
								"down": { "texture": "#catfish3", "uv": [ 0.0, 0.0, 0.5, 2.0 ], "autoUv": false }
							},
							"children": [
								{
									"name": "razor ridge33",
									"from": [ 0.1188, 0.0, 3.291 ],
									"to": [ 0.7188, 0.45, 5.541 ],
									"rotationOrigin": [ 0.1188, 0.0, 3.291 ],
									"rotationY": 50.0,
									"faces": {
										"north": { "texture": "#catfish3", "uv": [ 1.5, 1.5, 1.75, 1.75 ], "autoUv": false },
										"east": { "texture": "#catfish3", "uv": [ 1.25, 1.5, 2.75, 1.75 ], "autoUv": false },
										"south": { "texture": "#catfish3", "uv": [ 1.0, 1.0, 1.25, 1.25 ], "autoUv": false },
										"west": { "texture": "#catfish3", "uv": [ 0.25, 1.5, 1.75, 1.75 ], "autoUv": false },
										"up": { "texture": "#catfish3", "uv": [ 1.25, 1.25, 1.5, 2.75 ], "autoUv": false },
										"down": { "texture": "#catfish3", "uv": [ 1.0, 0.75, 1.25, 2.25 ], "autoUv": false }
									}
								}
							]
						},
						{
							"name": "razor ridge34",
							"from": [ 7.05, 1.35, 3.45 ],
							"to": [ 8.1, 1.8, 6.75 ],
							"rotationOrigin": [ 6.9, 1.35, 3.45 ],
							"rotationY": 28.0,
							"faces": {
								"north": { "texture": "#catfish3", "uv": [ 0.0, 0.0, 0.5, 0.5 ], "autoUv": false },
								"east": { "texture": "#catfish3", "uv": [ 0.0, 0.0, 2.0, 0.5 ], "autoUv": false },
								"south": { "texture": "#catfish3", "uv": [ 0.0, 0.0, 0.5, 0.5 ], "autoUv": false },
								"west": { "texture": "#catfish3", "uv": [ 0.0, 0.0, 2.0, 0.5 ], "autoUv": false },
								"up": { "texture": "#catfish3", "uv": [ 0.0, 0.0, 0.5, 2.0 ], "autoUv": false },
								"down": { "texture": "#catfish3", "uv": [ 0.0, 0.0, 0.5, 2.0 ], "autoUv": false }
							},
							"children": [
								{
									"name": "razor ridge35",
									"from": [ 0.1188, 0.0, 3.291 ],
									"to": [ 0.7188, 0.45, 5.541 ],
									"rotationOrigin": [ 0.1188, 0.0, 3.291 ],
									"rotationY": 50.0,
									"faces": {
										"north": { "texture": "#catfish3", "uv": [ 1.5, 2.0, 1.75, 2.25 ], "autoUv": false },
										"east": { "texture": "#catfish3", "uv": [ 0.75, 1.25, 2.25, 1.5 ], "autoUv": false },
										"south": { "texture": "#catfish3", "uv": [ 1.25, 1.5, 1.5, 1.75 ], "autoUv": false },
										"west": { "texture": "#catfish3", "uv": [ 1.0, 1.25, 2.5, 1.5 ], "autoUv": false },
										"up": { "texture": "#catfish3", "uv": [ 1.0, 0.75, 1.25, 2.25 ], "autoUv": false },
										"down": { "texture": "#catfish3", "uv": [ 0.75, 1.0, 1.0, 2.5 ], "autoUv": false }
									}
								}
							]
						},
						{
							"name": "razor ridge44",
							"from": [ 3.15, 1.5, 1.35 ],
							"to": [ 4.2, 1.95, 4.65 ],
							"rotationOrigin": [ 3.15, 1.5, 1.35 ],
							"rotationX": -180.0,
							"rotationY": 28.0,
							"faces": {
								"north": { "texture": "#catfish3", "uv": [ 0.0, 0.0, 0.5, 0.5 ], "autoUv": false },
								"east": { "texture": "#catfish3", "uv": [ 0.0, 0.0, 2.0, 0.5 ], "autoUv": false },
								"south": { "texture": "#catfish3", "uv": [ 0.0, 0.0, 0.5, 0.5 ], "autoUv": false },
								"west": { "texture": "#catfish3", "uv": [ 0.0, 0.0, 2.0, 0.5 ], "autoUv": false },
								"up": { "texture": "#catfish3", "uv": [ 0.0, 0.0, 0.5, 2.0 ], "autoUv": false },
								"down": { "texture": "#catfish3", "uv": [ 0.0, 0.0, 0.5, 2.0 ], "autoUv": false }
							},
							"children": [
								{
									"name": "razor ridge45",
									"from": [ 0.1188, 0.0, 3.291 ],
									"to": [ 0.7188, 0.45, 5.541 ],
									"rotationOrigin": [ 0.1188, 0.0, 3.291 ],
									"rotationY": 50.0,
									"faces": {
										"north": { "texture": "#catfish3", "uv": [ 1.25, 1.5, 1.5, 1.75 ], "autoUv": false },
										"east": { "texture": "#catfish3", "uv": [ 0.5, 1.25, 2.0, 1.5 ], "autoUv": false },
										"south": { "texture": "#catfish3", "uv": [ 1.0, 1.25, 1.25, 1.5 ], "autoUv": false },
										"west": { "texture": "#catfish3", "uv": [ 1.0, 1.25, 2.5, 1.5 ], "autoUv": false },
										"up": { "texture": "#catfish3", "uv": [ 1.0, 0.75, 1.25, 2.25 ], "autoUv": false },
										"down": { "texture": "#catfish3", "uv": [ 1.0, 0.5, 1.25, 2.0 ], "autoUv": false }
									}
								}
							]
						},
						{
							"name": "razor ridge46",
							"from": [ 7.05, 1.35, 1.95 ],
							"to": [ 8.1, 1.8, 5.25 ],
							"rotationOrigin": [ 6.9, 1.35, 1.95 ],
							"rotationX": -180.0,
							"rotationY": 28.0,
							"faces": {
								"north": { "texture": "#catfish3", "uv": [ 0.0, 0.0, 0.5, 0.5 ], "autoUv": false },
								"east": { "texture": "#catfish3", "uv": [ 0.0, 0.0, 2.0, 0.5 ], "autoUv": false },
								"south": { "texture": "#catfish3", "uv": [ 0.0, 0.0, 0.5, 0.5 ], "autoUv": false },
								"west": { "texture": "#catfish3", "uv": [ 0.0, 0.0, 2.0, 0.5 ], "autoUv": false },
								"up": { "texture": "#catfish3", "uv": [ 0.0, 0.0, 0.5, 2.0 ], "autoUv": false },
								"down": { "texture": "#catfish3", "uv": [ 0.0, 0.0, 0.5, 2.0 ], "autoUv": false }
							},
							"children": [
								{
									"name": "razor ridge47",
									"from": [ 0.1188, 0.0, 3.291 ],
									"to": [ 0.7188, 0.45, 5.541 ],
									"rotationOrigin": [ 0.1188, 0.0, 3.291 ],
									"rotationY": 50.0,
									"faces": {
										"north": { "texture": "#catfish3", "uv": [ 2.0, 1.5, 2.25, 1.75 ], "autoUv": false },
										"east": { "texture": "#catfish3", "uv": [ 0.25, 1.25, 1.75, 1.5 ], "autoUv": false },
										"south": { "texture": "#catfish3", "uv": [ 1.25, 1.0, 1.5, 1.25 ], "autoUv": false },
										"west": { "texture": "#catfish3", "uv": [ 1.25, 0.75, 2.75, 1.0 ], "autoUv": false },
										"up": { "texture": "#catfish3", "uv": [ 1.0, 1.0, 1.25, 2.5 ], "autoUv": false },
										"down": { "texture": "#catfish3", "uv": [ 1.0, 0.75, 1.25, 2.25 ], "autoUv": false }
									}
								}
							]
						},
						{
							"name": "left back fin52",
							"from": [ 5.88, 0.39, 5.205 ],
							"to": [ 6.024, 2.79, 6.405 ],
							"rotationOrigin": [ 5.88, 0.39, 5.205 ],
							"rotationX": 140.0,
							"rotationY": 26.5,
							"rotationZ": -37.5,
							"faces": {
								"north": { "texture": "#catfish3", "uv": [ 0.0, 0.0, 0.5, 1.5 ], "autoUv": false },
								"east": { "texture": "#catfish3", "uv": [ 0.0, 0.0, 0.5, 1.5 ], "autoUv": false },
								"south": { "texture": "#catfish3", "uv": [ 0.0, 0.0, 0.5, 1.5 ], "autoUv": false },
								"west": { "texture": "#catfish3", "uv": [ 0.0, 0.0, 0.5, 1.5 ], "autoUv": false },
								"up": { "texture": "#catfish3", "uv": [ 0.0, 0.0, 0.5, 0.5 ], "autoUv": false },
								"down": { "texture": "#catfish3", "uv": [ 0.0, 0.0, 0.5, 0.5 ], "autoUv": false }
							},
							"children": [
								{
									"name": "left fin53",
									"from": [ 0.0, 0.3327, 0.1377 ],
									"to": [ 0.144, 2.7327, 1.3377 ],
									"rotationOrigin": [ 0.0, 0.3327, 0.1377 ],
									"rotationX": 45.0,
									"faces": {
										"north": { "texture": "#catfish3", "uv": [ 0.0, 0.0, 0.4, 1.6 ], "autoUv": false },
										"east": { "texture": "#catfish3", "uv": [ 0.0, 0.0, 0.8, 1.6 ], "autoUv": false },
										"south": { "texture": "#catfish3", "uv": [ 0.0, 0.0, 0.4, 1.6 ], "autoUv": false },
										"west": { "texture": "#catfish3", "uv": [ 0.0, 0.0, 0.8, 1.6 ], "autoUv": false },
										"up": { "texture": "#catfish3", "uv": [ 0.0, 0.0, 0.4, 0.8 ], "autoUv": false },
										"down": { "texture": "#catfish3", "uv": [ 0.0, 0.0, 0.4, 0.8 ], "autoUv": false }
									}
								},
								{
									"name": "left fin 54",
									"from": [ 0.0, 1.32, 0.48 ],
									"to": [ 0.144, 2.52, 1.68 ],
									"rotationOrigin": [ 0.0, 1.32, 0.48 ],
									"rotationX": 22.5,
									"faces": {
										"north": { "texture": "#catfish3", "uv": [ 0.0, 0.0, 0.4, 0.8 ], "autoUv": false },
										"east": { "texture": "#catfish3", "uv": [ 0.0, 0.0, 0.8, 0.8 ], "autoUv": false },
										"south": { "texture": "#catfish3", "uv": [ 0.0, 0.0, 0.4, 0.8 ], "autoUv": false },
										"west": { "texture": "#catfish3", "uv": [ 0.0, 0.0, 0.8, 0.8 ], "autoUv": false },
										"up": { "texture": "#catfish3", "uv": [ 0.0, 0.0, 0.4, 0.8 ], "autoUv": false },
										"down": { "texture": "#catfish3", "uv": [ 0.0, 0.0, 0.4, 0.8 ], "autoUv": false }
									}
								}
							]
						},
						{
							"name": "rihgt back fin55",
							"from": [ 7.38, -0.51, -0.06 ],
							"to": [ 7.524, 1.89, 1.14 ],
							"rotationOrigin": [ 7.38, -0.36, 0.69 ],
							"rotationX": -166.1,
							"rotationY": 0.1,
							"rotationZ": -41.4,
							"faces": {
								"north": { "texture": "#catfish3", "uv": [ 0.0, 0.0, 0.25, 1.5 ], "autoUv": false },
								"east": { "texture": "#catfish3", "uv": [ 0.0, 0.0, 0.75, 1.5 ], "autoUv": false },
								"south": { "texture": "#catfish3", "uv": [ 0.0, 0.0, 0.25, 1.5 ], "autoUv": false },
								"west": { "texture": "#catfish3", "uv": [ 0.0, 0.0, 0.75, 1.5 ], "autoUv": false },
								"up": { "texture": "#catfish3", "uv": [ 0.0, 0.0, 0.25, 0.75 ], "autoUv": false },
								"down": { "texture": "#catfish3", "uv": [ 0.0, 0.0, 0.25, 0.75 ], "autoUv": false }
							},
							"children": [
								{
									"name": "right fin56",
									"from": [ 0.0, 0.3327, 0.1377 ],
									"to": [ 0.144, 2.7327, 1.3377 ],
									"rotationOrigin": [ 0.0, 0.3327, 0.1377 ],
									"rotationX": 45.0,
									"faces": {
										"north": { "texture": "#catfish3", "uv": [ 0.0, 0.0, 0.4, 1.6 ], "autoUv": false },
										"east": { "texture": "#catfish3", "uv": [ 0.0, 0.0, 0.8, 1.6 ], "autoUv": false },
										"south": { "texture": "#catfish3", "uv": [ 0.0, 0.0, 0.4, 1.6 ], "autoUv": false },
										"west": { "texture": "#catfish3", "uv": [ 0.0, 0.0, 0.8, 1.6 ], "autoUv": false },
										"up": { "texture": "#catfish3", "uv": [ 0.0, 0.0, 0.4, 0.8 ], "autoUv": false },
										"down": { "texture": "#catfish3", "uv": [ 0.0, 0.0, 0.4, 0.8 ], "autoUv": false }
									}
								},
								{
									"name": "rightfin 57",
									"from": [ 0.0, 1.32, 0.48 ],
									"to": [ 0.144, 2.52, 1.68 ],
									"rotationOrigin": [ 0.0, 1.32, 0.48 ],
									"rotationX": 22.5,
									"faces": {
										"north": { "texture": "#catfish3", "uv": [ 0.0, 0.0, 0.4, 0.8 ], "autoUv": false },
										"east": { "texture": "#catfish3", "uv": [ 0.0, 0.0, 0.8, 0.8 ], "autoUv": false },
										"south": { "texture": "#catfish3", "uv": [ 0.0, 0.0, 0.4, 0.8 ], "autoUv": false },
										"west": { "texture": "#catfish3", "uv": [ 0.0, 0.0, 0.8, 0.8 ], "autoUv": false },
										"up": { "texture": "#catfish3", "uv": [ 0.0, 0.0, 0.4, 0.8 ], "autoUv": false },
										"down": { "texture": "#catfish3", "uv": [ 0.0, 0.0, 0.4, 0.8 ], "autoUv": false }
									}
								}
							]
						}
					]
				},
				{
					"name": "body ridge",
					"from": [ -3.0, 1.5, 1.5 ],
					"to": [ 7.5, 3.0, 4.5 ],
					"rotationOrigin": [ -3.0, 1.5, 1.5 ],
					"faces": {
						"north": { "texture": "#catfish3", "uv": [ 2.0, 9.75, 9.0, 10.75 ], "autoUv": false },
						"east": { "texture": "#catfish3", "uv": [ 5.0, 7.25, 7.0, 8.25 ], "autoUv": false },
						"south": { "texture": "#catfish3", "uv": [ 2.25, 9.5, 9.25, 10.5 ], "autoUv": false },
						"west": { "texture": "#catfish3", "uv": [ 2.0, 9.0, 4.0, 10.0 ], "autoUv": false },
						"up": { "texture": "#catfish3", "uv": [ 2.25, 14.0, 3.25, 15.0 ], "autoUv": false },
						"down": { "texture": "#catfish3", "uv": [ 0.75, 7.75, 7.75, 9.75 ], "autoUv": false }
					},
					"children": [
						{
							"name": "dorsal fin 1",
							"from": [ 3.0, 1.05, 1.5 ],
							"to": [ 6.0, 5.55, 1.65 ],
							"rotationOrigin": [ 3.0, 1.05, 1.5 ],
							"rotationZ": -57.0,
							"faces": {
								"north": { "texture": "#catfish3", "uv": [ 0.0, 0.0, 2.0, 3.0 ], "autoUv": false },
								"east": { "texture": "#catfish3", "uv": [ 0.0, 0.0, 0.5, 3.0 ], "autoUv": false },
								"south": { "texture": "#catfish3", "uv": [ 0.0, 0.0, 2.0, 3.0 ], "autoUv": false },
								"west": { "texture": "#catfish3", "uv": [ 0.0, 0.0, 0.5, 3.0 ], "autoUv": false },
								"up": { "texture": "#catfish3", "uv": [ 0.0, 0.0, 2.0, 0.5 ], "autoUv": false },
								"down": { "texture": "#catfish3", "uv": [ 0.0, 0.0, 2.0, 0.5 ], "autoUv": false }
							}
						},
						{
							"name": "dorsal fin 13",
							"from": [ 5.4, 3.45, 1.5 ],
							"to": [ 8.4, 6.45, 1.65 ],
							"rotationOrigin": [ 4.8, 2.7, 1.5 ],
							"rotationZ": -65.0,
							"faces": {
								"north": { "texture": "#catfish3", "uv": [ 0.0, 0.0, 2.0, 2.0 ], "autoUv": false },
								"east": { "texture": "#catfish3", "uv": [ 0.0, 0.0, 0.5, 2.0 ], "autoUv": false },
								"south": { "texture": "#catfish3", "uv": [ 0.0, 0.0, 2.0, 2.0 ], "autoUv": false },
								"west": { "texture": "#catfish3", "uv": [ 0.0, 0.0, 0.5, 2.0 ], "autoUv": false },
								"up": { "texture": "#catfish3", "uv": [ 0.0, 0.0, 2.0, 0.5 ], "autoUv": false },
								"down": { "texture": "#catfish3", "uv": [ 0.0, 0.0, 2.0, 0.5 ], "autoUv": false }
							}
						},
						{
							"name": "dorsal fin 14",
							"from": [ 7.8, 3.3, 1.5 ],
							"to": [ 12.3, 6.3, 1.65 ],
							"rotationOrigin": [ 7.8, 3.3, 1.5 ],
							"rotationY": -2.0,
							"rotationZ": -84.0,
							"faces": {
								"north": { "texture": "#catfish3", "uv": [ 0.0, 0.0, 3.0, 2.0 ], "autoUv": false },
								"east": { "texture": "#catfish3", "uv": [ 0.0, 0.0, 0.5, 2.0 ], "autoUv": false },
								"south": { "texture": "#catfish3", "uv": [ 0.0, 0.0, 3.0, 2.0 ], "autoUv": false },
								"west": { "texture": "#catfish3", "uv": [ 0.0, 0.0, 0.5, 2.0 ], "autoUv": false },
								"up": { "texture": "#catfish3", "uv": [ 0.0, 0.0, 3.0, 0.5 ], "autoUv": false },
								"down": { "texture": "#catfish3", "uv": [ 0.0, 0.0, 3.0, 0.5 ], "autoUv": false }
							}
						}
					]
				},
				{
					"name": "head",
					"from": [ -3.0, -0.3, 0.75 ],
					"to": [ 1.5, 3.45, 5.25 ],
					"rotationOrigin": [ -0.9, 1.2, 3.0 ],
					"rotationZ": -3.0,
					"faces": {
						"north": { "texture": "#catfish3", "uv": [ 2.25, 5.5, 4.25, 7.25 ], "autoUv": false },
						"east": { "texture": "#catfish3", "uv": [ 7.25, 9.5, 9.25, 11.25 ], "autoUv": false },
						"south": { "texture": "#catfish3", "uv": [ 4.75, 7.5, 6.75, 9.25 ], "autoUv": false },
						"west": { "texture": "#catfish3", "uv": [ 1.5, 6.5, 3.5, 8.25 ], "autoUv": false },
						"up": { "texture": "#catfish3", "uv": [ 2.75, 7.75, 4.75, 9.75 ], "autoUv": false },
						"down": { "texture": "#catfish3", "uv": [ 3.25, 6.75, 5.25, 8.75 ], "autoUv": false }
					},
					"children": [
						{
							"name": "forehead",
							"from": [ 2.25, 0.0, -0.375 ],
							"to": [ 5.25, 3.0, 4.875 ],
							"rotationOrigin": [ 1.95, -1.5, 0.0 ],
							"rotationZ": 59.0,
							"faces": {
								"north": { "texture": "#catfish3", "uv": [ 0.5, 0.5, 9.5, 3.5 ], "autoUv": false },
								"east": { "texture": "#catfish3", "uv": [ 0.25, 0.5, 3.75, 2.5 ], "autoUv": false },
								"south": { "texture": "#catfish3", "uv": [ 6.5, 0.75, 15.5, 3.75 ], "autoUv": false },
								"west": { "texture": "#catfish3", "uv": [ 0.5, 0.75, 4.0, 1.75 ], "autoUv": false },
								"up": { "texture": "#catfish3", "uv": [ 7.75, 0.75, 15.75, 15.25 ], "autoUv": false },
								"down": { "texture": "#catfish3", "uv": [ 0.5, 0.5, 2.5, 1.0 ], "autoUv": false }
							},
							"children": [
								{
									"name": "jaw",
									"from": [ -0.3, -0.6, 0.0 ],
									"to": [ 0.3, 3.15, 5.25 ],
									"rotationOrigin": [ 0.45, 0.15, 2.625 ],
									"rotationZ": 6.5,
									"faces": {
										"north": { "texture": "#catfish3", "uv": [ 6.5, 7.0, 7.0, 9.5 ], "autoUv": false },
										"east": { "texture": "#catfish3", "uv": [ 4.0, 6.5, 7.5, 9.0 ], "autoUv": false },
										"south": { "texture": "#catfish3", "uv": [ 3.5, 10.0, 4.0, 12.5 ], "autoUv": false },
										"west": { "texture": "#catfish3", "uv": [ 5.5, 5.0, 9.0, 7.5 ], "autoUv": false },
										"up": { "texture": "#catfish3", "uv": [ 4.5, 6.0, 5.0, 9.5 ], "autoUv": false },
										"down": { "texture": "#catfish3", "uv": [ 5.0, 6.5, 5.5, 10.0 ], "autoUv": false }
									},
									"children": [
										{
											"name": "l whisker 1",
											"from": [ 1.65, 1.5, 4.5 ],
											"to": [ 1.8, 1.65, 7.5 ],
											"rotationOrigin": [ 1.65, 1.5, 4.5 ],
											"rotationX": 20.5,
											"rotationZ": 24.0,
											"faces": {
												"north": { "texture": "#catfish3", "uv": [ 0.0, 0.0, 0.5, 0.5 ], "autoUv": false },
												"east": { "texture": "#catfish3", "uv": [ 0.0, 0.0, 2.0, 0.5 ], "autoUv": false },
												"south": { "texture": "#catfish3", "uv": [ 0.0, 0.0, 0.5, 0.5 ], "autoUv": false },
												"west": { "texture": "#catfish3", "uv": [ 0.0, 0.0, 2.0, 0.5 ], "autoUv": false },
												"up": { "texture": "#catfish3", "uv": [ 0.0, 0.0, 0.5, 2.0 ], "autoUv": false },
												"down": { "texture": "#catfish3", "uv": [ 0.0, 0.0, 0.5, 2.0 ], "autoUv": false }
											},
											"children": [
												{
													"name": "Cube61",
													"from": [ 0.0, 0.0, 3.0 ],
													"to": [ 0.15, 0.15, 6.0 ],
													"rotationOrigin": [ 0.0, 0.0, 3.0 ],
													"rotationX": 61.0,
													"faces": {
														"north": { "texture": "#catfish3", "uv": [ 0.0, 0.0, 0.5, 0.5 ], "autoUv": false },
														"east": { "texture": "#catfish3", "uv": [ 0.0, 0.0, 2.0, 0.5 ], "autoUv": false },
														"south": { "texture": "#catfish3", "uv": [ 0.0, 0.0, 0.5, 0.5 ], "autoUv": false },
														"west": { "texture": "#catfish3", "uv": [ 0.0, 0.0, 2.0, 0.5 ], "autoUv": false },
														"up": { "texture": "#catfish3", "uv": [ 0.0, 0.0, 0.5, 2.0 ], "autoUv": false },
														"down": { "texture": "#catfish3", "uv": [ 0.0, 0.0, 0.5, 2.0 ], "autoUv": false }
													}
												}
											]
										},
										{
											"name": "l whisker 62",
											"from": [ 2.25, 1.5, 4.5 ],
											"to": [ 2.4, 1.65, 7.5 ],
											"rotationOrigin": [ 2.25, 1.5, 4.5 ],
											"rotationX": 37.5,
											"rotationY": 9.0,
											"rotationZ": 24.0,
											"faces": {
												"north": { "texture": "#catfish3", "uv": [ 0.0, 0.0, 0.5, 0.5 ], "autoUv": false },
												"east": { "texture": "#catfish3", "uv": [ 0.0, 0.0, 2.0, 0.5 ], "autoUv": false },
												"south": { "texture": "#catfish3", "uv": [ 0.0, 0.0, 0.5, 0.5 ], "autoUv": false },
												"west": { "texture": "#catfish3", "uv": [ 0.0, 0.0, 2.0, 0.5 ], "autoUv": false },
												"up": { "texture": "#catfish3", "uv": [ 0.0, 0.0, 0.5, 2.0 ], "autoUv": false },
												"down": { "texture": "#catfish3", "uv": [ 0.0, 0.0, 0.5, 2.0 ], "autoUv": false }
											},
											"children": [
												{
													"name": "Cube63",
													"from": [ 0.0, 0.0, 3.0 ],
													"to": [ 0.15, 0.15, 6.0 ],
													"rotationOrigin": [ 0.0, 0.0, 3.0 ],
													"rotationX": 45.0,
													"faces": {
														"north": { "texture": "#catfish3", "uv": [ 0.0, 0.0, 0.5, 0.5 ], "autoUv": false },
														"east": { "texture": "#catfish3", "uv": [ 0.0, 0.0, 2.0, 0.5 ], "autoUv": false },
														"south": { "texture": "#catfish3", "uv": [ 0.0, 0.0, 0.5, 0.5 ], "autoUv": false },
														"west": { "texture": "#catfish3", "uv": [ 0.0, 0.0, 2.0, 0.5 ], "autoUv": false },
														"up": { "texture": "#catfish3", "uv": [ 0.0, 0.0, 0.5, 2.0 ], "autoUv": false },
														"down": { "texture": "#catfish3", "uv": [ 0.0, 0.0, 0.5, 2.0 ], "autoUv": false }
													}
												}
											]
										},
										{
											"name": "l whisker 64",
											"from": [ 1.65, 2.7, 4.5 ],
											"to": [ 1.8, 2.85, 7.5 ],
											"rotationOrigin": [ 1.65, 2.7, 4.5 ],
											"rotationX": 37.5,
											"rotationY": 7.0,
											"rotationZ": 16.0,
											"faces": {
												"north": { "texture": "#catfish3", "uv": [ 0.0, 0.0, 0.5, 0.5 ], "autoUv": false },
												"east": { "texture": "#catfish3", "uv": [ 0.0, 0.0, 2.0, 0.5 ], "autoUv": false },
												"south": { "texture": "#catfish3", "uv": [ 0.0, 0.0, 0.5, 0.5 ], "autoUv": false },
												"west": { "texture": "#catfish3", "uv": [ 0.0, 0.0, 2.0, 0.5 ], "autoUv": false },
												"up": { "texture": "#catfish3", "uv": [ 0.0, 0.0, 0.5, 2.0 ], "autoUv": false },
												"down": { "texture": "#catfish3", "uv": [ 0.0, 0.0, 0.5, 2.0 ], "autoUv": false }
											},
											"children": [
												{
													"name": "Cube65",
													"from": [ 0.0, 0.0, 3.0 ],
													"to": [ 0.15, 0.15, 6.0 ],
													"rotationOrigin": [ 0.0, 0.0, 3.0 ],
													"rotationX": 45.0,
													"faces": {
														"north": { "texture": "#catfish3", "uv": [ 0.0, 0.0, 0.5, 0.5 ], "autoUv": false },
														"east": { "texture": "#catfish3", "uv": [ 0.0, 0.0, 2.0, 0.5 ], "autoUv": false },
														"south": { "texture": "#catfish3", "uv": [ 0.0, 0.0, 0.5, 0.5 ], "autoUv": false },
														"west": { "texture": "#catfish3", "uv": [ 0.0, 0.0, 2.0, 0.5 ], "autoUv": false },
														"up": { "texture": "#catfish3", "uv": [ 0.0, 0.0, 0.5, 2.0 ], "autoUv": false },
														"down": { "texture": "#catfish3", "uv": [ 0.0, 0.0, 0.5, 2.0 ], "autoUv": false }
													}
												}
											]
										},
										{
											"name": "r whisker 1",
											"from": [ 2.1, 1.2, -2.1 ],
											"to": [ 2.25, 1.35, 0.9 ],
											"rotationOrigin": [ 2.1, 1.2, 0.9 ],
											"rotationX": -28.0,
											"rotationZ": 23.0,
											"faces": {
												"north": { "texture": "#catfish3", "uv": [ 0.0, 0.0, 0.5, 0.5 ], "autoUv": false },
												"east": { "texture": "#catfish3", "uv": [ 0.0, 0.0, 2.0, 0.5 ], "autoUv": false },
												"south": { "texture": "#catfish3", "uv": [ 0.0, 0.0, 0.5, 0.5 ], "autoUv": false },
												"west": { "texture": "#catfish3", "uv": [ 0.0, 0.0, 2.0, 0.5 ], "autoUv": false },
												"up": { "texture": "#catfish3", "uv": [ 0.0, 0.0, 0.5, 2.0 ], "autoUv": false },
												"down": { "texture": "#catfish3", "uv": [ 0.0, 0.0, 0.5, 2.0 ], "autoUv": false }
											},
											"children": [
												{
													"name": "r whisker 67",
													"from": [ 0.0, 0.0, -3.0 ],
													"to": [ 0.15, 0.15, 0.15 ],
													"rotationOrigin": [ 0.0, 0.0, 0.0 ],
													"rotationX": -60.0,
													"faces": {
														"north": { "texture": "#catfish3", "uv": [ 0.0, 0.0, 0.5, 0.5 ], "autoUv": false },
														"east": { "texture": "#catfish3", "uv": [ 0.0, 0.0, 2.0, 0.5 ], "autoUv": false },
														"south": { "texture": "#catfish3", "uv": [ 0.0, 0.0, 0.5, 0.5 ], "autoUv": false },
														"west": { "texture": "#catfish3", "uv": [ 0.0, 0.0, 2.0, 0.5 ], "autoUv": false },
														"up": { "texture": "#catfish3", "uv": [ 0.0, 0.0, 0.5, 2.0 ], "autoUv": false },
														"down": { "texture": "#catfish3", "uv": [ 0.0, 0.0, 0.5, 2.0 ], "autoUv": false }
													}
												}
											]
										},
										{
											"name": "r whisker 68",
											"from": [ 2.25, 2.7, -2.1 ],
											"to": [ 2.4, 2.85, 0.9 ],
											"rotationOrigin": [ 2.25, 2.7, 0.9 ],
											"rotationX": -25.0,
											"rotationZ": 20.0,
											"faces": {
												"north": { "texture": "#catfish3", "uv": [ 0.0, 0.0, 0.5, 0.5 ], "autoUv": false },
												"east": { "texture": "#catfish3", "uv": [ 0.0, 0.0, 2.0, 0.5 ], "autoUv": false },
												"south": { "texture": "#catfish3", "uv": [ 0.0, 0.0, 0.5, 0.5 ], "autoUv": false },
												"west": { "texture": "#catfish3", "uv": [ 0.0, 0.0, 2.0, 0.5 ], "autoUv": false },
												"up": { "texture": "#catfish3", "uv": [ 0.0, 0.0, 0.5, 2.0 ], "autoUv": false },
												"down": { "texture": "#catfish3", "uv": [ 0.0, 0.0, 0.5, 2.0 ], "autoUv": false }
											},
											"children": [
												{
													"name": "r whisker 69",
													"from": [ 0.0, 0.0, -3.0 ],
													"to": [ 0.15, 0.15, 0.15 ],
													"rotationOrigin": [ 0.0, 0.0, 0.0 ],
													"rotationX": -60.0,
													"faces": {
														"north": { "texture": "#catfish3", "uv": [ 0.0, 0.0, 0.5, 0.5 ], "autoUv": false },
														"east": { "texture": "#catfish3", "uv": [ 0.0, 0.0, 2.0, 0.5 ], "autoUv": false },
														"south": { "texture": "#catfish3", "uv": [ 0.0, 0.0, 0.5, 0.5 ], "autoUv": false },
														"west": { "texture": "#catfish3", "uv": [ 0.0, 0.0, 2.0, 0.5 ], "autoUv": false },
														"up": { "texture": "#catfish3", "uv": [ 0.0, 0.0, 0.5, 2.0 ], "autoUv": false },
														"down": { "texture": "#catfish3", "uv": [ 0.0, 0.0, 0.5, 2.0 ], "autoUv": false }
													}
												}
											]
										},
										{
											"name": "r whisker 70",
											"from": [ 1.5, 1.2, -2.1 ],
											"to": [ 1.65, 1.35, 0.9 ],
											"rotationOrigin": [ 1.5, 1.2, 0.9 ],
											"rotationX": -20.0,
											"rotationZ": 12.0,
											"faces": {
												"north": { "texture": "#catfish3", "uv": [ 0.0, 0.0, 0.5, 0.5 ], "autoUv": false },
												"east": { "texture": "#catfish3", "uv": [ 0.0, 0.0, 2.0, 0.5 ], "autoUv": false },
												"south": { "texture": "#catfish3", "uv": [ 0.0, 0.0, 0.5, 0.5 ], "autoUv": false },
												"west": { "texture": "#catfish3", "uv": [ 0.0, 0.0, 2.0, 0.5 ], "autoUv": false },
												"up": { "texture": "#catfish3", "uv": [ 0.0, 0.0, 0.5, 2.0 ], "autoUv": false },
												"down": { "texture": "#catfish3", "uv": [ 0.0, 0.0, 0.5, 2.0 ], "autoUv": false }
											},
											"children": [
												{
													"name": "r whisker 71",
													"from": [ 0.0, 0.0, -3.0 ],
													"to": [ 0.15, 0.15, 0.15 ],
													"rotationOrigin": [ 0.0, 0.0, 0.0 ],
													"rotationX": -60.0,
													"faces": {
														"north": { "texture": "#catfish3", "uv": [ 0.0, 0.0, 0.5, 0.5 ], "autoUv": false },
														"east": { "texture": "#catfish3", "uv": [ 0.0, 0.0, 2.0, 0.5 ], "autoUv": false },
														"south": { "texture": "#catfish3", "uv": [ 0.0, 0.0, 0.5, 0.5 ], "autoUv": false },
														"west": { "texture": "#catfish3", "uv": [ 0.0, 0.0, 2.0, 0.5 ], "autoUv": false },
														"up": { "texture": "#catfish3", "uv": [ 0.0, 0.0, 0.5, 2.0 ], "autoUv": false },
														"down": { "texture": "#catfish3", "uv": [ 0.0, 0.0, 0.5, 2.0 ], "autoUv": false }
													}
												}
											]
										}
									]
								},
								{
									"name": "right eye",
									"from": [ 1.35, 2.67, 0.375 ],
									"to": [ 2.85, 4.17, 1.875 ],
									"rotationOrigin": [ 1.3532, 3.423, 1.125 ],
									"rotationX": -7.09,
									"rotationY": -15.15,
									"rotationZ": -70.63,
									"faces": {
										"north": { "texture": "#catfish3", "uv": [ 2.5, 6.25, 3.5, 7.25 ], "autoUv": false },
										"east": { "texture": "#catfish3", "uv": [ 3.5, 7.25, 4.5, 8.25 ], "autoUv": false },
										"south": { "texture": "#catfish3", "uv": [ 3.25, 6.75, 4.25, 7.75 ], "autoUv": false },
										"west": { "texture": "#catfish3", "uv": [ 1.25, 0.75, 2.25, 1.75 ], "autoUv": false },
										"up": { "texture": "#catfish3", "uv": [ 2.5, 6.25, 3.5, 7.25 ], "autoUv": false },
										"down": { "texture": "#catfish3", "uv": [ 3.5, 3.5, 4.5, 4.5 ], "autoUv": false }
									}
								},
								{
									"name": "left eye",
									"from": [ 1.35, 2.52, 3.375 ],
									"to": [ 2.85, 4.02, 4.875 ],
									"rotationOrigin": [ 1.3532, 3.273, 3.975 ],
									"rotationX": 0.92,
									"rotationY": 15.94,
									"rotationZ": -68.67,
									"faces": {
										"north": { "texture": "#catfish3", "uv": [ 4.5, 5.5, 5.5, 6.5 ], "autoUv": false },
										"east": { "texture": "#catfish3", "uv": [ 3.5, 5.0, 4.5, 6.0 ], "autoUv": false },
										"south": { "texture": "#catfish3", "uv": [ 4.0, 6.5, 5.0, 7.5 ], "autoUv": false },
										"west": { "texture": "#catfish3", "uv": [ 1.0, 0.75, 2.0, 1.75 ], "autoUv": false },
										"up": { "texture": "#catfish3", "uv": [ 2.5, 4.0, 3.5, 5.0 ], "autoUv": false },
										"down": { "texture": "#catfish3", "uv": [ 5.0, 4.0, 6.0, 5.0 ], "autoUv": false }
									}
								}
							]
						}
					]
				},
				{
					"name": "belly1",
					"from": [ -3.0, -0.75, 0.75 ],
					"to": [ 6.0, 0.75, 5.25 ],
					"rotationOrigin": [ -3.0, -1.5, 0.0 ],
					"faces": {
						"north": { "texture": "#catfish3", "uv": [ 4.0, 10.25, 10.0, 11.25 ], "autoUv": false },
						"east": { "texture": "#catfish3", "uv": [ 6.75, 8.25, 9.75, 9.25 ], "autoUv": false },
						"south": { "texture": "#catfish3", "uv": [ 2.25, 4.25, 8.25, 5.25 ], "autoUv": false },
						"west": { "texture": "#catfish3", "uv": [ 1.75, 7.0, 4.75, 8.0 ], "autoUv": false },
						"up": { "texture": "#catfish3", "uv": [ 5.75, 7.25, 11.75, 10.25 ], "autoUv": false },
						"down": { "texture": "#catfish3", "uv": [ 2.5, 7.0, 8.5, 10.0 ], "autoUv": false }
					}
				},
				{
					"name": "left fin",
					"from": [ 1.35, 1.05, 5.85 ],
					"to": [ 1.53, 4.05, 7.35 ],
					"rotationOrigin": [ 1.35, 1.05, 5.85 ],
					"rotationX": 90.0,
					"rotationY": 22.5,
					"rotationZ": -22.5,
					"faces": {
						"north": { "texture": "#catfish3", "uv": [ 0.0, 0.0, 0.5, 2.0 ], "autoUv": false },
						"east": { "texture": "#catfish3", "uv": [ 0.0, 0.0, 1.0, 2.0 ], "autoUv": false },
						"south": { "texture": "#catfish3", "uv": [ 0.0, 0.0, 0.5, 2.0 ], "autoUv": false },
						"west": { "texture": "#catfish3", "uv": [ 0.0, 0.0, 1.0, 2.0 ], "autoUv": false },
						"up": { "texture": "#catfish3", "uv": [ 0.0, 0.0, 0.5, 1.0 ], "autoUv": false },
						"down": { "texture": "#catfish3", "uv": [ 0.0, 0.0, 0.5, 1.0 ], "autoUv": false }
					},
					"children": [
						{
							"name": "left fin25",
							"from": [ 0.0, 0.4158, 0.1722 ],
							"to": [ 0.18, 3.4158, 1.6722 ],
							"rotationOrigin": [ 0.0, 0.4158, 0.1722 ],
							"rotationX": 45.0,
							"faces": {
								"north": { "texture": "#catfish3", "uv": [ 0.0, 0.0, 0.5, 2.0 ], "autoUv": false },
								"east": { "texture": "#catfish3", "uv": [ 0.0, 0.0, 1.0, 2.0 ], "autoUv": false },
								"south": { "texture": "#catfish3", "uv": [ 0.0, 0.0, 0.5, 2.0 ], "autoUv": false },
								"west": { "texture": "#catfish3", "uv": [ 0.0, 0.0, 1.0, 2.0 ], "autoUv": false },
								"up": { "texture": "#catfish3", "uv": [ 0.0, 0.0, 0.5, 1.0 ], "autoUv": false },
								"down": { "texture": "#catfish3", "uv": [ 0.0, 0.0, 0.5, 1.0 ], "autoUv": false }
							}
						},
						{
							"name": "left fin 3",
							"from": [ 0.0, 1.65, 0.6 ],
							"to": [ 0.18, 3.15, 2.1 ],
							"rotationOrigin": [ 0.0, 1.65, 0.6 ],
							"rotationX": 22.5,
							"faces": {
								"north": { "texture": "#catfish3", "uv": [ 0.0, 0.0, 0.5, 1.0 ], "autoUv": false },
								"east": { "texture": "#catfish3", "uv": [ 0.0, 0.0, 1.0, 1.0 ], "autoUv": false },
								"south": { "texture": "#catfish3", "uv": [ 0.0, 0.0, 0.5, 1.0 ], "autoUv": false },
								"west": { "texture": "#catfish3", "uv": [ 0.0, 0.0, 1.0, 1.0 ], "autoUv": false },
								"up": { "texture": "#catfish3", "uv": [ 0.0, 0.0, 0.5, 1.0 ], "autoUv": false },
								"down": { "texture": "#catfish3", "uv": [ 0.0, 0.0, 0.5, 1.0 ], "autoUv": false }
							}
						}
					]
				},
				{
					"name": "rihgt fin",
					"from": [ 1.35, -0.45, 0.3 ],
					"to": [ 1.53, 2.55, 1.8 ],
					"rotationOrigin": [ 1.35, -0.45, 0.3 ],
					"rotationX": -112.5,
					"rotationZ": -22.5,
					"faces": {
						"north": { "texture": "#catfish3", "uv": [ 0.0, 0.0, 0.5, 2.0 ], "autoUv": false },
						"east": { "texture": "#catfish3", "uv": [ 0.0, 0.0, 1.0, 2.0 ], "autoUv": false },
						"south": { "texture": "#catfish3", "uv": [ 0.0, 0.0, 0.5, 2.0 ], "autoUv": false },
						"west": { "texture": "#catfish3", "uv": [ 0.0, 0.0, 1.0, 2.0 ], "autoUv": false },
						"up": { "texture": "#catfish3", "uv": [ 0.0, 0.0, 0.5, 1.0 ], "autoUv": false },
						"down": { "texture": "#catfish3", "uv": [ 0.0, 0.0, 0.5, 1.0 ], "autoUv": false }
					},
					"children": [
						{
							"name": "right fin28",
							"from": [ 0.0, 0.4158, 0.1722 ],
							"to": [ 0.18, 3.4158, 1.6722 ],
							"rotationOrigin": [ 0.0, 0.4158, 0.1722 ],
							"rotationX": 45.0,
							"faces": {
								"north": { "texture": "#catfish3", "uv": [ 0.0, 0.0, 0.5, 2.0 ], "autoUv": false },
								"east": { "texture": "#catfish3", "uv": [ 0.0, 0.0, 1.0, 2.0 ], "autoUv": false },
								"south": { "texture": "#catfish3", "uv": [ 0.0, 0.0, 0.5, 2.0 ], "autoUv": false },
								"west": { "texture": "#catfish3", "uv": [ 0.0, 0.0, 1.0, 2.0 ], "autoUv": false },
								"up": { "texture": "#catfish3", "uv": [ 0.0, 0.0, 0.5, 1.0 ], "autoUv": false },
								"down": { "texture": "#catfish3", "uv": [ 0.0, 0.0, 0.5, 1.0 ], "autoUv": false }
							}
						},
						{
							"name": "rightfin 29",
							"from": [ 0.0, 1.65, 0.6 ],
							"to": [ 0.18, 3.15, 2.1 ],
							"rotationOrigin": [ 0.0, 1.65, 0.6 ],
							"rotationX": 22.5,
							"faces": {
								"north": { "texture": "#catfish3", "uv": [ 0.0, 0.0, 0.5, 1.0 ], "autoUv": false },
								"east": { "texture": "#catfish3", "uv": [ 0.0, 0.0, 1.0, 1.0 ], "autoUv": false },
								"south": { "texture": "#catfish3", "uv": [ 0.0, 0.0, 0.5, 1.0 ], "autoUv": false },
								"west": { "texture": "#catfish3", "uv": [ 0.0, 0.0, 1.0, 1.0 ], "autoUv": false },
								"up": { "texture": "#catfish3", "uv": [ 0.0, 0.0, 0.5, 1.0 ], "autoUv": false },
								"down": { "texture": "#catfish3", "uv": [ 0.0, 0.0, 0.5, 1.0 ], "autoUv": false }
							}
						}
					]
				}
			]
		}
	],
	"animations": [
		{
			"name": "swim",
			"code": "swim",
			"quantityframes": 34,
			"onActivityStopped": "EaseOut",
			"onAnimationEnd": "Repeat",
			"keyframes": [
				{
					"frame": 0,
					"elements": {
						"body": { "rotationX": 0.0, "rotationY": 0.0, "rotationZ": 0.0 }
					}
				},
				{
					"frame": 5,
					"elements": {
						"body": { "rotationX": 0.0, "rotationY": 0.0, "rotationZ": 0.0 }
					}
				},
				{
					"frame": 10,
					"elements": {
						"body": { "rotationX": 0.0, "rotationY": -2.0, "rotationZ": 0.0 },
						"body2": { "rotationX": 0.0, "rotationY": 15.0, "rotationZ": 0.0 },
						"tail": { "rotationX": 0.0, "rotationY": 10.0, "rotationZ": 0.0 },
						"tail 2": { "rotationX": 0.0, "rotationY": 10.0, "rotationZ": 0.0 },
						"tailfin": { "rotationX": 0.0, "rotationY": 0.0, "rotationZ": 0.0 },
						"head": { "rotationX": 0.0, "rotationY": -4.0, "rotationZ": 0.0 }
					}
				},
				{
					"frame": 15,
					"elements": {
						"body": { "rotationX": 0.0, "rotationY": 0.0, "rotationZ": 0.0 }
					}
				},
				{
					"frame": 20,
					"elements": {
						"body": { "rotationX": 0.0, "rotationY": 0.0, "rotationZ": 0.0 }
					}
				},
				{
					"frame": 25,
					"elements": {
						"body": { "rotationX": 0.0, "rotationY": 2.0, "rotationZ": 0.0 },
						"body2": { "rotationX": 0.0, "rotationY": -15.0, "rotationZ": 0.0 },
						"tail": { "rotationX": 0.0, "rotationY": -10.0, "rotationZ": 0.0 },
						"tail 2": { "rotationX": 0.0, "rotationY": -10.0, "rotationZ": 0.0 },
						"tailfin": { "rotationX": 0.0, "rotationY": 0.0, "rotationZ": 0.0 },
						"head": { "rotationX": 0.0, "rotationY": 4.0, "rotationZ": 0.0 }
					}
				},
				{
					"frame": 30,
					"elements": {
						"body": { "rotationX": 0.0, "rotationY": 0.0, "rotationZ": 0.0 }
					}
				}
			]
		},

		{
			"name": "attack",
			"code": "attack",
			"quantityframes": 15,
			"onActivityStopped": "EaseOut",
			"onAnimationEnd": "Stop",
			"keyframes": [
				{
					"frame": 0,
					"elements": {
						"body": { "offsetX": 0.0, "offsetY": 0.0, "offsetZ": 0.0, "rotationX": 0.0, "rotationY": 0.0, "rotationZ": 0.0 },
						"body2": { "rotationX": 0.0, "rotationY": 0.0, "rotationZ": 0.0 }
					}
				},
				{
					"frame": 7,
					"elements": {
						"body": { "offsetX": -6.0, "offsetY": 0.0, "offsetZ": -1.5, "rotationX": -55.0, "rotationY": 113.0, "rotationZ": 65.0 },
						"body2": { "rotationX": -7.0, "rotationY": -10.0, "rotationZ": -15.0 },
						"tail": { "rotationX": 0.0, "rotationY": -20.0, "rotationZ": 0.0 }
					}
				},
				{
					"frame": 10,
					"elements": {
						"body2": { "rotationX": -9.0, "rotationY": -27.0, "rotationZ": -15.0 },
						"body": { "offsetX": -13.5, "offsetY": 1.5, "offsetZ": -1.5, "rotationX": -31.0, "rotationY": 154.0, "rotationZ": 36.0 }
					}
				},
				{
					"frame": 14,
					"elements": {
						"body": { "offsetX": 7.5, "offsetY": 0.0, "offsetZ": 4.5, "rotationX": 0.0, "rotationY": 341.0, "rotationZ": 0.0 },
						"body2": { "rotationX": 0.0, "rotationY": -13.0, "rotationZ": 0.0 },
						"tail": { "rotationX": 0.0, "rotationY": -10.0, "rotationZ": 0.0 }
					}
				}
			]
		},

		{
			"name": "idle",
			"code": "idle",
			"quantityframes": 41,
			"onActivityStopped": "EaseOut",
			"onAnimationEnd": "Repeat",
			"keyframes": [
				{
					"frame": 0,
					"elements": {
						"body": { "rotationX": 0.0, "rotationY": 0.0, "rotationZ": 0.0 },
						"rihgt back fin55": { "rotationX": 0.0, "rotationY": 0.0, "rotationZ": 0.0 },
						"left back fin52": { "rotationX": 13.0, "rotationY": 12.0, "rotationZ": -18.0 },
						"rihgt fin": { "rotationX": 0.0, "rotationY": 0.0, "rotationZ": 0.0 },
						"left fin": { "rotationX": 0.0, "rotationY": 0.0, "rotationZ": 0.0 }
					}
				},
				{
					"frame": 10,
					"elements": {
						"body": { "rotationX": 0.0, "rotationY": 0.0, "rotationZ": 0.0 },
						"left back fin52": { "rotationX": 0.0, "rotationY": 0.0, "rotationZ": 0.0 },
						"rihgt back fin55": { "rotationX": 13.0, "rotationY": 12.0, "rotationZ": -20.0 },
						"left fin": { "rotationX": -20.0, "rotationY": -8.0, "rotationZ": 34.0 },
						"rihgt fin": { "rotationX": 0.0, "rotationY": -10.0, "rotationZ": 22.0 }
					}
				},
				{
					"frame": 20,
					"elements": {
						"body": { "rotationX": 0.0, "rotationY": 0.0, "rotationZ": 0.0 },
						"left back fin52": { "rotationX": 15.0, "rotationY": 10.0, "rotationZ": -19.0 },
						"rihgt back fin55": { "rotationX": 0.0, "rotationY": 0.0, "rotationZ": 0.0 },
						"left fin": { "rotationX": 0.0, "rotationY": 0.0, "rotationZ": 0.0 },
						"rihgt fin": { "rotationX": 0.0, "rotationY": 0.0, "rotationZ": 0.0 }
					}
				},
				{
					"frame": 30,
					"elements": {
						"body": { "rotationX": 0.0, "rotationY": 0.0, "rotationZ": 0.0 },
						"left back fin52": { "rotationX": 0.0, "rotationY": 0.0, "rotationZ": 0.0 },
						"rihgt back fin55": { "rotationX": 13.0, "rotationY": 12.0, "rotationZ": -18.0 },
						"left fin": { "rotationX": -19.0, "rotationY": 8.0, "rotationZ": 34.0 },
						"rihgt fin": { "rotationX": 0.0, "rotationY": -10.0, "rotationZ": 16.0 }
					}
				}
			]
		},

		{
			"name": "dead",
			"code": "dead",
			"quantityframes": 30,
			"onActivityStopped": "EaseOut",
			"onAnimationEnd": "Hold",
			"keyframes": [
				{
					"frame": 0,
					"elements": {
						"body": { "rotationX": 0.0, "rotationY": 0.0, "rotationZ": 0.0 }
					}
				},
				{
					"frame": 25,
					"elements": {
						"body": { "rotationX": -180.0, "rotationY": 0.0, "rotationZ": 0.0 }
					}
				}
			]
		},

		{
			"name": "idleSwim",
			"code": "idleSwim",
			"quantityframes": 35,
			"onActivityStopped": "EaseOut",
			"onAnimationEnd": "Repeat",
			"keyframes": [
				{
					"frame": 0,
					"elements": {
						"body": { "rotationX": 0.0, "rotationY": 0.0, "rotationZ": 0.0 }
					}
				},
				{
					"frame": 5,
					"elements": {
						"body": { "rotationX": 0.0, "rotationY": 0.0, "rotationZ": 0.0 },
						"left fin": { "rotationX": 0.0, "rotationY": 0.0, "rotationZ": -25.0 },
						"jaw": { "rotationX": 0.0, "rotationY": 0.0, "rotationZ": -3.0 }
					}
				},
				{
					"frame": 10,
					"elements": {
						"body": { "rotationX": 0.0, "rotationY": 0.0, "rotationZ": 0.0 },
						"body2": { "rotationX": 0.0, "rotationY": 1.0, "rotationZ": 0.0 },
						"tail": { "rotationX": 0.0, "rotationY": 2.0, "rotationZ": 0.0 },
						"tail 2": { "rotationX": 0.0, "rotationY": 3.0, "rotationZ": 0.0 },
						"tailfin": { "rotationX": 0.0, "rotationY": 7.0, "rotationZ": 0.0 },
						"left back fin52": { "rotationX": 0.0, "rotationY": 0.0, "rotationZ": -12.0 },
						"rihgt back fin55": { "rotationX": 0.0, "rotationY": 0.0, "rotationZ": 5.0 },
						"head": { "rotationX": 0.0, "rotationY": -1.0, "rotationZ": 0.0 },
						"rihgt fin": { "rotationX": 0.0, "rotationY": 0.0, "rotationZ": -20.0 }
					}
				},
				{
					"frame": 15,
					"elements": {
						"body": { "rotationX": 0.0, "rotationY": 0.0, "rotationZ": 0.0 }
					}
				},
				{
					"frame": 20,
					"elements": {
						"body": { "rotationX": 0.0, "rotationY": 0.0, "rotationZ": 0.0 }
					}
				},
				{
					"frame": 25,
					"elements": {
						"body": { "rotationX": 0.0, "rotationY": 0.0, "rotationZ": 0.0 },
						"body2": { "rotationX": 0.0, "rotationY": -1.0, "rotationZ": 0.0 },
						"tail": { "rotationX": 0.0, "rotationY": -2.0, "rotationZ": 0.0 },
						"tail 2": { "rotationX": 0.0, "rotationY": -3.0, "rotationZ": 0.0 },
						"tailfin": { "rotationX": 0.0, "rotationY": -7.0, "rotationZ": 0.0 },
						"left back fin52": { "rotationX": 0.0, "rotationY": 0.0, "rotationZ": 5.0 },
						"rihgt back fin55": { "rotationX": 0.0, "rotationY": 0.0, "rotationZ": -12.0 },
						"head": { "rotationX": 0.0, "rotationY": 1.0, "rotationZ": 0.0 },
						"jaw": { "rotationX": 0.0, "rotationY": 0.0, "rotationZ": 1.0 },
						"left fin": { "rotationX": 0.0, "rotationY": 0.0, "rotationZ": -20.0 },
						"rihgt fin": { "rotationX": 0.0, "rotationY": 0.0, "rotationZ": -25.0 }
					}
				},
				{
					"frame": 34,
					"elements": {
						"body": { "rotationX": 0.0, "rotationY": 0.0, "rotationZ": 0.0 }
					}
				}
			]
		}
	]
}