{
	"editor": {
		"allAngles": true,
		"entityTextureMode": true
	},
	"textureWidth": 32,
	"textureHeight": 16,
	"textureSizes": {
	},
	"textures": {
	},
	"elements": [
		{
			"name": "origin",
			"from": [ 6.4, 0.0, 8.4 ],
			"to": [ 6.4, 0.0, 8.4 ],
			"uv": [ 999.0, 1000.0 ],
			"rotationOrigin": [ 6.4, 0.0, 8.4 ],
			"faces": {
				"east": { "texture": "#snakehead1", "uv": [ 0.0, 0.0, 0.5, 0.5 ], "autoUv": false, "windMode": [-1,-1,-1,-1] }
			},
			"children": [
				{
					"name": "Body",
					"from": [ -4.8, 0.8, -0.8 ],
					"to": [ -0.8, 2.24, 0.64 ],
					"unwrapMode": 7,
					"unwrapRotation": 1,
					"autoUnwrap": false,
					"uv": [ 10.0, 3.0 ],
					"rotationOrigin": [ -0.8, 2.4, 0.0 ],
					"faces": {
						"north": { "texture": "#snakehead1", "uv": [ 28.6, 2.4, 20.6, 9.0 ], "rotation": 90, "autoUv": false, "windMode": [-1,-1,-1,-1] },
						"east": { "texture": "#snakehead1", "uv": [ 22.0, 2.95, 28.6, 6.0 ], "autoUv": false, "windMode": [-1,-1,-1,-1] },
						"south": { "texture": "#snakehead1", "uv": [ 21.3, 2.25, 27.9, 8.45 ], "rotation": 270, "autoUv": false, "windMode": [-1,-1,-1,-1] },
						"west": { "texture": "#snakehead1", "uv": [ 22.5, 3.0, 24.0, 4.5 ], "rotation": 180, "autoUv": false, "windMode": [-1,-1,-1,-1] },
						"up": { "texture": "#snakehead1", "uv": [ 22.5, 2.0, 28.4, 5.8 ], "rotation": 270, "autoUv": false, "windMode": [-1,-1,-1,-1] },
						"down": { "texture": "#snakehead1", "uv": [ 23.5, 15.0, 27.5, 8.9 ], "rotation": 90, "autoUv": false, "windMode": [-1,-1,-1,-1] }
					},
					"children": [
						{
							"name": "Mid Section",
							"from": [ 3.68, 0.08, 0.16 ],
							"to": [ 6.88, 1.36, 1.28 ],
							"unwrapMode": 7,
							"unwrapRotation": 1,
							"autoUnwrap": false,
							"uv": [ 22.0, 0.5 ],
							"rotationOrigin": [ 3.92, 1.36, 0.72 ],
							"faces": {
								"north": { "texture": "#snakehead1", "uv": [ 18.4, 7.1, 10.3, 12.0 ], "rotation": 90, "autoUv": false, "windMode": [-1,-1,-1,-1] },
								"east": { "texture": "#snakehead1", "uv": [ 25.0, 4.5, 26.0, 6.0 ], "autoUv": false, "windMode": [-1,-1,-1,-1] },
								"south": { "texture": "#snakehead1", "uv": [ 10.5, 7.1, 18.2, 12.0 ], "rotation": 270, "autoUv": false, "windMode": [-1,-1,-1,-1] },
								"west": { "texture": "#snakehead1", "uv": [ 23.0, 4.0, 28.0, 5.5 ], "autoUv": false, "windMode": [-1,-1,-1,-1] },
								"up": { "texture": "#snakehead1", "uv": [ 18.0, 7.5, 12.6, 11.5 ], "rotation": 270, "autoUv": false, "windMode": [-1,-1,-1,-1] },
								"down": { "texture": "#snakehead1", "uv": [ 27.2, 15.0, 23.9, 10.5 ], "rotation": 90, "autoUv": false, "windMode": [-1,-1,-1,-1] }
							},
							"children": [
								{
									"name": "Tail Section",
									"from": [ 2.96, 0.08, 0.08 ],
									"to": [ 6.16, 1.12, 0.56 ],
									"unwrapMode": 7,
									"unwrapRotation": 1,
									"autoUnwrap": false,
									"uv": [ 24.5, 5.0 ],
									"rotationOrigin": [ 3.2, 1.04, 0.48 ],
									"rotationY": -4.0,
									"faces": {
										"north": { "texture": "#snakehead1", "uv": [ 18.1, 12.0, 10.6, 7.2 ], "rotation": 90, "autoUv": false, "windMode": [-1,-1,-1,-1] },
										"east": { "texture": "#snakehead1", "uv": [ 25.0, 5.0, 25.5, 6.25 ], "autoUv": false, "windMode": [-1,-1,-1,-1] },
										"south": { "texture": "#snakehead1", "uv": [ 24.5, 5.0, 25.5, 9.0 ], "rotation": 270, "autoUv": false, "windMode": [-1,-1,-1,-1] },
										"west": { "texture": "#snakehead1", "uv": [ 9.0, 1.0, 9.5, 2.25 ], "autoUv": false, "windMode": [-1,-1,-1,-1] },
										"up": { "texture": "#snakehead1", "uv": [ 26.5, 4.5, 27.0, 8.5 ], "rotation": 270, "autoUv": false, "windMode": [-1,-1,-1,-1] },
										"down": { "texture": "#snakehead1", "uv": [ 27.1, 14.8, 23.0, 10.5 ], "rotation": 90, "autoUv": false, "windMode": [-1,-1,-1,-1] }
									},
									"children": [
										{
											"name": "Tail Section2",
											"from": [ 0.0167, 0.0, 0.48 ],
											"to": [ 3.2167, 1.04, 0.96 ],
											"unwrapMode": 7,
											"unwrapRotation": 1,
											"autoUnwrap": false,
											"uv": [ 24.5, 5.0 ],
											"rotationOrigin": [ 0.2567, 0.96, 0.8796 ],
											"rotationY": 8.0,
											"faces": {
												"east": { "texture": "#snakehead1", "uv": [ 24.5, 6.0, 28.0, 6.25 ], "autoUv": false, "windMode": [-1,-1,-1,-1] },
												"south": { "texture": "#snakehead1", "uv": [ 10.2, 7.1, 18.4, 12.0 ], "rotation": 270, "autoUv": false, "windMode": [-1,-1,-1,-1] },
												"up": { "texture": "#snakehead1", "uv": [ 22.5, 3.3, 28.2, 9.0 ], "rotation": 270, "autoUv": false, "windMode": [-1,-1,-1,-1] },
												"down": { "texture": "#snakehead1", "uv": [ 27.9, 15.7, 25.4, 10.4 ], "rotation": 90, "autoUv": false, "windMode": [-1,-1,-1,-1] }
											}
										},
										{
											"name": "PelvicFin2a",
											"from": [ 0.1601, -0.72, 0.456 ],
											"to": [ 3.1201, 0.24, 0.456 ],
											"uv": [ 22.9, 5.0 ],
											"rotationOrigin": [ 0.1601, -0.24, 0.4042 ],
											"rotationY": 3.0,
											"rotationZ": 6.0,
											"faces": {
												"north": { "texture": "#snakehead1", "uv": [ 23.0, 5.0, 26.5, 6.0 ], "autoUv": false }
											},
											"children": [
												{
													"name": "DorsalFin4b",
													"from": [ 0.0, 1.44, 0.0 ],
													"to": [ 3.04, 2.64, 0.0 ],
													"uv": [ 23.4, 5.5 ],
													"rotationOrigin": [ 0.0, 1.92, 0.0 ],
													"rotationZ": -15.0,
													"faces": {
														"north": { "texture": "#snakehead1", "uv": [ 23.5, 5.5, 27.0, 7.0 ], "autoUv": false }
													}
												}
											]
										},
										{
											"name": "TailFin",
											"from": [ 4.24, -1.04, 0.32 ],
											"to": [ 6.48, 1.2, 0.32 ],
											"autoUnwrap": false,
											"uv": [ 0.0, 0.0 ],
											"rotationOrigin": [ 4.24, -1.04, 0.32 ],
											"rotationY": 4.0,
											"rotationZ": 43.0,
											"faces": {
												"north": { "texture": "#snakehead1", "uv": [ 19.5, 12.45, 12.4, 15.95 ], "autoUv": false },
												"east": { "texture": "#snakehead1", "uv": [ 2.0, 0.5, 2.5, 3.25 ], "autoUv": false },
												"west": { "texture": "#snakehead1", "uv": [ 4.5, 0.5, 5.0, 3.25 ], "autoUv": false },
												"up": { "texture": "#snakehead1", "uv": [ 0.0, 0.0, 2.5, 0.25 ], "autoUv": false },
												"down": { "texture": "#snakehead1", "uv": [ 2.0, 0.0, 4.5, 0.25 ], "autoUv": false }
											}
										}
									]
								},
								{
									"name": "DorsalFin3",
									"from": [ 0.08, 0.8, 0.56 ],
									"to": [ 3.2, 2.24, 0.56 ],
									"uv": [ 23.5, 5.25 ],
									"rotationOrigin": [ -0.32, 1.6, 0.56 ],
									"rotationZ": -4.0,
									"faces": {
										"north": { "texture": "#snakehead1", "uv": [ 23.5, 5.25, 27.0, 7.0 ], "autoUv": false }
									}
								},
								{
									"name": "PelviclFin1b",
									"from": [ 0.72, -0.56, 0.56 ],
									"to": [ 3.28, 0.88, 0.56 ],
									"uv": [ 24.0, 5.25 ],
									"rotationOrigin": [ 0.32, 0.24, 0.56 ],
									"rotationZ": -2.0,
									"faces": {
										"north": { "texture": "#snakehead1", "uv": [ 24.0, 5.25, 27.0, 7.0 ], "autoUv": false }
									},
									"children": [
										{
											"name": "PelvicFin1a",
											"from": [ -0.8853, 0.464, 0.0 ],
											"to": [ 0.3947, 1.184, 0.0 ],
											"uv": [ 24.5, 6.0 ],
											"rotationOrigin": [ -0.8853, 1.1031, 0.0 ],
											"rotationZ": -22.0,
											"faces": {
												"north": { "texture": "#snakehead1", "uv": [ 24.5, 6.0, 26.0, 6.75 ], "autoUv": false }
											}
										}
									]
								}
							]
						},
						{
							"name": "FinRight",
							"from": [ 1.12, -0.16, 0.08 ],
							"to": [ 2.72, 0.96, 0.08 ],
							"autoUnwrap": false,
							"uv": [ 6.5, 11.0 ],
							"rotationOrigin": [ 1.12, 0.4, 0.08 ],
							"rotationY": 36.0,
							"rotationZ": -36.0,
							"faces": {
								"north": { "texture": "#snakehead1", "uv": [ 0.1, 14.5, 4.8, 15.75 ], "autoUv": false }
							}
						},
						{
							"name": "FinLeft",
							"from": [ 1.12, -0.16, 1.36 ],
							"to": [ 2.72, 0.96, 1.36 ],
							"autoUnwrap": false,
							"uv": [ 2.5, 9.5 ],
							"rotationOrigin": [ 1.12, 0.4, 1.36 ],
							"rotationY": -36.0,
							"rotationZ": -40.0,
							"faces": {
								"north": { "texture": "#snakehead1", "uv": [ 0.1, 14.45, 4.8, 15.8 ], "autoUv": false }
							}
						},
						{
							"name": "DorsalFin1a",
							"from": [ 1.12, 0.72, 0.72 ],
							"to": [ 2.4, 1.52, 0.72 ],
							"uv": [ 24.0, 5.75 ],
							"rotationOrigin": [ 1.12, 1.12, 0.72 ],
							"rotationZ": 36.0,
							"faces": {
								"north": { "texture": "#snakehead1", "uv": [ 24.0, 5.75, 25.5, 6.75 ], "autoUv": false }
							},
							"children": [
								{
									"name": "DorsalFin1b",
									"from": [ -1.2819, -0.5233, 0.0 ],
									"to": [ 0.0781, 1.8767, 0.0 ],
									"autoUnwrap": false,
									"uv": [ 28.0, 0.0 ],
									"rotationOrigin": [ 0.3181, -0.5233, 0.0 ],
									"rotationZ": -123.0,
									"faces": {
										"north": { "texture": "#snakehead1", "uv": [ 23.8, 5.0, 26.3, 6.3 ], "autoUv": false }
									}
								}
							]
						},
						{
							"name": "Head",
							"from": [ -0.96, 1.92, 0.0 ],
							"to": [ -0.16, 4.24, 0.88 ],
							"unwrapMode": 7,
							"unwrapRotation": 1,
							"autoUnwrap": false,
							"uv": [ 24.0, 0.0 ],
							"rotationOrigin": [ 0.24, 1.84, 0.8 ],
							"rotationX": -1.0,
							"rotationY": 5.0,
							"rotationZ": 102.4,
							"faces": {
								"north": { "texture": "#snakehead1", "uv": [ 27.5, 3.0, 30.0, 4.0 ], "rotation": 90, "autoUv": false, "windMode": [-1,-1,-1,-1] },
								"east": { "texture": "#snakehead1", "uv": [ 27.5, 3.75, 28.5, 6.5 ], "autoUv": false, "windMode": [-1,-1,-1,-1] },
								"south": { "texture": "#snakehead1", "uv": [ 24.0, 3.0, 26.5, 4.0 ], "rotation": 270, "autoUv": false, "windMode": [-1,-1,-1,-1] },
								"west": { "texture": "#snakehead1", "uv": [ 26.5, 0.0, 27.5, 2.5 ], "rotation": 180, "autoUv": false },
								"up": { "texture": "#snakehead1", "uv": [ 26.5, 3.0, 27.5, 4.0 ], "rotation": 270, "autoUv": false, "windMode": [-1,-1,-1,-1] },
								"down": { "texture": "#snakehead1", "uv": [ 30.0, 3.0, 31.0, 4.0 ], "rotation": 90, "autoUv": false }
							},
							"children": [
								{
									"name": "Eye",
									"from": [ 0.24, 0.32, -0.08 ],
									"to": [ 0.64, 0.72, 1.36 ],
									"autoUnwrap": false,
									"uv": [ 22.5, 6.0 ],
									"rotationOrigin": [ 0.24, 0.32, -0.08 ],
									"faces": {
										"north": { "texture": "#snakehead1", "uv": [ 24.5, 7.75, 25.0, 8.25 ], "autoUv": false },
										"east": { "texture": "#snakehead1", "uv": [ 23.0, 7.75, 24.5, 8.25 ], "autoUv": false },
										"south": { "texture": "#snakehead1", "uv": [ 24.5, 7.75, 25.0, 8.25 ], "autoUv": false },
										"west": { "texture": "#snakehead1", "uv": [ 25.0, 7.75, 26.5, 8.25 ], "autoUv": false },
										"up": { "texture": "#snakehead1", "uv": [ 22.5, 6.0, 23.0, 7.75 ], "autoUv": false },
										"down": { "texture": "#snakehead1", "uv": [ 23.0, 6.0, 23.5, 7.75 ], "autoUv": false }
									}
								},
								{
									"name": "Head2",
									"from": [ 0.001, 0.0498, 0.5578 ],
									"to": [ 0.801, 2.3698, 1.4378 ],
									"unwrapMode": 7,
									"unwrapRotation": 1,
									"autoUnwrap": false,
									"uv": [ 0.0, 0.0 ],
									"rotationOrigin": [ 1.201, -0.0302, 1.3578 ],
									"rotationX": -11.938,
									"rotationY": 1.589,
									"rotationZ": 0.149,
									"faces": {
										"north": { "texture": "#snakehead1", "uv": [ 4.5, 2.5, 7.0, 3.5 ], "rotation": 90, "autoUv": false, "windMode": [-1,-1,-1,-1] },
										"east": { "texture": "#snakehead1", "uv": [ 2.5, 5.0, 3.5, 6.75 ], "autoUv": false, "windMode": [-1,-1,-1,-1] },
										"south": { "texture": "#snakehead1", "uv": [ 3.5, 2.5, 6.0, 3.5 ], "rotation": 270, "autoUv": false },
										"west": { "texture": "#snakehead1", "uv": [ 2.5, 0.0, 3.5, 2.5 ], "rotation": 180, "autoUv": false },
										"up": { "texture": "#snakehead1", "uv": [ 2.5, 2.5, 3.5, 3.5 ], "rotation": 270, "autoUv": false, "windMode": [-1,-1,-1,-1] },
										"down": { "texture": "#snakehead1", "uv": [ 7.0, 2.5, 8.0, 3.5 ], "rotation": 90, "autoUv": false }
									}
								},
								{
									"name": "Jaw",
									"from": [ -0.5603, 0.151, -0.0186 ],
									"to": [ -0.2403, 2.311, 0.6214 ],
									"unwrapMode": 7,
									"unwrapRotation": 1,
									"autoUnwrap": false,
									"uv": [ 0.0, 7.5 ],
									"rotationOrigin": [ -0.1603, 0.151, 0.7014 ],
									"rotationX": 1.532,
									"rotationY": -1.374,
									"rotationZ": -10.879,
									"faces": {
										"north": { "texture": "#snakehead1", "uv": [ 19.5, 1.0, 22.0, 14.5 ], "rotation": 90, "autoUv": false, "windMode": [-1,-1,-1,-1] },
										"east": { "texture": "#snakehead1", "uv": [ 5.0, 2.5, 5.5, 5.0 ], "autoUv": false, "windMode": [-1,-1,-1,-1] },
										"south": { "texture": "#snakehead1", "uv": [ 2.0, 3.5, 3.5, 4.0 ], "rotation": 270, "autoUv": false, "windMode": [-1,-1,-1,-1] },
										"west": { "texture": "#snakehead1", "uv": [ 22.5, 3.4, 20.0, 5.0 ], "rotation": 180, "autoUv": false, "windMode": [-1,-1,-1,-1] },
										"up": { "texture": "#snakehead1", "uv": [ 2.5, 3.0, 4.0, 3.5 ], "rotation": 270, "autoUv": false, "windMode": [-1,-1,-1,-1] },
										"down": { "texture": "#snakehead1", "uv": [ 3.5, 4.0, 4.0, 4.5 ], "rotation": 90, "autoUv": false, "windMode": [-1,-1,-1,-1] }
									},
									"children": [
										{
											"name": "Jaw2",
											"from": [ 0.0, 0.0, 0.0 ],
											"to": [ 0.8, 1.36, 0.48 ],
											"unwrapMode": 7,
											"unwrapRotation": 1,
											"autoUnwrap": false,
											"uv": [ 0.0, 7.5 ],
											"rotationOrigin": [ 0.4, 0.0, 0.72 ],
											"faces": {
												"north": { "texture": "#snakehead1", "uv": [ 2.5, 4.0, 4.0, 5.0 ], "rotation": 90, "autoUv": false },
												"east": { "texture": "#snakehead1", "uv": [ 5.0, 2.5, 5.5, 4.0 ], "autoUv": false },
												"south": { "texture": "#snakehead1", "uv": [ 2.0, 3.5, 3.5, 4.5 ], "rotation": 270, "autoUv": false },
												"west": { "texture": "#snakehead1", "uv": [ 3.5, 2.5, 6.0, 5.0 ], "rotation": 180, "autoUv": false },
												"up": { "texture": "#snakehead1", "uv": [ 2.5, 3.0, 4.0, 3.5 ], "rotation": 270, "autoUv": false },
												"down": { "texture": "#snakehead1", "uv": [ 3.5, 4.0, 4.0, 5.0 ], "rotation": 90, "autoUv": false }
											}
										},
										{
											"name": "Jaw3",
											"from": [ 0.0026, 0.0946, 0.7944 ],
											"to": [ 0.3226, 2.3346, 1.4344 ],
											"unwrapMode": 7,
											"unwrapRotation": 1,
											"autoUnwrap": false,
											"uv": [ 0.0, 7.5 ],
											"rotationOrigin": [ 0.4026, 0.0946, 1.5144 ],
											"rotationX": -13.996,
											"rotationY": 0.338,
											"rotationZ": 0.042,
											"faces": {
												"north": { "texture": "#snakehead1", "uv": [ 2.5, 4.0, 5.0, 4.5 ], "rotation": 90, "autoUv": false, "windMode": [-1,-1,-1,-1] },
												"east": { "texture": "#snakehead1", "uv": [ 4.8, 2.5, 5.3, 5.25 ], "autoUv": false, "windMode": [-1,-1,-1,-1] },
												"south": { "texture": "#snakehead1", "uv": [ 3.8, 8.0, 0.7, 5.1 ], "rotation": 270, "autoUv": false, "windMode": [-1,-1,-1,-1] },
												"west": { "texture": "#snakehead1", "uv": [ 17.2, 2.5, 14.5, 5.0 ], "rotation": 180, "autoUv": false, "windMode": [-1,-1,-1,-1] },
												"up": { "texture": "#snakehead1", "uv": [ 2.3, 3.0, 3.8, 3.5 ], "rotation": 270, "autoUv": false },
												"down": { "texture": "#snakehead1", "uv": [ 22.3, 9.0, 26.8, 12.5 ], "rotation": 90, "autoUv": false, "windMode": [-1,-1,-1,-1] }
											},
											"children": [
												{
													"name": "Jaw4",
													"from": [ 0.0, 0.0, 0.16 ],
													"to": [ 0.8, 1.36, 0.64 ],
													"unwrapMode": 7,
													"unwrapRotation": 1,
													"autoUnwrap": false,
													"uv": [ 0.0, 7.5 ],
													"rotationOrigin": [ 0.4, 0.0, 0.88 ],
													"faces": {
														"north": { "texture": "#snakehead1", "uv": [ 2.5, 4.0, 4.0, 5.0 ], "rotation": 90, "autoUv": false },
														"east": { "texture": "#snakehead1", "uv": [ 5.0, 2.5, 5.5, 4.0 ], "autoUv": false },
														"south": { "texture": "#snakehead1", "uv": [ 2.0, 3.5, 3.5, 4.5 ], "rotation": 270, "autoUv": false },
														"west": { "texture": "#snakehead1", "uv": [ 3.5, 2.5, 6.0, 5.0 ], "rotation": 180, "autoUv": false },
														"up": { "texture": "#snakehead1", "uv": [ 2.5, 3.0, 4.0, 3.5 ], "rotation": 270, "autoUv": false },
														"down": { "texture": "#snakehead1", "uv": [ 3.5, 4.0, 4.0, 5.0 ], "rotation": 90, "autoUv": false }
													}
												}
											]
										}
									]
								}
							]
						}
					]
				}
			]
		}
	],
	"animations": [
		{
			"name": "swim",
			"code": "swim",
			"quantityframes": 30,
			"onActivityStopped": "EaseOut",
			"onAnimationEnd": "Repeat",
			"keyframes": [
				{
					"frame": 0,
					"elements": {
						"Mid Section": { "rotationX": 0.0, "rotationY": 0.0, "rotationZ": 0.0 },
						"Jaw": { "rotationX": 0.0, "rotationY": 0.0, "rotationZ": 0.0 },
						"FinLeft": { "rotationX": 0.0, "rotationY": 0.0, "rotationZ": 0.0 },
						"FinRight": { "rotationX": 0.0, "rotationY": 0.0, "rotationZ": 0.0 },
						"DorsalFin1a": { "rotationX": 0.0, "rotationY": 6.0, "rotationZ": 0.0 },
						"DorsalFin4b": { "rotationX": 0.0, "rotationY": 0.0, "rotationZ": 0.0 },
						"DorsalFin3": { "rotationX": 0.0, "rotationY": 0.0, "rotationZ": 0.0 },
						"Head": { "rotationX": 0.0, "rotationY": 0.0, "rotationZ": 0.0 }
					}
				},
				{
					"frame": 10,
					"elements": {
						"Head": { "rotationX": 0.0, "rotationY": 3.0, "rotationZ": -1.0 },
						"DorsalFin3": { "rotationX": 0.0, "rotationY": 1.0, "rotationZ": 0.0 },
						"PelvicFin2a": { "rotationX": 0.0, "rotationY": 10.0, "rotationZ": 0.0 },
						"DorsalFin1a": { "rotationX": 1.0, "rotationY": -5.0, "rotationZ": 0.0 },
						"DorsalFin4b": { "rotationX": 0.0, "rotationY": -10.0, "rotationZ": 0.0 },
						"Mid Section": { "rotationX": 0.0, "rotationY": 0.0, "rotationZ": 0.0 },
						"Body": { "rotationX": 0.0, "rotationY": 1.0, "rotationZ": 0.0 }
					}
				},
				{
					"frame": 14,
					"elements": {
						"Mid Section": { "rotationX": 0.0, "rotationY": 15.0, "rotationZ": 0.0 },
						"Tail Section": { "rotationX": 0.0, "rotationY": 15.0, "rotationZ": 0.0 },
						"DorsalFin1b": { "rotationX": 0.0, "rotationY": 15.0, "rotationZ": 0.0 },
						"FinLeft": { "rotationX": 0.0, "rotationY": -30.0, "rotationZ": 36.0 },
						"FinRight": { "rotationX": 0.0, "rotationY": 30.0, "rotationZ": 36.0 },
						"DorsalFin1a": { "rotationX": 0.0, "rotationY": -13.0, "rotationZ": 0.0 },
						"DorsalFin3": { "rotationX": 0.0, "rotationY": 0.0, "rotationZ": 0.0 },
						"DorsalFin4b": { "rotationX": 0.0, "rotationY": 0.0, "rotationZ": 0.0 }
					}
				},
				{
					"frame": 22,
					"elements": {
						"DorsalFin3": { "rotationX": 0.0, "rotationY": 0.0, "rotationZ": 0.0 },
						"PelvicFin2a": { "rotationX": 0.0, "rotationY": -10.0, "rotationZ": 0.0 },
						"DorsalFin4b": { "rotationX": 0.0, "rotationY": 9.0, "rotationZ": 0.0 },
						"DorsalFin1a": { "rotationX": 0.0, "rotationY": 0.0, "rotationZ": 0.0 },
						"Body": { "rotationX": 0.0, "rotationY": -1.0, "rotationZ": 0.0 }
					}
				},
				{
					"frame": 26,
					"elements": {
						"Mid Section": { "rotationX": 0.0, "rotationY": -16.0, "rotationZ": 0.0 },
						"Tail Section": { "rotationX": 0.0, "rotationY": -15.0, "rotationZ": 0.0 },
						"DorsalFin1b": { "rotationX": 0.0, "rotationY": -15.0, "rotationZ": 0.0 },
						"Jaw": { "rotationX": 0.0, "rotationY": 0.0, "rotationZ": 0.0 },
						"FinLeft": { "rotationX": 0.0, "rotationY": 5.0, "rotationZ": 0.0 },
						"FinRight": { "rotationX": 0.0, "rotationY": -5.0, "rotationZ": 0.0 },
						"DorsalFin1a": { "rotationX": 0.0, "rotationY": 12.0, "rotationZ": 0.0 },
						"Head": { "rotationX": 0.0, "rotationY": -4.0, "rotationZ": 0.0 }
					}
				}
			]
		},

		{
			"name": "idle",
			"code": "idle",
			"quantityframes": 25,
			"onActivityStopped": "PlayTillEnd",
			"onAnimationEnd": "Repeat",
			"keyframes": [
				{
					"frame": 0,
					"elements": {
						"Mid Section": { "rotationX": 0.0, "rotationY": 0.0, "rotationZ": 0.0 },
						"Tail Section": { "rotationX": 0.0, "rotationY": 0.0, "rotationZ": 0.0 },
						"Jaw": { "rotationX": 0.0, "rotationY": 0.0, "rotationZ": 0.0 },
						"Body": { "rotationX": 0.0, "rotationY": 0.0, "rotationZ": 0.0 }
					}
				},
				{
					"frame": 10,
					"elements": {
						"Body": { "rotationX": 0.0, "rotationY": 1.0, "rotationZ": 0.0 },
						"Mid Section": { "rotationX": 0.0, "rotationY": 5.0, "rotationZ": 0.0 },
						"Tail Section": { "rotationX": 0.0, "rotationY": 5.0, "rotationZ": 0.0 },
						"DorsalFin1b": { "rotationX": 0.0, "rotationY": 5.0, "rotationZ": 0.0 },
						"DorsalFin1a": { "rotationX": 5.0, "rotationY": 0.0, "rotationZ": 0.0 },
						"PelvicFin2a": { "rotationX": 5.0, "rotationY": 0.0, "rotationZ": 0.0 },
						"DorsalFin3": { "rotationX": 5.0, "rotationY": 0.0, "rotationZ": 0.0 },
						"FinRight": { "rotationX": 10.0, "rotationY": 0.0, "rotationZ": 0.0 },
						"FinLeft": { "rotationX": -10.0, "rotationY": 0.0, "rotationZ": 0.0 }
					}
				},
				{
					"frame": 20,
					"elements": {
						"Body": { "rotationX": 0.0, "rotationY": -1.0, "rotationZ": 0.0 },
						"Mid Section": { "rotationX": 0.0, "rotationY": -5.0, "rotationZ": 0.0 },
						"Tail Section": { "rotationX": 0.0, "rotationY": -5.0, "rotationZ": 0.0 },
						"DorsalFin1b": { "rotationX": 0.0, "rotationY": -5.0, "rotationZ": 0.0 },
						"DorsalFin1a": { "rotationX": -5.0, "rotationY": 0.0, "rotationZ": 0.0 },
						"PelvicFin2a": { "rotationX": -5.0, "rotationY": 0.0, "rotationZ": 0.0 },
						"DorsalFin3": { "rotationX": -5.0, "rotationY": 0.0, "rotationZ": 0.0 },
						"FinRight": { "rotationX": -10.0, "rotationY": 0.0, "rotationZ": 0.0 },
						"FinLeft": { "rotationX": 10.0, "rotationY": 0.0, "rotationZ": 0.0 }
					}
				}
			]
		},

		{
			"name": "dead-floating",
			"code": "death",
			"quantityframes": 30,
			"onActivityStopped": "PlayTillEnd",
			"onAnimationEnd": "Hold",
			"keyframes": [
				{
					"frame": 0,
					"elements": {
						"Body": { "offsetX": 0.0, "offsetY": 0.0, "offsetZ": 0.0, "rotationX": 0.0, "rotationY": 0.0, "rotationZ": 0.0 },
						"Mid Section": { "rotationX": 0.0, "rotationY": 0.0, "rotationZ": 0.0 },
						"Tail Section": { "rotationX": 0.0, "rotationY": 0.0, "rotationZ": 0.0 },
						"DorsalFin1b": { "rotationX": 0.0, "rotationY": 0.0, "rotationZ": 0.0 },
						"PelvicFin2a": { "rotationX": 0.0, "rotationY": 0.0, "rotationZ": 0.0 },
						"DorsalFin1a": { "rotationX": 0.0, "rotationY": 0.0, "rotationZ": 0.0 },
						"DorsalFin3": { "rotationX": 0.0, "rotationY": 0.0, "rotationZ": 0.0 },
						"FinRight": { "rotationX": 0.0, "rotationY": 0.0, "rotationZ": 0.0 },
						"Head": { "rotationX": 0.0, "rotationY": 0.0, "rotationZ": 0.0 },
						"Jaw": { "rotationX": 0.0, "rotationY": 0.0, "rotationZ": 0.0 },
						"FinLeft": { "rotationX": 0.0, "rotationY": 0.0, "rotationZ": 0.0 }
					}
				},
				{
					"frame": 12,
					"elements": {
						"Body": { "offsetX": 0.0, "offsetY": 0.0, "offsetZ": 0.0, "rotationX": 0.0, "rotationY": 8.0, "rotationZ": -17.0 },
						"Head": { "rotationX": 0.0, "rotationY": 36.0, "rotationZ": 0.0 },
						"Jaw": { "rotationX": 0.0, "rotationY": 0.0, "rotationZ": -22.0 },
						"FinLeft": { "rotationX": 19.0, "rotationY": -36.0, "rotationZ": 55.0 },
						"FinRight": { "rotationX": 0.0, "rotationY": 61.0, "rotationZ": 61.0 },
						"Mid Section": { "rotationX": 0.0, "rotationY": -39.0, "rotationZ": 0.0 },
						"Tail Section": { "rotationX": 0.0, "rotationY": -39.0, "rotationZ": 0.0 },
						"DorsalFin1b": { "rotationX": 0.0, "rotationY": -8.0, "rotationZ": 0.0 },
						"DorsalFin1a": { "rotationX": 14.0, "rotationY": 0.0, "rotationZ": 0.0 },
						"PelvicFin2a": { "rotationX": -30.0, "rotationY": 0.0, "rotationZ": 0.0 },
						"DorsalFin3": { "rotationX": 19.0, "rotationY": 0.0, "rotationZ": 0.0 }
					}
				},
				{
					"frame": 28,
					"elements": {
						"Body": { "offsetX": 0.0, "offsetY": 0.0, "offsetZ": 3.2, "rotationX": -83.0, "rotationY": 0.0, "rotationZ": 0.0 },
						"Mid Section": { "rotationX": 0.0, "rotationY": 33.0, "rotationZ": 0.0 },
						"Tail Section": { "rotationX": 0.0, "rotationY": 22.0, "rotationZ": 0.0 },
						"DorsalFin1b": { "rotationX": 0.0, "rotationY": 0.0, "rotationZ": 0.0 },
						"PelvicFin2a": { "rotationX": 0.0, "rotationY": 33.0, "rotationZ": 0.0 },
						"DorsalFin1a": { "rotationX": -47.0, "rotationY": 0.0, "rotationZ": 0.0 },
						"FinRight": { "rotationX": 0.0, "rotationY": 47.0, "rotationZ": 0.0 },
						"FinLeft": { "rotationX": 0.0, "rotationY": 8.0, "rotationZ": 0.0 },
						"DorsalFin3": { "rotationX": -33.0, "rotationY": 0.0, "rotationZ": 0.0 },
						"Head": { "rotationX": 0.0, "rotationY": -19.0, "rotationZ": 0.0 },
						"Jaw": { "rotationX": 0.0, "rotationY": 0.0, "rotationZ": 6.0 }
					}
				}
			]
		},

		{
			"name": "dead-land",
			"code": "dead",
			"quantityframes": 10,
			"onActivityStopped": "PlayTillEnd",
			"onAnimationEnd": "Hold",
			"keyframes": [
				{
					"frame": 0,
					"elements": {
						"Body": { "offsetX": 0.0, "offsetY": 0.0, "offsetZ": -1.6, "rotationX": -94.0, "rotationY": 0.0, "rotationZ": 2.0 },
						"Head": { "rotationX": 0.0, "rotationY": -14.0, "rotationZ": 0.0 },
						"Jaw": { "rotationX": 0.0, "rotationY": 0.0, "rotationZ": -14.0 },
						"Mid Section": { "rotationX": 0.0, "rotationY": 9.0, "rotationZ": 0.0 },
						"Tail Section": { "rotationX": 0.0, "rotationY": -8.0, "rotationZ": 0.0 },
						"DorsalFin1b": { "rotationX": 0.0, "rotationY": 10.0, "rotationZ": 0.0 },
						"DorsalFin1a": { "rotationX": -36.0, "rotationY": 0.0, "rotationZ": 0.0 },
						"PelvicFin2a": { "rotationX": 0.0, "rotationY": 0.0, "rotationZ": 0.0 },
						"DorsalFin3": { "rotationX": -28.0, "rotationY": 0.0, "rotationZ": 0.0 },
						"FinRight": { "rotationX": 0.0, "rotationY": -22.0, "rotationZ": 0.0 },
						"FinLeft": { "rotationX": 0.0, "rotationY": 28.0, "rotationZ": 0.0 }
					}
				},
				{
					"frame": 9,
					"elements": {
						"Body": { "offsetX": 0.0, "offsetY": 0.0, "offsetZ": -1.6, "rotationX": -94.0, "rotationY": 0.0, "rotationZ": 0.0 },
						"Head": { "rotationX": 0.0, "rotationY": -14.0, "rotationZ": 0.0 },
						"Jaw": { "rotationX": 0.0, "rotationY": 0.0, "rotationZ": 8.0 },
						"FinLeft": { "rotationX": 0.0, "rotationY": 19.0, "rotationZ": 0.0 },
						"FinRight": { "rotationX": 0.0, "rotationY": -22.0, "rotationZ": 0.0 },
						"DorsalFin3": { "rotationX": -42.0, "rotationY": 0.0, "rotationZ": 0.0 },
						"Mid Section": { "rotationX": 0.0, "rotationY": 10.0, "rotationZ": 0.0 },
						"DorsalFin1a": { "rotationX": -50.0, "rotationY": 0.0, "rotationZ": 0.0 },
						"PelvicFin2a": { "rotationX": 0.0, "rotationY": -8.0, "rotationZ": 0.0 },
						"Tail Section": { "rotationX": 0.0, "rotationY": -11.0, "rotationZ": 0.0 },
						"DorsalFin1b": { "rotationX": 0.0, "rotationY": 14.0, "rotationZ": 0.0 }
					}
				}
			]
		},

		{
			"name": "idle-land",
			"code": "idle-land",
			"quantityframes": 20,
			"onActivityStopped": "EaseOut",
			"onAnimationEnd": "Repeat",
			"keyframes": [
				{
					"frame": 0,
					"elements": {
						"Body": { "offsetX": 0.0, "offsetY": 0.0, "offsetZ": -1.6, "rotationX": -89.0, "rotationY": 0.0, "rotationZ": 0.0 },
						"FinRight": { "rotationX": 0.0, "rotationY": -36.0, "rotationZ": 0.0 },
						"FinLeft": { "rotationX": 0.0, "rotationY": 22.0, "rotationZ": 0.0 },
						"Mid Section": { "rotationX": 0.0, "rotationY": 4.0, "rotationZ": 0.0 },
						"Tail Section": { "rotationX": 0.0, "rotationY": 4.0, "rotationZ": 0.0 },
						"DorsalFin1b": { "rotationX": 0.0, "rotationY": -8.0, "rotationZ": 0.0 },
						"PelvicFin2a": { "rotationX": 0.0, "rotationY": 0.0, "rotationZ": 0.0 },
						"DorsalFin1a": { "rotationX": 0.0, "rotationY": 0.0, "rotationZ": 0.0 },
						"DorsalFin3": { "rotationX": 0.0, "rotationY": 0.0, "rotationZ": 0.0 },
						"Jaw": { "rotationX": 0.0, "rotationY": 0.0, "rotationZ": 0.0 }
					}
				},
				{
					"frame": 10,
					"elements": {
						"Body": { "rotationX": -86.0, "rotationY": 0.0, "rotationZ": 0.0 },
						"Jaw": { "rotationX": 0.0, "rotationY": 0.0, "rotationZ": 8.0 },
						"FinLeft": { "rotationX": 0.0, "rotationY": 6.0, "rotationZ": 0.0 },
						"FinRight": { "rotationX": 0.0, "rotationY": -28.0, "rotationZ": 0.0 },
						"DorsalFin3": { "rotationX": 14.0, "rotationY": 0.0, "rotationZ": 0.0 },
						"Tail Section": { "rotationX": 0.0, "rotationY": 2.0, "rotationZ": 0.0 }
					}
				}
			]
		},

		{
			"name": "flopping",
			"code": "flopping",
			"quantityframes": 30,
			"onActivityStopped": "PlayTillEnd",
			"onAnimationEnd": "Repeat",
			"keyframes": [
				{
					"frame": 0,
					"elements": {
						"Body": { "offsetX": 0.0, "offsetY": 0.0, "offsetZ": -1.6, "rotationX": -87.0, "rotationY": 0.0, "rotationZ": 0.0 },
						"FinRight": { "rotationX": 0.0, "rotationY": -22.0, "rotationZ": 0.0 },
						"FinLeft": { "rotationX": 0.0, "rotationY": 28.0, "rotationZ": 0.0 },
						"Jaw": { "rotationX": 0.0, "rotationY": 0.0, "rotationZ": -14.0 },
						"Mid Section": { "rotationX": 0.0, "rotationY": 5.0, "rotationZ": 0.0 },
						"Tail Section": { "rotationX": 0.0, "rotationY": 1.0, "rotationZ": 0.0 },
						"DorsalFin1b": { "rotationX": 0.0, "rotationY": 0.0, "rotationZ": 0.0 },
						"PelvicFin2a": { "rotationX": 19.0, "rotationY": 0.0, "rotationZ": 0.0 },
						"DorsalFin1a": { "rotationX": -33.0, "rotationY": 0.0, "rotationZ": 0.0 },
						"DorsalFin3": { "rotationX": -19.0, "rotationY": 0.0, "rotationZ": 0.0 }
					}
				},
				{
					"frame": 4,
					"elements": {
						"Body": { "offsetX": 0.0, "offsetY": 0.0, "offsetZ": -1.6, "rotationX": -86.0, "rotationY": 6.0, "rotationZ": 0.0 },
						"Mid Section": { "rotationX": 0.0, "rotationY": -14.0, "rotationZ": 0.0 },
						"Tail Section": { "rotationX": 0.0, "rotationY": -42.0, "rotationZ": 0.0 },
						"DorsalFin1b": { "rotationX": 0.0, "rotationY": -11.0, "rotationZ": 0.0 },
						"Jaw": { "rotationX": 0.0, "rotationY": 0.0, "rotationZ": 0.0 },
						"FinLeft": { "rotationX": 0.0, "rotationY": 0.0, "rotationZ": 0.0 },
						"FinRight": { "rotationX": 0.0, "rotationY": -22.0, "rotationZ": 0.0 }
					}
				},
				{
					"frame": 8,
					"elements": {
						"Body": { "offsetX": 0.0, "offsetY": 0.0, "offsetZ": -0.8, "rotationX": -91.0, "rotationY": -8.0, "rotationZ": 0.0 },
						"Mid Section": { "rotationX": 0.0, "rotationY": 14.0, "rotationZ": 0.0 },
						"Tail Section": { "rotationX": 0.0, "rotationY": 14.0, "rotationZ": 0.0 },
						"DorsalFin1b": { "rotationX": 0.0, "rotationY": 28.0, "rotationZ": 0.0 },
						"PelvicFin2a": { "rotationX": 47.0, "rotationY": 19.0, "rotationZ": 0.0 },
						"DorsalFin1a": { "rotationX": -33.0, "rotationY": 0.0, "rotationZ": 0.0 },
						"Jaw": { "rotationX": 0.0, "rotationY": 0.0, "rotationZ": 22.0 },
						"FinLeft": { "rotationX": 0.0, "rotationY": -6.0, "rotationZ": 0.0 },
						"FinRight": { "rotationX": 0.0, "rotationY": 42.0, "rotationZ": 0.0 },
						"DorsalFin3": { "rotationX": 0.0, "rotationY": 8.0, "rotationZ": 0.0 }
					}
				},
				{
					"frame": 13,
					"elements": {
						"Body": { "offsetX": 0.8, "offsetY": 0.0, "offsetZ": 2.4, "rotationX": -100.0, "rotationY": -33.0, "rotationZ": 0.0 },
						"Mid Section": { "offsetX": -0.16, "offsetY": 0.0, "offsetZ": 0.0, "rotationX": 0.0, "rotationY": 45.0, "rotationZ": 0.0 },
						"DorsalFin1a": { "rotationX": 0.0, "rotationY": 0.0, "rotationZ": 0.0 },
						"Tail Section": { "rotationX": 0.0, "rotationY": 39.0, "rotationZ": 0.0 },
						"DorsalFin1b": { "rotationX": 0.0, "rotationY": -22.0, "rotationZ": 0.0 },
						"PelvicFin2a": { "rotationX": -33.0, "rotationY": 0.0, "rotationZ": 0.0 }
					}
				},
				{
					"frame": 23,
					"elements": {
						"Body": { "offsetX": 0.0, "offsetY": 0.0, "offsetZ": 1.6, "rotationX": -94.0, "rotationY": 19.0, "rotationZ": 0.0 },
						"Jaw": { "rotationX": 0.0, "rotationY": 0.0, "rotationZ": 0.0 },
						"Mid Section": { "rotationX": 0.0, "rotationY": -14.0, "rotationZ": 0.0 },
						"Tail Section": { "rotationX": 0.0, "rotationY": -42.0, "rotationZ": 0.0 },
						"DorsalFin1b": { "rotationX": 0.0, "rotationY": -11.0, "rotationZ": 0.0 },
						"DorsalFin1a": { "rotationX": -33.0, "rotationY": 0.0, "rotationZ": 0.0 },
						"PelvicFin2a": { "rotationX": 27.0, "rotationY": 5.429, "rotationZ": 0.0 },
						"DorsalFin3": { "rotationX": -13.571, "rotationY": 2.286, "rotationZ": 0.0 },
						"FinRight": { "rotationX": 0.0, "rotationY": -22.0, "rotationZ": 0.0 },
						"FinLeft": { "rotationX": 0.0, "rotationY": 0.0, "rotationZ": 0.0 }
					}
				}
			]
		},

		{
			"name": "rising-eat",
			"code": "rising-eat",
			"quantityframes": 60,
			"onActivityStopped": "PlayTillEnd",
			"onAnimationEnd": "Stop",
			"keyframes": [
				{
					"frame": 0,
					"elements": {
						"Body": { "offsetX": 0.0, "offsetY": 0.0, "offsetZ": 0.0, "rotationX": 0.0, "rotationY": 0.0, "rotationZ": 0.0 },
						"Mid Section": { "rotationX": 0.0, "rotationY": 0.0, "rotationZ": 0.0 },
						"Tail Section": { "rotationX": 0.0, "rotationY": 0.0, "rotationZ": 0.0 },
						"Jaw": { "rotationX": 0.0, "rotationY": 0.0, "rotationZ": 0.0 }
					}
				},
				{
					"frame": 10,
					"elements": {
						"Body": { "rotationX": 0.0, "rotationY": 2.0, "rotationZ": -30.0 },
						"Mid Section": { "rotationX": 0.0, "rotationY": 5.0, "rotationZ": 0.0 },
						"Tail Section": { "rotationX": 0.0, "rotationY": 5.0, "rotationZ": 0.0 },
						"DorsalFin1b": { "rotationX": 0.0, "rotationY": 5.0, "rotationZ": 0.0 },
						"DorsalFin1a": { "rotationX": 5.0, "rotationY": 0.0, "rotationZ": 0.0 },
						"PelvicFin2a": { "rotationX": 5.0, "rotationY": 0.0, "rotationZ": 0.0 },
						"DorsalFin3": { "rotationX": 5.0, "rotationY": 0.0, "rotationZ": 0.0 },
						"FinRight": { "rotationX": 20.0, "rotationY": 0.0, "rotationZ": 0.0 },
						"FinLeft": { "rotationX": -10.0, "rotationY": 0.0, "rotationZ": 0.0 }
					}
				},
				{
					"frame": 15,
					"elements": {
						"Body": { "offsetX": 0.0, "offsetY": 0.0, "offsetZ": 0.0, "rotationX": 0.0, "rotationY": 0.0, "rotationZ": -45.0 },
						"Jaw": { "rotationX": 0.0, "rotationY": 0.0, "rotationZ": 0.0 }
					}
				},
				{
					"frame": 20,
					"elements": {
						"Body": { "offsetX": -0.16, "offsetY": 0.0, "offsetZ": 0.0, "rotationX": 0.0, "rotationY": -2.0, "rotationZ": -46.0 },
						"Mid Section": { "rotationX": 0.0, "rotationY": -5.0, "rotationZ": 0.0 },
						"Tail Section": { "rotationX": 0.0, "rotationY": -5.0, "rotationZ": 0.0 },
						"DorsalFin1b": { "rotationX": 0.0, "rotationY": -5.0, "rotationZ": 0.0 },
						"DorsalFin1a": { "rotationX": -5.0, "rotationY": 0.0, "rotationZ": 0.0 },
						"PelvicFin2a": { "rotationX": -5.0, "rotationY": 0.0, "rotationZ": 0.0 },
						"DorsalFin3": { "rotationX": -5.0, "rotationY": 0.0, "rotationZ": 0.0 },
						"FinRight": { "rotationX": -10.0, "rotationY": -10.0, "rotationZ": 0.0 },
						"FinLeft": { "rotationX": 10.0, "rotationY": 10.0, "rotationZ": 0.0 }
					}
				},
				{
					"frame": 25,
					"elements": {
						"Body": { "offsetX": 0.0, "offsetY": 0.0, "offsetZ": 0.0 },
						"Jaw": { "rotationX": 0.0, "rotationY": 0.0, "rotationZ": -14.0 }
					}
				},
				{
					"frame": 30,
					"elements": {
						"Body": { "rotationX": 0.0, "rotationY": 5.0, "rotationZ": -44.0 },
						"Mid Section": { "rotationX": 0.0, "rotationY": 5.0, "rotationZ": 0.0 },
						"Tail Section": { "rotationX": 0.0, "rotationY": 5.0, "rotationZ": 0.0 },
						"DorsalFin3": { "rotationX": 5.0, "rotationY": 0.0, "rotationZ": 0.0 },
						"FinRight": { "rotationX": 10.0, "rotationY": 0.0, "rotationZ": 0.0 },
						"FinLeft": { "rotationX": -10.0, "rotationY": 0.0, "rotationZ": 0.0 }
					}
				},
				{
					"frame": 32,
					"elements": {
						"Body": { "offsetX": 0.16, "offsetY": 0.0, "offsetZ": 0.0 }
					}
				},
				{
					"frame": 35,
					"elements": {
						"Jaw": { "rotationX": 0.0, "rotationY": 0.0, "rotationZ": 0.0 }
					}
				},
				{
					"frame": 40,
					"elements": {
						"Body": { "offsetX": 0.0, "offsetY": 0.0, "offsetZ": 0.0, "rotationX": 0.0, "rotationY": -2.0, "rotationZ": -45.0 },
						"Mid Section": { "rotationX": 0.0, "rotationY": -5.0, "rotationZ": 0.0 },
						"Tail Section": { "rotationX": 0.0, "rotationY": -5.0, "rotationZ": 0.0 },
						"DorsalFin3": { "rotationX": -5.0, "rotationY": 0.0, "rotationZ": 0.0 },
						"FinRight": { "rotationX": -10.0, "rotationY": -10.0, "rotationZ": 0.0 },
						"FinLeft": { "rotationX": 10.0, "rotationY": 10.0, "rotationZ": 0.0 }
					}
				},
				{
					"frame": 45,
					"elements": {
						"Body": { "offsetX": -0.16, "offsetY": 0.0, "offsetZ": 0.0, "rotationX": 0.0, "rotationY": 0.0, "rotationZ": -46.0 },
						"Jaw": { "rotationX": 0.0, "rotationY": 0.0, "rotationZ": -14.0 },
						"Tail Section": { "rotationX": 0.0, "rotationY": 0.0, "rotationZ": 0.0 },
						"DorsalFin1b": { "rotationX": 0.0, "rotationY": 0.0, "rotationZ": 0.0 },
						"DorsalFin1a": { "rotationX": 0.0, "rotationY": 0.0, "rotationZ": 0.0 },
						"PelvicFin2a": { "rotationX": 0.0, "rotationY": 0.0, "rotationZ": 0.0 }
					}
				},
				{
					"frame": 50,
					"elements": {
						"Body": { "offsetX": 0.0, "offsetY": 0.0, "offsetZ": 0.0, "rotationX": 0.0, "rotationY": 2.0, "rotationZ": -30.0 },
						"Mid Section": { "rotationX": 0.0, "rotationY": 5.0, "rotationZ": 0.0 },
						"Tail Section": { "rotationX": 0.0, "rotationY": 5.0, "rotationZ": 0.0 },
						"DorsalFin3": { "rotationX": 5.0, "rotationY": 0.0, "rotationZ": 0.0 },
						"FinRight": { "rotationX": 10.0, "rotationY": 0.0, "rotationZ": 0.0 },
						"FinLeft": { "rotationX": -10.0, "rotationY": 0.0, "rotationZ": 0.0 }
					}
				}
			]
		},

		{
			"name": "eat",
			"code": "eat",
			"quantityframes": 45,
			"onActivityStopped": "EaseOut",
			"onAnimationEnd": "Repeat",
			"keyframes": [
				{
					"frame": 0,
					"elements": {
						"Body": { "rotationX": 0.0, "rotationY": 2.0, "rotationZ": 5.0 },
						"Mid Section": { "rotationX": 0.0, "rotationY": 5.0, "rotationZ": 0.0 },
						"Tail Section": { "rotationX": 0.0, "rotationY": 5.0, "rotationZ": 0.0 },
						"DorsalFin1b": { "rotationX": 0.0, "rotationY": 5.0, "rotationZ": 0.0 },
						"DorsalFin1a": { "rotationX": 5.0, "rotationY": 0.0, "rotationZ": 0.0 },
						"PelvicFin2a": { "rotationX": 5.0, "rotationY": 0.0, "rotationZ": 0.0 },
						"DorsalFin3": { "rotationX": 5.0, "rotationY": 0.0, "rotationZ": 0.0 },
						"FinRight": { "rotationX": 20.0, "rotationY": 0.0, "rotationZ": 0.0 },
						"FinLeft": { "rotationX": -10.0, "rotationY": 0.0, "rotationZ": 0.0 }
					}
				},
				{
					"frame": 5,
					"elements": {
						"Body": { "offsetX": 0.0, "offsetY": 0.0, "offsetZ": 0.0, "rotationX": 0.0, "rotationY": 0.0, "rotationZ": 10.0 },
						"Jaw": { "rotationX": 0.0, "rotationY": 0.0, "rotationZ": 0.0 }
					}
				},
				{
					"frame": 10,
					"elements": {
						"Body": { "offsetX": -0.16, "offsetY": 0.0, "offsetZ": 0.0, "rotationX": 0.0, "rotationY": -2.0, "rotationZ": 9.0 },
						"Mid Section": { "rotationX": 0.0, "rotationY": -5.0, "rotationZ": 0.0 },
						"Tail Section": { "rotationX": 0.0, "rotationY": -5.0, "rotationZ": 0.0 },
						"DorsalFin1b": { "rotationX": 0.0, "rotationY": -5.0, "rotationZ": 0.0 },
						"DorsalFin1a": { "rotationX": -5.0, "rotationY": 0.0, "rotationZ": 0.0 },
						"PelvicFin2a": { "rotationX": -5.0, "rotationY": 0.0, "rotationZ": 0.0 },
						"DorsalFin3": { "rotationX": -5.0, "rotationY": 0.0, "rotationZ": 0.0 },
						"FinRight": { "rotationX": -10.0, "rotationY": -10.0, "rotationZ": 0.0 },
						"FinLeft": { "rotationX": 10.0, "rotationY": 10.0, "rotationZ": 0.0 }
					}
				},
				{
					"frame": 15,
					"elements": {
						"Body": { "offsetX": 0.0, "offsetY": 0.0, "offsetZ": 0.0 },
						"Jaw": { "rotationX": 0.0, "rotationY": 0.0, "rotationZ": -14.0 }
					}
				},
				{
					"frame": 20,
					"elements": {
						"Body": { "rotationX": 0.0, "rotationY": 5.0, "rotationZ": 11.0 },
						"Mid Section": { "rotationX": 0.0, "rotationY": 5.0, "rotationZ": 0.0 },
						"Tail Section": { "rotationX": 0.0, "rotationY": 5.0, "rotationZ": 0.0 },
						"DorsalFin3": { "rotationX": 5.0, "rotationY": 0.0, "rotationZ": 0.0 },
						"FinRight": { "rotationX": 10.0, "rotationY": 0.0, "rotationZ": 0.0 },
						"FinLeft": { "rotationX": -10.0, "rotationY": 0.0, "rotationZ": 0.0 }
					}
				},
				{
					"frame": 25,
					"elements": {
						"Jaw": { "rotationX": 0.0, "rotationY": 0.0, "rotationZ": 0.0 }
					}
				},
				{
					"frame": 30,
					"elements": {
						"Body": { "offsetX": 0.0, "offsetY": 0.0, "offsetZ": 0.0, "rotationX": 0.0, "rotationY": -2.0, "rotationZ": 10.0 },
						"Mid Section": { "rotationX": 0.0, "rotationY": -5.0, "rotationZ": 0.0 },
						"Tail Section": { "rotationX": 0.0, "rotationY": -5.0, "rotationZ": 0.0 },
						"DorsalFin3": { "rotationX": -5.0, "rotationY": 0.0, "rotationZ": 0.0 },
						"FinRight": { "rotationX": -10.0, "rotationY": -10.0, "rotationZ": 0.0 },
						"FinLeft": { "rotationX": 10.0, "rotationY": 10.0, "rotationZ": 0.0 }
					}
				},
				{
					"frame": 35,
					"elements": {
						"Body": { "offsetX": -0.16, "offsetY": 0.0, "offsetZ": 0.0, "rotationX": 0.0, "rotationY": 0.0, "rotationZ": 9.0 },
						"Jaw": { "rotationX": 0.0, "rotationY": 0.0, "rotationZ": -14.0 },
						"Tail Section": { "rotationX": 0.0, "rotationY": 0.0, "rotationZ": 0.0 },
						"DorsalFin1b": { "rotationX": 0.0, "rotationY": 0.0, "rotationZ": 0.0 },
						"DorsalFin1a": { "rotationX": 0.0, "rotationY": 0.0, "rotationZ": 0.0 },
						"PelvicFin2a": { "rotationX": 0.0, "rotationY": 0.0, "rotationZ": 0.0 }
					}
				}
			]
		},

		{
			"name": "hurt",
			"code": "hurt",
			"quantityframes": 20,
			"onActivityStopped": "EaseOut",
			"onAnimationEnd": "Stop",
			"keyframes": [
				{
					"frame": 0,
					"elements": {
						"Body": { "rotationX": 0.0, "rotationY": 0.0, "rotationZ": 0.0 },
						"Mid Section": { "rotationX": 0.0, "rotationY": 0.0, "rotationZ": 0.0 },
						"Tail Section": { "rotationX": 0.0, "rotationY": 0.0, "rotationZ": 0.0 },
						"DorsalFin1b": { "rotationX": 0.0, "rotationY": 0.0, "rotationZ": 0.0 },
						"PelvicFin2a": { "rotationX": 0.0, "rotationY": 0.0, "rotationZ": 0.0 },
						"DorsalFin1a": { "rotationX": 0.0, "rotationY": 0.0, "rotationZ": 0.0 },
						"Head": { "rotationX": 0.0, "rotationY": 0.0, "rotationZ": 0.0 },
						"Jaw": { "rotationX": 0.0, "rotationY": 0.0, "rotationZ": 0.0 },
						"FinRight": { "rotationX": 0.0, "rotationY": 0.0, "rotationZ": 0.0 },
						"FinLeft": { "rotationX": 0.0, "rotationY": 0.0, "rotationZ": 0.0 },
						"DorsalFin3": { "rotationX": 0.0, "rotationY": 0.0, "rotationZ": 0.0 }
					}
				},
				{
					"frame": 7,
					"elements": {
						"Body": { "rotationX": 19.0, "rotationY": 3.0, "rotationZ": 0.0 },
						"Head": { "rotationX": 0.0, "rotationY": 15.0, "rotationZ": 0.0 },
						"Jaw": { "rotationX": 0.0, "rotationY": 0.0, "rotationZ": -10.0 },
						"FinRight": { "rotationX": 0.0, "rotationY": 42.0, "rotationZ": 22.0 },
						"FinLeft": { "rotationX": 0.0, "rotationY": -22.0, "rotationZ": 0.0 },
						"Mid Section": { "rotationX": 0.0, "rotationY": 9.0, "rotationZ": 0.0 },
						"Tail Section": { "rotationX": 0.0, "rotationY": 25.0, "rotationZ": 0.0 },
						"DorsalFin1b": { "rotationX": 0.0, "rotationY": 4.0, "rotationZ": 0.0 },
						"PelvicFin2a": { "rotationX": 0.0, "rotationY": 3.0, "rotationZ": 8.0 },
						"DorsalFin1a": { "rotationX": -42.0, "rotationY": 0.0, "rotationZ": 0.0 },
						"DorsalFin3": { "rotationX": -19.0, "rotationY": 0.0, "rotationZ": 0.0 }
					}
				},
				{
					"frame": 14,
					"elements": {
						"Body": { "rotationX": -14.0, "rotationY": 0.0, "rotationZ": 0.0 },
						"Mid Section": { "rotationX": 0.0, "rotationY": -28.0, "rotationZ": 0.0 },
						"Tail Section": { "rotationX": 0.0, "rotationY": -22.0, "rotationZ": 0.0 },
						"DorsalFin1b": { "rotationX": 0.0, "rotationY": -22.0, "rotationZ": 0.0 },
						"Head": { "rotationX": 8.0, "rotationY": 0.0, "rotationZ": 0.0 }
					}
				}
			]
		}
	]
}