{
	"editor": {
		"allAngles": true,
		"entityTextureMode": true
	},
	"textureWidth": 12,
	"textureHeight": 12,
	"textureSizes": {
	},
	"textures": {
	},
	"elements": [
		{
			"name": "origin",
			"from": [ 10.175, 0.0, 8.1 ],
			"to": [ 10.175, 0.0, 8.1 ],
			"uv": [ 999.0, 999.0 ],
			"rotationOrigin": [ 10.175, 0.0, 8.1 ],
			"faces": {
			},
			"children": [
				{
					"name": "Body",
					"from": [ -5.55, 0.925, -0.925 ],
					"to": [ -0.925, 5.0875, 0.74 ],
					"unwrapMode": 7,
					"unwrapRotation": 1,
					"autoUnwrap": false,
					"uv": [ 9.0, 1.0 ],
					"rotationOrigin": [ -0.925, 2.775, 0.0 ],
					"faces": {
						"north": { "texture": "#sunfish1", "uv": [ 4.5, 2.0, 0.0, 7.0 ], "rotation": 90, "autoUv": false, "windMode": [-1,-1,-1,-1] },
						"east": { "texture": "#sunfish1", "uv": [ 7.5, 2.25, 9.0, 6.75 ], "autoUv": false },
						"south": { "texture": "#sunfish1", "uv": [ 0.0, 2.0, 4.5, 7.0 ], "rotation": 270, "autoUv": false },
						"west": { "texture": "#sunfish1", "uv": [ 9.0, 6.75, 10.5, 2.25 ], "rotation": 180, "autoUv": false, "windMode": [-1,-1,-1,-1] },
						"up": { "texture": "#sunfish1", "uv": [ 4.5, 2.0, 6.0, 7.0 ], "rotation": 270, "autoUv": false },
						"down": { "texture": "#sunfish1", "uv": [ 6.0, 2.0, 7.5, 7.0 ], "rotation": 90, "autoUv": false, "windMode": [-1,-1,-1,-1] }
					},
					"children": [
						{
							"name": "Butt",
							"from": [ 4.255, 0.6013, 0.185 ],
							"to": [ 5.18, 3.5613, 1.48 ],
							"unwrapMode": 7,
							"unwrapRotation": 1,
							"autoUnwrap": false,
							"uv": [ 15.5, 5.0 ],
							"rotationOrigin": [ 4.5325, 1.85, 0.8325 ],
							"faces": {
								"north": { "texture": "#sunfish1", "uv": [ 7.5, 2.25, 10.5, 1.25 ], "rotation": 270, "autoUv": false, "windMode": [-1,-1,-1,-1] },
								"east": { "texture": "#sunfish1", "uv": [ 10.5, 6.0, 11.75, 9.0 ], "autoUv": false },
								"south": { "texture": "#sunfish1", "uv": [ 7.5, 1.5, 10.5, 2.5 ], "rotation": 270, "autoUv": false },
								"west": { "texture": "#sunfish1", "uv": [ 10.5, 6.0, 11.5, 9.0 ], "rotation": 180, "autoUv": false, "windMode": [-1,-1,-1,-1] },
								"up": { "texture": "#sunfish1", "uv": [ 10.0, 0.25, 11.0, 1.25 ], "rotation": 270, "autoUv": false },
								"down": { "texture": "#sunfish1", "uv": [ 10.0, 11.0, 11.0, 12.0 ], "rotation": 90, "autoUv": false }
							},
							"children": [
								{
									"name": "Tail",
									"from": [ 0.6475, 0.555, 0.185 ],
									"to": [ 2.4975, 2.405, 1.11 ],
									"unwrapMode": 7,
									"unwrapRotation": 1,
									"autoUnwrap": false,
									"uv": [ 24.5, 5.0 ],
									"rotationOrigin": [ 0.925, 1.48, 0.6475 ],
									"faces": {
										"north": { "texture": "#sunfish1", "uv": [ 0.0, 11.0, 2.0, 9.0 ], "rotation": 270, "autoUv": false, "windMode": [-1,-1,-1,-1] },
										"east": { "texture": "#sunfish1", "uv": [ 11.0, 9.0, 12.0, 11.0 ], "autoUv": false, "windMode": [-1,-1,-1,-1] },
										"south": { "texture": "#sunfish1", "uv": [ 0.0, 9.0, 2.0, 11.0 ], "rotation": 270, "autoUv": false },
										"west": { "texture": "#sunfish1", "uv": [ 11.0, 9.0, 12.0, 11.0 ], "rotation": 180, "autoUv": false, "windMode": [-1,-1,-1,-1] },
										"up": { "texture": "#sunfish1", "uv": [ 11.0, 0.0, 12.0, 2.0 ], "rotation": 270, "autoUv": false },
										"down": { "texture": "#sunfish1", "uv": [ 9.5, 7.0, 10.5, 9.0 ], "rotation": 90, "autoUv": false }
									},
									"children": [
										{
											"name": "TailFin",
											"from": [ 0.925, 0.8325, 0.4625 ],
											"to": [ 3.885, 3.7925, 0.4634 ],
											"autoUnwrap": false,
											"uv": [ 28.0, 0.0 ],
											"rotationOrigin": [ 0.925, 0.925, 0.4625 ],
											"rotationZ": -45.0,
											"faces": {
												"north": { "texture": "#sunfish1", "uv": [ 2.0, 8.5, 5.0, 11.5 ], "autoUv": false },
												"south": { "texture": "#sunfish1", "uv": [ 2.0, 8.5, 5.0, 11.5 ], "rotation": 90, "autoUv": false, "windMode": [-1,-1,-1,-1] }
											}
										}
									]
								}
							]
						},
						{
							"name": "FinRight",
							"from": [ 1.2025, 0.37, 0.0 ],
							"to": [ 3.0525, 1.665, 9.0E-4 ],
							"autoUnwrap": false,
							"uv": [ 6.5, 11.0 ],
							"rotationOrigin": [ 1.2025, 1.665, 0.0 ],
							"rotationY": 36.0,
							"rotationZ": -36.0,
							"faces": {
								"north": { "texture": "#sunfish1", "uv": [ 0.0, 8.0, 2.0, 9.0 ], "autoUv": false, "windMode": [-1,-1,-1,-1] },
								"south": { "texture": "#sunfish1", "uv": [ 2.0, 8.0, 0.0, 9.0 ], "autoUv": false, "windMode": [-1,-1,-1,-1] }
							}
						},
						{
							"name": "FinLeft",
							"from": [ 1.2025, 0.37, 1.665 ],
							"to": [ 3.0525, 1.665, 1.6659 ],
							"autoUnwrap": false,
							"uv": [ 6.5, 11.0 ],
							"rotationOrigin": [ 1.2025, 1.665, 1.665 ],
							"rotationY": -36.0,
							"rotationZ": -36.0,
							"faces": {
								"north": { "texture": "#sunfish1", "uv": [ 0.0, 8.0, 2.0, 9.0 ], "autoUv": false },
								"south": { "texture": "#sunfish1", "uv": [ 2.0, 8.0, 0.0, 9.0 ], "autoUv": false, "windMode": [-1,-1,-1,-1] }
							}
						},
						{
							"name": "Butt2",
							"from": [ -0.37, 0.37, 0.1758 ],
							"to": [ 0.555, 3.7925, 1.4893 ],
							"unwrapMode": 7,
							"unwrapRotation": 1,
							"autoUnwrap": false,
							"uv": [ 19.0, 0.5 ],
							"rotationOrigin": [ -0.0925, 1.85, 0.8325 ],
							"faces": {
								"north": { "texture": "#sunfish1", "uv": [ 8.5, 10.0, 5.0, 9.0 ], "rotation": 90, "autoUv": false, "windMode": [-1,-1,-1,-1] },
								"east": { "texture": "#sunfish1", "uv": [ 10.5, 2.5, 11.75, 6.0 ], "autoUv": false, "windMode": [-1,-1,-1,-1] },
								"south": { "texture": "#sunfish1", "uv": [ 5.0, 9.0, 8.5, 10.0 ], "rotation": 270, "autoUv": false, "windMode": [-1,-1,-1,-1] },
								"west": { "texture": "#sunfish1", "uv": [ 10.5, 2.5, 11.5, 6.0 ], "rotation": 180, "autoUv": false, "windMode": [-1,-1,-1,-1] },
								"up": { "texture": "#sunfish1", "uv": [ 8.0, 0.0, 9.0, 1.0 ], "rotation": 270, "autoUv": false },
								"down": { "texture": "#sunfish1", "uv": [ 9.0, 0.25, 10.0, 1.25 ], "rotation": 90, "autoUv": false, "windMode": [-1,-1,-1,-1] }
							},
							"children": [
								{
									"name": "Head",
									"from": [ -0.925, 0.962, 9.0E-4 ],
									"to": [ 1.11, 2.997, 1.2959 ],
									"unwrapMode": 7,
									"unwrapRotation": 1,
									"autoUnwrap": false,
									"uv": [ 0.0, 0.0 ],
									"rotationOrigin": [ 0.37, 1.7575, 0.6475 ],
									"rotationZ": 45.0,
									"faces": {
										"north": { "texture": "#sunfish1", "uv": [ 2.0, 0.0, 0.0, 2.0 ], "rotation": 90, "autoUv": false, "windMode": [-1,-1,-1,-1] },
										"east": { "texture": "#sunfish1", "uv": [ 4.0, 0.0, 5.0, 2.0 ], "autoUv": false },
										"south": { "texture": "#sunfish1", "uv": [ 0.0, 0.0, 2.0, 2.0 ], "rotation": 270, "autoUv": false, "windMode": [-1,-1,-1,-1] },
										"west": { "texture": "#sunfish1", "uv": [ 2.0, 0.0, 3.0, 2.0 ], "rotation": 180, "autoUv": false },
										"up": { "texture": "#sunfish1", "uv": [ 3.0, 0.0, 4.0, 2.0 ], "rotation": 270, "autoUv": false },
										"down": { "texture": "#sunfish1", "uv": [ 5.0, 0.0, 6.0, 2.0 ], "rotation": 90, "autoUv": false }
									},
									"children": [
										{
											"name": "Jaw2",
											"from": [ -0.185, -0.185, 0.1388 ],
											"to": [ 0.74, 0.925, 1.1563 ],
											"unwrapMode": 7,
											"unwrapRotation": 1,
											"autoUnwrap": false,
											"uv": [ 1.0, 8.5 ],
											"rotationOrigin": [ 0.2775, -0.185, 0.925 ],
											"faces": {
												"north": { "texture": "#sunfish1", "uv": [ 0.0, 7.0, 1.0, 8.0 ], "rotation": 90, "autoUv": false },
												"east": { "texture": "#sunfish1", "uv": [ 1.0, 11.0, 2.0, 12.0 ], "autoUv": false },
												"south": { "texture": "#sunfish1", "uv": [ 0.0, 7.0, 1.0, 8.0 ], "rotation": 270, "autoUv": false },
												"west": { "texture": "#sunfish1", "uv": [ 1.0, 7.0, 2.0, 8.0 ], "rotation": 180, "autoUv": false },
												"up": { "texture": "#sunfish1", "uv": [ 7.0, 0.0, 8.0, 1.0 ], "rotation": 270, "autoUv": false },
												"down": { "texture": "#sunfish1", "uv": [ 11.0, 11.0, 12.0, 12.0 ], "rotation": 90, "autoUv": false }
											},
											"children": [
												{
													"name": "Jaw",
													"from": [ -0.0093, 0.925, 0.0 ],
													"to": [ 0.296, 1.9425, 1.0175 ],
													"unwrapMode": 7,
													"unwrapRotation": 1,
													"autoUnwrap": false,
													"uv": [ 4.5, 8.0 ],
													"rotationOrigin": [ 0.0, 0.925, 0.5088 ],
													"rotationZ": 20.0,
													"faces": {
														"north": { "texture": "#sunfish1", "uv": [ 6.0, 1.5, 7.0, 2.0 ], "rotation": 90, "autoUv": false },
														"east": { "texture": "#sunfish1", "uv": [ 8.75, 11.0, 9.75, 12.0 ], "autoUv": false },
														"south": { "texture": "#sunfish1", "uv": [ 6.0, 1.5, 7.0, 2.0 ], "rotation": 270, "autoUv": false },
														"west": { "texture": "#sunfish1", "uv": [ 0.0, 11.0, 1.0, 12.0 ], "rotation": 180, "autoUv": false },
														"up": { "texture": "#sunfish1", "uv": [ 9.0, 0.0, 10.0, 0.5 ], "rotation": 270, "autoUv": false },
														"down": { "texture": "#sunfish1", "uv": [ 10.0, 0.0, 11.0, 0.5 ], "rotation": 90, "autoUv": false }
													}
												}
											]
										},
										{
											"name": "Eye",
											"from": [ 0.5476, 1.184, -0.0925 ],
											"to": [ 1.2414, 1.8778, 1.3875 ],
											"autoUnwrap": false,
											"uv": [ 5.0, 4.25 ],
											"rotationOrigin": [ 0.7326, 1.4608, -0.0925 ],
											"faces": {
												"north": { "texture": "#sunfish1", "uv": [ 9.25, 9.25, 8.5, 10.0 ], "rotation": 90, "autoUv": false, "windMode": [-1,-1,-1,-1] },
												"east": { "texture": "#sunfish1", "uv": [ 5.25, 11.5, 6.75, 12.0 ], "autoUv": false, "windMode": [-1,-1,-1,-1] },
												"south": { "texture": "#sunfish1", "uv": [ 8.5, 9.25, 9.25, 10.0 ], "rotation": 270, "autoUv": false, "windMode": [-1,-1,-1,-1] },
												"west": { "texture": "#sunfish1", "uv": [ 5.25, 11.5, 6.75, 12.0 ], "autoUv": false, "windMode": [-1,-1,-1,-1] },
												"up": { "texture": "#sunfish1", "uv": [ 6.0, 0.0, 6.5, 1.5 ], "autoUv": false, "windMode": [-1,-1,-1,-1] },
												"down": { "texture": "#sunfish1", "uv": [ 6.5, 0.0, 7.0, 1.5 ], "autoUv": false }
											}
										}
									]
								}
							]
						},
						{
							"name": "DorsalFin",
							"from": [ 3.1543, 3.929, 0.8325 ],
							"to": [ 5.3743, 5.5015, 0.8371 ],
							"autoUnwrap": false,
							"uv": [ 9.5, 14.0 ],
							"rotationOrigin": [ 5.3765, 5.4111, 0.8325 ],
							"rotationZ": 36.0,
							"faces": {
								"north": { "texture": "#sunfish1", "uv": [ 5.0, 10.0, 7.0, 11.5 ], "autoUv": false, "windMode": [-1,-1,-1,-1] },
								"south": { "texture": "#sunfish1", "uv": [ 7.0, 10.0, 5.0, 11.5 ], "autoUv": false, "windMode": [-1,-1,-1,-1] }
							},
							"children": [
								{
									"name": "DorsalFin2",
									"from": [ -2.0455, -0.177, -0.0093 ],
									"to": [ 1.6545, 1.673, 0.0056 ],
									"autoUnwrap": false,
									"uv": [ 4.5, 13.0 ],
									"rotationOrigin": [ 1.655, 0.7511, 0.0 ],
									"rotationZ": -36.0,
									"faces": {
										"north": { "texture": "#sunfish1", "uv": [ 9.0, 7.0, 5.0, 9.0 ], "autoUv": false, "windMode": [-1,-1,-1,-1] },
										"south": { "texture": "#sunfish1", "uv": [ 5.0, 7.0, 9.0, 9.0 ], "autoUv": false, "windMode": [-1,-1,-1,-1] }
									},
									"children": [
										{
											"name": "DorsalFin3",
											"from": [ -3.007, 0.2927, 6.0E-4 ],
											"to": [ 0.027, 1.7912, 0.0015 ],
											"autoUnwrap": false,
											"uv": [ 1.25, 11.0 ],
											"rotationOrigin": [ -0.0376, 1.7995, 0.0 ],
											"rotationZ": 60.0,
											"faces": {
												"north": { "texture": "#sunfish1", "uv": [ 2.0, 7.0, 5.0, 8.5 ], "autoUv": false, "windMode": [-1,-1,-1,-1] },
												"south": { "texture": "#sunfish1", "uv": [ 5.0, 7.0, 2.0, 8.5 ], "autoUv": false, "windMode": [-1,-1,-1,-1] }
											}
										}
									]
								}
							]
						},
						{
							"name": "FinVentral",
							"from": [ 3.33, 0.6013, 0.8325 ],
							"to": [ 4.995, 2.6363, 0.8334 ],
							"autoUnwrap": false,
							"uv": [ 12.5, 11.0 ],
							"rotationOrigin": [ 3.33, 0.6013, 0.74 ],
							"rotationZ": -66.0,
							"faces": {
								"north": { "texture": "#sunfish1", "uv": [ 9.25, 9.0, 11.0, 11.0 ], "autoUv": false, "windMode": [-1,-1,-1,-1] },
								"south": { "texture": "#sunfish1", "uv": [ 11.0, 9.0, 9.25, 11.0 ], "autoUv": false, "windMode": [-1,-1,-1,-1] }
							},
							"children": [
								{
									"name": "FinVentral2",
									"from": [ 0.0, -0.4625, 6.0E-4 ],
									"to": [ 1.7575, 1.5725, 9.0E-4 ],
									"autoUnwrap": false,
									"uv": [ 10.5, 11.0 ],
									"rotationOrigin": [ 0.0, -0.4625, 0.0 ],
									"rotationZ": 14.0,
									"faces": {
										"north": { "texture": "#sunfish1", "uv": [ 9.25, 9.0, 11.0, 11.0 ], "autoUv": false, "windMode": [-1,-1,-1,-1] },
										"south": { "texture": "#sunfish1", "uv": [ 11.0, 9.0, 9.25, 11.0 ], "autoUv": false, "windMode": [-1,-1,-1,-1] }
									}
								}
							]
						},
						{
							"name": "FinVentral3",
							"from": [ 0.555, 0.6013, 0.4625 ],
							"to": [ 2.22, 1.7113, 0.4634 ],
							"autoUnwrap": false,
							"uv": [ 12.5, 11.0 ],
							"rotationOrigin": [ 0.555, 0.6013, 1.3875 ],
							"rotationZ": -66.0,
							"faces": {
								"north": { "texture": "#sunfish1", "uv": [ 9.25, 9.0, 11.0, 11.0 ], "autoUv": false, "windMode": [-1,-1,-1,-1] },
								"south": { "texture": "#sunfish1", "uv": [ 11.0, 9.0, 9.25, 11.0 ], "autoUv": false, "windMode": [-1,-1,-1,-1] }
							}
						},
						{
							"name": "FinVentral4",
							"from": [ 0.555, 0.6013, 1.2025 ],
							"to": [ 2.22, 1.7113, 1.2034 ],
							"autoUnwrap": false,
							"uv": [ 12.5, 11.0 ],
							"rotationOrigin": [ 0.555, 0.6013, 2.1275 ],
							"rotationZ": -66.0,
							"faces": {
								"north": { "texture": "#sunfish1", "uv": [ 9.25, 9.0, 11.0, 11.0 ], "autoUv": false, "windMode": [-1,-1,-1,-1] },
								"south": { "texture": "#sunfish1", "uv": [ 11.0, 9.0, 9.25, 11.0 ], "autoUv": false, "windMode": [-1,-1,-1,-1] }
							}
						}
					]
				}
			]
		}
	],
	"animations": [
		{
			"name": "swim",
			"code": "swim",
			"quantityframes": 30,
			"onActivityStopped": "EaseOut",
			"onAnimationEnd": "Repeat",
			"keyframes": [
				{
					"frame": 0,
					"elements": {
						"Body": { "rotationX": 0.0, "rotationY": 3.0, "rotationZ": 0.0 },
						"Butt": { "rotationX": 0.0, "rotationY": -15.0, "rotationZ": 0.0 },
						"Tail": { "rotationX": 0.0, "rotationY": -15.0, "rotationZ": 0.0 },
						"TailFin": { "rotationX": 0.0, "rotationY": -15.0, "rotationZ": 0.0 },
						"Jaw": { "rotationX": 0.0, "rotationY": 0.0, "rotationZ": 0.0 },
						"FinLeft": { "rotationX": 0.0, "rotationY": 0.0, "rotationZ": 0.0 },
						"FinRight": { "rotationX": 0.0, "rotationY": 0.0, "rotationZ": 0.0 },
						"DorsalFin": { "rotationX": 0.0, "rotationY": 0.0, "rotationZ": 0.0 }
					}
				},
				{
					"frame": 10,
					"elements": {
						"Head": { "rotationX": 0.0, "rotationY": 0.0, "rotationZ": -3.0 }
					}
				},
				{
					"frame": 15,
					"elements": {
						"Body": { "rotationX": 0.0, "rotationY": -3.0, "rotationZ": 0.0 },
						"Butt": { "rotationX": 0.0, "rotationY": 15.0, "rotationZ": 0.0 },
						"Tail": { "rotationX": 0.0, "rotationY": 15.0, "rotationZ": 0.0 },
						"TailFin": { "rotationX": 0.0, "rotationY": 15.0, "rotationZ": 0.0 },
						"Jaw": { "rotationX": 0.0, "rotationY": 0.0, "rotationZ": -10.0 },
						"FinLeft": { "rotationX": 0.0, "rotationY": -30.0, "rotationZ": 36.0 },
						"FinRight": { "rotationX": 0.0, "rotationY": 30.0, "rotationZ": 36.0 }
					}
				},
				{
					"frame": 25,
					"elements": {
						"Jaw": { "rotationX": 0.0, "rotationY": 0.0, "rotationZ": 0.0 },
						"FinLeft": { "rotationX": 0.0, "rotationY": 5.0, "rotationZ": 0.0 },
						"FinRight": { "rotationX": 0.0, "rotationY": -5.0, "rotationZ": 0.0 }
					}
				},
				{
					"frame": 29,
					"elements": {
						"Body": { "rotationX": 0.0, "rotationY": 3.0, "rotationZ": 0.0 },
						"Butt": { "rotationX": 0.0, "rotationY": -15.0, "rotationZ": 0.0 },
						"Tail": { "rotationX": 0.0, "rotationY": -15.0, "rotationZ": 0.0 },
						"TailFin": { "rotationX": 0.0, "rotationY": -15.0, "rotationZ": 0.0 },
						"DorsalFin": { "rotationX": 0.0, "rotationY": 0.0, "rotationZ": 0.0 }
					}
				}
			]
		},

		{
			"name": "idle",
			"code": "idle",
			"quantityframes": 30,
			"onActivityStopped": "PlayTillEnd",
			"onAnimationEnd": "Repeat",
			"keyframes": [
				{
					"frame": 0,
					"elements": {
						"Body": { "rotationX": 0.0, "rotationY": 2.0, "rotationZ": -1.0 },
						"Butt": { "rotationX": 0.0, "rotationY": -5.0, "rotationZ": 0.0 },
						"Tail": { "rotationX": 0.0, "rotationY": -5.0, "rotationZ": 0.0 },
						"TailFin": { "rotationX": 0.0, "rotationY": -5.0, "rotationZ": 0.0 },
						"FinVentral": { "rotationX": 5.0, "rotationY": 0.0, "rotationZ": 0.0 },
						"Jaw": { "rotationX": 0.0, "rotationY": 0.0, "rotationZ": 0.0 },
						"FinRight": { "rotationX": 0.0, "rotationY": -20.0, "rotationZ": 0.0 },
						"FinLeft": { "rotationX": 0.0, "rotationY": -60.0, "rotationZ": 0.0 }
					}
				},
				{
					"frame": 10,
					"elements": {
						"FinRight": { "rotationX": 10.0, "rotationY": 0.0, "rotationZ": 0.0 },
						"FinLeft": { "rotationX": -10.0, "rotationY": 0.0, "rotationZ": 0.0 }
					}
				},
				{
					"frame": 15,
					"elements": {
						"Body": { "rotationX": 0.0, "rotationY": -2.0, "rotationZ": 1.0 },
						"Jaw": { "rotationX": 0.0, "rotationY": 0.0, "rotationZ": -14.0 },
						"Butt": { "rotationX": 0.0, "rotationY": 5.0, "rotationZ": 0.0 },
						"Tail": { "rotationX": 0.0, "rotationY": 5.0, "rotationZ": 0.0 },
						"TailFin": { "rotationX": 0.0, "rotationY": 5.0, "rotationZ": 0.0 },
						"FinVentral": { "rotationX": -5.0, "rotationY": 0.0, "rotationZ": 0.0 },
						"FinRight": { "rotationX": 0.0, "rotationY": 60.0, "rotationZ": 0.0 },
						"FinLeft": { "rotationX": 0.0, "rotationY": 20.0, "rotationZ": 0.0 }
					}
				},
				{
					"frame": 20,
					"elements": {
						"FinRight": { "rotationX": -10.0, "rotationY": 0.0, "rotationZ": 0.0 },
						"FinLeft": { "rotationX": 10.0, "rotationY": 0.0, "rotationZ": 0.0 }
					}
				},
				{
					"frame": 29,
					"elements": {
						"Body": { "rotationX": 0.0, "rotationY": 2.0, "rotationZ": -1.0 },
						"Butt": { "rotationX": 0.0, "rotationY": -5.0, "rotationZ": 0.0 },
						"Tail": { "rotationX": 0.0, "rotationY": -5.0, "rotationZ": 0.0 },
						"TailFin": { "rotationX": 0.0, "rotationY": -5.0, "rotationZ": 0.0 },
						"FinVentral": { "rotationX": 5.0, "rotationY": 0.0, "rotationZ": 0.0 },
						"FinRight": { "rotationX": 0.0, "rotationY": -20.0, "rotationZ": 0.0 },
						"FinLeft": { "rotationX": 0.0, "rotationY": -60.0, "rotationZ": 0.0 }
					}
				}
			]
		},

		{
			"name": "dead-floating",
			"code": "death",
			"quantityframes": 30,
			"onActivityStopped": "PlayTillEnd",
			"onAnimationEnd": "Hold",
			"keyframes": [
				{
					"frame": 0,
					"elements": {
						"Body": { "offsetX": 0.0, "offsetY": 0.0, "offsetZ": 0.0, "rotationX": 0.0, "rotationY": 0.0, "rotationZ": 0.0 },
						"Butt": { "rotationX": 0.0, "rotationY": 0.0, "rotationZ": 0.0 },
						"Tail": { "rotationX": 0.0, "rotationY": 0.0, "rotationZ": 0.0 },
						"TailFin": { "rotationX": 0.0, "rotationY": 0.0, "rotationZ": 0.0 },
						"FinVentral": { "rotationX": 0.0, "rotationY": 0.0, "rotationZ": 0.0 },
						"DorsalFin": { "rotationX": 0.0, "rotationY": 0.0, "rotationZ": 0.0 },
						"FinRight": { "rotationX": 0.0, "rotationY": 0.0, "rotationZ": 0.0 },
						"Head": { "rotationX": 0.0, "rotationY": 0.0, "rotationZ": 0.0 },
						"Jaw": { "rotationX": 0.0, "rotationY": 0.0, "rotationZ": 0.0 },
						"FinLeft": { "rotationX": 0.0, "rotationY": 0.0, "rotationZ": 0.0 }
					}
				},
				{
					"frame": 12,
					"elements": {
						"Body": { "offsetX": 0.0, "offsetY": 0.0, "offsetZ": 0.0, "rotationX": 0.0, "rotationY": 8.0, "rotationZ": -17.0 },
						"Head": { "rotationX": 0.0, "rotationY": 36.0, "rotationZ": 0.0 },
						"Jaw": { "rotationX": 0.0, "rotationY": 0.0, "rotationZ": -22.0 },
						"FinLeft": { "rotationX": 19.0, "rotationY": -36.0, "rotationZ": 55.0 },
						"FinRight": { "rotationX": 0.0, "rotationY": 61.0, "rotationZ": 61.0 },
						"Butt": { "rotationX": 0.0, "rotationY": -39.0, "rotationZ": 0.0 },
						"Tail": { "rotationX": 0.0, "rotationY": -39.0, "rotationZ": 0.0 },
						"TailFin": { "rotationX": 0.0, "rotationY": -8.0, "rotationZ": 0.0 },
						"FinVentral": { "rotationX": -30.0, "rotationY": 0.0, "rotationZ": 0.0 },
						"DorsalFin": { "rotationX": 0.0, "rotationY": 0.0, "rotationZ": 0.0 }
					}
				},
				{
					"frame": 28,
					"elements": {
						"Body": { "offsetX": 0.0, "offsetY": 0.0, "offsetZ": 3.7, "rotationX": -83.0, "rotationY": 0.0, "rotationZ": 0.0 },
						"Butt": { "rotationX": 0.0, "rotationY": 33.0, "rotationZ": 0.0 },
						"Tail": { "rotationX": 0.0, "rotationY": 22.0, "rotationZ": 0.0 },
						"TailFin": { "rotationX": 0.0, "rotationY": 0.0, "rotationZ": 0.0 },
						"FinVentral": { "rotationX": 0.0, "rotationY": 4.0, "rotationZ": 0.0 },
						"FinRight": { "rotationX": 0.0, "rotationY": 47.0, "rotationZ": 0.0 },
						"FinLeft": { "rotationX": 0.0, "rotationY": 8.0, "rotationZ": 0.0 },
						"DorsalFin": { "rotationX": 0.0, "rotationY": 0.0, "rotationZ": 0.0 },
						"Head": { "rotationX": 0.0, "rotationY": -19.0, "rotationZ": 0.0 },
						"Jaw": { "rotationX": 0.0, "rotationY": 0.0, "rotationZ": 6.0 }
					}
				}
			]
		},

		{
			"name": "dead-land",
			"code": "dead",
			"quantityframes": 10,
			"onActivityStopped": "PlayTillEnd",
			"onAnimationEnd": "Hold",
			"keyframes": [
				{
					"frame": 0,
					"elements": {
						"Body": { "offsetX": 0.0, "offsetY": 0.0, "offsetZ": -1.85, "rotationX": -94.0, "rotationY": 0.0, "rotationZ": 2.0 },
						"Head": { "rotationX": 0.0, "rotationY": -14.0, "rotationZ": 0.0 },
						"Jaw": { "rotationX": 0.0, "rotationY": 0.0, "rotationZ": -14.0 },
						"Butt": { "rotationX": 0.0, "rotationY": 9.0, "rotationZ": 0.0 },
						"Tail": { "rotationX": 0.0, "rotationY": -8.0, "rotationZ": 0.0 },
						"TailFin": { "rotationX": 0.0, "rotationY": 10.0, "rotationZ": 0.0 },
						"FinVentral": { "rotationX": 0.0, "rotationY": 0.0, "rotationZ": 0.0 },
						"DorsalFin": { "rotationX": 0.0, "rotationY": 0.0, "rotationZ": 0.0 },
						"FinRight": { "rotationX": 0.0, "rotationY": -22.0, "rotationZ": 0.0 },
						"FinLeft": { "rotationX": 0.0, "rotationY": 28.0, "rotationZ": 0.0 }
					}
				},
				{
					"frame": 9,
					"elements": {
						"Body": { "offsetX": 0.0, "offsetY": 0.0, "offsetZ": -1.85, "rotationX": -94.0, "rotationY": 0.0, "rotationZ": 0.0 },
						"Head": { "rotationX": 0.0, "rotationY": -14.0, "rotationZ": 0.0 },
						"Jaw": { "rotationX": 0.0, "rotationY": 0.0, "rotationZ": 8.0 },
						"FinLeft": { "rotationX": 0.0, "rotationY": 19.0, "rotationZ": 0.0 },
						"FinRight": { "rotationX": 0.0, "rotationY": -22.0, "rotationZ": 0.0 },
						"DorsalFin": { "rotationX": 0.0, "rotationY": 0.0, "rotationZ": 0.0 },
						"Butt": { "rotationX": 0.0, "rotationY": 10.0, "rotationZ": 0.0 },
						"Tail": { "rotationX": 0.0, "rotationY": -11.0, "rotationZ": 0.0 },
						"TailFin": { "rotationX": 0.0, "rotationY": 14.0, "rotationZ": 0.0 },
						"FinVentral": { "rotationX": 0.0, "rotationY": -8.0, "rotationZ": 0.0 }
					}
				}
			]
		},

		{
			"name": "idle-land",
			"code": "idle-land",
			"quantityframes": 20,
			"onActivityStopped": "EaseOut",
			"onAnimationEnd": "Repeat",
			"keyframes": [
				{
					"frame": 0,
					"elements": {
						"Body": { "offsetX": 0.0, "offsetY": 0.0, "offsetZ": -1.85, "rotationX": -89.0, "rotationY": 0.0, "rotationZ": 0.0 },
						"FinRight": { "rotationX": 0.0, "rotationY": -36.0, "rotationZ": 0.0 },
						"FinLeft": { "rotationX": 0.0, "rotationY": 22.0, "rotationZ": 0.0 },
						"Butt": { "rotationX": 0.0, "rotationY": 4.0, "rotationZ": 0.0 },
						"Tail": { "rotationX": 0.0, "rotationY": 4.0, "rotationZ": 0.0 },
						"TailFin": { "rotationX": 0.0, "rotationY": -8.0, "rotationZ": 0.0 },
						"FinVentral": { "rotationX": 0.0, "rotationY": 0.0, "rotationZ": 0.0 },
						"DorsalFin": { "rotationX": 0.0, "rotationY": 0.0, "rotationZ": 0.0 },
						"Jaw": { "rotationX": 0.0, "rotationY": 0.0, "rotationZ": 0.0 }
					}
				},
				{
					"frame": 10,
					"elements": {
						"Body": { "rotationX": -86.0, "rotationY": 0.0, "rotationZ": 0.0 },
						"Jaw": { "rotationX": 0.0, "rotationY": 0.0, "rotationZ": 8.0 },
						"FinLeft": { "rotationX": 0.0, "rotationY": 6.0, "rotationZ": 0.0 },
						"FinRight": { "rotationX": 0.0, "rotationY": -28.0, "rotationZ": 0.0 },
						"DorsalFin": { "rotationX": 0.0, "rotationY": 0.0, "rotationZ": 0.0 },
						"Tail": { "rotationX": 0.0, "rotationY": 2.0, "rotationZ": 0.0 }
					}
				}
			]
		},

		{
			"name": "flopping",
			"code": "flopping",
			"quantityframes": 30,
			"onActivityStopped": "PlayTillEnd",
			"onAnimationEnd": "Repeat",
			"keyframes": [
				{
					"frame": 0,
					"elements": {
						"Body": { "offsetX": 0.0, "offsetY": 0.0, "offsetZ": -1.85, "rotationX": -87.0, "rotationY": 0.0, "rotationZ": 0.0 },
						"FinRight": { "rotationX": 0.0, "rotationY": -22.0, "rotationZ": 0.0 },
						"FinLeft": { "rotationX": 0.0, "rotationY": 28.0, "rotationZ": 0.0 },
						"Jaw": { "rotationX": 0.0, "rotationY": 0.0, "rotationZ": -14.0 },
						"Butt": { "rotationX": 0.0, "rotationY": 5.0, "rotationZ": 0.0 },
						"Tail": { "rotationX": 0.0, "rotationY": 1.0, "rotationZ": 0.0 },
						"TailFin": { "rotationX": 0.0, "rotationY": 0.0, "rotationZ": 0.0 },
						"FinVentral": { "rotationX": 19.0, "rotationY": 0.0, "rotationZ": 0.0 },
						"DorsalFin": { "rotationX": -19.0, "rotationY": 0.0, "rotationZ": 0.0 }
					}
				},
				{
					"frame": 4,
					"elements": {
						"Body": { "offsetX": 0.0, "offsetY": 0.0, "offsetZ": -1.85, "rotationX": -86.0, "rotationY": 6.0, "rotationZ": 0.0 },
						"Butt": { "rotationX": 0.0, "rotationY": -14.0, "rotationZ": 0.0 },
						"Tail": { "rotationX": 0.0, "rotationY": -42.0, "rotationZ": 0.0 },
						"TailFin": { "rotationX": 0.0, "rotationY": -11.0, "rotationZ": 0.0 },
						"Jaw": { "rotationX": 0.0, "rotationY": 0.0, "rotationZ": 0.0 },
						"FinLeft": { "rotationX": 0.0, "rotationY": 0.0, "rotationZ": 0.0 },
						"FinRight": { "rotationX": 0.0, "rotationY": -22.0, "rotationZ": 0.0 }
					}
				},
				{
					"frame": 8,
					"elements": {
						"Body": { "offsetX": 0.0, "offsetY": 0.0, "offsetZ": -0.925, "rotationX": -91.0, "rotationY": -8.0, "rotationZ": 0.0 },
						"Butt": { "rotationX": 0.0, "rotationY": 14.0, "rotationZ": 0.0 },
						"Tail": { "rotationX": 0.0, "rotationY": 14.0, "rotationZ": 0.0 },
						"TailFin": { "rotationX": 0.0, "rotationY": 28.0, "rotationZ": 0.0 },
						"FinVentral": { "rotationX": 10.0, "rotationY": 9.0, "rotationZ": 0.0 },
						"Jaw": { "rotationX": 0.0, "rotationY": 0.0, "rotationZ": 22.0 },
						"FinLeft": { "rotationX": 0.0, "rotationY": -6.0, "rotationZ": 0.0 },
						"FinRight": { "rotationX": 0.0, "rotationY": 42.0, "rotationZ": 0.0 },
						"DorsalFin": { "rotationX": 0.0, "rotationY": 8.0, "rotationZ": 0.0 }
					}
				},
				{
					"frame": 13,
					"elements": {
						"Body": { "offsetX": 0.925, "offsetY": 0.0, "offsetZ": 2.775, "rotationX": -100.0, "rotationY": -33.0, "rotationZ": 0.0 },
						"Butt": { "offsetX": -0.185, "offsetY": 0.0, "offsetZ": 0.0, "rotationX": 0.0, "rotationY": 45.0, "rotationZ": 0.0 },
						"Tail": { "rotationX": 0.0, "rotationY": 39.0, "rotationZ": 0.0 },
						"TailFin": { "rotationX": 0.0, "rotationY": -22.0, "rotationZ": 0.0 },
						"FinVentral": { "rotationX": 0.0, "rotationY": 0.0, "rotationZ": 0.0 }
					}
				},
				{
					"frame": 23,
					"elements": {
						"Body": { "offsetX": 0.0, "offsetY": 0.0, "offsetZ": 1.85, "rotationX": -94.0, "rotationY": 19.0, "rotationZ": 0.0 },
						"Jaw": { "rotationX": 0.0, "rotationY": 0.0, "rotationZ": 0.0 },
						"Butt": { "rotationX": 0.0, "rotationY": -14.0, "rotationZ": 0.0 },
						"Tail": { "rotationX": 0.0, "rotationY": -42.0, "rotationZ": 0.0 },
						"TailFin": { "rotationX": 0.0, "rotationY": -11.0, "rotationZ": 0.0 },
						"FinVentral": { "rotationX": 27.0, "rotationY": 5.43, "rotationZ": 0.0 },
						"DorsalFin": { "rotationX": -13.571, "rotationY": 2.286, "rotationZ": 0.0 },
						"FinRight": { "rotationX": 0.0, "rotationY": -22.0, "rotationZ": 0.0 },
						"FinLeft": { "rotationX": 0.0, "rotationY": 0.0, "rotationZ": 0.0 }
					}
				}
			]
		},

		{
			"name": "rising-eat",
			"code": "rising-eat",
			"quantityframes": 60,
			"onActivityStopped": "PlayTillEnd",
			"onAnimationEnd": "Stop",
			"keyframes": [
				{
					"frame": 0,
					"elements": {
						"Body": { "offsetX": 0.0, "offsetY": 0.0, "offsetZ": 0.0, "rotationX": 0.0, "rotationY": 0.0, "rotationZ": 0.0 },
						"Butt": { "rotationX": 0.0, "rotationY": 0.0, "rotationZ": 0.0 },
						"Tail": { "rotationX": 0.0, "rotationY": 0.0, "rotationZ": 0.0 },
						"Jaw": { "rotationX": 0.0, "rotationY": 0.0, "rotationZ": 0.0 },
						"DorsalFin": { "offsetX": 0.0, "offsetY": 0.0, "offsetZ": 0.0 }
					}
				},
				{
					"frame": 10,
					"elements": {
						"Body": { "rotationX": 0.0, "rotationY": 2.0, "rotationZ": -30.0 },
						"Butt": { "rotationX": 0.0, "rotationY": 5.0, "rotationZ": 0.0 },
						"Tail": { "rotationX": 0.0, "rotationY": 5.0, "rotationZ": 0.0 },
						"TailFin": { "rotationX": 0.0, "rotationY": 5.0, "rotationZ": 0.0 },
						"FinVentral": { "rotationX": 5.0, "rotationY": 0.0, "rotationZ": 0.0 },
						"DorsalFin": { "rotationX": 0.0, "rotationY": 0.0, "rotationZ": 0.0 },
						"FinRight": { "rotationX": 20.0, "rotationY": 0.0, "rotationZ": 0.0 },
						"FinLeft": { "rotationX": -10.0, "rotationY": 0.0, "rotationZ": 0.0 }
					}
				},
				{
					"frame": 15,
					"elements": {
						"Body": { "offsetX": 0.0, "offsetY": 0.0, "offsetZ": 0.0, "rotationX": 0.0, "rotationY": 0.0, "rotationZ": -45.0 },
						"Jaw": { "rotationX": 0.0, "rotationY": 0.0, "rotationZ": 20.0 }
					}
				},
				{
					"frame": 20,
					"elements": {
						"Body": { "offsetX": -0.185, "offsetY": 0.0, "offsetZ": 0.0, "rotationX": 0.0, "rotationY": -2.0, "rotationZ": -46.0 },
						"Butt": { "rotationX": 0.0, "rotationY": -5.0, "rotationZ": 0.0 },
						"Tail": { "rotationX": 0.0, "rotationY": -5.0, "rotationZ": 0.0 },
						"TailFin": { "rotationX": 0.0, "rotationY": -5.0, "rotationZ": 0.0 },
						"FinVentral": { "rotationX": -5.0, "rotationY": 0.0, "rotationZ": 0.0 },
						"DorsalFin": { "rotationX": 0.0, "rotationY": 0.0, "rotationZ": 0.0 },
						"FinRight": { "rotationX": -10.0, "rotationY": -10.0, "rotationZ": 0.0 },
						"FinLeft": { "rotationX": 10.0, "rotationY": 10.0, "rotationZ": 0.0 }
					}
				},
				{
					"frame": 25,
					"elements": {
						"Body": { "offsetX": 0.0, "offsetY": 0.0, "offsetZ": 0.0 },
						"Jaw": { "rotationX": 0.0, "rotationY": 0.0, "rotationZ": -14.0 }
					}
				},
				{
					"frame": 30,
					"elements": {
						"Body": { "rotationX": 0.0, "rotationY": 5.0, "rotationZ": -44.0 },
						"Butt": { "rotationX": 0.0, "rotationY": 5.0, "rotationZ": 0.0 },
						"Tail": { "rotationX": 0.0, "rotationY": 5.0, "rotationZ": 0.0 },
						"DorsalFin": { "rotationX": 0.0, "rotationY": 0.0, "rotationZ": 0.0 },
						"FinRight": { "rotationX": 10.0, "rotationY": 0.0, "rotationZ": 0.0 },
						"FinLeft": { "rotationX": -10.0, "rotationY": 0.0, "rotationZ": 0.0 }
					}
				},
				{
					"frame": 32,
					"elements": {
						"Body": { "offsetX": 0.185, "offsetY": 0.0, "offsetZ": 0.0 }
					}
				},
				{
					"frame": 35,
					"elements": {
						"Jaw": { "rotationX": 0.0, "rotationY": 0.0, "rotationZ": 20.0 }
					}
				},
				{
					"frame": 40,
					"elements": {
						"Body": { "offsetX": 0.0, "offsetY": 0.0, "offsetZ": 0.0, "rotationX": 0.0, "rotationY": -2.0, "rotationZ": -45.0 },
						"Butt": { "rotationX": 0.0, "rotationY": -5.0, "rotationZ": 0.0 },
						"Tail": { "rotationX": 0.0, "rotationY": -5.0, "rotationZ": 0.0 },
						"DorsalFin": { "rotationX": 0.0, "rotationY": 0.0, "rotationZ": 0.0 },
						"FinRight": { "rotationX": -10.0, "rotationY": -10.0, "rotationZ": 0.0 },
						"FinLeft": { "rotationX": 10.0, "rotationY": 10.0, "rotationZ": 0.0 }
					}
				},
				{
					"frame": 45,
					"elements": {
						"Body": { "offsetX": -0.185, "offsetY": 0.0, "offsetZ": 0.0, "rotationX": 0.0, "rotationY": 0.0, "rotationZ": -46.0 },
						"Jaw": { "rotationX": 0.0, "rotationY": 0.0, "rotationZ": -14.0 },
						"Tail": { "rotationX": 0.0, "rotationY": 0.0, "rotationZ": 0.0 },
						"TailFin": { "rotationX": 0.0, "rotationY": 0.0, "rotationZ": 0.0 },
						"FinVentral": { "rotationX": 0.0, "rotationY": 0.0, "rotationZ": 0.0 }
					}
				},
				{
					"frame": 50,
					"elements": {
						"Body": { "offsetX": 0.0, "offsetY": 0.0, "offsetZ": 0.0, "rotationX": 0.0, "rotationY": 2.0, "rotationZ": -30.0 },
						"Butt": { "rotationX": 0.0, "rotationY": 5.0, "rotationZ": 0.0 },
						"Tail": { "rotationX": 0.0, "rotationY": 5.0, "rotationZ": 0.0 },
						"DorsalFin": { "rotationX": 0.0, "rotationY": 0.0, "rotationZ": 0.0 },
						"FinRight": { "rotationX": 10.0, "rotationY": 0.0, "rotationZ": 0.0 },
						"FinLeft": { "rotationX": -10.0, "rotationY": 0.0, "rotationZ": 0.0 }
					}
				}
			]
		},

		{
			"name": "eat",
			"code": "eat",
			"quantityframes": 45,
			"onActivityStopped": "EaseOut",
			"onAnimationEnd": "Repeat",
			"keyframes": [
				{
					"frame": 0,
					"elements": {
						"Body": { "rotationX": 0.0, "rotationY": 2.0, "rotationZ": 5.0 },
						"Butt": { "rotationX": 0.0, "rotationY": 5.0, "rotationZ": 0.0 },
						"Tail": { "rotationX": 0.0, "rotationY": 5.0, "rotationZ": 0.0 },
						"TailFin": { "rotationX": 0.0, "rotationY": 5.0, "rotationZ": 0.0 },
						"FinVentral": { "rotationX": 5.0, "rotationY": 0.0, "rotationZ": 0.0 },
						"DorsalFin": { "rotationX": 0.0, "rotationY": 0.0, "rotationZ": 0.0 },
						"FinRight": { "rotationX": 20.0, "rotationY": 0.0, "rotationZ": 0.0 },
						"FinLeft": { "rotationX": -10.0, "rotationY": 0.0, "rotationZ": 0.0 }
					}
				},
				{
					"frame": 5,
					"elements": {
						"Body": { "offsetX": 0.0, "offsetY": 0.0, "offsetZ": 0.0, "rotationX": 0.0, "rotationY": 0.0, "rotationZ": 10.0 },
						"Jaw": { "rotationX": 0.0, "rotationY": 0.0, "rotationZ": 20.0 }
					}
				},
				{
					"frame": 10,
					"elements": {
						"Body": { "offsetX": -0.185, "offsetY": 0.0, "offsetZ": 0.0, "rotationX": 0.0, "rotationY": -2.0, "rotationZ": 9.0 },
						"Butt": { "rotationX": 0.0, "rotationY": -5.0, "rotationZ": 0.0 },
						"Tail": { "rotationX": 0.0, "rotationY": -5.0, "rotationZ": 0.0 },
						"TailFin": { "rotationX": 0.0, "rotationY": -5.0, "rotationZ": 0.0 },
						"FinVentral": { "rotationX": -5.0, "rotationY": 0.0, "rotationZ": 0.0 },
						"DorsalFin": { "rotationX": 0.0, "rotationY": 0.0, "rotationZ": 0.0 },
						"FinRight": { "rotationX": -10.0, "rotationY": -10.0, "rotationZ": 0.0 },
						"FinLeft": { "rotationX": 10.0, "rotationY": 10.0, "rotationZ": 0.0 }
					}
				},
				{
					"frame": 15,
					"elements": {
						"Body": { "offsetX": 0.0, "offsetY": 0.0, "offsetZ": 0.0 },
						"Jaw": { "rotationX": 0.0, "rotationY": 0.0, "rotationZ": -14.0 }
					}
				},
				{
					"frame": 20,
					"elements": {
						"Body": { "rotationX": 0.0, "rotationY": 5.0, "rotationZ": 11.0 },
						"Butt": { "rotationX": 0.0, "rotationY": 5.0, "rotationZ": 0.0 },
						"Tail": { "rotationX": 0.0, "rotationY": 5.0, "rotationZ": 0.0 },
						"DorsalFin": { "rotationX": 0.0, "rotationY": 0.0, "rotationZ": 0.0 },
						"FinRight": { "rotationX": 10.0, "rotationY": 0.0, "rotationZ": 0.0 },
						"FinLeft": { "rotationX": -10.0, "rotationY": 0.0, "rotationZ": 0.0 }
					}
				},
				{
					"frame": 25,
					"elements": {
						"Jaw": { "rotationX": 0.0, "rotationY": 0.0, "rotationZ": 20.0 }
					}
				},
				{
					"frame": 30,
					"elements": {
						"Body": { "offsetX": 0.0, "offsetY": 0.0, "offsetZ": 0.0, "rotationX": 0.0, "rotationY": -2.0, "rotationZ": 10.0 },
						"Butt": { "rotationX": 0.0, "rotationY": -5.0, "rotationZ": 0.0 },
						"Tail": { "rotationX": 0.0, "rotationY": -5.0, "rotationZ": 0.0 },
						"DorsalFin": { "rotationX": 0.0, "rotationY": 0.0, "rotationZ": 0.0 },
						"FinRight": { "rotationX": -10.0, "rotationY": -10.0, "rotationZ": 0.0 },
						"FinLeft": { "rotationX": 10.0, "rotationY": 10.0, "rotationZ": 0.0 }
					}
				},
				{
					"frame": 35,
					"elements": {
						"Body": { "offsetX": -0.185, "offsetY": 0.0, "offsetZ": 0.0, "rotationX": 0.0, "rotationY": 0.0, "rotationZ": 9.0 },
						"Jaw": { "rotationX": 0.0, "rotationY": 0.0, "rotationZ": -14.0 },
						"Tail": { "rotationX": 0.0, "rotationY": 0.0, "rotationZ": 0.0 },
						"TailFin": { "rotationX": 0.0, "rotationY": 0.0, "rotationZ": 0.0 },
						"FinVentral": { "rotationX": 0.0, "rotationY": 0.0, "rotationZ": 0.0 }
					}
				}
			]
		},

		{
			"name": "hurt",
			"code": "hurt",
			"quantityframes": 20,
			"onActivityStopped": "EaseOut",
			"onAnimationEnd": "Stop",
			"keyframes": [
				{
					"frame": 0,
					"elements": {
						"Body": { "rotationX": 0.0, "rotationY": 0.0, "rotationZ": 0.0 },
						"Butt": { "rotationX": 0.0, "rotationY": 0.0, "rotationZ": 0.0 },
						"Tail": { "rotationX": 0.0, "rotationY": 0.0, "rotationZ": 0.0 },
						"TailFin": { "rotationX": 0.0, "rotationY": 0.0, "rotationZ": 0.0 },
						"FinVentral": { "rotationX": 0.0, "rotationY": 0.0, "rotationZ": 0.0 },
						"Head": { "rotationX": 0.0, "rotationY": 0.0, "rotationZ": 0.0 },
						"Jaw": { "rotationX": 0.0, "rotationY": 0.0, "rotationZ": 0.0 },
						"FinRight": { "rotationX": 0.0, "rotationY": 0.0, "rotationZ": 0.0 },
						"FinLeft": { "rotationX": 0.0, "rotationY": 0.0, "rotationZ": 0.0 },
						"DorsalFin": { "rotationX": 0.0, "rotationY": 0.0, "rotationZ": 0.0 }
					}
				},
				{
					"frame": 7,
					"elements": {
						"Body": { "rotationX": 19.0, "rotationY": 3.0, "rotationZ": 0.0 },
						"Head": { "rotationX": 0.0, "rotationY": 15.0, "rotationZ": 0.0 },
						"Jaw": { "rotationX": 0.0, "rotationY": 0.0, "rotationZ": -10.0 },
						"FinRight": { "rotationX": 0.0, "rotationY": 42.0, "rotationZ": 22.0 },
						"FinLeft": { "rotationX": 0.0, "rotationY": -22.0, "rotationZ": 0.0 },
						"Butt": { "rotationX": 0.0, "rotationY": 9.0, "rotationZ": 0.0 },
						"Tail": { "rotationX": 0.0, "rotationY": 25.0, "rotationZ": 0.0 },
						"TailFin": { "rotationX": 0.0, "rotationY": 4.0, "rotationZ": 0.0 },
						"FinVentral": { "rotationX": 0.0, "rotationY": 3.0, "rotationZ": 8.0 },
						"DorsalFin": { "rotationX": -19.0, "rotationY": 0.0, "rotationZ": 0.0 }
					}
				},
				{
					"frame": 14,
					"elements": {
						"Body": { "rotationX": -14.0, "rotationY": 0.0, "rotationZ": 0.0 },
						"Butt": { "rotationX": 0.0, "rotationY": -28.0, "rotationZ": 0.0 },
						"Tail": { "rotationX": 0.0, "rotationY": -22.0, "rotationZ": 0.0 },
						"TailFin": { "rotationX": 0.0, "rotationY": -22.0, "rotationZ": 0.0 },
						"Head": { "rotationX": 8.0, "rotationY": 0.0, "rotationZ": 0.0 }
					}
				}
			]
		}
	]
}