{
  "code": "creature",
  "class": "ItemCreature",
  "maxstacksize": 64,
  "variantgroups": [
    {
      "code": "type",
      "states": [
        "mountainsheep-male",
        "mountainsheep-female",
        "mountainsheep-lamb",
        "mountaingoat-male",
        "mountaingoat-female",
        "mountaingoat-kid",
        "bearded-dragon",
        "catfish-catfish-small",
        "catfish-catfish-medium",
        "catfish-catfish-large",
        "eel",
        "fish-snakehead-small",
        "fish-snakehead-medium",
        "fish-snakehead-large",
        "fish-sea_bass-small",
        "fish-sea_bass-medium",
        "fish-sea_bass-large",
        "fish-bass-small",
        "fish-bass-medium",
        "fish-bass-large",
        "fish-sunfish-small",
        "fish-sunfish-medium",
        "fish-sunfish-large",
        "fish-coral_fish-small",
        "fish-coral_fish-medium",
        "fish-coral_fish-large",
        "fish-trout-small",
        "fish-trout-medium",
        "fish-trout-large",
        "fish-salmon-small",
        "fish-salmon-medium",
        "fish-salmon-large",
        "piranha-small",
        "piranha-medium",
        "piranha-large",
        "catfish-ripsaw_catfish-small",
        "catfish-ripsaw_catfish-medium",
        "catfish-ripsaw_catfish-large",
        "stingray-fresh-small",
        "stingray-fresh-medium",
        "stingray-fresh-large",
        "stingray-sea-small",
        "stingray-sea-medium",
        "stingray-sea-large",
        "boxjellyfish",
        "caiman-caiman",
        "caiman-black-caiman"
      ]
    }
  ],
  "shapeByType": {
    "creature-mountainsheep-male": { "base": "wethology:entity/land/mountainsheep/mountainsheep-male" },
    "creature-mountainsheep-female": { "base": "wethology:entity/land/mountainsheep/mountainsheep-female" },
    "creature-mountainsheep-lamb": { "base": "wethology:entity/land/mountainsheep/mountainsheep-lamb" },
    "creature-mountaingoat-male": { "base": "wethology:entity/land/mountaingoat/mountaingoat-male" },
    "creature-mountaingoat-female": { "base": "wethology:entity/land/mountaingoat/mountaingoat-female" },
    "creature-mountaingoat-kid": { "base": "wethology:entity/land/mountaingoat/mountaingoat-kid" },
    "creature-bearded-dragon": { "base": "wethology:entity/land/dragon/bearded-dragon" },
    "creature-catfish-catfish-*": { "base": "wethology:entity/water/fish/catfish-medium" },
    "creature-catfish-ripsaw_catfish-*": { "base": "wethology:entity/water/fish/ripsaw_catfish-medium" },
    "creature-piranha-*": { "base": "wethology:entity/water/fish/piranha-medium" },
    "creature-fish-snakehead-*": { "base": "wethology:entity/water/fish/snakehead-medium" },
    "creature-fish-sea_bass-*": { "base": "wethology:entity/water/fish/sea_bass-medium" },
    "creature-fish-bass-*": { "base": "wethology:entity/water/fish/bass-medium" },
    "creature-fish-sunfish-*": { "base": "wethology:entity/water/fish/sunfish-medium" },
    "creature-fish-coral_fish-*": { "base": "wethology:entity/water/fish/coral_fish-medium" },
    "creature-fish-salmon-*": { "base": "wethology:entity/water/fish/salmon-medium" },
    "creature-fish-trout-*": { "base": "wethology:entity/water/fish/trout-medium" },
    "creature-stingray-fresh-*": { "base": "wethology:entity/water/stingray/stingray_fresh-medium" },
    "creature-stingray-sea-*": { "base": "wethology:entity/water/stingray/stingray_sea-medium" },
    "creature-eel": { "base": "wethology:entity/water/eel/eel" },
    "creature-boxjellyfish": { "base": "wethology:entity/water/jellyfish/box-jellyfish" },
    "creature-caiman-caiman": { "base": "wethology:entity/water/caiman/caiman" },
    "creature-caiman-black-caiman": { "base": "wethology:entity/water/caiman/black-caiman" }
  },
  "textureByType": {
    "creature-mountainsheep-male": { "base": "wethology:entity/land/mountainsheep/mountainsheep" },
    "creature-mountainsheep-female": { "base": "wethology:entity/land/mountainsheep/mountainsheep" },
    "creature-mountainsheep-lamb": { "base": "wethology:entity/land/mountainsheep/mountainsheep" },
    "creature-mountaingoat-male": { "base": "wethology:entity/land/mountaingoat/mountaingoat" },
    "creature-mountaingoat-female": { "base": "wethology:entity/land/mountaingoat/mountaingoat" },
    "creature-mountaingoat-kid": { "base": "wethology:entity/land/mountaingoat/mountaingoat" },
    "creature-bearded-dragon": { "base": "wethology:entity/land/dragon/bearded-dragon" },
    "creature-catfish-catfish-*": { "base": "wethology:entity/water/fish/catfish/catfish1" },
    "creature-catfish-ripsaw_catfish-*": { "base": "wethology:entity/water/fish/catfish/catfish1" },
    "creature-piranha-*": { "base": "wethology:entity/water/fish/piranha/piranha1" },
    "creature-fish-snakehead-*": { "base": "wethology:entity/water/fish/snakehead/snakehead1" },
    "creature-fish-sea_bass-*": { "base": "wethology:entity/water/fish/sea_bass/sea_bass1" },
    "creature-fish-bass-*": { "base": "wethology:entity/water/fish/bass/bass1" },
    "creature-fish-sunfish-*": { "base": "wethology:entity/water/fish/sunfish/sunfish1" },
    "creature-fish-coral_fish-*": { "base": "wethology:entity/water/fish/coral_fish/coral_fish1" },
    "creature-fish-salmon-*": { "base": "wethology:entity/water/fish/salmon/salmon" },
    "creature-fish-trout-*": { "base": "wethology:entity/water/fish/trout/trout1" },
    "creature-stingray-fresh-*": { "base": "wethology:entity/water/stingray/stingray2" },
    "creature-stingray-sea-*": { "base": "wethology:entity/water/stingray/stingray1" },
    "creature-eel-eel": { "base": "wethology:entity/water/eel/eel" },
    "creature-boxjellyfish": { "base": "wethology:entity/water/jellyfish/box-jellyfish" },
    "creature-caiman-caiman": { "base": "wethology:entity/water/caiman/caiman1" },
    "creature-caiman-black-caiman": { "base": "wethology:entity/water/caiman/caiman3" }
  },
  "creativeinventory": {
    "general": [ "*" ],
    "items": [ "*" ],
    "creatures": [ "*" ]
  },
  "materialDensity": 600,
  "guiTransform": {
    "translation": {
      "x": 0,
      "y": -1,
      "z": 0
    },
    "rotation": {
      "x": 0,
      "y": -117,
      "z": -180
    },
    "origin": {
      "x": 0.5,
      "y": 0.8,
      "z": 0.5
    },
    "scale": 0.8
  },
  "fpHandTransform": {
    "translation": {
      "x": -0.6,
      "y": -1.1,
      "z": -0.4
    },
    "rotation": {
      "x": -85,
      "y": -11,
      "z": 89
    },
    "origin": {
      "x": 0.5,
      "y": 1,
      "z": 0.5
    },
    "scale": 0.7
  },
  "groundTransform": {
    "translation": {
      "x": 0,
      "y": 0,
      "z": 0
    },
    "rotation": {
      "x": 90,
      "y": 0,
      "z": 0
    },
    "origin": {
      "x": 0.5,
      "y": 0.5,
      "z": 0.5299
    },
    "scale": 1.5
  }
}