{
  "ingredientPattern": "_P_,_T_,_P_",
  "ingredients": {
    "P": {
      "type": "item",
      "code": "game:plank-*",
      "name": "wood",
      "allowedVariants": ["birch", "oak", "maple", "pine", "acacia", "kapok", "baldcypress", "larch", "redwood", "ebony", "walnut", "purpleheart"]
    },
    "T": { "type": "item", "code": "game:flaxtwine", "quantity": 4 }
  },
  "width": 3,
  "height": 3,
  "output": {
    "type": "item",
    "code": "spinningwheel:hpflyshuttleloomheddle-{wood}",
    "quantity": 1
  }
}
