{
	"editor": {
		"collapsedPaths": ",Root/food,Root/large,Root/origin,Root/origin/main",
		"allAngles": false,
		"entityTextureMode": true
	},
	"textureWidth": 16,
	"textureHeight": 16,
	"textureSizes": {
		"fat": [8,8],
		"animalfat": [16,16]
	},
	"textures": {
		"ceramic": "block/clay/crock/ceramic"
	},
	"elements": [
		{
			"name": "Cube2",
			"from": [ 3.0, 0.0, 3.0 ],
			"to": [ 13.0, 0.5, 13.0 ],
			"autoUnwrap": false,
			"uv": [ 0.0, 0.0 ],
			"rotationOrigin": [ 3.0, 0.0, 3.0 ],
			"faces": {
				"north": { "texture": "#ceramic", "uv": [ 0.0, 8.0, 10.0, 8.5 ] },
				"east": { "texture": "#ceramic", "uv": [ 5.0, 8.0, 15.0, 8.5 ] },
				"south": { "texture": "#ceramic", "uv": [ 5.0, 4.0, 15.0, 4.5 ] },
				"west": { "texture": "#ceramic", "uv": [ 2.0, 8.0, 12.0, 8.5 ] },
				"up": { "texture": "#ceramic", "uv": [ 0.0, 0.0, 10.0, 10.0 ], "windMode": [-1,-1,-1,-1], "enabled": false },
				"down": { "texture": "#ceramic", "uv": [ 3.0, 0.0, 13.0, 10.0 ] }
			},
			"children": [
				{
					"name": "Cube3",
					"from": [ -0.5, 0.5, -0.5 ],
					"to": [ 0.0, 6.5, 10.5 ],
					"autoUnwrap": false,
					"uv": [ 0.0, 0.0 ],
					"rotationOrigin": [ -0.5, 0.5, -0.5 ],
					"faces": {
						"north": { "texture": "#ceramic", "uv": [ 1.5, 3.5, 2.0, 10.5 ] },
						"east": { "texture": "#ceramic", "uv": [ 1.0, 2.0, 12.0, 8.0 ], "windMode": [-1,-1,-1,-1], "enabled": false },
						"south": { "texture": "#ceramic", "uv": [ 8.5, 4.5, 9.0, 10.5 ] },
						"west": { "texture": "#ceramic", "uv": [ 5.0, 1.0, 16.0, 7.0 ] },
						"up": { "texture": "#ceramic", "uv": [ 0.0, 0.0, 0.5, 11.0 ] },
						"down": { "texture": "#ceramic", "uv": [ 0.5, 0.0, 1.0, 11.0 ] }
					}
				},
				{
					"name": "Cube4",
					"from": [ 10.0, 0.5, -0.5 ],
					"to": [ 10.5, 6.5, 10.5 ],
					"autoUnwrap": false,
					"uv": [ 0.0, 0.0 ],
					"rotationOrigin": [ 10.0, 0.5, -0.5 ],
					"faces": {
						"north": { "texture": "#ceramic", "uv": [ 1.5, 2.0, 2.0, 8.0 ] },
						"east": { "texture": "#ceramic", "uv": [ 0.5, 2.0, 11.5, 8.0 ] },
						"south": { "texture": "#ceramic", "uv": [ 7.5, 2.5, 8.0, 8.5 ] },
						"west": { "texture": "#ceramic", "uv": [ 6.5, 2.5, 17.5, 8.5 ], "windMode": [-1,-1,-1,-1], "enabled": false },
						"up": { "texture": "#ceramic", "uv": [ 0.0, 0.0, 0.5, 11.0 ] },
						"down": { "texture": "#ceramic", "uv": [ 0.5, 0.0, 1.0, 11.0 ] }
					}
				},
				{
					"name": "Cube5",
					"from": [ 0.0, 0.5, -0.5 ],
					"to": [ 10.0, 6.5, 0.0 ],
					"autoUnwrap": false,
					"uv": [ 0.0, 0.0 ],
					"rotationOrigin": [ 0.0, 0.5, -0.5 ],
					"faces": {
						"north": { "texture": "#ceramic", "uv": [ 0.0, 0.5, 10.0, 6.5 ] },
						"east": { "texture": "#ceramic", "uv": [ 9.0, 0.5, 9.5, 6.5 ] },
						"south": { "texture": "#ceramic", "uv": [ 7.0, 0.5, 17.0, 6.5 ], "windMode": [-1,-1,-1,-1], "enabled": false },
						"west": { "texture": "#ceramic", "uv": [ 10.5, 0.5, 11.0, 6.5 ] },
						"up": { "texture": "#ceramic", "uv": [ 0.0, 0.0, 10.0, 0.5 ] },
						"down": { "texture": "#ceramic", "uv": [ 6.0, 0.0, 16.0, 0.5 ] }
					}
				},
				{
					"name": "Cube6",
					"from": [ 0.0, 0.5, 10.0 ],
					"to": [ 10.0, 6.5, 10.5 ],
					"autoUnwrap": false,
					"uv": [ 0.0, 0.0 ],
					"rotationOrigin": [ 0.0, 0.5, 10.0 ],
					"faces": {
						"north": { "texture": "#ceramic", "uv": [ 0.0, 0.5, 10.0, 6.5 ], "windMode": [-1,-1,-1,-1], "enabled": false },
						"east": { "texture": "#ceramic", "uv": [ 9.0, 0.5, 9.5, 6.5 ] },
						"south": { "texture": "#ceramic", "uv": [ 4.5, 0.5, 14.5, 6.5 ] },
						"west": { "texture": "#ceramic", "uv": [ 13.5, 0.5, 14.0, 6.5 ] },
						"up": { "texture": "#ceramic", "uv": [ 0.0, 0.0, 10.0, 0.5 ] },
						"down": { "texture": "#ceramic", "uv": [ 5.0, 0.0, 15.0, 0.5 ] }
					}
				},
				{
					"name": "Cube7",
					"from": [ 0.0, 6.5, 0.5 ],
					"to": [ 0.5, 7.2, 9.5 ],
					"uv": [ 0.0, 0.0 ],
					"rotationOrigin": [ 0.0, 6.5, 0.5 ],
					"faces": {
						"north": { "texture": "#ceramic", "uv": [ 0.0, 9.0, 0.5, 9.5 ] },
						"east": { "texture": "#ceramic", "uv": [ 0.5, 7.0, 9.5, 7.5 ], "windMode": [-1,-1,-1,-1] },
						"south": { "texture": "#ceramic", "uv": [ 0.5, 9.0, 1.0, 9.5 ] },
						"west": { "texture": "#ceramic", "uv": [ 1.0, 9.0, 10.0, 9.5 ] },
						"up": { "texture": "#ceramic", "uv": [ 0.0, 0.0, 0.5, 9.0 ] },
						"down": { "texture": "#ceramic", "uv": [ 0.5, 0.0, 1.0, 9.0 ] }
					}
				},
				{
					"name": "Cube11",
					"from": [ 0.0, 6.5, 9.5 ],
					"to": [ 10.0, 7.2, 10.0 ],
					"autoUnwrap": false,
					"uv": [ 0.0, 0.0 ],
					"rotationOrigin": [ 0.0, 6.5, 9.5 ],
					"faces": {
						"north": { "texture": "#ceramic", "uv": [ 0.0, 0.5, 10.0, 1.0 ], "windMode": [-1,-1,-1,-1] },
						"east": { "texture": "#ceramic", "uv": [ 8.0, 0.5, 8.5, 1.0 ] },
						"south": { "texture": "#ceramic", "uv": [ 4.5, 2.5, 14.5, 3.0 ] },
						"west": { "texture": "#ceramic", "uv": [ 11.5, 0.5, 12.0, 1.0 ] },
						"up": { "texture": "#ceramic", "uv": [ 0.0, 0.0, 10.0, 0.5 ] },
						"down": { "texture": "#ceramic", "uv": [ 5.0, 0.0, 15.0, 0.5 ] }
					}
				},
				{
					"name": "Cube12",
					"from": [ 0.0, 6.5, 0.0 ],
					"to": [ 10.0, 7.2, 0.5 ],
					"autoUnwrap": false,
					"uv": [ 0.0, 0.0 ],
					"rotationOrigin": [ 0.0, 6.5, 0.0 ],
					"faces": {
						"north": { "texture": "#ceramic", "uv": [ 0.0, 0.5, 10.0, 1.0 ] },
						"east": { "texture": "#ceramic", "uv": [ 8.0, 0.5, 8.5, 1.0 ] },
						"south": { "texture": "#ceramic", "uv": [ 4.5, 0.5, 14.5, 1.0 ], "windMode": [-1,-1,-1,-1] },
						"west": { "texture": "#ceramic", "uv": [ 12.5, 0.5, 13.0, 1.0 ] },
						"up": { "texture": "#ceramic", "uv": [ 0.0, 0.0, 10.0, 0.5 ] },
						"down": { "texture": "#ceramic", "uv": [ 5.0, 0.0, 15.0, 0.5 ] }
					}
				},
				{
					"name": "Cube13",
					"from": [ 9.5, 6.5, 0.5 ],
					"to": [ 10.0, 7.2, 9.5 ],
					"uv": [ 0.0, 0.0 ],
					"rotationOrigin": [ 9.5, 6.5, 0.5 ],
					"faces": {
						"north": { "texture": "#ceramic", "uv": [ 0.0, 9.0, 0.5, 9.5 ] },
						"east": { "texture": "#ceramic", "uv": [ 0.5, 9.0, 9.5, 9.5 ] },
						"south": { "texture": "#ceramic", "uv": [ 9.5, 9.0, 10.0, 9.5 ] },
						"west": { "texture": "#ceramic", "uv": [ 8.0, 7.0, 15.0, 7.5 ], "autoUv": false, "windMode": [-1,-1,-1,-1] },
						"up": { "texture": "#ceramic", "uv": [ 0.0, 0.0, 0.5, 9.0 ] },
						"down": { "texture": "#ceramic", "uv": [ 0.5, 0.0, 1.0, 9.0 ] }
					}
				},
				{
					"name": "Cube20",
					"from": [ 3.0, 5.1, 10.5 ],
					"to": [ 7.0, 5.3, 10.6 ],
					"uv": [ 0.0, 0.0 ],
					"rotationOrigin": [ 4.0, 5.1, 10.5 ],
					"faces": {
						"north": { "texture": "#ceramic", "uv": [ 0.0, 0.5, 4.0, 1.0 ] },
						"east": { "texture": "#ceramic", "uv": [ 4.0, 0.5, 4.5, 1.0 ] },
						"south": { "texture": "#ceramic", "uv": [ 4.5, 0.5, 8.5, 1.0 ] },
						"west": { "texture": "#ceramic", "uv": [ 8.5, 0.5, 9.0, 1.0 ] },
						"up": { "texture": "#ceramic", "uv": [ 0.0, 0.0, 4.0, 0.5 ] },
						"down": { "texture": "#ceramic", "uv": [ 4.0, 0.0, 8.0, 0.5 ] }
					}
				},
				{
					"name": "Cube21",
					"from": [ 3.0, 2.4, 10.5 ],
					"to": [ 7.0, 2.6, 10.6 ],
					"uv": [ 0.0, 0.0 ],
					"rotationOrigin": [ 4.0, 2.4, 10.5 ],
					"faces": {
						"north": { "texture": "#ceramic", "uv": [ 0.0, 0.5, 4.0, 1.0 ] },
						"east": { "texture": "#ceramic", "uv": [ 4.0, 0.5, 4.5, 1.0 ] },
						"south": { "texture": "#ceramic", "uv": [ 4.5, 0.5, 8.5, 1.0 ] },
						"west": { "texture": "#ceramic", "uv": [ 8.5, 0.5, 9.0, 1.0 ] },
						"up": { "texture": "#ceramic", "uv": [ 0.0, 0.0, 4.0, 0.5 ] },
						"down": { "texture": "#ceramic", "uv": [ 4.0, 0.0, 8.0, 0.5 ] }
					}
				},
				{
					"name": "Cube22",
					"from": [ 2.8, 2.4, 10.5 ],
					"to": [ 3.0, 5.3, 10.6 ],
					"uv": [ 0.0, 0.0 ],
					"rotationOrigin": [ 3.8, 2.4, 10.5 ],
					"faces": {
						"north": { "texture": "#ceramic", "uv": [ 0.0, 0.5, 0.5, 3.0 ] },
						"east": { "texture": "#ceramic", "uv": [ 0.5, 0.5, 1.0, 3.0 ] },
						"south": { "texture": "#ceramic", "uv": [ 1.0, 0.5, 1.5, 3.0 ] },
						"west": { "texture": "#ceramic", "uv": [ 1.5, 0.5, 2.0, 3.0 ] },
						"up": { "texture": "#ceramic", "uv": [ 0.0, 0.0, 0.5, 0.5 ] },
						"down": { "texture": "#ceramic", "uv": [ 0.5, 0.0, 1.0, 0.5 ] }
					}
				},
				{
					"name": "Cube24",
					"from": [ 7.0, 2.4, 10.5 ],
					"to": [ 7.2, 5.3, 10.6 ],
					"uv": [ 0.0, 0.0 ],
					"rotationOrigin": [ 8.0, 2.4, 10.5 ],
					"faces": {
						"north": { "texture": "#ceramic", "uv": [ 0.0, 0.5, 0.5, 3.0 ] },
						"east": { "texture": "#ceramic", "uv": [ 0.5, 0.5, 1.0, 3.0 ] },
						"south": { "texture": "#ceramic", "uv": [ 1.0, 0.5, 1.5, 3.0 ] },
						"west": { "texture": "#ceramic", "uv": [ 1.5, 0.5, 2.0, 3.0 ] },
						"up": { "texture": "#ceramic", "uv": [ 0.0, 0.0, 0.5, 0.5 ] },
						"down": { "texture": "#ceramic", "uv": [ 0.5, 0.0, 1.0, 0.5 ] }
					}
				}
			]
		},
		{
			"name": "Cube14",
			"from": [ 2.5, 7.2, 2.5 ],
			"to": [ 13.5, 7.7, 13.5 ],
			"autoUnwrap": false,
			"uv": [ 0.0, 0.0 ],
			"rotationOrigin": [ 2.5, 7.2, 2.5 ],
			"faces": {
				"north": { "texture": "#ceramic", "uv": [ 0.0, 9.0, 11.0, 9.5 ] },
				"east": { "texture": "#ceramic", "uv": [ 5.0, 8.5, 16.0, 9.0 ] },
				"south": { "texture": "#ceramic", "uv": [ 4.0, 9.0, 15.0, 9.5 ] },
				"west": { "texture": "#ceramic", "uv": [ 4.0, 9.0, 15.0, 9.5 ] },
				"up": { "texture": "#ceramic", "uv": [ 0.0, 0.0, 11.0, 11.0 ] },
				"down": { "texture": "#ceramic", "uv": [ 5.0, 0.0, 16.0, 11.0 ] }
			},
			"children": [
				{
					"name": "Cube15",
					"from": [ 4.0, 2.0, 4.9 ],
					"to": [ 7.0, 2.5, 5.9 ],
					"uv": [ 0.0, 0.0 ],
					"rotationOrigin": [ 4.0, 2.0, 4.9 ],
					"faces": {
						"north": { "texture": "#ceramic", "uv": [ 0.0, 1.0, 3.0, 1.5 ] },
						"east": { "texture": "#ceramic", "uv": [ 3.0, 1.0, 4.0, 1.5 ] },
						"south": { "texture": "#ceramic", "uv": [ 4.0, 1.0, 7.0, 1.5 ] },
						"west": { "texture": "#ceramic", "uv": [ 7.0, 1.0, 8.0, 1.5 ] },
						"up": { "texture": "#ceramic", "uv": [ 0.0, 0.0, 3.0, 1.0 ] },
						"down": { "texture": "#ceramic", "uv": [ 3.0, 0.0, 6.0, 1.0 ] }
					}
				},
				{
					"name": "Cube17",
					"from": [ 4.0, 1.02, 4.9 ],
					"to": [ 4.5, 2.02, 5.9 ],
					"uv": [ 0.0, 0.0 ],
					"rotationOrigin": [ 4.0, 1.0, 4.9 ],
					"faces": {
						"north": { "texture": "#ceramic", "uv": [ 0.0, 1.0, 0.5, 2.0 ] },
						"east": { "texture": "#ceramic", "uv": [ 0.5, 1.0, 1.5, 2.0 ] },
						"south": { "texture": "#ceramic", "uv": [ 1.5, 1.0, 2.0, 2.0 ] },
						"west": { "texture": "#ceramic", "uv": [ 2.0, 1.0, 3.0, 2.0 ] },
						"up": { "texture": "#ceramic", "uv": [ 0.0, 0.0, 0.5, 1.0 ] },
						"down": { "texture": "#ceramic", "uv": [ 0.5, 0.0, 1.0, 1.0 ] }
					}
				},
				{
					"name": "Cube18",
					"from": [ 6.5, 1.02, 4.9 ],
					"to": [ 7.0, 2.02, 5.9 ],
					"uv": [ 0.0, 0.0 ],
					"rotationOrigin": [ 6.5, 1.0, 4.9 ],
					"faces": {
						"north": { "texture": "#ceramic", "uv": [ 0.0, 1.0, 0.5, 2.0 ] },
						"east": { "texture": "#ceramic", "uv": [ 0.5, 1.0, 1.5, 2.0 ] },
						"south": { "texture": "#ceramic", "uv": [ 1.5, 1.0, 2.0, 2.0 ] },
						"west": { "texture": "#ceramic", "uv": [ 2.0, 1.0, 3.0, 2.0 ] },
						"up": { "texture": "#ceramic", "uv": [ 0.0, 0.0, 0.5, 1.0 ] },
						"down": { "texture": "#ceramic", "uv": [ 0.5, 0.0, 1.0, 1.0 ] }
					}
				},
				{
					"name": "Cube16",
					"from": [ 2.5, 0.5, 2.5 ],
					"to": [ 8.5, 1.0, 8.5 ],
					"autoUnwrap": false,
					"uv": [ 0.0, 0.0 ],
					"rotationOrigin": [ 2.5, 0.5, 2.5 ],
					"faces": {
						"north": { "texture": "#ceramic", "uv": [ 0.0, 9.0, 6.0, 9.5 ] },
						"east": { "texture": "#ceramic", "uv": [ 5.0, 8.5, 11.0, 9.0 ] },
						"south": { "texture": "#ceramic", "uv": [ 4.0, 9.0, 10.0, 9.5 ] },
						"west": { "texture": "#ceramic", "uv": [ 4.0, 9.0, 10.0, 9.5 ] },
						"up": { "texture": "#ceramic", "uv": [ 0.0, 0.0, 6.0, 6.0 ] },
						"down": { "texture": "#ceramic", "uv": [ 5.0, 0.0, 11.0, 6.0 ] }
					}
				}
			]
		}
	]}