[
  {
    "op": "replace",
    "path": "/server/behaviors/6/drops/0/quantity/var",
    "value": 4.5,
    "file": "game:entities/land/pig-wild-male.json",
    "side": "Server"
  },
  {
    "op": "replace",
    "path": "/server/behaviors/6/drops/2/quantity/var",
    "value": 5,
    "file": "game:entities/land/pig-wild-male.json",
    "side": "Server"
  },
  {
    "op": "remove",
    "path": "/server/behaviors/9/aitasks/0",
    "file": "game:entities/land/pig-wild-male.json",
    "side": "Server"
  },
  {
    "op": "replace",
    "path": "/server/behaviors/9/aitasks/0",
    "value": {
      "code": "meleeattack",
      "entityCodes": [
        "player"
      ],
      "priority": 2,
      "damage": 5,
      "damageTier": 1,
      "mincooldown": 2500,
      "maxcooldown": 3500,
      "attackDurationMs": 900,
      "damagePlayerAtMs": 300,
      "animation": "Attack",
      "animationSpeed": 2,
      "sound": "creature/pig/attack",
      "tamingGenerations": 1,
      "whenNotInEmotionState": "aggressiveondamage|aggressivearoundentities"
    },
    "file": "game:entities/land/pig-wild-male.json",
    "side": "Server"
  },
  {
    "op": "add",
    "path": "/server/behaviors/9/aitasks/1",
    "value": {
      "code": "meleeattack",
      "entityCodes": [
        "player"
      ],
      "priority": 2,
      "damage": 5,
      "damageTier": 1,
      "mincooldown": 2500,
      "maxcooldown": 3500,
      "attackDurationMs": 900,
      "damagePlayerAtMs": 300,
      "animation": "Attack",
      "animationSpeed": 2,
      "sound": "creature/pig/attack",
      "whenInEmotionState": "aggressiveondamage|aggressivearoundentities"
    },
    "file": "game:entities/land/pig-wild-male.json",
    "side": "Server"
  },
  {
    "op": "add",
    "path": "/server/behaviors/9/aitasks/2",
    "value": {
      "code": "seekentity",
      "entityCodes": [
        "player"
      ],
      "priority": 1.5,
      "mincooldown": 1000,
      "maxcooldown": 1500,
      "seekingRange": 25,
      "movespeed": 0.037,
      "animation": "Run",
      "animationSpeed": 5,
      "whenInEmotionState": "aggressiveondamage|aggressivearoundentities"
    },
    "file": "game:entities/land/pig-wild-male.json",
    "side": "Server"
  },
  {
    "op": "add",
    "path": "/server/behaviors/9/aitasks/3",
    "value": {
      "code": "seekentity",
      "entityCodes": [
        "player"
      ],
      "priority": 1.5,
      "mincooldown": 1000,
      "maxcooldown": 1500,
      "seekingRange": 9,
      "movespeed": 0.037,
      "animation": "Run",
      "animationSpeed": 5,
      "whenNotInEmotionState": "aggressiveondamage|aggressivearoundentities"
    },
    "file": "game:entities/land/pig-wild-male.json",
    "side": "Server"
  },
  {
    "op": "replace",
    "path": "/server/spawnconditions/runtime/minForestOrShrubs",
    "value": 0.65,
    "file": "game:entities/land/pig-wild-male.json",
    "side": "Server"
  },
  {
    "op": "replace",
    "path": "/server/spawnconditions/runtime/minTemp",
    "value": 0,
    "file": "game:entities/land/pig-wild-male.json",
    "side": "Server"
  },
  {
    "op": "remove",
    "path": "/server/spawnconditions/worldgen/minForest",
    "file": "game:entities/land/pig-wild-male.json",
    "side": "Server"
  },
  {
    "op": "add",
    "path": "/server/spawnconditions/worldgen/minForestorShrubs",
    "value": 0.65,
    "file": "game:entities/land/pig-wild-male.json",
    "side": "Server"
  },
  {
    "op": "replace",
    "path": "/server/spawnconditions/worldgen/minTemp",
    "value": 0,
    "file": "game:entities/land/pig-wild-male.json",
    "side": "Server"
  }
]