[
  {
    "op": "replace",
    "path": "/10/attributes/height/avg",
    "value": 10,
    "file": "game:worldgen/blockpatches/aquatic.json",
    "side": "Server"
  },
  {
    "op": "replace",
    "path": "/10/maxWaterDepth",
    "value": 150,
    "file": "game:worldgen/blockpatches/aquatic.json",
    "side": "Server"
  },
  {
    "op": "replace",
    "path": "/10/minWaterDepth",
    "value": 20,
    "file": "game:worldgen/blockpatches/aquatic.json",
    "side": "Server"
  },
  {
    "op": "replace",
    "path": "/11/attributes/height/var",
    "value": 10,
    "file": "game:worldgen/blockpatches/aquatic.json",
    "side": "Server"
  },
  {
    "op": "replace",
    "path": "/11/maxWaterDepth",
    "value": 75,
    "file": "game:worldgen/blockpatches/aquatic.json",
    "side": "Server"
  }
]