[
  {
    "op": "remove",
    "path": "/server/behaviors/9/aitasks/1",
    "file": "game:entities/land/sheep-bighorn-male.json",
    "side": "Server"
  },
  {
    "op": "replace",
    "path": "/server/behaviors/9/aitasks/1",
    "value": {
      "code": "seekentity",
      "entityCodes": [
        "player"
      ],
      "priority": 1.5,
      "mincooldown": 1000,
      "maxcooldown": 1500,
      "seekingRange": 7,
      "movespeed": 0.05,
      "animation": "Run",
      "animationSpeed": 2.5,
      "whenInEmotionState": "aggressiveondamage"
    },
    "file": "game:entities/land/sheep-bighorn-male.json",
    "side": "Server"
  },
  {
    "op": "add",
    "path": "/server/behaviors/9/aitasks/2",
    "value": {
      "code": "fleeentity",
      "entityCodes": [
        "player",
        "bear-*"
      ],
      "priority": 1.5,
      "movespeed": 0.062,
      "seekingRange": 27,
      "animation": "Run",
      "animationSpeed": 3.7,
      "sound": "creature/sheep/hurt2",
      "tamingGenerations": 1,
      "whenNotInEmotionState": "fleeondamage"
    },
    "file": "game:entities/land/sheep-bighorn-male.json",
    "side": "Server"
  },
  {
    "op": "add",
    "path": "/server/behaviors/9/aitasks/3",
    "value": {
      "code": "fleeentity",
      "entityCodes": [
        "player",
        "bear-*"
      ],
      "priority": 1.5,
      "movespeed": 0.062,
      "seekingRange": 35,
      "animation": "Run",
      "animationSpeed": 3.7,
      "sound": "creature/sheep/hurt2",
      "whenInEmotionState": "fleeondamage"
    },
    "file": "game:entities/land/sheep-bighorn-male.json",
    "side": "Server"
  }
]