[
  {
    "op": "replace",
    "path": "/server/spawnconditions/runtime/chanceByType/*-acmonbluefemale",
    "value": 0.015,
    "file": "game:entities/air/butterfly.json",
    "side": "Server"
  },
  {
    "op": "replace",
    "path": "/server/spawnconditions/runtime/chanceByType/*-acmonbluemale",
    "value": 0.015,
    "file": "game:entities/air/butterfly.json",
    "side": "Server"
  },
  {
    "op": "replace",
    "path": "/server/spawnconditions/runtime/chanceByType/*-aegamorphobluefemale",
    "value": 0.00015,
    "file": "game:entities/air/butterfly.json",
    "side": "Server"
  },
  {
    "op": "replace",
    "path": "/server/spawnconditions/runtime/chanceByType/*-aegamorphobrownfemale",
    "value": 0.01,
    "file": "game:entities/air/butterfly.json",
    "side": "Server"
  },
  {
    "op": "replace",
    "path": "/server/spawnconditions/runtime/chanceByType/*-aegamorphomale",
    "value": 0.005,
    "file": "game:entities/air/butterfly.json",
    "side": "Server"
  },
  {
    "op": "replace",
    "path": "/server/spawnconditions/runtime/chanceByType/*-africancloudedyellowmale",
    "value": 0.01,
    "file": "game:entities/air/butterfly.json",
    "side": "Server"
  },
  {
    "op": "replace",
    "path": "/server/spawnconditions/runtime/chanceByType/*-africanmapwing",
    "value": 0.005,
    "file": "game:entities/air/butterfly.json",
    "side": "Server"
  },
  {
    "op": "replace",
    "path": "/server/spawnconditions/runtime/chanceByType/*-amberphantom",
    "value": 0.005,
    "file": "game:entities/air/butterfly.json",
    "side": "Server"
  },
  {
    "op": "replace",
    "path": "/server/spawnconditions/runtime/chanceByType/*-arcticwhitefemale",
    "value": 0.01,
    "file": "game:entities/air/butterfly.json",
    "side": "Server"
  },
  {
    "op": "replace",
    "path": "/server/spawnconditions/runtime/chanceByType/*-arcticwhitemale",
    "value": 0.00015,
    "file": "game:entities/air/butterfly.json",
    "side": "Server"
  },
  {
    "op": "replace",
    "path": "/server/spawnconditions/runtime/chanceByType/*-atlasmothfemale",
    "value": 0.0015,
    "file": "game:entities/air/butterfly.json",
    "side": "Server"
  },
  {
    "op": "replace",
    "path": "/server/spawnconditions/runtime/chanceByType/*-atlasmothmale",
    "value": 0.0015,
    "file": "game:entities/air/butterfly.json",
    "side": "Server"
  },
  {
    "op": "replace",
    "path": "/server/spawnconditions/runtime/chanceByType/*-bloodredglidermale",
    "value": 0.0015,
    "file": "game:entities/air/butterfly.json",
    "side": "Server"
  },
  {
    "op": "replace",
    "path": "/server/spawnconditions/runtime/chanceByType/*-bloodredgliderpalefemale",
    "value": 0.005,
    "file": "game:entities/air/butterfly.json",
    "side": "Server"
  },
  {
    "op": "replace",
    "path": "/server/spawnconditions/runtime/chanceByType/*-bloodredgliderredfemale",
    "value": 0.00015,
    "file": "game:entities/air/butterfly.json",
    "side": "Server"
  },
  {
    "op": "replace",
    "path": "/server/spawnconditions/runtime/chanceByType/*-blueadmiral",
    "value": 0.0015,
    "file": "game:entities/air/butterfly.json",
    "side": "Server"
  },
  {
    "op": "replace",
    "path": "/server/spawnconditions/runtime/chanceByType/*-bluepansyfemale",
    "value": 0.01,
    "file": "game:entities/air/butterfly.json",
    "side": "Server"
  },
  {
    "op": "replace",
    "path": "/server/spawnconditions/runtime/chanceByType/*-borderedrusticfemale",
    "value": 0.005,
    "file": "game:entities/air/butterfly.json",
    "side": "Server"
  },
  {
    "op": "replace",
    "path": "/server/spawnconditions/runtime/chanceByType/*-brownhairstreakfemale",
    "value": 0.005,
    "file": "game:entities/air/butterfly.json",
    "side": "Server"
  },
  {
    "op": "replace",
    "path": "/server/spawnconditions/runtime/chanceByType/*-brownhairstreakmale",
    "value": 0.005,
    "file": "game:entities/air/butterfly.json",
    "side": "Server"
  },
  {
    "op": "replace",
    "path": "/server/spawnconditions/runtime/chanceByType/*-cardinalapollofemale",
    "value": 0.015,
    "file": "game:entities/air/butterfly.json",
    "side": "Server"
  },
  {
    "op": "replace",
    "path": "/server/spawnconditions/runtime/chanceByType/*-cardinalapollomale",
    "value": 0.005,
    "file": "game:entities/air/butterfly.json",
    "side": "Server"
  },
  {
    "op": "replace",
    "path": "/server/spawnconditions/runtime/chanceByType/*-checkeredwhitefemale",
    "value": 0.015,
    "file": "game:entities/air/butterfly.json",
    "side": "Server"
  },
  {
    "op": "replace",
    "path": "/server/spawnconditions/runtime/chanceByType/*-checkeredwhitemale",
    "value": 0.015,
    "file": "game:entities/air/butterfly.json",
    "side": "Server"
  },
  {
    "op": "replace",
    "path": "/server/spawnconditions/runtime/chanceByType/*-chestnuttiger",
    "value": 0.01,
    "file": "game:entities/air/butterfly.json",
    "side": "Server"
  },
  {
    "op": "replace",
    "path": "/server/spawnconditions/runtime/chanceByType/*-chocolatealbatrossdryseasonmale",
    "value": 0.01,
    "file": "game:entities/air/butterfly.json",
    "side": "Server"
  },
  {
    "op": "replace",
    "path": "/server/spawnconditions/runtime/chanceByType/*-chocolatealbatrosswetseasonfemale",
    "value": 0.005,
    "file": "game:entities/air/butterfly.json",
    "side": "Server"
  },
  {
    "op": "replace",
    "path": "/server/spawnconditions/runtime/chanceByType/*-chocolatealbatrosswetseasonmale",
    "value": 0.01,
    "file": "game:entities/air/butterfly.json",
    "side": "Server"
  },
  {
    "op": "replace",
    "path": "/server/spawnconditions/runtime/chanceByType/*-cleopatrafemale",
    "value": 0.015,
    "file": "game:entities/air/butterfly.json",
    "side": "Server"
  },
  {
    "op": "replace",
    "path": "/server/spawnconditions/runtime/chanceByType/*-cleopatramale",
    "value": 0.015,
    "file": "game:entities/air/butterfly.json",
    "side": "Server"
  },
  {
    "op": "replace",
    "path": "/server/spawnconditions/runtime/chanceByType/*-cloudedapollofemale",
    "value": 0.015,
    "file": "game:entities/air/butterfly.json",
    "side": "Server"
  },
  {
    "op": "replace",
    "path": "/server/spawnconditions/runtime/chanceByType/*-cloudedapollomale",
    "value": 0.0015,
    "file": "game:entities/air/butterfly.json",
    "side": "Server"
  },
  {
    "op": "replace",
    "path": "/server/spawnconditions/runtime/chanceByType/*-comma",
    "value": 0.015,
    "file": "game:entities/air/butterfly.json",
    "side": "Server"
  },
  {
    "op": "replace",
    "path": "/server/spawnconditions/runtime/chanceByType/*-commaabdilutus",
    "value": 0.00015,
    "file": "game:entities/air/butterfly.json",
    "side": "Server"
  },
  {
    "op": "replace",
    "path": "/server/spawnconditions/runtime/chanceByType/*-commonbrimstonefemale",
    "value": 0.01,
    "file": "game:entities/air/butterfly.json",
    "side": "Server"
  },
  {
    "op": "replace",
    "path": "/server/spawnconditions/runtime/chanceByType/*-commonbrimstonemale",
    "value": 0.015,
    "file": "game:entities/air/butterfly.json",
    "side": "Server"
  },
  {
    "op": "replace",
    "path": "/server/spawnconditions/runtime/chanceByType/*-commongreenbirdwingfemale",
    "value": 0.01,
    "file": "game:entities/air/butterfly.json",
    "side": "Server"
  },
  {
    "op": "replace",
    "path": "/server/spawnconditions/runtime/chanceByType/*-commongreenbirdwingmale",
    "value": 0.0015,
    "file": "game:entities/air/butterfly.json",
    "side": "Server"
  },
  {
    "op": "replace",
    "path": "/server/spawnconditions/runtime/chanceByType/*-commongreencharaxes",
    "value": 0.0015,
    "file": "game:entities/air/butterfly.json",
    "side": "Server"
  },
  {
    "op": "replace",
    "path": "/server/spawnconditions/runtime/chanceByType/*-commonmestra",
    "value": 0.01,
    "file": "game:entities/air/butterfly.json",
    "side": "Server"
  },
  {
    "op": "replace",
    "path": "/server/spawnconditions/runtime/chanceByType/*-commonwhitegliderfemale",
    "value": 0.01,
    "file": "game:entities/air/butterfly.json",
    "side": "Server"
  },
  {
    "op": "replace",
    "path": "/server/spawnconditions/runtime/chanceByType/*-commonyellowswallowtailfemale",
    "value": 0.005,
    "file": "game:entities/air/butterfly.json",
    "side": "Server"
  },
  {
    "op": "replace",
    "path": "/server/spawnconditions/runtime/chanceByType/*-commonyellowswallowtailmale",
    "value": 0.005,
    "file": "game:entities/air/butterfly.json",
    "side": "Server"
  },
  {
    "op": "replace",
    "path": "/server/spawnconditions/runtime/chanceByType/*-cynthiasfritillarymale",
    "value": 0.015,
    "file": "game:entities/air/butterfly.json",
    "side": "Server"
  },
  {
    "op": "replace",
    "path": "/server/spawnconditions/runtime/chanceByType/*-darkbluepansy",
    "value": 0.0015,
    "file": "game:entities/air/butterfly.json",
    "side": "Server"
  },
  {
    "op": "replace",
    "path": "/server/spawnconditions/runtime/chanceByType/*-dawncloudedbutterflymale",
    "value": 0.005,
    "file": "game:entities/air/butterfly.json",
    "side": "Server"
  },
  {
    "op": "replace",
    "path": "/server/spawnconditions/runtime/chanceByType/*-dawncloudedbutterflywhitefemale",
    "value": 0.005,
    "file": "game:entities/air/butterfly.json",
    "side": "Server"
  },
  {
    "op": "replace",
    "path": "/server/spawnconditions/runtime/chanceByType/*-dawncloudedbutterflyyellowfemale",
    "value": 0.01,
    "file": "game:entities/air/butterfly.json",
    "side": "Server"
  },
  {
    "op": "replace",
    "path": "/server/spawnconditions/runtime/chanceByType/*-dottedglory",
    "value": 0.0015,
    "file": "game:entities/air/butterfly.json",
    "side": "Server"
  },
  {
    "op": "replace",
    "path": "/server/spawnconditions/runtime/chanceByType/*-easterncommasummerform",
    "value": 0.005,
    "file": "game:entities/air/butterfly.json",
    "side": "Server"
  },
  {
    "op": "replace",
    "path": "/server/spawnconditions/runtime/chanceByType/*-easterntigerswallowtaildarkfemale",
    "value": 0.0015,
    "file": "game:entities/air/butterfly.json",
    "side": "Server"
  },
  {
    "op": "replace",
    "path": "/server/spawnconditions/runtime/chanceByType/*-easterntigerswallowtailmale",
    "value": 0.005,
    "file": "game:entities/air/butterfly.json",
    "side": "Server"
  },
  {
    "op": "replace",
    "path": "/server/spawnconditions/runtime/chanceByType/*-edwardsforesterfemale",
    "value": 0.005,
    "file": "game:entities/air/butterfly.json",
    "side": "Server"
  },
  {
    "op": "replace",
    "path": "/server/spawnconditions/runtime/chanceByType/*-edwardsforestermale",
    "value": 0.005,
    "file": "game:entities/air/butterfly.json",
    "side": "Server"
  },
  {
    "op": "replace",
    "path": "/server/spawnconditions/runtime/chanceByType/*-emeraldswallowtail",
    "value": 0.0015,
    "file": "game:entities/air/butterfly.json",
    "side": "Server"
  },
  {
    "op": "replace",
    "path": "/server/spawnconditions/runtime/chanceByType/*-eroessachiliensisfemale",
    "value": 0.015,
    "file": "game:entities/air/butterfly.json",
    "side": "Server"
  },
  {
    "op": "replace",
    "path": "/server/spawnconditions/runtime/chanceByType/*-eroessachiliensismale",
    "value": 0.015,
    "file": "game:entities/air/butterfly.json",
    "side": "Server"
  },
  {
    "op": "replace",
    "path": "/server/spawnconditions/runtime/chanceByType/*-falsecomma",
    "value": 0.005,
    "file": "game:entities/air/butterfly.json",
    "side": "Server"
  },
  {
    "op": "replace",
    "path": "/server/spawnconditions/runtime/chanceByType/*-freyerspurpleemperormale",
    "value": 0.0015,
    "file": "game:entities/air/butterfly.json",
    "side": "Server"
  },
  {
    "op": "replace",
    "path": "/server/spawnconditions/runtime/chanceByType/*-gardentigermothmale",
    "value": 0.01,
    "file": "game:entities/air/butterfly.json",
    "side": "Server"
  },
  {
    "op": "replace",
    "path": "/server/spawnconditions/runtime/chanceByType/*-giantnorthernsulfurfemale",
    "value": 0.01,
    "file": "game:entities/air/butterfly.json",
    "side": "Server"
  },
  {
    "op": "replace",
    "path": "/server/spawnconditions/runtime/chanceByType/*-giantnorthernsulfurmale",
    "value": 0.01,
    "file": "game:entities/air/butterfly.json",
    "side": "Server"
  },
  {
    "op": "replace",
    "path": "/server/spawnconditions/runtime/chanceByType/*-godartsnumberwing",
    "value": 0.005,
    "file": "game:entities/air/butterfly.json",
    "side": "Server"
  },
  {
    "op": "replace",
    "path": "/server/spawnconditions/runtime/chanceByType/*-goldbandedforester",
    "value": 0.01,
    "file": "game:entities/air/butterfly.json",
    "side": "Server"
  },
  {
    "op": "replace",
    "path": "/server/spawnconditions/runtime/chanceByType/*-goldenbirdwingfemale",
    "value": 0.005,
    "file": "game:entities/air/butterfly.json",
    "side": "Server"
  },
  {
    "op": "replace",
    "path": "/server/spawnconditions/runtime/chanceByType/*-goldenbirdwingmale",
    "value": 0.01,
    "file": "game:entities/air/butterfly.json",
    "side": "Server"
  },
  {
    "op": "replace",
    "path": "/server/spawnconditions/runtime/chanceByType/*-goldenjezebelfemale",
    "value": 0.005,
    "file": "game:entities/air/butterfly.json",
    "side": "Server"
  },
  {
    "op": "replace",
    "path": "/server/spawnconditions/runtime/chanceByType/*-goldenjezebelmale",
    "value": 0.01,
    "file": "game:entities/air/butterfly.json",
    "side": "Server"
  },
  {
    "op": "replace",
    "path": "/server/spawnconditions/runtime/chanceByType/*-goliathbirdwingmale",
    "value": 0.0015,
    "file": "game:entities/air/butterfly.json",
    "side": "Server"
  },
  {
    "op": "replace",
    "path": "/server/spawnconditions/runtime/chanceByType/*-grapevineepimenis",
    "value": 0.005,
    "file": "game:entities/air/butterfly.json",
    "side": "Server"
  },
  {
    "op": "replace",
    "path": "/server/spawnconditions/runtime/chanceByType/*-grayhairstreak",
    "value": 0.01,
    "file": "game:entities/air/butterfly.json",
    "side": "Server"
  },
  {
    "op": "replace",
    "path": "/server/spawnconditions/runtime/chanceByType/*-graypansy",
    "value": 0.01,
    "file": "game:entities/air/butterfly.json",
    "side": "Server"
  },
  {
    "op": "replace",
    "path": "/server/spawnconditions/runtime/chanceByType/*-greenhairstreakmale",
    "value": 0.015,
    "file": "game:entities/air/butterfly.json",
    "side": "Server"
  },
  {
    "op": "replace",
    "path": "/server/spawnconditions/runtime/chanceByType/*-greenveinedwhitefemale",
    "value": 0.015,
    "file": "game:entities/air/butterfly.json",
    "side": "Server"
  },
  {
    "op": "replace",
    "path": "/server/spawnconditions/runtime/chanceByType/*-greenveinedwhitemale",
    "value": 0.015,
    "file": "game:entities/air/butterfly.json",
    "side": "Server"
  },
  {
    "op": "replace",
    "path": "/server/spawnconditions/runtime/chanceByType/*-ireniametalmark",
    "value": 0.01,
    "file": "game:entities/air/butterfly.json",
    "side": "Server"
  },
  {
    "op": "replace",
    "path": "/server/spawnconditions/runtime/chanceByType/*-juttaarctic",
    "value": 0.015,
    "file": "game:entities/air/butterfly.json",
    "side": "Server"
  },
  {
    "op": "replace",
    "path": "/server/spawnconditions/runtime/chanceByType/*-largebluefemale",
    "value": 0.01,
    "file": "game:entities/air/butterfly.json",
    "side": "Server"
  },
  {
    "op": "replace",
    "path": "/server/spawnconditions/runtime/chanceByType/*-largeorangesulphurfemale",
    "value": 0.015,
    "file": "game:entities/air/butterfly.json",
    "side": "Server"
  },
  {
    "op": "replace",
    "path": "/server/spawnconditions/runtime/chanceByType/*-largeorangesulphurmale",
    "value": 0.015,
    "file": "game:entities/air/butterfly.json",
    "side": "Server"
  },
  {
    "op": "replace",
    "path": "/server/spawnconditions/runtime/chanceByType/*-largeorangesulphurwhitefemale",
    "value": 0.015,
    "file": "game:entities/air/butterfly.json",
    "side": "Server"
  },
  {
    "op": "replace",
    "path": "/server/spawnconditions/runtime/chanceByType/*-largewhitefemale",
    "value": 0.015,
    "file": "game:entities/air/butterfly.json",
    "side": "Server"
  },
  {
    "op": "replace",
    "path": "/server/spawnconditions/runtime/chanceByType/*-largewhitemale",
    "value": 0.015,
    "file": "game:entities/air/butterfly.json",
    "side": "Server"
  },
  {
    "op": "replace",
    "path": "/server/spawnconditions/runtime/chanceByType/*-lemonemigrantalcmeoneformmale",
    "value": 0.015,
    "file": "game:entities/air/butterfly.json",
    "side": "Server"
  },
  {
    "op": "replace",
    "path": "/server/spawnconditions/runtime/chanceByType/*-lemonemigrantfemale",
    "value": 0.015,
    "file": "game:entities/air/butterfly.json",
    "side": "Server"
  },
  {
    "op": "replace",
    "path": "/server/spawnconditions/runtime/chanceByType/*-lemonemigranthilariaformmale",
    "value": 0.015,
    "file": "game:entities/air/butterfly.json",
    "side": "Server"
  },
  {
    "op": "replace",
    "path": "/server/spawnconditions/runtime/chanceByType/*-limehawkmoth",
    "value": 0.005,
    "file": "game:entities/air/butterfly.json",
    "side": "Server"
  },
  {
    "op": "replace",
    "path": "/server/spawnconditions/runtime/chanceByType/*-macrocosmamoth",
    "value": 0.01,
    "file": "game:entities/air/butterfly.json",
    "side": "Server"
  },
  {
    "op": "replace",
    "path": "/server/spawnconditions/runtime/chanceByType/*-madagascansunsetmoth",
    "value": 0.005,
    "file": "game:entities/air/butterfly.json",
    "side": "Server"
  },
  {
    "op": "replace",
    "path": "/server/spawnconditions/runtime/chanceByType/*-malachitebutterfly",
    "value": 0.015,
    "file": "game:entities/air/butterfly.json",
    "side": "Server"
  },
  {
    "op": "replace",
    "path": "/server/spawnconditions/runtime/chanceByType/*-mapbutterflymalespringform",
    "value": 0.01,
    "file": "game:entities/air/butterfly.json",
    "side": "Server"
  },
  {
    "op": "replace",
    "path": "/server/spawnconditions/runtime/chanceByType/*-mapbutterflymalesummerform",
    "value": 0.005,
    "file": "game:entities/air/butterfly.json",
    "side": "Server"
  },
  {
    "op": "replace",
    "path": "/server/spawnconditions/runtime/chanceByType/*-meadowbluemale",
    "value": 0.015,
    "file": "game:entities/air/butterfly.json",
    "side": "Server"
  },
  {
    "op": "replace",
    "path": "/server/spawnconditions/runtime/chanceByType/*-meadowbrownfemale",
    "value": 0.015,
    "file": "game:entities/air/butterfly.json",
    "side": "Server"
  },
  {
    "op": "replace",
    "path": "/server/spawnconditions/runtime/chanceByType/*-meadowbrownmale",
    "value": 0.015,
    "file": "game:entities/air/butterfly.json",
    "side": "Server"
  },
  {
    "op": "replace",
    "path": "/server/spawnconditions/runtime/chanceByType/*-mexicanmarbledwhitefemale",
    "value": 0.015,
    "file": "game:entities/air/butterfly.json",
    "side": "Server"
  },
  {
    "op": "replace",
    "path": "/server/spawnconditions/runtime/chanceByType/*-mexicanmarbledwhitemale",
    "value": 0.015,
    "file": "game:entities/air/butterfly.json",
    "side": "Server"
  },
  {
    "op": "replace",
    "path": "/server/spawnconditions/runtime/chanceByType/*-milbertstortoiseshellfemale",
    "value": 0.005,
    "file": "game:entities/air/butterfly.json",
    "side": "Server"
  },
  {
    "op": "replace",
    "path": "/server/spawnconditions/runtime/chanceByType/*-milbertstortoiseshellmale",
    "value": 0.005,
    "file": "game:entities/air/butterfly.json",
    "side": "Server"
  },
  {
    "op": "replace",
    "path": "/server/spawnconditions/runtime/chanceByType/*-monarch",
    "value": 0.015,
    "file": "game:entities/air/butterfly.json",
    "side": "Server"
  },
  {
    "op": "replace",
    "path": "/server/spawnconditions/runtime/chanceByType/*-morphoportis",
    "value": 0.005,
    "file": "game:entities/air/butterfly.json",
    "side": "Server"
  },
  {
    "op": "replace",
    "path": "/server/spawnconditions/runtime/chanceByType/*-mountainapollofemale",
    "value": 0.015,
    "file": "game:entities/air/butterfly.json",
    "side": "Server"
  },
  {
    "op": "replace",
    "path": "/server/spawnconditions/runtime/chanceByType/*-mourningcloak",
    "value": 0.0015,
    "file": "game:entities/air/butterfly.json",
    "side": "Server"
  },
  {
    "op": "replace",
    "path": "/server/spawnconditions/runtime/chanceByType/*-nessusleafwingfemale",
    "value": 0.0015,
    "file": "game:entities/air/butterfly.json",
    "side": "Server"
  },
  {
    "op": "replace",
    "path": "/server/spawnconditions/runtime/chanceByType/*-nessusleafwingmale",
    "value": 0.0015,
    "file": "game:entities/air/butterfly.json",
    "side": "Server"
  },
  {
    "op": "replace",
    "path": "/server/spawnconditions/runtime/chanceByType/*-northernbrownargusfemale",
    "value": 0.015,
    "file": "game:entities/air/butterfly.json",
    "side": "Server"
  },
  {
    "op": "replace",
    "path": "/server/spawnconditions/runtime/chanceByType/*-northernbrownargusmale",
    "value": 0.01,
    "file": "game:entities/air/butterfly.json",
    "side": "Server"
  },
  {
    "op": "replace",
    "path": "/server/spawnconditions/runtime/chanceByType/*-nyctemerakinabaluensis",
    "value": 0.01,
    "file": "game:entities/air/butterfly.json",
    "side": "Server"
  },
  {
    "op": "replace",
    "path": "/server/spawnconditions/runtime/chanceByType/*-oleanderhawkmothmale",
    "value": 0.01,
    "file": "game:entities/air/butterfly.json",
    "side": "Server"
  },
  {
    "op": "replace",
    "path": "/server/spawnconditions/runtime/chanceByType/*-orangebarredsulphurmale",
    "value": 0.015,
    "file": "game:entities/air/butterfly.json",
    "side": "Server"
  },
  {
    "op": "replace",
    "path": "/server/spawnconditions/runtime/chanceByType/*-orangebarredsulphurthalestrisredfemale",
    "value": 0.0015,
    "file": "game:entities/air/butterfly.json",
    "side": "Server"
  },
  {
    "op": "replace",
    "path": "/server/spawnconditions/runtime/chanceByType/*-orangebarredsulphurthalestrisyellowfemale",
    "value": 0.005,
    "file": "game:entities/air/butterfly.json",
    "side": "Server"
  },
  {
    "op": "replace",
    "path": "/server/spawnconditions/runtime/chanceByType/*-orangeemigrantfemale",
    "value": 0.01,
    "file": "game:entities/air/butterfly.json",
    "side": "Server"
  },
  {
    "op": "replace",
    "path": "/server/spawnconditions/runtime/chanceByType/*-orangeemigrantmale",
    "value": 0.01,
    "file": "game:entities/air/butterfly.json",
    "side": "Server"
  },
  {
    "op": "replace",
    "path": "/server/spawnconditions/runtime/chanceByType/*-orangetiger",
    "value": 0.015,
    "file": "game:entities/air/butterfly.json",
    "side": "Server"
  },
  {
    "op": "replace",
    "path": "/server/spawnconditions/runtime/chanceByType/*-orangetipfemale",
    "value": 0.015,
    "file": "game:entities/air/butterfly.json",
    "side": "Server"
  },
  {
    "op": "replace",
    "path": "/server/spawnconditions/runtime/chanceByType/*-orangetipmale",
    "value": 0.015,
    "file": "game:entities/air/butterfly.json",
    "side": "Server"
  },
  {
    "op": "replace",
    "path": "/server/spawnconditions/runtime/chanceByType/*-orangetippedanglesulfur",
    "value": 0.015,
    "file": "game:entities/air/butterfly.json",
    "side": "Server"
  },
  {
    "op": "replace",
    "path": "/server/spawnconditions/runtime/chanceByType/*-paintedbeauty",
    "value": 0.00015,
    "file": "game:entities/air/butterfly.json",
    "side": "Server"
  },
  {
    "op": "replace",
    "path": "/server/spawnconditions/runtime/chanceByType/*-peacock",
    "value": 0.01,
    "file": "game:entities/air/butterfly.json",
    "side": "Server"
  },
  {
    "op": "replace",
    "path": "/server/spawnconditions/runtime/chanceByType/*-peacockpansy",
    "value": 0.01,
    "file": "game:entities/air/butterfly.json",
    "side": "Server"
  },
  {
    "op": "replace",
    "path": "/server/spawnconditions/runtime/chanceByType/*-pearlcharaxesfemale",
    "value": 0.01,
    "file": "game:entities/air/butterfly.json",
    "side": "Server"
  },
  {
    "op": "replace",
    "path": "/server/spawnconditions/runtime/chanceByType/*-pearlcharaxesmale",
    "value": 0.015,
    "file": "game:entities/air/butterfly.json",
    "side": "Server"
  },
  {
    "op": "replace",
    "path": "/server/spawnconditions/runtime/chanceByType/*-purpleedgedcoppermale",
    "value": 0.0015,
    "file": "game:entities/air/butterfly.json",
    "side": "Server"
  },
  {
    "op": "replace",
    "path": "/server/spawnconditions/runtime/chanceByType/*-purpleemperorfemale",
    "value": 0.005,
    "file": "game:entities/air/butterfly.json",
    "side": "Server"
  },
  {
    "op": "replace",
    "path": "/server/spawnconditions/runtime/chanceByType/*-purpleemperormale",
    "value": 0.005,
    "file": "game:entities/air/butterfly.json",
    "side": "Server"
  },
  {
    "op": "replace",
    "path": "/server/spawnconditions/runtime/chanceByType/*-purplespottedswallowtail",
    "value": 0.00015,
    "file": "game:entities/air/butterfly.json",
    "side": "Server"
  },
  {
    "op": "replace",
    "path": "/server/spawnconditions/runtime/chanceByType/*-purplishcopperfemale",
    "value": 0.015,
    "file": "game:entities/air/butterfly.json",
    "side": "Server"
  },
  {
    "op": "replace",
    "path": "/server/spawnconditions/runtime/chanceByType/*-purplishcoppermale",
    "value": 0.015,
    "file": "game:entities/air/butterfly.json",
    "side": "Server"
  },
  {
    "op": "replace",
    "path": "/server/spawnconditions/runtime/chanceByType/*-redadmiral",
    "value": 0.015,
    "file": "game:entities/air/butterfly.json",
    "side": "Server"
  },
  {
    "op": "replace",
    "path": "/server/spawnconditions/runtime/chanceByType/*-rockgraylingmale",
    "value": 0.01,
    "file": "game:entities/air/butterfly.json",
    "side": "Server"
  },
  {
    "op": "replace",
    "path": "/server/spawnconditions/runtime/chanceByType/*-rustic",
    "value": 0.01,
    "file": "game:entities/air/butterfly.json",
    "side": "Server"
  },
  {
    "op": "replace",
    "path": "/server/spawnconditions/runtime/chanceByType/*-sagebrushgirdlemoth",
    "value": 0.015,
    "file": "game:entities/air/butterfly.json",
    "side": "Server"
  },
  {
    "op": "replace",
    "path": "/server/spawnconditions/runtime/chanceByType/*-scarletmormonfemale",
    "value": 0.0015,
    "file": "game:entities/air/butterfly.json",
    "side": "Server"
  },
  {
    "op": "replace",
    "path": "/server/spawnconditions/runtime/chanceByType/*-scarletmormonmale",
    "value": 0.005,
    "file": "game:entities/air/butterfly.json",
    "side": "Server"
  },
  {
    "op": "replace",
    "path": "/server/spawnconditions/runtime/chanceByType/*-silkyowl",
    "value": 0.01,
    "file": "game:entities/air/butterfly.json",
    "side": "Server"
  },
  {
    "op": "replace",
    "path": "/server/spawnconditions/runtime/chanceByType/*-silverybluemale",
    "value": 0.015,
    "file": "game:entities/air/butterfly.json",
    "side": "Server"
  },
  {
    "op": "replace",
    "path": "/server/spawnconditions/runtime/chanceByType/*-smallcopperabschmidtiifemale",
    "value": 0.00015,
    "file": "game:entities/air/butterfly.json",
    "side": "Server"
  },
  {
    "op": "replace",
    "path": "/server/spawnconditions/runtime/chanceByType/*-smallcoppermale",
    "value": 0.01,
    "file": "game:entities/air/butterfly.json",
    "side": "Server"
  },
  {
    "op": "replace",
    "path": "/server/spawnconditions/runtime/chanceByType/*-smallheathfemale",
    "value": 0.015,
    "file": "game:entities/air/butterfly.json",
    "side": "Server"
  },
  {
    "op": "replace",
    "path": "/server/spawnconditions/runtime/chanceByType/*-smallheathmale",
    "value": 0.015,
    "file": "game:entities/air/butterfly.json",
    "side": "Server"
  },
  {
    "op": "replace",
    "path": "/server/spawnconditions/runtime/chanceByType/*-smalltortoiseshell",
    "value": 0.015,
    "file": "game:entities/air/butterfly.json",
    "side": "Server"
  },
  {
    "op": "replace",
    "path": "/server/spawnconditions/runtime/chanceByType/*-smallwhitefemale",
    "value": 0.015,
    "file": "game:entities/air/butterfly.json",
    "side": "Server"
  },
  {
    "op": "replace",
    "path": "/server/spawnconditions/runtime/chanceByType/*-smallwhitemale",
    "value": 0.015,
    "file": "game:entities/air/butterfly.json",
    "side": "Server"
  },
  {
    "op": "replace",
    "path": "/server/spawnconditions/runtime/chanceByType/*-southerndogfacemale",
    "value": 0.015,
    "file": "game:entities/air/butterfly.json",
    "side": "Server"
  },
  {
    "op": "replace",
    "path": "/server/spawnconditions/runtime/chanceByType/*-southerndogfacewhitefemale",
    "value": 0.015,
    "file": "game:entities/air/butterfly.json",
    "side": "Server"
  },
  {
    "op": "replace",
    "path": "/server/spawnconditions/runtime/chanceByType/*-southerndogfaceyellowfemale",
    "value": 0.015,
    "file": "game:entities/air/butterfly.json",
    "side": "Server"
  },
  {
    "op": "replace",
    "path": "/server/spawnconditions/runtime/chanceByType/*-stichelseyemarkfemale",
    "value": 0.005,
    "file": "game:entities/air/butterfly.json",
    "side": "Server"
  },
  {
    "op": "replace",
    "path": "/server/spawnconditions/runtime/chanceByType/*-stichelseyemarkmale",
    "value": 0.005,
    "file": "game:entities/air/butterfly.json",
    "side": "Server"
  },
  {
    "op": "replace",
    "path": "/server/spawnconditions/runtime/chanceByType/*-tawnycoster",
    "value": 0.01,
    "file": "game:entities/air/butterfly.json",
    "side": "Server"
  },
  {
    "op": "replace",
    "path": "/server/spawnconditions/runtime/chanceByType/*-thalainachionoptila",
    "value": 0.015,
    "file": "game:entities/air/butterfly.json",
    "side": "Server"
  },
  {
    "op": "replace",
    "path": "/server/spawnconditions/runtime/chanceByType/*-theanoalpinemale",
    "value": 0.01,
    "file": "game:entities/air/butterfly.json",
    "side": "Server"
  },
  {
    "op": "replace",
    "path": "/server/spawnconditions/runtime/chanceByType/*-tropicalwhitedryseasonfemale",
    "value": 0.015,
    "file": "game:entities/air/butterfly.json",
    "side": "Server"
  },
  {
    "op": "replace",
    "path": "/server/spawnconditions/runtime/chanceByType/*-tropicalwhitemale",
    "value": 0.01,
    "file": "game:entities/air/butterfly.json",
    "side": "Server"
  },
  {
    "op": "replace",
    "path": "/server/spawnconditions/runtime/chanceByType/*-tropicalwhitewetseasonfemale",
    "value": 0.01,
    "file": "game:entities/air/butterfly.json",
    "side": "Server"
  },
  {
    "op": "replace",
    "path": "/server/spawnconditions/runtime/chanceByType/*-twobarredflasher",
    "value": 0.01,
    "file": "game:entities/air/butterfly.json",
    "side": "Server"
  },
  {
    "op": "replace",
    "path": "/server/spawnconditions/runtime/chanceByType/*-westernbluecharaxesfemale",
    "value": 0.005,
    "file": "game:entities/air/butterfly.json",
    "side": "Server"
  },
  {
    "op": "replace",
    "path": "/server/spawnconditions/runtime/chanceByType/*-westernbluecharaxesmale",
    "value": 0.005,
    "file": "game:entities/air/butterfly.json",
    "side": "Server"
  },
  {
    "op": "replace",
    "path": "/server/spawnconditions/runtime/chanceByType/*-whiteangledsulphurmale",
    "value": 0.015,
    "file": "game:entities/air/butterfly.json",
    "side": "Server"
  },
  {
    "op": "replace",
    "path": "/server/spawnconditions/runtime/chanceByType/*-woodwhitefemale",
    "value": 0.01,
    "file": "game:entities/air/butterfly.json",
    "side": "Server"
  },
  {
    "op": "replace",
    "path": "/server/spawnconditions/runtime/chanceByType/*-woodwhitemale",
    "value": 0.01,
    "file": "game:entities/air/butterfly.json",
    "side": "Server"
  },
  {
    "op": "replace",
    "path": "/server/spawnconditions/runtime/chanceByType/*-yellowpansyfemale",
    "value": 0.005,
    "file": "game:entities/air/butterfly.json",
    "side": "Server"
  },
  {
    "op": "replace",
    "path": "/server/spawnconditions/runtime/chanceByType/*-yellowpansymale",
    "value": 0.01,
    "file": "game:entities/air/butterfly.json",
    "side": "Server"
  },
  {
    "op": "remove",
    "path": "/server/spawnconditions/runtime/insideBlockCodes/1",
    "file": "game:entities/air/butterfly.json",
    "side": "Server"
  }
]