[
  {
    "op": "add",
    "path": "/attributesByType/claypot-blue-cooked/textureMapping/waterportion-fresh-rain-clean",
    "value": [
      "water",
      "group2"
    ],
    "file": "game:blocktypes/clay/fired/pot.json",
    "side": "Server"
  },
  {
    "op": "add",
    "path": "/attributesByType/claypot-blue-cooked/textureMapping/waterportion-boiled-rain-clean",
    "value": [
      "water",
      "group2"
    ],
    "file": "game:blocktypes/clay/fired/pot.json",
    "side": "Server"
  },
  {
    "op": "add",
    "path": "/attributesByType/claypot-blue-cooked/textureMapping/waterportion-fresh-distilled-clean",
    "value": [
      "water",
      "group2"
    ],
    "file": "game:blocktypes/clay/fired/pot.json",
    "side": "Server"
  },
  {
    "op": "add",
    "path": "/attributesByType/claypot-blue-cooked/textureMapping/waterportion-boiled-natural-clean",
    "value": [
      "water",
      "group2"
    ],
    "file": "game:blocktypes/clay/fired/pot.json",
    "side": "Server"
  },
  {
    "op": "add",
    "path": "/attributesByType/claypot-blue-cooked/textureMapping/waterportion-fresh-well-clean",
    "value": [
      "water",
      "group2"
    ],
    "file": "game:blocktypes/clay/fired/pot.json",
    "side": "Server"
  },
  {
    "op": "add",
    "path": "/attributesByType/claypot-blue-cooked/textureMapping/waterportion-fresh-well-tainted",
    "value": [
      "water",
      "group2"
    ],
    "file": "game:blocktypes/clay/fired/pot.json",
    "side": "Server"
  },
  {
    "op": "add",
    "path": "/attributesByType/claypot-blue-cooked/textureMapping/waterportion-fresh-well-poisoned",
    "value": [
      "water",
      "group2"
    ],
    "file": "game:blocktypes/clay/fired/pot.json",
    "side": "Server"
  }
]