{
	"enabled": true,
	"code": "rottenpeat",
	//"class": "BlockPeatbrick",
	"creativeinventory": {
		"general": [ "*" ],
		"items": [ "*" ],
		"fuels": [ "*" ],
		"aldiclasses": [ "*" ]
	},
	"variantgroups": [
		{
			"code": "type",
			"states": [ "raw", "dry" ]
		}
	],
	"blockmaterial": "Soil",
	"replaceable": 700,
	"resistance": 2,
	"texturesByType": {
		"*-raw": {
			"material": { "base": "aldiclasses:block/soil/rottenpeat-wet" },
			"top": { "base": "aldiclasses:block/soil/rottenpeat-wet" }
		},
		"*-dry": {
			"material": { "base": "aldiclasses:block/soil/rottenpeat-dried" },
			"top": { "base": "aldiclasses:block/soil/rottenpeat-dried" }
		}
	},
	"behaviorsByType": {
		"*-raw": [
			{
				"name": "GroundStorable",
				"properties": {
					"layout": "Stacking",
					"upSolid": true,
					"placeRemoveSound": "game:sounds/block/dirt1",
					"stackingModel": "aldiclasses:block/soil/twcpeatpileraw",
					"tessQuantityElements": 1,
					"stackingCapacity": 32,
					"transferQuantity": 1,
					"bulkTransferQuantity": 16,
					"collisionBox": {
						"x1": 0,
						"y1": 0,
						"z1": 0,
						"x2": 1,
						"y2": 0.125,
						"z2": 1
					},
					"cbScaleYByLayer": 0.25,
					"burnHoursPerItem": 2.5

				}

			},
			{ "name": "Unplaceable" }
		],
		"*-dry": [
			{
				"name": "GroundStorable",
				"properties": {
					"layout": "Stacking",
					"upSolid": true,
					"placeRemoveSound": "game:sounds/block/dirt1",
					"stackingModel": "aldiclasses:block/soil/twcpeatpiledry",
					"tessQuantityElements": 1,
					"stackingCapacity": 32,
					"transferQuantity": 1,
					"bulkTransferQuantity": 16,
					"collisionBox": {
						"x1": 0,
						"y1": 0,
						"z1": 0,
						"x2": 1,
						"y2": 0.125,
						"z2": 1
					},
					"cbScaleYByLayer": 0.25,
					"burnHoursPerItem": 2.5

				}

			},
			{ "name": "Unplaceable" }
		]
	},
	"transitionablePropsByType": {
		"*-raw": [
			{
				"type": "Dry",
				"freshHours": { "avg": 0 },
				"transitionHours": { "avg": 72 },
				"transitionedStack": {
					"type": "block",
					"code": "aldiclasses:rottenpeat-dry"
				},
				"transitionRatio": 1
			}
		]
	},
	"shapeByType": {
		"*-dry": {
			"base": "aldiclasses:block/soil/twcpeatbrickdry"
		},
		"*-raw": {
			"base": "aldiclasses:block/soil/twcpeatbrickraw"
		}
	},
	"attributes": {
		"isFirewood": true,
		"placeSound": "game:block/dirt"
	},
	"maxStackSize": 32,
	"combustiblePropsbytype": {
		"*-dry": {
			"burnTemperature": 600,
			"burnDuration": 250
		}
	},
	"sideopaque": { "all": false },
	"sidesolid": { "all": false },
	"emitsideao": { "all": false },
	"guiTransform": {
		"origin": {
			"x": 0.5,
			"y": 0.125,
			"z": 0.5
		},
		"scale": 2.65
	},
	"fpHandTransform": {
		"translation": {
			"x": 0,
			"y": 0.1,
			"z": 0.5
		},
		"origin": {
			"x": 0.5,
			"y": 0,
			"z": 0.5
		},
		"scale": 2
	},
	"tpHandTransform": {
		"translation": {
			"x": -0.66,
			"y": 0,
			"z": -0.51
		},
		"rotation": {
			"x": -77,
			"y": 59,
			"z": -1
		},
		"origin": {
			"x": 0.5,
			"y": 0,
			"z": 0.5
		},
		"scale": 0.73
	},
	"groundTransform": {
		"scale": 3.25
	}
}
