{
	"editor": {
		"allAngles": false,
		"entityTextureMode": false
	},
	"textureWidth": 16,
	"textureHeight": 16,
	"textureSizes": {
	},
	"textures": {
	},
	"elements": [
		{
			"name": "Cube1",
			"from": [ 3.0, 0.0, 7.0 ],
			"to": [ 12.0, 1.0, 9.0 ],
			"rotationOrigin": [ 3.0, 0.0, 7.0 ],
			"faces": {
				"up": { "texture": "#floor", "uv": [ 5.5, 6.0, 14.5, 8.0 ] },
				"down": { "texture": "#other", "uv": [ 1.0, 4.5, 10.0, 6.5 ] }
			},
			"children": [
				{
					"name": "Cube3",
					"from": [ -2.0, 0.0, 2.0 ],
					"to": [ 12.0, 2.0, 8.0 ],
					"rotationOrigin": [ -2.0, 0.0, -7.0 ],
					"faces": {
						"north": { "texture": "#other", "uv": [ 0.5, 1.0, 14.5, 3.0 ] },
						"east": { "texture": "#other", "uv": [ 2.5, 7.0, 8.5, 9.0 ], "windMode": [-1,-1,-1,-1] },
						"south": { "texture": "#other", "uv": [ 0.0, 12.5, 14.0, 14.5 ] },
						"west": { "texture": "#other", "uv": [ 1.0, 9.0, 7.0, 11.0 ], "windMode": [-1,-1,-1,-1] },
						"up": { "texture": "#other", "uv": [ 1.0, 10.0, 15.0, 16.0 ] },
						"down": { "texture": "#other", "uv": [ 1.0, 10.0, 15.0, 16.0 ] }
					}
				},
				{
					"name": "NorthLong",
					"from": [ -2.0, 0.0, -6.0 ],
					"to": [ 12.0, 2.0, -1.0 ],
					"rotationOrigin": [ 2.0, 0.0, -3.0 ],
					"faces": {
						"north": { "texture": "#other", "uv": [ 0.5, 7.0, 14.5, 9.0 ] },
						"east": { "texture": "#other", "uv": [ 4.0, 11.0, 9.0, 13.0 ] },
						"south": { "texture": "#other", "uv": [ 7.0, 1.5, 9.0, 3.5 ], "autoUv": false },
						"west": { "texture": "#other", "uv": [ 1.0, 10.0, 15.0, 12.0 ], "autoUv": false },
						"up": { "texture": "#other", "uv": [ 1.0, 1.0, 15.0, 6.0 ] },
						"down": { "texture": "#other", "uv": [ 1.0, 1.0, 15.0, 6.0 ] }
					}
				},
				{
					"name": "Cube5",
					"from": [ 9.0, 0.0, -1.0 ],
					"to": [ 12.0, 2.0, 2.0 ],
					"rotationOrigin": [ 3.0, 0.0, 2.0 ],
					"faces": {
						"east": { "texture": "#other", "uv": [ 1.5, 5.0, 4.5, 7.0 ] },
						"west": { "texture": "#other", "uv": [ 3.5, 10.5, 6.5, 12.5 ], "windMode": [-1,-1,-1,-1] },
						"up": { "texture": "#other", "uv": [ 12.0, 6.5, 15.0, 9.5 ] },
						"down": { "texture": "#other", "uv": [ 12.0, 6.5, 15.0, 9.5 ] }
					}
				},
				{
					"name": "Cube6",
					"from": [ -2.0, 0.0, -1.0 ],
					"to": [ 0.0, 2.0, 2.0 ],
					"rotationOrigin": [ -2.0, -1.0, -4.0 ],
					"faces": {
						"east": { "texture": "#other", "uv": [ 12.0, 4.0, 15.0, 6.0 ] },
						"west": { "texture": "#other", "uv": [ 12.0, 9.0, 15.0, 11.0 ] },
						"up": { "texture": "#other", "uv": [ 1.0, 7.0, 3.0, 10.0 ] },
						"down": { "texture": "#other", "uv": [ 1.0, 6.0, 3.0, 9.0 ] }
					}
				},
				{
					"name": "Cube2",
					"from": [ 0.0, 1.0, -1.0 ],
					"to": [ 2.0, 2.0, 0.0 ],
					"rotationOrigin": [ 0.0, 1.0, -1.0 ],
					"faces": {
						"north": { "texture": "#null", "uv": [ 0.0, 0.0, 2.0, 1.0 ] },
						"east": { "texture": "#null", "uv": [ 0.0, 0.0, 1.0, 1.0 ] },
						"south": { "texture": "#null", "uv": [ 0.0, 0.0, 2.0, 1.0 ] },
						"west": { "texture": "#null", "uv": [ 0.0, 0.0, 1.0, 1.0 ] },
						"up": { "texture": "#null", "uv": [ 0.0, 0.0, 2.0, 1.0 ] },
						"down": { "texture": "#null", "uv": [ 0.0, 0.0, 2.0, 1.0 ] }
					}
				},
				{
					"name": "Cube4",
					"from": [ 2.0, 1.0, -1.0 ],
					"to": [ 9.0, 2.0, 1.0 ],
					"rotationOrigin": [ 2.0, 1.0, -1.0 ],
					"faces": {
						"north": { "texture": "#null", "uv": [ 0.0, 0.0, 7.0, 1.0 ] },
						"east": { "texture": "#null", "uv": [ 0.0, 0.0, 2.0, 1.0 ] },
						"south": { "texture": "#null", "uv": [ 0.0, 0.0, 7.0, 1.0 ] },
						"west": { "texture": "#null", "uv": [ 0.0, 0.0, 2.0, 1.0 ] },
						"up": { "texture": "#null", "uv": [ 0.0, 0.0, 7.0, 2.0 ] },
						"down": { "texture": "#null", "uv": [ 0.0, 0.0, 7.0, 2.0 ] }
					}
				},
				{
					"name": "Cube7",
					"from": [ 0.0, 0.0, -1.0 ],
					"to": [ 10.0, 1.0, 0.0 ],
					"rotationOrigin": [ 0.0, 0.0, -10.0 ],
					"faces": {
						"north": { "texture": "#other", "uv": [ 0.5, 1.0, 10.5, 2.0 ] },
						"east": { "texture": "#other", "uv": [ 2.5, 7.0, 3.5, 8.0 ], "windMode": [-1,-1,-1,-1] },
						"south": { "texture": "#other", "uv": [ 0.0, 12.5, 10.0, 13.5 ] },
						"west": { "texture": "#other", "uv": [ 1.0, 9.0, 2.0, 10.0 ], "windMode": [-1,-1,-1,-1] },
						"up": { "texture": "#other", "uv": [ 1.0, 10.0, 11.0, 11.0 ] },
						"down": { "texture": "#other", "uv": [ 1.0, 10.0, 11.0, 11.0 ] }
					}
				}
			]
		}
	]}