﻿[
  {
    "op": "add",
    "path": "/attributes/spinningProps",
    "value": {
      "outputType": "game:flaxtwine",
      "outputQuantity": 1,
      "inputQuantity": 2,
      "spinTime": 4
    },
    "file": "pemmican:itemtypes/papyrus-fiber.json",
    "side": "Server",
    "dependsOn": [ { "modid": "longtermfood" } ]
  },
  {
    "op": "add",
    "path": "/attributes/handbook",
    "value": {
      "extraSections": [
        {
          "title": "spinningwheel:handbook-see-also-spinning",
          "text": "spinningwheel:handbook-see-also-spinning-text"
        }
      ]
    },
    "file": "pemmican:itemtypes/papyrus-fiber.json",
    "dependsOn": [ { "modid": "longtermfood" } ]
  },
  {
    "op": "add",
    "path": "/attributes/spinningProps",
    "value": {
      "outputType": "game:flaxtwine",
      "outputQuantity": 2,
      "inputQuantity": 2,
      "spinTime": 6
    },
    "file": "pemmican:itemtypes/algae-chem.json",
    "side": "Server",
    "dependsOn": [ { "modid": "longtermfood" } ]
  },
  {
    "op": "add",
    "path": "/attributes/handbook",
    "value": {
      "extraSections": [
        {
          "title": "spinningwheel:handbook-see-also-spinning",
          "text": "spinningwheel:handbook-see-also-spinning-text"
        }
      ]
    },
    "file": "pemmican:itemtypes/algae-chem.json",
    "dependsOn": [ { "modid": "longtermfood" } ]
  }
]