﻿[
  {
    "op": "addmerge",
    "path": "/attributesByType",
    "value": {},
    "file": "wool:itemtypes/resource/twine.json",
    "side": "Server",
    "dependsOn": [ { "modid": "tailorsdelight" }, { "modid": "wool" } ]
  },
  {
    "op": "addmerge",
    "path": "/attributesByType",
    "value": {},
    "file": "tailorsdelight:itemtypes/resource/twine.json",
    "side": "Server",
    "dependsOn": [ { "modid": "tailorsdelight" } ]
  },
  {
    "op": "add",
    "path": "/attributesByType/twine-wool-red",
    "value": {
      "spinningProps": {
        "outputType": "tailorsdelight:twine-red",
        "outputQuantity": 2,
        "inputQuantity": 2,
        "spinTime": 4
      }
    },
    "file": "wool:itemtypes/resource/twine.json",
    "side": "Server",
    "dependsOn": [ { "modid": "tailorsdelight" }, { "modid": "wool" } ]
  },
  {
    "op": "add",
    "path": "/attributesByType/twine-wool-blue",
    "value": {
      "spinningProps": {
        "outputType": "tailorsdelight:twine-blue",
        "outputQuantity": 2,
        "inputQuantity": 2,
        "spinTime": 4
      }
    },
    "file": "wool:itemtypes/resource/twine.json",
    "side": "Server",
    "dependsOn": [ { "modid": "tailorsdelight" }, { "modid": "wool" } ]
  },
  {
    "op": "add",
    "path": "/attributesByType/twine-wool-gray",
    "value": {
      "spinningProps": {
        "outputType": "tailorsdelight:twine-gray",
        "outputQuantity": 2,
        "inputQuantity": 2,
        "spinTime": 4
      }
    },
    "file": "wool:itemtypes/resource/twine.json",
    "side": "Server",
    "dependsOn": [ { "modid": "tailorsdelight" }, { "modid": "wool" } ]
  },
  {
    "op": "add",
    "path": "/attributesByType/twine-wool-pink",
    "value": {
      "spinningProps": {
        "outputType": "tailorsdelight:twine-pink",
        "outputQuantity": 2,
        "inputQuantity": 2,
        "spinTime": 4
      }
    },
    "file": "wool:itemtypes/resource/twine.json",
    "side": "Server",
    "dependsOn": [ { "modid": "tailorsdelight" }, { "modid": "wool" } ]
  },
  {
    "op": "add",
    "path": "/attributesByType/twine-wool-black",
    "value": {
      "spinningProps": {
        "outputType": "tailorsdelight:twine-black",
        "outputQuantity": 2,
        "inputQuantity": 2,
        "spinTime": 4
      }
    },
    "file": "wool:itemtypes/resource/twine.json",
    "side": "Server",
    "dependsOn": [ { "modid": "tailorsdelight" }, { "modid": "wool" } ]
  },
  {
    "op": "add",
    "path": "/attributesByType/twine-wool-brown",
    "value": {
      "spinningProps": {
        "outputType": "tailorsdelight:twine-brown",
        "outputQuantity": 2,
        "inputQuantity": 2,
        "spinTime": 4
      }
    },
    "file": "wool:itemtypes/resource/twine.json",
    "side": "Server",
    "dependsOn": [ { "modid": "tailorsdelight" }, { "modid": "wool" } ]
  },
  {
    "op": "add",
    "path": "/attributesByType/twine-wool-green",
    "value": {
      "spinningProps": {
        "outputType": "tailorsdelight:twine-green",
        "outputQuantity": 2,
        "inputQuantity": 2,
        "spinTime": 4
      }
    },
    "file": "wool:itemtypes/resource/twine.json",
    "side": "Server",
    "dependsOn": [ { "modid": "tailorsdelight" }, { "modid": "wool" } ]
  },
  {
    "op": "add",
    "path": "/attributesByType/twine-wool-white",
    "value": {
      "spinningProps": {
        "outputType": "tailorsdelight:twine-white",
        "outputQuantity": 2,
        "inputQuantity": 2,
        "spinTime": 4
      }
    },
    "file": "wool:itemtypes/resource/twine.json",
    "side": "Server",
    "dependsOn": [ { "modid": "tailorsdelight" }, { "modid": "wool" } ]
  },
  {
    "op": "add",
    "path": "/attributesByType/twine-wool-orange",
    "value": {
      "spinningProps": {
        "outputType": "tailorsdelight:twine-orange",
        "outputQuantity": 2,
        "inputQuantity": 2,
        "spinTime": 4
      }
    },
    "file": "wool:itemtypes/resource/twine.json",
    "side": "Server",
    "dependsOn": [ { "modid": "tailorsdelight" }, { "modid": "wool" } ]
  },
  {
    "op": "add",
    "path": "/attributesByType/twine-wool-purple",
    "value": {
      "spinningProps": {
        "outputType": "tailorsdelight:twine-purple",
        "outputQuantity": 2,
        "inputQuantity": 2,
        "spinTime": 4
      }
    },
    "file": "wool:itemtypes/resource/twine.json",
    "side": "Server",
    "dependsOn": [ { "modid": "tailorsdelight" }, { "modid": "wool" } ]
  },
  {
    "op": "add",
    "path": "/attributesByType/twine-wool-yellow",
    "value": {
      "spinningProps": {
        "outputType": "tailorsdelight:twine-yellow",
        "outputQuantity": 2,
        "inputQuantity": 2,
        "spinTime": 4
      }
    },
    "file": "wool:itemtypes/resource/twine.json",
    "side": "Server",
    "dependsOn": [ { "modid": "tailorsdelight" }, { "modid": "wool" } ]
  },
  {
    "op": "add",
    "path": "/attributesByType/twine-wool-darkblue",
    "value": {
      "spinningProps": {
        "outputType": "tailorsdelight:twine-darkblue",
        "outputQuantity": 2,
        "inputQuantity": 2,
        "spinTime": 4
      }
    },
    "file": "wool:itemtypes/resource/twine.json",
    "side": "Server",
    "dependsOn": [ { "modid": "tailorsdelight" }, { "modid": "wool" } ]
  },
  {
    "op": "add",
    "path": "/attributesByType/twine-wool-darkbrown",
    "value": {
      "spinningProps": {
        "outputType": "tailorsdelight:twine-darkbrown",
        "outputQuantity": 2,
        "inputQuantity": 2,
        "spinTime": 4
      }
    },
    "file": "wool:itemtypes/resource/twine.json",
    "side": "Server",
    "dependsOn": [ { "modid": "tailorsdelight" }, { "modid": "wool" } ]
  },
  {
    "op": "add",
    "path": "/attributesByType/twine-wool-darkgreen",
    "value": {
      "spinningProps": {
        "outputType": "tailorsdelight:twine-darkgreen",
        "outputQuantity": 2,
        "inputQuantity": 2,
        "spinTime": 4
      }
    },
    "file": "wool:itemtypes/resource/twine.json",
    "side": "Server",
    "dependsOn": [ { "modid": "tailorsdelight" }, { "modid": "wool" } ]
  },
  {
    "op": "add",
    "path": "/attributesByType/twine-wool-darkred",
    "value": {
      "spinningProps": {
        "outputType": "tailorsdelight:twine-darkred",
        "outputQuantity": 2,
        "inputQuantity": 2,
        "spinTime": 4
      }
    },
    "file": "wool:itemtypes/resource/twine.json",
    "side": "Server",
    "dependsOn": [ { "modid": "tailorsdelight" }, { "modid": "wool" } ]
  },
  {
    "op": "add",
    "path": "/attributesByType/twine-black",
    "value": {
      "weavingProps": {
        "outputType": "game:cloth-black",
        "inputQuantity": 9,
        "outputQuantity": 3
      }
    },
    "file": "tailorsdelight:itemtypes/resource/twine.json",
    "side": "Server",
    "dependsOn": [ { "modid": "tailorsdelight" } ]
  },
  {
    "op": "add",
    "path": "/attributesByType/twine-blue",
    "value": {
      "weavingProps": {
        "outputType": "game:cloth-blue",
        "inputQuantity": 9,
        "outputQuantity": 3
      }
    },
    "file": "tailorsdelight:itemtypes/resource/twine.json",
    "side": "Server",
    "dependsOn": [ { "modid": "tailorsdelight" } ]
  },
  {
    "op": "add",
    "path": "/attributesByType/twine-brown",
    "value": {
      "weavingProps": {
        "outputType": "game:cloth-brown",
        "inputQuantity": 9,
        "outputQuantity": 3
      }
    },
    "file": "tailorsdelight:itemtypes/resource/twine.json",
    "side": "Server",
    "dependsOn": [ { "modid": "tailorsdelight" } ]
  },
  {
    "op": "add",
    "path": "/attributesByType/twine-gray",
    "value": {
      "weavingProps": {
        "outputType": "game:cloth-gray",
        "inputQuantity": 9,
        "outputQuantity": 3
      }
    },
    "file": "tailorsdelight:itemtypes/resource/twine.json",
    "side": "Server",
    "dependsOn": [ { "modid": "tailorsdelight" } ]
  },
  {
    "op": "add",
    "path": "/attributesByType/twine-green",
    "value": {
      "weavingProps": {
        "outputType": "game:cloth-green",
        "inputQuantity": 9,
        "outputQuantity": 3
      }
    },
    "file": "tailorsdelight:itemtypes/resource/twine.json",
    "side": "Server",
    "dependsOn": [ { "modid": "tailorsdelight" } ]
  },
  {
    "op": "add",
    "path": "/attributesByType/twine-orange",
    "value": {
      "weavingProps": {
        "outputType": "game:cloth-orange",
        "inputQuantity": 9,
        "outputQuantity": 3
      }
    },
    "file": "tailorsdelight:itemtypes/resource/twine.json",
    "side": "Server",
    "dependsOn": [ { "modid": "tailorsdelight" } ]
  },
  {
    "op": "add",
    "path": "/attributesByType/twine-pink",
    "value": {
      "weavingProps": {
        "outputType": "game:cloth-pink",
        "inputQuantity": 9,
        "outputQuantity": 3
      }
    },
    "file": "tailorsdelight:itemtypes/resource/twine.json",
    "side": "Server",
    "dependsOn": [ { "modid": "tailorsdelight" } ]
  },
  {
    "op": "add",
    "path": "/attributesByType/twine-purple",
    "value": {
      "weavingProps": {
        "outputType": "game:cloth-purple",
        "inputQuantity": 9,
        "outputQuantity": 3
      }
    },
    "file": "tailorsdelight:itemtypes/resource/twine.json",
    "side": "Server",
    "dependsOn": [ { "modid": "tailorsdelight" } ]
  },
  {
    "op": "add",
    "path": "/attributesByType/twine-red",
    "value": {
      "weavingProps": {
        "outputType": "game:cloth-red",
        "inputQuantity": 9,
        "outputQuantity": 3
      }
    },
    "file": "tailorsdelight:itemtypes/resource/twine.json",
    "side": "Server",
    "dependsOn": [ { "modid": "tailorsdelight" } ]
  },
  {
    "op": "add",
    "path": "/attributesByType/twine-white",
    "value": {
      "weavingProps": {
        "outputType": "game:cloth-white",
        "inputQuantity": 9,
        "outputQuantity": 3
      }
    },
    "file": "tailorsdelight:itemtypes/resource/twine.json",
    "side": "Server",
    "dependsOn": [ { "modid": "tailorsdelight" } ]
  },
  {
    "op": "add",
    "path": "/attributesByType/twine-yellow",
    "value": {
      "weavingProps": {
        "outputType": "game:cloth-yellow",
        "inputQuantity": 9,
        "outputQuantity": 3
      }
    },
    "file": "tailorsdelight:itemtypes/resource/twine.json",
    "side": "Server",
    "dependsOn": [ { "modid": "tailorsdelight" } ]
  },
  {
    "op": "add",
    "path": "/attributesByType/twine-darkblue",
    "value": {
      "weavingProps": {
        "outputType": "tailorsdelight:cloth-darkblue",
        "inputQuantity": 9,
        "outputQuantity": 3
      }
    },
    "file": "tailorsdelight:itemtypes/resource/twine.json",
    "side": "Server",
    "dependsOn": [ { "modid": "tailorsdelight" } ]
  },
  {
    "op": "add",
    "path": "/attributesByType/twine-darkbrown",
    "value": {
      "weavingProps": {
        "outputType": "tailorsdelight:cloth-darkbrown",
        "inputQuantity": 9,
        "outputQuantity": 3
      }
    },
    "file": "tailorsdelight:itemtypes/resource/twine.json",
    "side": "Server",
    "dependsOn": [ { "modid": "tailorsdelight" } ]
  },
  {
    "op": "add",
    "path": "/attributesByType/twine-darkgreen",
    "value": {
      "weavingProps": {
        "outputType": "tailorsdelight:cloth-darkgreen",
        "inputQuantity": 9,
        "outputQuantity": 3
      }
    },
    "file": "tailorsdelight:itemtypes/resource/twine.json",
    "side": "Server",
    "dependsOn": [ { "modid": "tailorsdelight" } ]
  },
  {
    "op": "add",
    "path": "/attributesByType/twine-darkred",
    "value": {
      "weavingProps": {
        "outputType": "tailorsdelight:cloth-darkred",
        "inputQuantity": 9,
        "outputQuantity": 3
      }
    },
    "file": "tailorsdelight:itemtypes/resource/twine.json",
    "side": "Server",
    "dependsOn": [ { "modid": "tailorsdelight" } ]
  },
  {
    "op": "add",
    "path": "/attributes/handbook",
    "value": {
      "extraSections": [
        {
          "title": "spinningwheel:handbook-see-also-thread",
          "text": "spinningwheel:handbook-see-also-thread-text"
        }
      ]
    },
    "file": "tailorsdelight:itemtypes/resource/twine.json",
    "dependsOn": [ { "modid": "tailorsdelight" } ]
  },
  {
    "op": "add",
    "path": "/attributes/handbook",
    "value": {
      "extraSections": [
        {
          "title": "spinningwheel:handbook-see-also-weaving",
          "text": "spinningwheel:handbook-see-also-weaving-text"
        }
      ]
    },
    "file": "tailorsdelight:itemtypes/resource/cloth.json",
    "dependsOn": [ { "modid": "tailorsdelight" } ]
  },
  {
    "op": "add",
    "path": "/attributes/handbook",
    "value": {
      "extraSections": [
        {
          "title": "spinningwheel:handbook-see-also-checkered",
          "text": "spinningwheel:handbook-see-also-checkered-text"
        }
      ]
    },
    "file": "tailorsdelight:itemtypes/resource/checkeredcloth.json",
    "dependsOn": [ { "modid": "tailorsdelight" } ]
  }
]