﻿[
  {
    "op": "addmerge",
    "path": "/attributesByType",
    "value": {},
    "file": "wool:itemtypes/resource/fibers.json",
    "side": "Server",
    "dependsOn": [ { "modid": "wool" } ]
  },
  {"op": "addmerge",
    "path": "/attributesByType",
    "value": {},
    "file": "wool:itemtypes/resource/twine.json",
    "side": "Server",
    "dependsOn": [ { "modid": "wool" } ]
  },
  {
    "op": "add",
    "path": "/attributesByType/fibers-generic-black",
    "value": {
      "spinningProps": {
        "outputType": "wool:twine-wool-black",
        "outputQuantity": 1,
        "inputQuantity": 2,
        "spinTime": 4
      }
    },
    "file": "wool:itemtypes/resource/fibers.json",
    "side": "Server",
    "dependsOn": [ { "modid": "wool" } ]
  },
  {
    "op": "add",
    "path": "/attributesByType/fibers-generic-brown",
    "value": {
      "spinningProps": {
        "outputType": "wool:twine-wool-brown",
        "outputQuantity": 1,
        "inputQuantity": 2,
        "spinTime": 4
      }
    },
    "file": "wool:itemtypes/resource/fibers.json",
    "side": "Server",
    "dependsOn": [ { "modid": "wool" } ]
  },
  {
    "op": "add",
    "path": "/attributesByType/fibers-generic-gray",
    "value": {
      "spinningProps": {
        "outputType": "wool:twine-wool-gray",
        "outputQuantity": 1,
        "inputQuantity": 2,
        "spinTime": 4
      }
    },
    "file": "wool:itemtypes/resource/fibers.json",
    "side": "Server",
    "dependsOn": [ { "modid": "wool" } ]
  },
  {
    "op": "add",
    "path": "/attributesByType/fibers-generic-white",
    "value": {
      "spinningProps": {
        "outputType": "wool:twine-wool-white",
        "outputQuantity": 1,
        "inputQuantity": 2,
        "spinTime": 4
      }
    },
    "file": "wool:itemtypes/resource/fibers.json",
    "side": "Server",
    "dependsOn": [ { "modid": "wool" } ]
  },
  {
    "op": "add",
    "path": "/attributesByType/fibers-generic-yellow",
    "value": {
      "spinningProps": {
        "outputType": "wool:twine-wool-yellow",
        "outputQuantity": 1,
        "inputQuantity": 2,
        "spinTime": 4
      }
    },
    "file": "wool:itemtypes/resource/fibers.json",
    "side": "Server",
    "dependsOn": [ { "modid": "wool" } ]
  },
  {
    "op": "add",
    "path": "/attributesByType/fibers-generic-redbrown",
    "value": {
      "spinningProps": {
        "outputType": "wool:twine-wool-brown",
        "outputQuantity": 1,
        "inputQuantity": 2,
        "spinTime": 4
      }
    },
    "file": "wool:itemtypes/resource/fibers.json",
    "side": "Server",
    "dependsOn": [ { "modid": "wool" } ]
  },
  {
    "op": "add",
    "path": "/attributesByType/fibers-generic-lightbrown",
    "value": {
      "spinningProps": {
        "outputType": "wool:twine-wool-brown",
        "outputQuantity": 1,
        "inputQuantity": 2,
        "spinTime": 4
      }
    },
    "file": "wool:itemtypes/resource/fibers.json",
    "side": "Server",
    "dependsOn": [ { "modid": "wool" } ]
  },
  {
    "op": "add",
    "path": "/attributesByType/fibers-generic-plain",
    "value": {
      "spinningProps": {
        "outputType": "wool:twine-wool-plain",
        "outputQuantity": 1,
        "inputQuantity": 2,
        "spinTime": 4
      }
    },
    "file": "wool:itemtypes/resource/fibers.json",
    "side": "Server",
    "dependsOn": [ { "modid": "wool" } ]
  },
  {
    "op": "add",
    "path": "/attributesByType/fibers-muskox-brown",
    "value": {
      "spinningProps": {
        "outputType": "wool:twine-wool-brown",
        "outputQuantity": 1,
        "inputQuantity": 2,
        "spinTime": 4
      }
    },
    "file": "wool:itemtypes/resource/fibers.json",
    "side": "Server",
    "dependsOn": [ { "modid": "wool" } ]
  },
  {
    "op": "add",
    "path": "/attributesByType/fibers-angora-white",
    "value": {
      "spinningProps": {
        "outputType": "wool:twine-wool-white",
        "outputQuantity": 1,
        "inputQuantity": 2,
        "spinTime": 4
      }
    },
    "file": "wool:itemtypes/resource/fibers.json",
    "side": "Server",
    "dependsOn": [ { "modid": "wool" } ]
  },
  {
    "op": "add",
    "path": "/attributesByType/twine-wool-plain",
    "value": {
      "weavingProps": {
        "outputType": "wool:wool-plain",
        "inputQuantity": 9,
        "outputQuantity": 3
      }
    },
    "file": "wool:itemtypes/resource/twine.json",
    "side": "Server",
    "dependsOn": [ { "modid": "wool" } ]
  },
  {
    "op": "add",
    "path": "/attributesByType/twine-wool-black",
    "value": {
      "weavingProps": {
        "outputType": "wool:wool-black",
        "inputQuantity": 9,
        "outputQuantity": 3
      }
    },
    "file": "wool:itemtypes/resource/twine.json",
    "side": "Server",
    "dependsOn": [ { "modid": "wool" } ]
  },
  {
    "op": "add",
    "path": "/attributesByType/twine-wool-blue",
    "value": {
      "weavingProps": {
        "outputType": "wool:wool-blue",
        "inputQuantity": 9,
        "outputQuantity": 3
      }
    },
    "file": "wool:itemtypes/resource/twine.json",
    "side": "Server",
    "dependsOn": [ { "modid": "wool" } ]
  },
  {
    "op": "add",
    "path": "/attributesByType/twine-wool-brown",
    "value": {
      "weavingProps": {
        "outputType": "wool:wool-brown",
        "inputQuantity": 9,
        "outputQuantity": 3
      }
    },
    "file": "wool:itemtypes/resource/twine.json",
    "side": "Server",
    "dependsOn": [ { "modid": "wool" } ]
  },
  {
    "op": "add",
    "path": "/attributesByType/twine-wool-gray",
    "value": {
      "weavingProps": {
        "outputType": "wool:wool-gray",
        "inputQuantity": 9,
        "outputQuantity": 3
      }
    },
    "file": "wool:itemtypes/resource/twine.json",
    "side": "Server",
    "dependsOn": [ { "modid": "wool" } ]
  },
  {
    "op": "add",
    "path": "/attributesByType/twine-wool-green",
    "value": {
      "weavingProps": {
        "outputType": "wool:wool-green",
        "inputQuantity": 9,
        "outputQuantity": 3
      }
    },
    "file": "wool:itemtypes/resource/twine.json",
    "side": "Server",
    "dependsOn": [ { "modid": "wool" } ]
  },
  {
    "op": "add",
    "path": "/attributesByType/twine-wool-orange",
    "value": {
      "weavingProps": {
        "outputType": "wool:wool-orange",
        "inputQuantity": 9,
        "outputQuantity": 3
      }
    },
    "file": "wool:itemtypes/resource/twine.json",
    "side": "Server",
    "dependsOn": [ { "modid": "wool" } ]
  },
  {
    "op": "add",
    "path": "/attributesByType/twine-wool-pink",
    "value": {
      "weavingProps": {
        "outputType": "wool:wool-pink",
        "inputQuantity": 9,
        "outputQuantity": 3
      }
    },
    "file": "wool:itemtypes/resource/twine.json",
    "side": "Server",
    "dependsOn": [ { "modid": "wool" } ]
  },
  {
    "op": "add",
    "path": "/attributesByType/twine-wool-purple",
    "value": {
      "weavingProps": {
        "outputType": "wool:wool-purple",
        "inputQuantity": 9,
        "outputQuantity": 3
      }
    },
    "file": "wool:itemtypes/resource/twine.json",
    "side": "Server",
    "dependsOn": [ { "modid": "wool" } ]
  },
  {
    "op": "add",
    "path": "/attributesByType/twine-wool-red",
    "value": {
      "weavingProps": {
        "outputType": "wool:wool-red",
        "inputQuantity": 9,
        "outputQuantity": 3
      }
    },
    "file": "wool:itemtypes/resource/twine.json",
    "side": "Server",
    "dependsOn": [ { "modid": "wool" } ]
  },
  {
    "op": "add",
    "path": "/attributesByType/twine-wool-white",
    "value": {
      "weavingProps": {
        "outputType": "wool:wool-white",
        "inputQuantity": 9,
        "outputQuantity": 3
      }
    },
    "file": "wool:itemtypes/resource/twine.json",
    "side": "Server",
    "dependsOn": [ { "modid": "wool" } ]
  },
  {
    "op": "add",
    "path": "/attributesByType/twine-wool-yellow",
    "value": {
      "weavingProps": {
        "outputType": "wool:wool-yellow",
        "inputQuantity": 9,
        "outputQuantity": 3
      }
    },
    "file": "wool:itemtypes/resource/twine.json",
    "side": "Server",
    "dependsOn": [ { "modid": "wool" } ]
  },
  {
    "op": "add",
    "path": "/attributesByType/twine-wool-darkblue",
    "value": {
      "weavingProps": {
        "outputType": "wool:wool-darkblue",
        "inputQuantity": 9,
        "outputQuantity": 3
      }
    },
    "file": "wool:itemtypes/resource/twine.json",
    "side": "Server",
    "dependsOn": [ { "modid": "wool" } ]
  },
  {
    "op": "add",
    "path": "/attributesByType/twine-wool-darkbrown",
    "value": {
      "weavingProps": {
        "outputType": "wool:wool-darkbrown",
        "inputQuantity": 9,
        "outputQuantity": 3
      }
    },
    "file": "wool:itemtypes/resource/twine.json",
    "side": "Server",
    "dependsOn": [ { "modid": "wool" } ]
  },
  {
    "op": "add",
    "path": "/attributesByType/twine-wool-darkgreen",
    "value": {
      "weavingProps": {
        "outputType": "wool:wool-darkgreen",
        "inputQuantity": 9,
        "outputQuantity": 3
      }
    },
    "file": "wool:itemtypes/resource/twine.json",
    "side": "Server",
    "dependsOn": [ { "modid": "wool" } ]
  },
  {
    "op": "add",
    "path": "/attributesByType/twine-wool-darkred",
    "value": {
      "weavingProps": {
        "outputType": "wool:wool-darkred",
        "inputQuantity": 9,
        "outputQuantity": 3
      }
    },
    "file": "wool:itemtypes/resource/twine.json",
    "side": "Server",
    "dependsOn": [ { "modid": "wool" } ]
  },
  {
    "op": "add",
    "path": "/attributes/handbook",
    "value": {
      "extraSections": [
        {
          "title": "spinningwheel:handbook-see-also-spinning",
          "text": "spinningwheel:handbook-see-also-spinning-text"
        }
      ]
    },
    "file": "wool:itemtypes/resource/fibers.json",
    "dependsOn": [ { "modid": "wool" } ]
  },
  {
    "op": "add",
    "path": "/attributes/handbook",
    "value": {
      "extraSections": [
        {
          "title": "spinningwheel:handbook-see-also-twine",
          "text": "spinningwheel:handbook-see-also-twine-text"
        }
      ]
    },
    "file": "wool:itemtypes/resource/twine.json",
    "dependsOn": [ { "modid": "wool" } ]
  },
  {
    "op": "add",
    "path": "/attributes/handbook/extraSections/-",
    "value": {
      "title": "spinningwheel:handbook-see-also-weaving",
      "text": "spinningwheel:handbook-see-also-weaving-text"
    },
    "file": "wool:blocktypes/cloth/wool.json",
    "dependsOn": [ { "modid": "wool" } ]
  }
]