{
	"code": "catfish",
	"class": "EntityFish",
	"hitboxSizeByType": {
		"*-catfish-small": {
			"x": 0.5,
			"y": 0.35
		},
		"*-catfish-medium": {
			"x": 0.75,
			"y": 0.55
		},
		"*-catfish-large": {
			"x": 1,
			"y": 0.75
		},
		"*-ripsaw_catfish-small": {
			"x": 0.75,
			"y": 0.55
		},
		"*-ripsaw_catfish-medium": {
			"x": 1,
			"y": 0.75
		},
		"*-ripsaw_catfish-large": {
			"x": 1.25,
			"y": 0.75
		}
	},
	"eyeHeight": 0.2,
	"habitat": "Underwater",
	"variantgroups": [
		{
			"code": "type",
			"states": [ "catfish", "ripsaw_catfish" ]
		},
		{
			"code": "size",
			"states": [ "small", "medium", "large" ]
		}
	],
	"dropsByType": {
		"*-catfish-small": [
			{
				"type": "item",
				"code": "wethology:deadfish-catfish-small",
				"quantity": { "avg":1, "var": 0 }
			}
		],
		"*-catfish-medium": [
			{
				"type": "item",
				"code": "wethology:deadfish-catfish-medium",
				"quantity": { "avg":1, "var": 0 }
			}
		],
		"*-catfish-large": [
			{
				"type": "item",
				"code": "wethology:deadfish-catfish-large",
				"quantity": { "avg":1, "var": 0 }
			}
		],
		"*-ripsaw_catfish-small": [
			{
				"type": "item",
				"code": "wethology:deadfish-ripsaw_catfish-small",
				"quantity": { "avg":1, "var": 0 }
			}
		],
		"*-ripsaw_catfish-medium": [
			{
				"type": "item",
				"code": "wethology:deadfish-ripsaw_catfish-medium",
				"quantity": { "avg":1, "var": 0 }
			}
		],
		"*-ripsaw_catfish-large": [
			{
				"type": "item",
				"code": "wethology:deadfish-ripsaw_catfish-large",
				"quantity": { "avg":1, "var": 0 }
			}
		]
	},
	"attributes": {
		"seafloor": true
	},
	"client": {
		"renderer": "Shape",
		"shapeByType": {
			"*-catfish-small": { "base": "wethology:entity/water/fish/catfish-small" },
			"*-catfish-medium": { "base": "wethology:entity/water/fish/catfish-medium" },
			"*-catfish-large": { "base": "wethology:entity/water/fish/catfish-large" },
			"*-ripsaw_catfish-small": { "base": "wethology:entity/water/fish/ripsaw_catfish-small" },
			"*-ripsaw_catfish-medium": { "base": "wethology:entity/water/fish/ripsaw_catfish-medium" },
			"*-ripsaw_catfish-large": { "base": "wethology:entity/water/fish/ripsaw_catfish-large" }
		},
		"textureByType": {
			"*-catfish-*": {
				"base": "wethology:entity/water/fish/catfish/catfish1",
				"alternates": [
					{ "base": "wethology:entity/water/fish/catfish/catfish2" },
					{ "base": "wethology:entity/water/fish/catfish/catfish3" }
				]
			},
			"*-ripsaw_catfish-*": {
				"base": "wethology:entity/water/fish/catfish/catfish1",
				"alternates": [
					{ "base": "wethology:entity/water/fish/catfish/catfish2" },
					{ "base": "wethology:entity/water/fish/catfish/catfish3" }
				]
			}
		},
		"behaviors": [
			{ "code": "repulseagents" },
			{
				"code": "controlledphysics",
				"stepHeight": 0
			},
			{
				"code": "passivephysics",
				"gravityFactor": 1.75
			},
			{ "code": "interpolateposition" },
			{
				"code": "despawn",
				"minPlayerDistance": 64,
				"minSeconds": 120
			}
		],
		"animations": [
			{
				"code": "hurt",
				"animation": "hurt",
				"animationSpeed": 1,
				"weight": 10,
				"blendMode": "AddAverage"
			},
			{
				"code": "swim",
				"animation": "swim"
			},
			{
				"code": "swimfast",
				"animation": "swim"
			},
			{
				"code": "flop",
				"animation": "flopping"
			},
			{
				"code": "idle",
				"animation": "idle",
				"blendMode": "AddAverage",
				"animationSpeed": 0.33,
				"easeOutSpeed": 4,
				"triggeredBy": { "defaultAnim": true }
			}
		]
	},
	"server": {
		"behaviors": [
			{ "code": "repulseagents" },
			{
				"code": "controlledphysics",
				"stepHeight": 1.1251
			},
			{
				"code": "despawn",
				"minPlayerDistance": 64,
				"minSeconds": 120
			},
			{
				"code": "health",
				"currenthealthByType": {
					"*-catfish-*": 3,
					"*-ripsaw_catfish-*": 12
				},
				"maxhealthByType": {
					"*-catfish-*": 3,
					"*-ripsaw_catfish-*": 12
				}
			},
			{
				"code": "emotionstates",
				"states": [
					{
						"code": "fleeondamage",
						"duration": 10,
						"chance": 1,
						"slot": 0,
						"priority": 1,
						"accumType": "max"
					}
				]
			},
			{
				"code": "taskai",
				"aitasks": [
					{
						"code": "meleeattack",
						"entitycodes": [ "player", "wolf-male", "wolf-female", "fox-*", "hyena-male", "hyena-female" ],
						"priority": 3,
						"whenSwimming": true,
						"enabledByType": {
							"*": false,
							"*-ripsaw_catfish-*": true
						},
						"damageByType": {
							"*-ripsaw_catfish-*": 3
						},
						"damageTier": 0,
						"mincooldown": 1500,
						"maxcooldown": 1500,
						"damageType": "SlashingAttack",
						"damagePlayerAtMs": 500,
						"attackDurationMs": 800,
						"animation": "attack",
						"animationSpeed": 1.8
					},
					{
						"code": "seekentity",
						"enabledByType": {
							"*": false,
							"*-ripsaw_catfish-*": true
						},
						"entityCodes": [ "player", "wolf-male", "wolf-female", "fox-*", "hyena-male", "hyena-female", "wethology:fish-*" ],
						"priority": 3,
						"whenSwimming": true,
						"movespeed": 0.045,
						"seekingRange": 3,
						"animation": "Swim",
						"animationSpeed": 2.2
					},
					{
						"code": "fishoutofwater",
						"priority": 3.5,
						"priorityForCancel": 2.6,
						"movespeed": 0.005,
						"animation": "swim",
						"animationSpeed": 2
					},
					{
						"code": "fleeentity",
						"entityCodes": [ "player" ],
						"enabledByType": {
							"*-catfish-*": true,
							"*-ripsaw_catfish-*": false
						},
						"priority": 3,
						"whenSwimming": true,
						"fleeDurationMs": 10000,
						"fleeingDistance": 23,
						"movespeed": 0.048,
						"seekingRange": 7,
						"animation": "swim",
						"animationSpeed": 3
					},
					{
						"code": "fleeentity",
						"entityCodes": [ "player" ],
						"enabledByType": {
							"*-catfish-*": false,
							"*-ripsaw_catfish-*": true
						},
						"priority": 3,
						"whenSwimming": true,
						"fleeDurationMs": 10000,
						"fleeingDistance": 23,
						"movespeed": 0.048,
						"seekingRange": 7,
						"animation": "swim",
						"animationSpeed": 3,
						"whenInEmotionState": "fleeondamage"
					},
					{
						"code": "wander",
						"priority": 1.2,
						"priorityForCancel": 1.35,
						"movespeed": 0.015,
						"animationSpeed": 0.5,
						"animation": "swim"
					},
					{
						"code": "fishmovefast",
						"priority": 1.0,
						"priorityForCancel": 1.5,
						"movespeed": 0.045,
						"animation": "swim",
						"animationSpeed": 2.3
					},
					{
						"code": "idle",
						"priority": 0.9,
						"minduration": 500,
						"maxduration": 1000,
						"mincooldown": 2000,
						"maxcooldown": 30000,
						"animation": "idle"
					}
				]
			}
		],
		"spawnconditions": {
			"worldgen": {
				"TriesPerChunk": {
					"avg": 0.01,
					"var": 0
				},
				"tryOnlySurface": true,
				"groupSize": {
					"dist": "verynarrowgaussian",
					"avg": 1,
					"var": 2
				},
				"insideBlockCodes": [ "game:aquaticplant-bladderwrack", "game:aquaticplant-irishmoss", "game:aquatic-watercrowfoot-*", "game:aquaticplant-milfoilfeather", "game:aquatic-muskgrass-*", "game:aquatic-hornwort-*" ],
				"minTempByType": {
					"*-catfish-*": -5,
					"*-ripsaw_catfish-*": 28
				},
				"maxTemp": 40
			},
			"runtime": {
				"group": "passive",
				"chance": 0.02,
				"tryOnlySurface": true,
				"groupSize": {
					"dist": "verynarrowgaussian",
					"avg": 1,
					"var": 2
				},
				"maxQuantity": 9,
				"insideBlockCodes": [ "game:aquaticplant-bladderwrack", "game:aquaticplant-irishmoss", "game:aquatic-watercrowfoot-*", "game:aquaticplant-milfoilfeather", "game:aquatic-muskgrass-*", "game:aquatic-hornwort-*" ],
				"maxLightLevel": 4,
				"lightLevelType": "MaxTimeOfDayLight",
				"minTempByType": {
					"*-catfish-*": -5,
					"*-ripsaw_catfish-*": 28
				},
				"maxTemp": 40
			}
		}
	}
}