{
	"code": "eel",
	"class": "EntityFish",
	"hitboxSize": {
		"x": 1,
		"y": 0.55
	},
	"eyeHeight": 0.2,
	"drops": [],
	"attributes": {
		"seafloor": true
	},
	"habitat": "Underwater",
	"client": {
		"renderer": "Shape",
		"size": 0.5,
		"shape": { "base": "wethology:entity/water/eel/eel" },
		"behaviors": [
			{ "code": "repulseagents" },
			{
				"code": "controlledphysics",
				"stepHeight": 0
			},
			{
				"code": "passivephysics",
				"gravityFactor": 1.75
			},
			{ "code": "interpolateposition" },
			{
				"code": "despawn",
				"minPlayerDistance": 28,
				"minSeconds": 600
			}
		],
		"animations": [
			{
				"code": "hurt",
				"animation": "hurt",
				"animationSpeed": 1,
				"weight": 10,
				"blendMode": "AddAverage"
			},
			{
				"code": "swim",
				"animation": "swim"
			},
			{
				"code": "swimfast",
				"animation": "swim"
			},
			{
				"code": "die",
				"animation": "dead-floating"
			},
			{
				"code": "flop",
				"animation": "flopping"
			},
			{
				"code": "idle",
				"animation": "idle",
				"blendMode": "AddAverage",
				"animationSpeed": 0.33,
				"easeOutSpeed": 4,
				"triggeredBy": { "defaultAnim": true }
			}
		]
	},
	"server": {
		"attributes": {
			"pathfinder": {
				"minTurnAnglePerSec": 90,
				"maxTurnAnglePerSec": 180
			}
		},
		"behaviors": [
			{ "code": "repulseagents" },
			{
				"code": "controlledphysics",
				"stepHeight": 1.1251
			},
			{
				"code": "passivephysics",
				"gravityFactor": 1.75
			},
			{
				"code": "despawn",
				"minPlayerDistance": 32,
				"minSeconds": 900
			},
			{
				"code": "health",
				"currenthealth": 12,
				"maxhealth": 12
			},
			{
				"code": "deaddecay",
				"hoursToDecay": 0.02,
				"decayedBlock": "carcass-tiny"
			},
			{
				"code": "emotionstates",
				"states": [
					{
						"code": "fleeondamage",
						"duration": 10,
						"chance": 1,
						"slot": 0,
						"priority": 1,
						"accumType": "max"
					}
				]
			},
			{
				"code": "taskai",
				"aitasks": [
					{
						"code": "meleeattack",
						"entitycodes": [ "player" ],
						"priority": 3,
						"whenSwimming": true,
						"damage": 2,
						"damageTier": 1,
						"mincooldown": 1500,
						"maxcooldown": 1500,
						"damageType": "PiercingAttack",
						"damagePlayerAtMs": 500,
						"attackDurationMs": 800,
						"animation": "attack",
						"animationSpeed": 1.8
					},
					{
						"code": "seekentity",
						"entityCodes": [
							"player"
						],
						"priority": 1.6,
						"whenSwimming": true,
						"mincooldown": 400,
						"maxcooldown": 800,
						"movespeed": 0.33,
						"seekingRange": 7,
						"animationSpeed": 1.8,
						"animation": "swim"
					},
					{
						"code": "fishoutofwater",
						"priority": 2.5,
						"priorityForCancel": 2.6,
						"movespeed": 0.005,
						"animation": "swim",
						"animationSpeed": 2
					},
					{
						"code": "fleeentity",
						"entityCodes": [ "player" ],
						"priority": 2,
						"whenSwimming": true,
						"fleeDurationMs": 10000,
						"fleeingDistance": 23,
						"movespeed": 0.08,
						"seekingRange": 14,
						"animation": "swim",
						"animationSpeed": 4,
						"whenInEmotionState": "fleeondamage"
					},
					{
						"code": "wander",
						"priority": 1.2,
						"priorityForCancel": 1.35,
						"movespeed": 0.015,
						"animationSpeed": 0.5,
						"animation": "swim"
					},
					{
						"code": "fishmovefast",
						"priority": 1.0,
						"priorityForCancel": 1.5,
						"movespeed": 0.045,
						"animation": "swim",
						"animationSpeed": 1.75
					},
					{
						"code": "idle",
						"priority": 0.9,
						"priorityForCancel": 1.5,
						"minduration": 1000,
						"maxduration": 6000,
						"mincooldown": 2000,
						"maxcooldown": 20000,
						"animation": "idle"
					},
					{
						"code": "idle",
						"priority": 0.9,
						"minduration": 500,
						"maxduration": 1000,
						"mincooldown": 2000,
						"maxcooldown": 30000,
						"animation": "idle"
					}
				]
			}
		],
		"spawnconditions": {
			"worldgen": {
				"TriesPerChunk": {
					"avg": 0.01,
					"var": 0
				},
				"tryOnlySurface": true,
				"groupSize": {
					"dist": "verynarrowgaussian",
					"avg": 1,
					"var": 0
				},
				"insideBlockCodes": [ "game:seaweed-*" ],
				"minTemp": 15,
				"maxTemp": 40
			},
			"runtime": {
				"group": "neutral",
				"chance": 0.001,
				"tryOnlySurface": true,
				"groupSize": {
					"dist": "verynarrowgaussian",
					"avg": 1,
					"var": 0
				},
				"maxQuantity": 9,
				"insideBlockCodes": [ "game:seaweed-*" ],
				"minY": 0.65,
				"maxY": 1,
				"minTemp": 15,
				"maxTemp": 48
			}
		}
	}
}