{
	"code": "fish",
	"class": "EntityFish",
	"hitboxSizeByType": {
		"*-*-small": {
			"x": 0.25,
			"y": 0.25
		},
		"*-*-medium": {
			"x": 0.45,
			"y": 0.35
		},
		"*-*-large": {
			"x": 0.65,
			"y": 0.45
		}
	},
	"eyeHeight": 0.2,
	"habitat": "Underwater",
	"variantgroups": [
		{
			"code": "type",
			"states": [ "bass", "coral_fish", "salmon", "sea_bass", "snakehead", "sunfish", "trout" ]
		},
		{
			"code": "size",
			"states": [ "small", "medium", "large" ]
		}
	],
	"dropsByType": {
		"*-bass-small": [
			{
				"type": "item",
				"code": "wethology:deadfish-bass-small",
				"quantity": { "avg":1, "var": 0 }
			}
		],
		"*-bass-medium": [
			{
				"type": "item",
				"code": "wethology:deadfish-bass-medium",
				"quantity": { "avg":1, "var": 0 }
			}
		],
		"*-bass-large": [
			{
				"type": "item",
				"code": "wethology:deadfish-bass-large",
				"quantity": { "avg":1, "var": 0 }
			}
		],
		"*-coral_fish-small": [
			{
				"type": "item",
				"code": "wethology:deadfish-coral_fish-small",
				"quantity": { "avg":1, "var": 0 }
			}
		],
		"*-coral_fish-medium": [
			{
				"type": "item",
				"code": "wethology:deadfish-coral_fish-medium",
				"quantity": { "avg":1, "var": 0 }
			}
		],
		"*-coral_fish-large": [
			{
				"type": "item",
				"code": "wethology:deadfish-coral_fish-large",
				"quantity": { "avg":1, "var": 0 }
			}
		],
		"*-salmon-small": [
			{
				"type": "item",
				"code": "wethology:deadfish-salmon-small",
				"quantity": { "avg":1, "var": 0 }
			}
		],
		"*-salmon-medium": [
			{
				"type": "item",
				"code": "wethology:deadfish-salmon-medium",
				"quantity": { "avg":1, "var": 0 }
			}
		],
		"*-salmon-large": [
			{
				"type": "item",
				"code": "wethology:deadfish-salmon-large",
				"quantity": { "avg":1, "var": 0 }
			}
		],
		"*-sea_bass-small": [
			{
				"type": "item",
				"code": "wethology:deadfish-sea_bass-small",
				"quantity": { "avg":1, "var": 0 }
			}
		],
		"*-sea_bass-medium": [
			{
				"type": "item",
				"code": "wethology:deadfish-sea_bass-medium",
				"quantity": { "avg":1, "var": 0 }
			}
		],
		"*-sea_bass-large": [
			{
				"type": "item",
				"code": "wethology:deadfish-sea_bass-large",
				"quantity": { "avg":1, "var": 0 }
			}
		],
		"*-snakehead-small": [
			{
				"type": "item",
				"code": "wethology:deadfish-snakehead-small",
				"quantity": { "avg":1, "var": 0 }
			}
		],
		"*-snakehead-medium": [
			{
				"type": "item",
				"code": "wethology:deadfish-snakehead-medium",
				"quantity": { "avg":1, "var": 0 }
			}
		],
		"*-snakehead-large": [
			{
				"type": "item",
				"code": "wethology:deadfish-snakehead-large",
				"quantity": { "avg":1, "var": 0 }
			}
		],
		"*-sunfish-small": [
			{
				"type": "item",
				"code": "wethology:deadfish-sunfish-small",
				"quantity": { "avg":1, "var": 0 }
			}
		],
		"*-sunfish-medium": [
			{
				"type": "item",
				"code": "wethology:deadfish-sunfish-medium",
				"quantity": { "avg":1, "var": 0 }
			}
		],
		"*-sunfish-large": [
			{
				"type": "item",
				"code": "wethology:deadfish-sunfish-large",
				"quantity": { "avg":1, "var": 0 }
			}
		],
		"*-trout-small": [
			{
				"type": "item",
				"code": "wethology:deadfish-trout-small",
				"quantity": { "avg":1, "var": 0 }
			}
		],
		"*-trout-medium": [
			{
				"type": "item",
				"code": "wethology:deadfish-trout-medium",
				"quantity": { "avg":1, "var": 0 }
			}
		],
		"*-trout-large": [
			{
				"type": "item",
				"code": "wethology:deadfish-trout-large",
				"quantity": { "avg":1, "var": 0 }
			}
		]
	},
		"attributes": {
			"seafloor": true
		},
		"client": {
			"renderer": "Shape",
			"shapeByType": {
				"*-bass-small": { "base": "wethology:entity/water/fish/bass-small" },
				"*-bass-medium": { "base": "wethology:entity/water/fish/bass-medium" },
				"*-bass-large": { "base": "wethology:entity/water/fish/bass-large" },
				"*-coral_fish-small": { "base": "wethology:entity/water/fish/coral_fish-small" },
				"*-coral_fish-medium": { "base": "wethology:entity/water/fish/coral_fish-medium" },
				"*-coral_fish-large": { "base": "wethology:entity/water/fish/coral_fish-large" },
				"*-salmon-small": { "base": "wethology:entity/water/fish/salmon-small" },
				"*-salmon-medium": { "base": "wethology:entity/water/fish/salmon-medium" },
				"*-salmon-large": { "base": "wethology:entity/water/fish/salmon-large" },
				"*-sea_bass-small": { "base": "wethology:entity/water/fish/sea_bass-small" },
				"*-sea_bass-medium": { "base": "wethology:entity/water/fish/sea_bass-medium" },
				"*-sea_bass-large": { "base": "wethology:entity/water/fish/sea_bass-large" },
				"*-snakehead-small": { "base": "wethology:entity/water/fish/snakehead-small" },
				"*-snakehead-medium": { "base": "wethology:entity/water/fish/snakehead-medium" },
				"*-snakehead-large": { "base": "wethology:entity/water/fish/snakehead-large" },
				"*-sunfish-small": { "base": "wethology:entity/water/fish/sunfish-small" },
				"*-sunfish-medium": { "base": "wethology:entity/water/fish/sunfish-medium" },
				"*-sunfish-large": { "base": "wethology:entity/water/fish/sunfish-large" },
				"*-trout-small": { "base": "wethology:entity/water/fish/trout-small" },
				"*-trout-medium": { "base": "wethology:entity/water/fish/trout-medium" },
				"*-trout-large": { "base": "wethology:entity/water/fish/trout-large" }
			},
			"textureByType": {
				"*-snakehead-*": {
					"base": "wethology:entity/water/fish/snakehead/snakehead1",
					"alternates": [
						{ "base": "wethology:entity/water/fish/snakehead/snakehead2" },
						{ "base": "wethology:entity/water/fish/snakehead/snakehead3" },
						{ "base": "wethology:entity/water/fish/snakehead/snakehead4" }
					]
				},
				"*-sea_bass-*": {
					"base": "wethology:entity/water/fish/sea_bass/sea_bass1",
					"alternates": [
						{ "base": "wethology:entity/water/fish/sea_bass/sea_bass2" },
						{ "base": "wethology:entity/water/fish/sea_bass/sea_bass3" }
					]
				},
				"*-bass-*": {
					"base": "wethology:entity/water/fish/bass/bass1",
					"alternates": [
						{ "base": "wethology:entity/water/fish/bass/bass2" },
						{ "base": "wethology:entity/water/fish/bass/bass3" }
					]
				},
				"*-coral_fish-*": {
					"base": "wethology:entity/water/fish/coral_fish/coral_fish1",
					"alternates": [
						{ "base": "wethology:entity/water/fish/coral_fish/coral_fish2" },
						{ "base": "wethology:entity/water/fish/coral_fish/coral_fish3" },
						{ "base": "wethology:entity/water/fish/coral_fish/coral_fish4" }
					]
				},
				"*-sunfish-*": {
					"base": "wethology:entity/water/fish/sunfish/sunfish1",
					"alternates": [
						{ "base": "wethology:entity/water/fish/sunfish/sunfish2" },
						{ "base": "wethology:entity/water/fish/sunfish/sunfish3" },
						{ "base": "wethology:entity/water/fish/sunfish/sunfish4" }
					]
				},
				"*-salmon-*": { "base": "wethology:entity/water/fish/salmon/salmon" },
				"*-trout-*": {
					"base": "wethology:entity/water/fish/trout/trout1",
					"alternates": [
						{ "base": "wethology:entity/water/fish/trout/trout2" },
						{ "base": "wethology:entity/water/fish/trout/trout3" }
					]
				}
			},
			"behaviors": [
				{ "code": "repulseagents" },
				{
					"code": "controlledphysics",
					"stepHeight": 0
				},
				{
					"code": "passivephysics",
					"gravityFactor": 1.75
				},
				{ "code": "interpolateposition" },
				{
					"code": "despawn",
					"minPlayerDistance": 64,
					"minSeconds": 120
				}
			],
			"animations": [
				{
					"code": "hurt",
					"animation": "hurt",
					"animationSpeed": 1,
					"weight": 10,
					"blendMode": "AddAverage"
				},
				{
					"code": "swim",
					"animation": "swim"
				},
				{
					"code": "swimfast",
					"animation": "swim"
				},
				{
					"code": "idle",
					"animation": "idle",
					"blendMode": "AddAverage",
					"animationSpeed": 0.33,
					"easeOutSpeed": 4,
					"triggeredBy": { "defaultAnim": true }
				}
			]
		},
		"server": {
			"behaviors": [
				{ "code": "repulseagents" },
				{
					"code": "controlledphysics",
					"stepHeight": 1.1251
				},
				{
					"code": "despawn",
					"minPlayerDistance": 64,
					"minSeconds": 120
				},
				{
					"code": "health",
					"currenthealthByType": {
						"*": 3
					},
					"maxhealthByType": {
						"*": 3
					}
				},
				{
					"code": "emotionstates",
					"states": [
						{
							"code": "fleeondamage",
							"duration": 10,
							"chance": 1,
							"slot": 0,
							"priority": 1,
							"accumType": "max"
						}
					]
				},
				{
					"code": "taskai",
					"aitasks": [
						{
							"code": "fishoutofwater",
							"priority": 2.5,
							"priorityForCancel": 2.6,
							"movespeed": 0.005,
							"animation": "swim",
							"animationSpeed": 2
						},
						{
							"code": "fleeentity",
							"entityCodes": [ "player" ],
							"priority": 2,
							"whenSwimming": true,
							"fleeDurationMs": 10000,
							"fleeingDistance": 23,
							"movespeed": 0.088,
							"seekingRange": 7,
							"animation": "swim",
							"animationSpeed": 4
						},
						{
							"code": "wander",
							"priority": 1.2,
							"priorityForCancel": 1.35,
							"movespeed": 0.015,
							"animationSpeed": 0.5,
							"animation": "swim"
						},
						{
							"code": "fishmovefast",
							"priority": 1.0,
							"priorityForCancel": 1.5,
							"movespeed": 0.085,
							"animation": "swim",
							"animationSpeed": 4
						},
						{
							"code": "idle",
							"priority": 0.9,
							"minduration": 500,
							"maxduration": 1000,
							"mincooldown": 2000,
							"maxcooldown": 30000,
							"animation": "idle"
						}
					]
				}
			],
			"spawnconditionsByType": {
				"*-snakehead-*": {
					"worldgen": {
						"TriesPerChunk": {
							"avg": 0.02,
							"var": 0
						},
						"tryOnlySurface": true,
						"groupSize": {
							"dist": "verynarrowgaussian",
							"avg": 1,
							"var": 3
						},
						"insideBlockCodes": [ "game:aquaticplant-bladderwrack", "game:aquaticplant-irishmoss", "game:aquatic-watercrowfoot-*", "game:aquaticplant-milfoilfeather", "game:aquatic-muskgrass-*", "game:aquatic-hornwort-*" ],
						"minTemp": 20,
						"maxTemp": 48
					},
					"runtime": {
						"group": "passive",
						"chance": 0.01,
						"tryOnlySurface": true,
						"groupSize": {
							"dist": "verynarrowgaussian",
							"avg": 1,
							"var": 2
						},
						"maxQuantity": 7,
						"insideBlockCodes": [ "game:aquaticplant-bladderwrack", "game:aquaticplant-irishmoss", "game:aquatic-watercrowfoot-*", "game:aquaticplant-milfoilfeather", "game:aquatic-muskgrass-*", "game:aquatic-hornwort-*" ],
						"minTemp": 1,
						"maxTemp": 40
					}
				},
				"*-sea_bass-*": {
					"worldgen": {
						"TriesPerChunk": {
							"avg": 0.02,
							"var": 0
						},
						"tryOnlySurface": true,
						"groupSize": {
							"dist": "verynarrowgaussian",
							"avg": 1,
							"var": 3
						},
						"insideBlockCodes": [ "game:seaweed-*" ],
						"minTemp": 5,
						"maxTemp": 40
					},
					"runtime": {
						"group": "passive",
						"chance": 0.02,
						"tryOnlySurface": true,
						"groupSize": {
							"dist": "verynarrowgaussian",
							"avg": 1,
							"var": 2
						},
						"maxQuantity": 7,
						"insideBlockCodes": [ "game:seaweed-*" ],
						"minTemp": 1,
						"maxTemp": 40
					}
				},
				"*-bass-*": {
					"worldgen": {
						"TriesPerChunk": {
							"avg": 0.02,
							"var": 0
						},
						"tryOnlySurface": true,
						"groupSize": {
							"dist": "verynarrowgaussian",
							"avg": 1,
							"var": 3
						},
						"insideBlockCodes": [ "game:aquaticplant-bladderwrack", "game:aquaticplant-irishmoss", "game:aquatic-watercrowfoot-*", "game:aquaticplant-milfoilfeather", "game:aquatic-muskgrass-*", "game:aquatic-hornwort-*" ],
						"minTemp": -5,
						"maxTemp": 40
					},
					"runtime": {
						"group": "passive",
						"chance": 0.01,
						"tryOnlySurface": true,
						"groupSize": {
							"dist": "verynarrowgaussian",
							"avg": 1,
							"var": 2
						},
						"maxQuantity": 7,
						"insideBlockCodes": [ "game:aquaticplant-bladderwrack", "game:aquaticplant-irishmoss", "game:aquatic-watercrowfoot-*", "game:aquaticplant-milfoilfeather", "game:aquatic-muskgrass-*", "game:aquatic-hornwort-*" ],
						"minTemp": -5,
						"maxTemp": 40
					}
				},
				"*-coral_fish-*": {
					"worldgen": {
						"TriesPerChunk": {
							"avg": 0.02,
							"var": 0
						},
						"tryOnlySurface": true,
						"groupSize": {
							"dist": "verynarrowgaussian",
							"avg": 1,
							"var": 3
						},
						"insideBlockCodes": [ "game:seaweed-*" ],
						"minTemp": 18,
						"maxTemp": 40
					},
					"runtime": {
						"group": "passive",
						"chance": 0.01,
						"tryOnlySurface": true,
						"groupSize": {
							"dist": "verynarrowgaussian",
							"avg": 1,
							"var": 2
						},
						"maxQuantity": 7,
						"insideBlockCodes": [ "game:seaweed-*" ],
						"minTemp": 18,
						"maxTemp": 40
					}
				},
				"*-sunfish-*": {
					"worldgen": {
						"TriesPerChunk": {
							"avg": 0.01,
							"var": 0
						},
						"tryOnlySurface": true,
						"groupSize": {
							"dist": "verynarrowgaussian",
							"avg": 1,
							"var": 7
						},
						"insideBlockCodes": [ "game:aquaticplant-bladderwrack", "game:aquaticplant-irishmoss", "game:aquatic-watercrowfoot-*", "game:aquaticplant-milfoilfeather", "game:aquatic-muskgrass-*", "game:aquatic-hornwort-*" ],
						"minTemp": -7,
						"maxTemp": 40
					},
					"runtime": {
						"group": "passive",
						"chance": 0.01,
						"tryOnlySurface": true,
						"groupSize": {
							"dist": "verynarrowgaussian",
							"avg": 1,
							"var": 7
						},
						"maxQuantity": 7,
						"insideBlockCodes": [ "game:aquaticplant-bladderwrack", "game:aquaticplant-irishmoss", "game:aquatic-watercrowfoot-*", "game:aquaticplant-milfoilfeather", "game:aquatic-muskgrass-*", "game:aquatic-hornwort-*" ],
						"minTemp": -7,
						"maxTemp": 40
					}
				},
				"*-salmon-*": {
					"worldgen": {
						"TriesPerChunk": {
							"avg": 0.02,
							"var": 0
						},
						"tryOnlySurface": true,
						"groupSize": {
							"dist": "verynarrowgaussian",
							"avg": 1,
							"var": 3
						},
						"insideBlockCodes": [ "game:seaweed-*" ],
						"minTemp": -20,
						"maxTemp": 5
					},
					"runtime": {
						"group": "passive",
						"chance": 0.03,
						"tryOnlySurface": true,
						"groupSize": {
							"dist": "verynarrowgaussian",
							"avg": 1,
							"var": 3
						},
						"maxQuantity": 6,
						"insideBlockCodes": [ "game:seaweed-*" ],
						"minTemp": -20,
						"maxTemp": 5
					}
				},
				"*-trout-*": {
					"worldgen": {
						"TriesPerChunk": {
							"avg": 0.02,
							"var": 0
						},
						"tryOnlySurface": true,
						"groupSize": {
							"dist": "verynarrowgaussian",
							"avg": 1,
							"var": 9
						},
						"insideBlockCodes": [ "game:aquaticplant-bladderwrack", "game:aquaticplant-irishmoss", "game:aquatic-watercrowfoot-*", "game:aquaticplant-milfoilfeather", "game:aquatic-muskgrass-*", "game:aquatic-hornwort-*" ],
						"minTemp": -15,
						"maxTemp": 5
					},
					"runtime": {
						"group": "passive",
						"chance": 0.01,
						"tryOnlySurface": true,
						"groupSize": {
							"dist": "verynarrowgaussian",
							"avg": 1,
							"var": 9
						},
						"maxQuantity": 7,
						"insideBlockCodes": [ "game:aquaticplant-bladderwrack", "game:aquaticplant-irishmoss", "game:aquatic-watercrowfoot-*", "game:aquaticplant-milfoilfeather", "game:aquatic-muskgrass-*", "game:aquatic-hornwort-*" ],
						"minTemp": -15,
						"maxTemp": 5
					}
				}
			}
		}
	}