{
	"code": "boxjellyfish",
	"class": "EntityFish",
	"hitboxSize": {
		"x": 0.3,
		"y": 0.3,
		"z": 0.3
	},
	"eyeHeight": 0.2,
	"drops": [],
	"habitat": "Underwater",
	"client": {
		"renderer": "Shape",
		"size": 0.75,
		"shape": { "base": "wethology:entity/water/jellyfish/box-jellyfish" },
		"texture": { "base": "wethology:entity/water/jellyfish/box-jellyfish" },
		"behaviors": [
			{ "code": "repulseagents" },
			{
				"code": "controlledphysics",
				"stepHeight": 0.0
			},
			{ "code": "interpolateposition" },
			{
				"code": "despawn",
				"minPlayerDistance": 8,
				"belowLightLevel": 8,
				"minSeconds": 300
			}
		],
		"animations": [
			{
				"code": "hurt",
				"animation": "hurt",
				"animationSpeed": 1,
				"weight": 10,
				"blendMode": "AddAverage"
			},
			{
				"code": "swim",
				"animation": "swim",
				"triggeredBy": { "defaultAnim": true }
			},
			{
				"code": "swimfast",
				"animation": "swim"
			},
			{
				"code": "die",
				"animation": "dead"
			},
			{
				"code": "flop",
				"animation": "flop"
			},
			{
				"code": "idle",
				"animation": "idle",
				"blendMode": "AddAverage",
				"easeOutSpeed": 4
			}
		]
	},
	"server": {
		"behaviors": [
			{ "code": "repulseagents" },
			{
				"code": "controlledphysics",
				"stepHeight": 0.0
			},
			{
				"code": "despawn",
				"minPlayerDistance": 8,
				"belowLightLevel": 8,
				"minSeconds": 600
			},
			{
				"code": "deaddecay",
				"hoursToDecay": 0.02
			},
			{
				"code": "health",
				"currenthealth": 4,
				"maxhealth": 4
			},
			{
				"code": "emotionstates",
				"states": [
					{
						"code": "fleeondamage",
						"duration": 10,
						"chance": 0.8,
						"slot": 0,
						"priority": 1,
						"accumType": "max"
					},
					{
						"code": "aggressiveondamage",
						"duration": 30,
						"chance": 0.9,
						"slot": 2,
						"priority": 2,
						"accumType": "noaccum"
					},
					{
						"code": "alarmherdondamage",
						"chance": 1,
						"slot": 1,
						"priority": 1,
						"accumType": "max"
					}
				]
			},
			{
				"code": "taskai",
				"aitasks": [
					{
						"code": "meleeattack",
						"entityCodes": [ "player" ],
						"priority": 2,
						"whenSwimming": true,
						"movespeed": 0.004,
						"damage": 3,
						"damageTier": 1,
						"damageType": "Poison",
						"slot": 1,
						"minduration": 1000,
						"maxduration": 3000,
						"mincooldown": 2000,
						"maxcooldown": 30000,
						"attackDurationMs": 800,
						"damagePlayerAtMs": 310
					},
					{
						"code": "seekentity",
						"entityCodes": [
							"player"
						],
						"priority": 1.6,
						"whenSwimming": true,
						"mincooldown": 400,
						"maxcooldown": 800,
						"seekingRange": 2,
						"movespeed": 0.004,
						"animationSpeed": 1,
						"animation": "swim"
					},
					{
						"code": "idle",
						"priority": 1.1,
						"minduration": 1000,
						"maxduration": 3000,
						"mincooldown": 2000,
						"maxcooldown": 30000,
						"animation": "idle"
					},
					{
						"code": "wander",
						"priority": 1.0,
						"priorityForCancel": 1.35,
						"movespeed": 0.003,
						"animation": "swim",
						"animationSpeed": 0.5
					},
					{
						"code": "fishmovefast",
						"priority": 1.0,
						"priorityForCancel": 1.35,
						"movespeed": 0.004,
						"animation": "swim",
						"animationSpeed": 0.65
					},
					{
						"code": "fishoutofwater",
						"priority": 1.0,
						"priorityForCancel": 1.35,
						"animation": "flop",
						"animationSpeed": 1
					}
				]
			}
		],
		"spawnconditions": {
			"worldgen": {
				"TriesPerChunk": {
					"avg": 0.1,
					"var": 0
				},
				"tryOnlySurface": true,
				"groupSize": {
					"dist": "verynarrowgaussian",
					"avg": 1,
					"var": 5
				},
				"insideBlockCodes": [ "game:saltwater-*" ],
				"minTemp": 0,
				"maxTemp": 40
			},
			"runtime": {
				"group": "neutral",
				"chance": 0.01,
				"tryOnlySurface": true,
				"groupSize": {
					"dist": "verynarrowgaussian",
					"avg": 1,
					"var": 2
				},
				"insideBlockCodes": [ "game:saltwater-*" ],
				"minTemp": 3,
				"maxTemp": 40
			}
		}
	}
}