{
	"code": "piranha",
	"class": "EntityFish",
	"hitboxSize": {
		"x": 0.5,
		"y": 0.35
	},
	"eyeHeight": 0.2,
	"habitat": "Underwater",
	"variantgroups": [
		{
			"code": "size",
			"states": [ "small", "medium", "large" ]
		}
	],
	"dropsByType": {
		"*-small": [
			{
				"type": "item",
				"code": "wethology:deadfish-piranha-small",
				"quantity": { "avg":1, "var": 0 }
			}
		],
		"*-medium": [
			{
				"type": "item",
				"code": "wethology:deadfish-piranha-medium",
				"quantity": { "avg":1, "var": 0 }
			}
		],
		"*-large": [
			{
				"type": "item",
				"code": "wethology:deadfish-piranha-large",
				"quantity": { "avg":1, "var": 0 }
			}
		]
	},
		"attributes": {
			"seafloor": true
		},
		"client": {
			"renderer": "Shape",
			"shapeByType": {
				"*-small": { "base": "wethology:entity/water/fish/piranha-small" },
				"*-medium": { "base": "wethology:entity/water/fish/piranha-medium" },
				"*-large": { "base": "wethology:entity/water/fish/piranha-large" }
			},
				"texture": {
					"base": "wethology:entity/water/fish/piranha/piranha1",
					"alternates": [
						{ "base": "wethology:entity/water/fish/piranha/piranha2" },
						{ "base": "wethology:entity/water/fish/piranha/piranha3" }
					]
				},
				"behaviors": [
					{ "code": "repulseagents" },
					{
						"code": "controlledphysics",
						"stepHeight": 0
					},
					{
						"code": "passivephysics",
						"gravityFactor": 1.75
					},
					{ "code": "interpolateposition" },
					{
						"code": "despawn",
						"minPlayerDistance": 64,
						"minSeconds": 120
					}
				],
				"animations": [
					{
						"code": "hurt",
						"animation": "hurt",
						"animationSpeed": 1,
						"weight": 10,
						"blendMode": "AddAverage"
					},
					{
						"code": "swim",
						"animation": "swim"
					},
					{
						"code": "swimfast",
						"animation": "swim"
					},
					{
						"code": "flop",
						"animation": "flopping"
					},
					{
						"code": "idle",
						"animation": "idle",
						"blendMode": "AddAverage",
						"animationSpeed": 0.33,
						"easeOutSpeed": 4,
						"triggeredBy": { "defaultAnim": true }
					}
				]
			},
		"server": {
			"behaviors": [
				{ "code": "repulseagents" },
				{
					"code": "controlledphysics",
					"stepHeight": 1.1251
				},
				{
					"code": "despawn",
					"minPlayerDistance": 64,
					"minSeconds": 120
				},
				{
					"code": "health",
					"currenthealth": 3,
					"maxhealth": 3
				},
				{
					"code": "emotionstates",
					"states": [
						{
							"code": "fleeondamage",
							"duration": 10,
							"chance": 1,
							"slot": 0,
							"priority": 1,
							"accumType": "max"
						}
					]
				},
				{
					"code": "taskai",
					"aitasks": [
						{
							"code": "meleeattack",
							"entitycodes": [ "player", "wolf-male", "wolf-female", "fox-*", "hyena-male", "hyena-female" ],
							"priority": 3,
							"whenSwimming": true,
							"damage": 1,
							"damageTier": 0,
							"mincooldown": 1500,
							"maxcooldown": 1500,
							"damageType": "SlashingAttack",
							"damagePlayerAtMs": 500,
							"attackDurationMs": 800,
							"animation": "attack",
							"animationSpeed": 1.8
						},
						{
							"code": "seekentity",
							"entityCodes": [ "player", "wolf-male", "wolf-female", "fox-*", "hyena-male", "hyena-female", "wethology:fish-*" ],
							"priority": 3,
							"whenSwimming": true,
							"movespeed": 0.045,
							"seekingRange": 15,
							"animation": "Swim",
							"animationSpeed": 2.2
						},
						{
							"code": "fishoutofwater",
							"priority": 3.5,
							"priorityForCancel": 2.6,
							"movespeed": 0.005,
							"animation": "swim",
							"animationSpeed": 2
						},
						{
							"code": "wander",
							"priority": 1.2,
							"priorityForCancel": 1.35,
							"movespeed": 0.015,
							"animationSpeed": 0.5,
							"animation": "swim"
						},
						{
							"code": "fishmovefast",
							"priority": 1.0,
							"priorityForCancel": 1.5,
							"movespeed": 0.045,
							"animation": "swim",
							"animationSpeed": 2.3
						},
						{
							"code": "idle",
							"priority": 0.9,
							"minduration": 500,
							"maxduration": 1000,
							"mincooldown": 2000,
							"maxcooldown": 30000,
							"animation": "idle"
						}
					]
				}
			],
			"spawnconditions": {
				"worldgen": {
					"TriesPerChunk": {
						"avg": 0.1,
						"var": 0
					},
					"tryOnlySurface": true,
					"groupSize": {
						"dist": "verynarrowgaussian",
						"avg": 5,
						"var": 3
					},
					"insideBlockCodes": [ "game:aquaticplant-bladderwrack", "game:aquaticplant-irishmoss", "game:aquatic-watercrowfoot-*", "game:aquaticplant-milfoilfeather", "game:aquatic-muskgrass-*", "game:aquatic-hornwort-*" ],
					"companions": [ "wethology:piranha-small", "wethology:piranha-medium", "wethology:piranha-large" ],
					"minTemp": 27,
					"maxTemp": 48
				},
				"runtime": {
					"group": "passive",
					"chance": 0.02,
					"tryOnlySurface": true,
					"groupSize": {
						"dist": "verynarrowgaussian",
						"avg": 3,
						"var": 2
					},
					"maxQuantity": 7,
					"insideBlockCodes": [ "game:aquaticplant-bladderwrack", "game:aquaticplant-irishmoss", "game:aquatic-watercrowfoot-*", "game:aquaticplant-milfoilfeather", "game:aquatic-muskgrass-*", "game:aquatic-hornwort-*" ],
					"companions": [ "wethology:piranha-small", "wethology:piranha-medium", "wethology:piranha-large" ],
					"minTemp": 27,
					"maxTemp": 48
				}
			}
		}
	}