{
	"code": "stingray",
	"class": "EntityFish",
	"hitboxSizeByType": {
		"*-fresh-small": {
			"x": 0.3,
			"y": 0.2
		},
		"*-fresh-medium": {
			"x": 0.5,
			"y": 0.35
		},
		"*-fresh-large": {
			"x": 0.75,
			"y": 0.5
		},
		"*-sea-small": {
			"x": 0.5,
			"y": 0.25
		},
		"*-sea-medium": {
			"x": 1,
			"y": 0.65
		},
		"*-sea-large": {
			"x": 1.5,
			"y": 1
		}
	},
	"eyeHeight": 0.2,
	"habitat": "Underwater",
	"variantgroups": [
		{
			"code": "type",
			"states": [ "fresh", "sea" ]
		},
		{
			"code": "size",
			"states": [ "small", "medium", "large" ]
		}
	],
	"dropsByType": {
		"*-fresh-small": [
			{
				"type": "item",
				"code": "wethology:deadray-stingray_fresh-small",
				"quantity": {
					"avg": 1,
					"var": 0
				}
			}
		],
		"*-fresh-medium": [
			{
				"type": "item",
				"code": "wethology:deadray-stingray_fresh-medium",
				"quantity": {
					"avg": 1,
					"var": 0
				}
			}
		],
		"*-fresh-large": [
			{
				"type": "item",
				"code": "wethology:deadray-stingray_fresh-large",
				"quantity": {
					"avg": 1,
					"var": 0
				}
			}
		],
		"*-sea-small": [
			{
				"type": "item",
				"code": "wethology:deadray-stingray_sea-small",
				"quantity": {
					"avg": 1,
					"var": 0
				}
			}
		],
		"*-sea-medium": [
			{
				"type": "item",
				"code": "wethology:deadray-stingray_sea-medium",
				"quantity": {
					"avg": 1,
					"var": 0
				}
			}
		],
		"*-sea-large": [
			{
				"type": "item",
				"code": "wethology:deadray-stingray_sea-large",
				"quantity": {
					"avg": 1,
					"var": 0
				}
			}
		]
	},
	"attributes": {
		"seafloor": true
	},
	"client": {
		"renderer": "Shape",
		"shapeByType": {
			"*-fresh-small": { "base": "wethology:entity/water/stingray/stingray_fresh-small" },
			"*-fresh-medium": { "base": "wethology:entity/water/stingray/stingray_fresh-medium" },
			"*-fresh-large": { "base": "wethology:entity/water/stingray/stingray_fresh-large" },
			"*-sea-small": { "base": "wethology:entity/water/stingray/stingray_sea-small" },
			"*-sea-medium": { "base": "wethology:entity/water/stingray/stingray_sea-medium" },
			"*-sea-large": { "base": "wethology:entity/water/stingray/stingray_sea-large" }
		},
		"behaviors": [
			{ "code": "repulseagents" },
			{
				"code": "controlledphysics",
				"stepHeight": 0
			},
			{
				"code": "passivephysics",
				"gravityFactorByType": {
					"*-fresh-*": 1.5,
					"*-sea-*": 1
				}
			},
			{ "code": "interpolateposition" },
			{
				"code": "despawn",
				"minPlayerDistance": 58,
				"minSeconds": 600
			}
		],
		"animations": [
			{
				"code": "hurt",
				"animation": "hurt",
				"animationSpeed": 1,
				"weight": 10,
				"blendMode": "AddAverage"
			},
			{
				"code": "swim",
				"animation": "swim"
			},
			{
				"code": "swimfast",
				"animation": "swim"
			},
			{
				"code": "flop",
				"animation": "flopping"
			},
			{
				"code": "idle",
				"animation": "idle",
				"blendMode": "AddAverage",
				"animationSpeed": 0.33,
				"easeOutSpeed": 4,
				"triggeredBy": { "defaultAnim": true }
			}
		]
	},
	"server": {
		"attributes": {
			"pathfinder": {
				"minTurnAnglePerSec": 30,
				"maxTurnAnglePerSec": 45
			}
		},
		"behaviors": [
			{ "code": "repulseagents" },
			{
				"code": "controlledphysics",
				"stepHeight": 1.1251
			},
			{
				"code": "despawn",
				"minPlayerDistance": 58,
				"minSeconds": 600
			},
			{
				"code": "health",
				"currenthealthByType": {
					"*-fresh-*": 5,
					"*-sea-*": 15,
					"*-sea-large": 25
				},
				"maxhealthByType": {
					"*-fresh-*": 5,
					"*-sea-*": 15,
					"*-sea-large": 25
				}
			},
			{
				"code": "emotionstates",
				"states": [
					{
						"code": "fleeondamage",
						"duration": 10,
						"chance": 1,
						"slot": 0,
						"priority": 1,
						"accumType": "max"
					}
				]
			},
			{
				"code": "taskai",
				"aitasks": [
					{
						"code": "meleeattack",
						"entitycodes": [ "player" ],
						"priority": 3,
						"whenSwimming": true,
						"damageByType": {
							"*-fresh-*": 1,
							"*-sea-*": 3
						},
						"damageTier": 0,
						"mincooldown": 1500,
						"maxcooldown": 1500,
						"damageType": "PiercingAttack",
						"damagePlayerAtMs": 500,
						"attackDurationMs": 800,
						"animation": "attack",
						"animationSpeed": 1.8
					},
					{
						"code": "seekentity",
						"entityCodes": [
							"player"
						],
						"priority": 1.6,
						"whenSwimming": true,
						"mincooldown": 400,
						"maxcooldown": 800,
						"movespeed": 0.33,
						"seekingRange": 1,
						"animationSpeed": 1.8,
						"animation": "swim"
					},
					{
						"code": "fishoutofwater",
						"priority": 2.5,
						"priorityForCancel": 2.6,
						"movespeed": 0.005,
						"animation": "swim",
						"animationSpeed": 2
					},
					{
						"code": "fleeentity",
						"entityCodes": [ "player", "wolf-male", "wolf-female", "fox-*", "hyena-male", "hyena-female" ],
						"priority": 2,
						"whenSwimming": true,
						"fleeDurationMs": 10000,
						"fleeingDistance": 23,
						"movespeed": 0.06,
						"seekingRange": 5,
						"animation": "swim",
						"animationSpeed": 2,
						"whenInEmotionState": "fleeondamage"
					},
					{
						"code": "wander",
						"enabledByType": {
							"*-fresh-*": false,
							"*-sea-*": true
						},
						"priority": 1,
						"priorityForCancel": 2,
						"movespeed": 0.01,
						"animationSpeed": 0.3,
						"animation": "swim"
					},
					{
						"code": "fishmovefast",
						"priority": 1.0,
						"priorityForCancel": 1.5,
						"movespeed": 0.045,
						"animation": "swim",
						"animationSpeed": 2.3
					},
					{
						"code": "idle",
						"priority": 0.9,
						"priorityForCancel": 1.5,
						"minduration": 1000,
						"maxduration": 6000,
						"mincooldown": 2000,
						"maxcooldown": 20000,
						"animation": "idle"
					},
					{
						"code": "idle",
						"priority": 0.9,
						"minduration": 500,
						"maxduration": 1000,
						"mincooldown": 2000,
						"maxcooldown": 30000,
						"animation": "idle"
					}
				]
			}
		],
		"spawnconditions": {
			"worldgen": {
				"TriesPerChunk": {
					"avg": 0.02,
					"var": 0
				},
				"tryOnlySurface": true,
				"groupSize": {
					"dist": "verynarrowgaussian",
					"avg": 1,
					"var": 1
				},
				"insideBlockCodesByType": {
					"*-fresh*": [ "game:aquaticplant-bladderwrack", "game:aquaticplant-irishmoss", "game:aquatic-watercrowfoot-*", "game:aquaticplant-milfoilfeather", "game:aquatic-muskgrass-*", "game:aquatic-hornwort-*" ],
					"*-sea-*": [ "game:seaweed-*" ]
				},
				"minTemp": 18,
				"maxTemp": 40
			},
			"runtime": {
				"group": "passive",
				"chanceByTYpe": {
					"*-fresh-*": 0.01,
					"*-sea-*": 0.03
				},
				"tryOnlySurface": true,
				"groupSizeByType": {
					"*-fresh-*": {
						"dist": "verynarrowgaussian",
						"avg": 1,
						"var": 0
					},
					"*-sea-*": {
						"dist": "verynarrowgaussian",
						"avg": 1,
						"var": 2
					}
				},
				"maxQuantity": 7,
				"insideBlockCodesByType": {
					"*-fresh-*": [ "game:aquaticplant-bladderwrack", "game:aquaticplant-irishmoss", "game:aquatic-watercrowfoot-*", "game:aquaticplant-milfoilfeather", "game:aquatic-muskgrass-*", "game:aquatic-hornwort-*" ],
					"*-sea-*": [ "game:seaweed-*" ]
				},
				"minTemp": 18,
				"maxTemp": 40
			}
		}
	}
}