{
	"editor": {
		"collapsedPaths": ",Root/Cube26,Root/Cube2,Root/Cube14,Root/Cube21,Root/Cube30",
		"allAngles": false,
		"entityTextureMode": false
	},
	"textureWidth": 16,
	"textureHeight": 16,
	"textureSizes": {
	},
	"textures": {
		"deathcap": "game:block/plant/mushroom/deathcap/deathcap",
		"funeralbell": "game:block/plant/mushroom/funeralbell/funeralbell",
		"golddropmilkcap": "game:block/plant/mushroom/golddropmilkcap/golddropmilkcap",
		"pinkbonnet": "game:block/plant/mushroom/pinkbonnet/pinkbonnet",
		"normal-northsouth": "game:block/vines/basket/normal-northsouth",
		"oak": "game:block/wood/bark/oak",
		"blueberry": "game:item/food/fruit/blueberry",
		"cranberry": "game:item/food/fruit/cranberry",
		"gooseberry": "game:item/food/fruit/gooseberry"
	},
	"elements": [
		{
			"name": "basket",
			"from": [ 4.0, 0.0, 5.0 ],
			"to": [ 12.0, 8.0, 6.0 ],
			"faces": {
				"north": { "texture": "#normal-northsouth", "uv": [ 0.5, 3.5, 8.5, 11.5 ], "windMode": [-1,-1,-1,-1] },
				"east": { "texture": "#normal-northsouth", "uv": [ 8.5, 1.5, 9.5, 9.5 ], "windMode": [-1,-1,-1,-1] },
				"west": { "texture": "#normal-northsouth", "uv": [ 9.5, 1.5, 10.5, 9.5 ], "windMode": [-1,-1,-1,-1] },
				"up": { "texture": "#normal-northsouth", "uv": [ 0.5, 3.5, 8.5, 4.5 ], "windMode": [-1,-1,-1,-1] },
				"down": { "texture": "#normal-northsouth", "uv": [ 3.0, 2.5, 11.0, 3.5 ], "windMode": [-1,-1,-1,-1] }
			},
			"children": [
				{
					"name": "Cube3",
					"from": [ 0.0, -0.01, 1.0 ],
					"to": [ 1.0, 8.01, 3.0 ],
					"faces": {
						"west": { "texture": "#normal-northsouth", "uv": [ 0.0, 0.0, 2.0, 8.0 ] },
						"up": { "texture": "#normal-northsouth", "uv": [ 0.0, 0.0, 1.0, 2.0 ], "windMode": [-1,-1,-1,-1] },
						"down": { "texture": "#normal-northsouth", "uv": [ 0.0, 0.0, 1.0, 2.0 ], "windMode": [-1,-1,-1,-1] }
					}
				},
				{
					"name": "Cube10",
					"from": [ 7.0, -0.01, 1.0 ],
					"to": [ 8.0, 8.01, 3.0 ],
					"faces": {
						"east": { "texture": "#normal-northsouth", "uv": [ 0.0, 0.0, 2.0, 8.0 ] },
						"up": { "texture": "#normal-northsouth", "uv": [ 0.0, 0.0, 1.0, 2.0 ], "windMode": [-1,-1,-1,-1] },
						"down": { "texture": "#normal-northsouth", "uv": [ 0.0, 0.0, 1.0, 2.0 ], "windMode": [-1,-1,-1,-1] }
					}
				},
				{
					"name": "Cube16",
					"from": [ 2.8, -0.01, 5.0 ],
					"to": [ 5.2, 8.01, 6.0 ],
					"rotationOrigin": [ -1.2, 0.0, 1.0 ],
					"faces": {
						"south": { "texture": "#normal-northsouth", "uv": [ 0.0, 0.0, 2.0, 8.0 ], "windMode": [-1,-1,-1,-1] },
						"up": { "texture": "#normal-northsouth", "uv": [ 0.0, 0.0, 2.0, 1.0 ], "windMode": [-1,-1,-1,-1] },
						"down": { "texture": "#normal-northsouth", "uv": [ 0.0, 0.0, 2.0, 1.0 ], "windMode": [-1,-1,-1,-1] }
					}
				},
				{
					"name": "Cube4",
					"from": [ 0.03, 0.0, 3.0 ],
					"to": [ 1.03, 8.0, 4.1 ],
					"rotationOrigin": [ 0.0, 0.0, 3.0 ],
					"rotationY": 22.0,
					"faces": {
						"west": { "texture": "#normal-northsouth", "uv": [ 2.5, 2.5, 3.5, 10.5 ] },
						"up": { "texture": "#normal-northsouth", "uv": [ 4.5, 5.0, 5.5, 6.0 ], "windMode": [-1,-1,-1,-1] },
						"down": { "texture": "#normal-northsouth", "uv": [ 0.0, 0.0, 1.0, 1.0 ], "windMode": [-1,-1,-1,-1] }
					}
				},
				{
					"name": "Cube5",
					"from": [ 0.0375, 0.0, 4.0927 ],
					"to": [ 1.0375, 8.01, 5.1927 ],
					"rotationOrigin": [ 0.0375, 0.0, 3.0927 ],
					"rotationY": 24.0,
					"faces": {
						"west": { "texture": "#normal-northsouth", "uv": [ 0.0, 0.0, 1.0, 8.0 ], "windMode": [-1,-1,-1,-1] },
						"up": { "texture": "#normal-northsouth", "uv": [ 0.0, 0.0, 1.0, 1.0 ], "windMode": [-1,-1,-1,-1] },
						"down": { "texture": "#normal-northsouth", "uv": [ 0.0, 0.0, 1.0, 1.0 ], "windMode": [-1,-1,-1,-1] }
					}
				},
				{
					"name": "Cube6",
					"from": [ 0.7867, -0.01, 5.0471 ],
					"to": [ 1.7867, 7.99, 6.1471 ],
					"rotationOrigin": [ 0.7867, 0.0, 4.9471 ],
					"rotationY": 61.0,
					"faces": {
						"west": { "texture": "#normal-northsouth", "uv": [ 0.0, 0.0, 1.0, 8.0 ] },
						"up": { "texture": "#normal-northsouth", "uv": [ 0.0, 0.0, 1.0, 1.0 ], "windMode": [-1,-1,-1,-1] },
						"down": { "texture": "#normal-northsouth", "uv": [ 0.0, 0.0, 1.0, 1.0 ], "windMode": [-1,-1,-1,-1] }
					}
				},
				{
					"name": "Cube7",
					"from": [ 0.7867, 0.0, 6.1471 ],
					"to": [ 1.7867, 8.0, 7.2471 ],
					"rotationOrigin": [ 0.7867, 0.0, 4.9471 ],
					"rotationY": 62.0,
					"faces": {
						"west": { "texture": "#normal-northsouth", "uv": [ 0.0, 0.0, 1.0, 8.0 ] },
						"up": { "texture": "#normal-northsouth", "uv": [ 0.0, 0.0, 1.0, 1.0 ], "windMode": [-1,-1,-1,-1] },
						"down": { "texture": "#normal-northsouth", "uv": [ 0.0, 0.0, 1.0, 1.0 ], "windMode": [-1,-1,-1,-1] }
					}
				},
				{
					"name": "Cube8",
					"from": [ 6.73, 0.0, 0.2 ],
					"to": [ 7.73, 8.0, 1.3 ],
					"rotationOrigin": [ 0.7, 0.0, 2.2 ],
					"rotationY": -22.0,
					"faces": {
						"east": { "texture": "#normal-northsouth", "uv": [ 0.0, 0.0, 1.0, 8.0 ] },
						"up": { "texture": "#normal-northsouth", "uv": [ 0.0, 0.0, 1.0, 1.0 ], "windMode": [-1,-1,-1,-1] },
						"down": { "texture": "#normal-northsouth", "uv": [ 0.0, 0.0, 1.0, 1.0 ], "windMode": [-1,-1,-1,-1] }
					}
				},
				{
					"name": "Cube11",
					"from": [ 6.34, -0.01, 0.99 ],
					"to": [ 7.34, 7.991, 2.09 ],
					"rotationOrigin": [ 0.3375, 0.0, 2.9927 ],
					"rotationY": -24.0,
					"faces": {
						"east": { "texture": "#normal-northsouth", "uv": [ 0.0, 0.0, 1.0, 8.0 ] },
						"up": { "texture": "#normal-northsouth", "uv": [ 0.0, 0.0, 1.0, 1.0 ], "windMode": [-1,-1,-1,-1] },
						"down": { "texture": "#normal-northsouth", "uv": [ 0.0, 0.0, 1.0, 1.0 ], "windMode": [-1,-1,-1,-1] }
					}
				},
				{
					"name": "Cube12",
					"from": [ 3.39, 0.0, -0.15 ],
					"to": [ 4.39, 8.0, 0.95 ],
					"rotationOrigin": [ 1.3867, 0.0, 4.7471 ],
					"rotationY": -61.0,
					"faces": {
						"east": { "texture": "#normal-northsouth", "uv": [ 0.0, 0.0, 1.0, 8.0 ], "windMode": [-1,-1,-1,-1] },
						"up": { "texture": "#normal-northsouth", "uv": [ 0.0, 0.0, 1.0, 1.0 ], "windMode": [-1,-1,-1,-1] },
						"down": { "texture": "#normal-northsouth", "uv": [ 0.0, 0.0, 1.0, 1.0 ], "windMode": [-1,-1,-1,-1] }
					}
				},
				{
					"name": "Cube13",
					"from": [ 2.49, 0.0, 0.31 ],
					"to": [ 3.49, 8.0, 1.41 ],
					"rotationOrigin": [ 0.4867, 0.0, 5.1471 ],
					"rotationY": -62.0,
					"faces": {
						"east": { "texture": "#normal-northsouth", "uv": [ 0.0, 0.0, 1.0, 8.0 ] },
						"up": { "texture": "#normal-northsouth", "uv": [ 0.0, 0.0, 1.0, 1.0 ], "windMode": [-1,-1,-1,-1] },
						"down": { "texture": "#normal-northsouth", "uv": [ 0.0, 0.0, 1.0, 1.0 ], "windMode": [-1,-1,-1,-1] }
					}
				},
				{
					"name": "Cube17",
					"from": [ 0.3, 6.0, 0.2 ],
					"to": [ 7.9, 7.0, 3.4 ],
					"rotationOrigin": [ -3.7, 0.0, 0.2 ],
					"faces": {
						"up": { "texture": "#normal-northsouth", "uv": [ 0.0, 0.0, 7.5, 3.0 ], "windMode": [-1,-1,-1,-1] }
					}
				},
				{
					"name": "Cube18",
					"from": [ 0.9, 6.0, 3.4 ],
					"to": [ 7.2, 7.0, 4.9 ],
					"rotationOrigin": [ -3.1, 0.0, 0.4 ],
					"faces": {
						"up": { "texture": "#normal-northsouth", "uv": [ 0.0, 0.0, 6.0, 1.5 ], "windMode": [-1,-1,-1,-1] }
					}
				},
				{
					"name": "Cube2",
					"from": [ 1.0, 8.0, 2.0 ],
					"to": [ 2.0, 9.0, 3.0 ],
					"rotationOrigin": [ 3.0, 9.0, 4.0 ],
					"rotationY": -22.5,
					"rotationZ": 22.5,
					"faces": {
						"north": { "texture": "#deathcap", "uv": [ 0.0, 0.0, 1.0, 1.0 ] },
						"east": { "texture": "#deathcap", "uv": [ 0.0, 0.0, 1.0, 1.0 ], "windMode": [-1,-1,-1,-1] },
						"south": { "texture": "#deathcap", "uv": [ 0.0, 0.0, 1.0, 1.0 ], "windMode": [-1,-1,-1,-1] },
						"west": { "texture": "#deathcap", "uv": [ 0.0, 0.0, 1.0, 1.0 ], "windMode": [-1,-1,-1,-1] },
						"up": { "texture": "#deathcap", "uv": [ 0.0, 0.0, 1.0, 1.0 ], "windMode": [-1,-1,-1,-1] },
						"down": { "texture": "#deathcap", "uv": [ 0.0, 0.0, 1.0, 1.0 ], "windMode": [-1,-1,-1,-1] }
					},
					"children": [
						{
							"name": "Cube9",
							"from": [ -0.75, 1.0, -0.75 ],
							"to": [ 1.75, 2.0, 1.75 ],
							"rotationOrigin": [ -1.0, 0.0, 0.0 ],
							"faces": {
								"north": { "texture": "#deathcap", "uv": [ 3.5, 2.0, 6.0, 3.0 ] },
								"east": { "texture": "#deathcap", "uv": [ 4.5, 2.5, 7.0, 3.5 ], "windMode": [-1,-1,-1,-1] },
								"south": { "texture": "#deathcap", "uv": [ 4.0, 2.0, 6.5, 3.0 ], "windMode": [-1,-1,-1,-1] },
								"west": { "texture": "#deathcap", "uv": [ 3.0, 2.0, 5.5, 3.0 ], "windMode": [-1,-1,-1,-1] },
								"up": { "texture": "#deathcap", "uv": [ 9.0, 2.0, 11.5, 4.5 ], "windMode": [-1,-1,-1,-1] },
								"down": { "texture": "#deathcap", "uv": [ 1.5, 3.0, 4.0, 5.5 ], "windMode": [-1,-1,-1,-1] }
							}
						}
					]
				},
				{
					"name": "Cube14",
					"from": [ 2.0, 7.4, 4.0 ],
					"to": [ 3.0, 8.4, 5.0 ],
					"rotationOrigin": [ 3.0, 9.4, 4.0 ],
					"rotationX": 45.0,
					"rotationY": -22.5,
					"rotationZ": -22.5,
					"faces": {
						"north": { "texture": "#golddropmilkcap", "uv": [ 0.0, 0.0, 1.0, 1.0 ], "windMode": [-1,-1,-1,-1] },
						"east": { "texture": "#golddropmilkcap", "uv": [ 0.0, 0.0, 1.0, 1.0 ], "windMode": [-1,-1,-1,-1] },
						"south": { "texture": "#golddropmilkcap", "uv": [ 0.0, 0.0, 1.0, 1.0 ], "windMode": [-1,-1,-1,-1] },
						"west": { "texture": "#golddropmilkcap", "uv": [ 0.0, 0.0, 1.0, 1.0 ], "windMode": [-1,-1,-1,-1] },
						"up": { "texture": "#golddropmilkcap", "uv": [ 0.0, 0.0, 1.0, 1.0 ], "windMode": [-1,-1,-1,-1] },
						"down": { "texture": "#golddropmilkcap", "uv": [ 0.0, 0.0, 1.0, 1.0 ], "windMode": [-1,-1,-1,-1] }
					},
					"children": [
						{
							"name": "Cube15",
							"from": [ -0.75, 1.0, -0.75 ],
							"to": [ 1.75, 2.0, 1.75 ],
							"rotationOrigin": [ -1.0, 0.0, 0.0 ],
							"faces": {
								"north": { "texture": "#funeralbell", "uv": [ 3.5, 2.0, 6.0, 3.0 ], "windMode": [-1,-1,-1,-1] },
								"east": { "texture": "#funeralbell", "uv": [ 4.5, 2.5, 7.0, 3.5 ], "windMode": [-1,-1,-1,-1] },
								"south": { "texture": "#funeralbell", "uv": [ 4.0, 2.0, 6.5, 3.0 ], "windMode": [-1,-1,-1,-1] },
								"west": { "texture": "#funeralbell", "uv": [ 3.0, 2.0, 5.5, 3.0 ], "windMode": [-1,-1,-1,-1] },
								"up": { "texture": "#funeralbell", "uv": [ 3.0, 2.0, 5.5, 4.5 ], "windMode": [-1,-1,-1,-1] },
								"down": { "texture": "#funeralbell", "uv": [ 1.5, 3.0, 4.0, 5.5 ], "windMode": [-1,-1,-1,-1] }
							}
						}
					]
				},
				{
					"name": "Cube19",
					"from": [ 6.1, 7.2, 1.3 ],
					"to": [ 7.1, 8.2, 2.3 ],
					"rotationOrigin": [ 7.1, 9.2, 1.3 ],
					"rotationX": -45.0,
					"rotationY": -67.5,
					"rotationZ": -22.5,
					"faces": {
						"north": { "texture": "#pinkbonnet", "uv": [ 0.0, 0.0, 1.0, 1.0 ], "windMode": [-1,-1,-1,-1] },
						"east": { "texture": "#pinkbonnet", "uv": [ 0.0, 0.0, 1.0, 1.0 ], "windMode": [-1,-1,-1,-1] },
						"south": { "texture": "#pinkbonnet", "uv": [ 0.0, 0.0, 1.0, 1.0 ], "windMode": [-1,-1,-1,-1] },
						"west": { "texture": "#pinkbonnet", "uv": [ 0.0, 0.0, 1.0, 1.0 ], "windMode": [-1,-1,-1,-1] },
						"up": { "texture": "#pinkbonnet", "uv": [ 0.0, 0.0, 1.0, 1.0 ], "windMode": [-1,-1,-1,-1] },
						"down": { "texture": "#pinkbonnet", "uv": [ 0.0, 0.0, 1.0, 1.0 ], "windMode": [-1,-1,-1,-1] }
					},
					"children": [
						{
							"name": "Cube20",
							"from": [ -0.75, 1.0, -0.75 ],
							"to": [ 1.75, 2.0, 1.75 ],
							"rotationOrigin": [ -1.0, 0.0, 0.0 ],
							"faces": {
								"north": { "texture": "#pinkbonnet", "uv": [ 3.5, 2.0, 6.0, 3.0 ], "windMode": [-1,-1,-1,-1] },
								"east": { "texture": "#pinkbonnet", "uv": [ 4.5, 2.5, 7.0, 3.5 ], "windMode": [-1,-1,-1,-1] },
								"south": { "texture": "#pinkbonnet", "uv": [ 4.0, 2.0, 6.5, 3.0 ], "windMode": [-1,-1,-1,-1] },
								"west": { "texture": "#pinkbonnet", "uv": [ 3.0, 2.0, 5.5, 3.0 ], "windMode": [-1,-1,-1,-1] },
								"up": { "texture": "#pinkbonnet", "uv": [ 9.0, 2.0, 11.5, 4.5 ], "windMode": [-1,-1,-1,-1] },
								"down": { "texture": "#pinkbonnet", "uv": [ 1.5, 3.0, 4.0, 5.5 ], "windMode": [-1,-1,-1,-1] }
							}
						}
					]
				},
				{
					"name": "Cube21",
					"from": [ 5.75, 7.56, 3.23 ],
					"to": [ 6.75, 8.56, 4.23 ],
					"rotationOrigin": [ 7.7536, 7.5605, 1.2324 ],
					"faces": {
						"north": { "texture": "#blueberry", "uv": [ 1.0, 1.0, 2.0, 2.0 ] },
						"east": { "texture": "#blueberry", "uv": [ 0.0, 1.0, 1.0, 2.0 ], "windMode": [-1,-1,-1,-1] },
						"south": { "texture": "#blueberry", "uv": [ 2.0, 0.0, 3.0, 1.0 ], "windMode": [-1,-1,-1,-1] },
						"west": { "texture": "#blueberry", "uv": [ 2.0, 2.0, 3.0, 3.0 ], "windMode": [-1,-1,-1,-1] },
						"up": { "texture": "#blueberry", "uv": [ 2.0, 0.0, 3.0, 1.0 ], "windMode": [-1,-1,-1,-1] },
						"down": { "texture": "#blueberry", "uv": [ 0.0, 0.0, 1.0, 1.0 ], "windMode": [-1,-1,-1,-1] }
					},
					"children": [
						{
							"name": "Cube22",
							"from": [ 0.8, 0.5, 0.0 ],
							"to": [ 1.8, 1.5, 1.0 ],
							"rotationOrigin": [ 0.8, 0.5005, 0.0 ],
							"rotationY": -22.5,
							"faces": {
								"north": { "texture": "#blueberry", "uv": [ 1.0, 1.0, 2.0, 2.0 ] },
								"east": { "texture": "#blueberry", "uv": [ 0.0, 1.0, 1.0, 2.0 ], "windMode": [-1,-1,-1,-1] },
								"south": { "texture": "#blueberry", "uv": [ 2.0, 3.0, 3.0, 4.0 ], "windMode": [-1,-1,-1,-1] },
								"west": { "texture": "#blueberry", "uv": [ 2.0, 2.0, 3.0, 3.0 ], "windMode": [-1,-1,-1,-1] },
								"up": { "texture": "#blueberry", "uv": [ 2.0, 3.0, 3.0, 4.0 ], "windMode": [-1,-1,-1,-1] },
								"down": { "texture": "#blueberry", "uv": [ 0.0, 0.0, 1.0, 1.0 ], "windMode": [-1,-1,-1,-1] }
							}
						},
						{
							"name": "Cube23",
							"from": [ 0.0, 0.7, -0.9 ],
							"to": [ 1.0, 1.7, 0.1 ],
							"rotationOrigin": [ 2.0036, 0.7005, -2.8976 ],
							"faces": {
								"north": { "texture": "#blueberry", "uv": [ 1.0, 1.0, 2.0, 2.0 ] },
								"east": { "texture": "#blueberry", "uv": [ 0.0, 1.0, 1.0, 2.0 ], "windMode": [-1,-1,-1,-1] },
								"south": { "texture": "#blueberry", "uv": [ 2.0, 0.0, 3.0, 1.0 ], "windMode": [-1,-1,-1,-1] },
								"west": { "texture": "#blueberry", "uv": [ 2.0, 2.0, 3.0, 3.0 ], "windMode": [-1,-1,-1,-1] },
								"up": { "texture": "#blueberry", "uv": [ 1.0, 2.0, 2.0, 3.0 ], "windMode": [-1,-1,-1,-1] },
								"down": { "texture": "#blueberry", "uv": [ 0.0, 0.0, 1.0, 1.0 ], "windMode": [-1,-1,-1,-1] }
							}
						},
						{
							"name": "Cube24",
							"from": [ -0.7, 0.1, 0.6 ],
							"to": [ 0.3, 1.1, 1.6 ],
							"rotationOrigin": [ 1.3036, 0.1005, -1.3976 ],
							"rotationZ": 22.5,
							"faces": {
								"north": { "texture": "#blueberry", "uv": [ 1.0, 1.0, 2.0, 2.0 ] },
								"east": { "texture": "#blueberry", "uv": [ 0.0, 1.0, 1.0, 2.0 ], "windMode": [-1,-1,-1,-1] },
								"south": { "texture": "#blueberry", "uv": [ 2.0, 2.0, 3.0, 3.0 ], "windMode": [-1,-1,-1,-1] },
								"west": { "texture": "#blueberry", "uv": [ 1.0, 2.0, 2.0, 3.0 ], "windMode": [-1,-1,-1,-1] },
								"up": { "texture": "#blueberry", "uv": [ 5.0, 1.0, 6.0, 2.0 ], "windMode": [-1,-1,-1,-1] },
								"down": { "texture": "#blueberry", "uv": [ 0.0, 0.0, 1.0, 1.0 ], "windMode": [-1,-1,-1,-1] }
							}
						},
						{
							"name": "Cube25",
							"from": [ -0.2, -0.6, 0.6 ],
							"to": [ 0.8, 0.4, 1.6 ],
							"rotationOrigin": [ 1.8036, -0.5995, -1.3976 ],
							"faces": {
								"north": { "texture": "#blueberry", "uv": [ 1.0, 1.0, 2.0, 2.0 ] },
								"east": { "texture": "#blueberry", "uv": [ 0.0, 1.0, 1.0, 2.0 ], "windMode": [-1,-1,-1,-1] },
								"south": { "texture": "#blueberry", "uv": [ 2.0, 0.0, 3.0, 1.0 ], "windMode": [-1,-1,-1,-1] },
								"west": { "texture": "#blueberry", "uv": [ 2.0, 2.0, 3.0, 3.0 ], "windMode": [-1,-1,-1,-1] },
								"up": { "texture": "#blueberry", "uv": [ 2.0, 0.0, 3.0, 1.0 ], "windMode": [-1,-1,-1,-1] },
								"down": { "texture": "#blueberry", "uv": [ 0.0, 0.0, 1.0, 1.0 ], "windMode": [-1,-1,-1,-1] }
							}
						}
					]
				},
				{
					"name": "Cube26",
					"from": [ 3.55, 7.96, 2.13 ],
					"to": [ 4.55, 8.96, 3.13 ],
					"rotationOrigin": [ 7.5536, 7.9605, 0.1324 ],
					"faces": {
						"north": { "texture": "#cranberry", "uv": [ 1.0, 1.0, 2.0, 2.0 ], "windMode": [-1,-1,-1,-1] },
						"east": { "texture": "#cranberry", "uv": [ 0.0, 1.0, 1.0, 2.0 ], "windMode": [-1,-1,-1,-1] },
						"south": { "texture": "#cranberry", "uv": [ 2.0, 0.0, 3.0, 1.0 ], "windMode": [-1,-1,-1,-1] },
						"west": { "texture": "#cranberry", "uv": [ 2.0, 2.0, 3.0, 3.0 ], "windMode": [-1,-1,-1,-1] },
						"up": { "texture": "#cranberry", "uv": [ 3.0, 2.0, 4.0, 3.0 ], "windMode": [-1,-1,-1,-1] },
						"down": { "texture": "#cranberry", "uv": [ 0.0, 0.0, 1.0, 1.0 ], "windMode": [-1,-1,-1,-1] }
					},
					"children": [
						{
							"name": "Cube27",
							"from": [ 0.8, 0.3, 0.0 ],
							"to": [ 1.8, 1.3, 1.0 ],
							"rotationOrigin": [ 1.8, 0.3005, 0.0 ],
							"rotationY": -22.5,
							"faces": {
								"north": { "texture": "#cranberry", "uv": [ 1.0, 1.0, 2.0, 2.0 ], "windMode": [-1,-1,-1,-1] },
								"east": { "texture": "#cranberry", "uv": [ 0.0, 1.0, 1.0, 2.0 ], "windMode": [-1,-1,-1,-1] },
								"south": { "texture": "#cranberry", "uv": [ 2.0, 0.0, 3.0, 1.0 ], "windMode": [-1,-1,-1,-1] },
								"west": { "texture": "#cranberry", "uv": [ 2.0, 2.0, 3.0, 3.0 ], "windMode": [-1,-1,-1,-1] },
								"up": { "texture": "#cranberry", "uv": [ 3.0, 0.0, 4.0, 1.0 ], "windMode": [-1,-1,-1,-1] },
								"down": { "texture": "#cranberry", "uv": [ 0.0, 0.0, 1.0, 1.0 ], "windMode": [-1,-1,-1,-1] }
							}
						},
						{
							"name": "Cube28",
							"from": [ 0.2, -0.2, -0.7 ],
							"to": [ 1.2, 0.8, 0.3 ],
							"rotationOrigin": [ 1.2, -0.1995, -0.7 ],
							"rotationX": -22.5,
							"rotationY": -22.5,
							"faces": {
								"north": { "texture": "#cranberry", "uv": [ 1.0, 1.0, 2.0, 2.0 ], "windMode": [-1,-1,-1,-1] },
								"east": { "texture": "#cranberry", "uv": [ 0.0, 1.0, 1.0, 2.0 ], "windMode": [-1,-1,-1,-1] },
								"south": { "texture": "#cranberry", "uv": [ 2.0, 0.0, 3.0, 1.0 ], "windMode": [-1,-1,-1,-1] },
								"west": { "texture": "#cranberry", "uv": [ 2.0, 2.0, 3.0, 3.0 ], "windMode": [-1,-1,-1,-1] },
								"up": { "texture": "#cranberry", "uv": [ 2.0, 0.0, 3.0, 1.0 ], "windMode": [-1,-1,-1,-1] },
								"down": { "texture": "#cranberry", "uv": [ 0.0, 0.0, 1.0, 1.0 ], "windMode": [-1,-1,-1,-1] }
							}
						},
						{
							"name": "Cube29",
							"from": [ 0.8, -0.2, 0.7 ],
							"to": [ 1.8, 0.8, 1.7 ],
							"rotationOrigin": [ 1.8, -0.1995, 0.7 ],
							"rotationX": -22.5,
							"rotationY": -22.5,
							"rotationZ": -22.5,
							"faces": {
								"north": { "texture": "#cranberry", "uv": [ 1.0, 1.0, 2.0, 2.0 ], "windMode": [-1,-1,-1,-1] },
								"east": { "texture": "#cranberry", "uv": [ 0.0, 1.0, 1.0, 2.0 ], "windMode": [-1,-1,-1,-1] },
								"south": { "texture": "#cranberry", "uv": [ 2.0, 0.0, 3.0, 1.0 ], "windMode": [-1,-1,-1,-1] },
								"west": { "texture": "#cranberry", "uv": [ 2.0, 2.0, 3.0, 3.0 ], "windMode": [-1,-1,-1,-1] },
								"up": { "texture": "#cranberry", "uv": [ 4.0, 0.0, 5.0, 1.0 ], "windMode": [-1,-1,-1,-1] },
								"down": { "texture": "#cranberry", "uv": [ 0.0, 0.0, 1.0, 1.0 ], "windMode": [-1,-1,-1,-1] }
							}
						}
					]
				},
				{
					"name": "Cube30",
					"from": [ 3.15, 7.36, 4.03 ],
					"to": [ 4.15, 8.36, 5.03 ],
					"rotationOrigin": [ 4.15, 7.3605, 4.03 ],
					"faces": {
						"north": { "texture": "#gooseberry", "uv": [ 2.0, 9.0, 3.0, 10.0 ], "windMode": [-1,-1,-1,-1] },
						"east": { "texture": "#gooseberry", "uv": [ 0.0, 10.0, 1.0, 11.0 ], "windMode": [-1,-1,-1,-1] },
						"south": { "texture": "#gooseberry", "uv": [ 1.0, 9.0, 2.0, 10.0 ], "windMode": [-1,-1,-1,-1] },
						"west": { "texture": "#gooseberry", "uv": [ 2.0, 9.0, 3.0, 10.0 ], "windMode": [-1,-1,-1,-1] },
						"up": { "texture": "#gooseberry", "uv": [ 2.0, 12.0, 3.0, 13.0 ], "windMode": [-1,-1,-1,-1] },
						"down": { "texture": "#gooseberry", "uv": [ 1.0, 10.0, 2.0, 11.0 ], "windMode": [-1,-1,-1,-1] }
					},
					"children": [
						{
							"name": "Cube31",
							"from": [ 0.9, 0.0, 0.0 ],
							"to": [ 1.9, 1.0, 1.0 ],
							"rotationOrigin": [ 1.9, 5.0E-4, 0.0 ],
							"rotationX": 22.5,
							"faces": {
								"north": { "texture": "#gooseberry", "uv": [ 2.0, 9.0, 3.0, 10.0 ], "windMode": [-1,-1,-1,-1] },
								"east": { "texture": "#gooseberry", "uv": [ 0.0, 10.0, 1.0, 11.0 ], "windMode": [-1,-1,-1,-1] },
								"south": { "texture": "#gooseberry", "uv": [ 1.0, 9.0, 2.0, 10.0 ], "windMode": [-1,-1,-1,-1] },
								"west": { "texture": "#gooseberry", "uv": [ 2.0, 9.0, 3.0, 10.0 ], "windMode": [-1,-1,-1,-1] },
								"up": { "texture": "#gooseberry", "uv": [ 2.0, 12.0, 3.0, 13.0 ], "windMode": [-1,-1,-1,-1] },
								"down": { "texture": "#gooseberry", "uv": [ 1.0, 10.0, 2.0, 11.0 ], "windMode": [-1,-1,-1,-1] }
							}
						},
						{
							"name": "Cube32",
							"from": [ 0.9, 0.0, -0.4 ],
							"to": [ 1.9, 1.0, 0.6 ],
							"rotationOrigin": [ 1.9, 5.0E-4, -0.4 ],
							"rotationY": -22.5,
							"faces": {
								"north": { "texture": "#gooseberry", "uv": [ 2.0, 9.0, 3.0, 10.0 ], "windMode": [-1,-1,-1,-1] },
								"east": { "texture": "#gooseberry", "uv": [ 0.0, 10.0, 1.0, 11.0 ], "windMode": [-1,-1,-1,-1] },
								"south": { "texture": "#gooseberry", "uv": [ 1.0, 9.0, 2.0, 10.0 ], "windMode": [-1,-1,-1,-1] },
								"west": { "texture": "#gooseberry", "uv": [ 2.0, 9.0, 3.0, 10.0 ], "windMode": [-1,-1,-1,-1] },
								"up": { "texture": "#gooseberry", "uv": [ 2.0, 12.0, 3.0, 13.0 ], "windMode": [-1,-1,-1,-1] },
								"down": { "texture": "#gooseberry", "uv": [ 1.0, 10.0, 2.0, 11.0 ], "windMode": [-1,-1,-1,-1] }
							}
						}
					]
				},
				{
					"name": "Cube33",
					"from": [ 1.0, 0.0, -1.05 ],
					"to": [ 2.0, 8.0, -0.05 ],
					"rotationOrigin": [ -4.0, 0.0, -5.0 ],
					"faces": {
						"north": { "texture": "#oak", "uv": [ 0.0, 0.0, 1.0, 8.0 ] },
						"east": { "texture": "#oak", "uv": [ 0.0, 0.0, 1.0, 8.0 ], "windMode": [-1,-1,-1,-1] },
						"south": { "texture": "#oak", "uv": [ 0.0, 0.0, 1.0, 8.0 ], "windMode": [-1,-1,-1,-1] },
						"west": { "texture": "#oak", "uv": [ 0.0, 0.0, 1.0, 8.0 ], "windMode": [-1,-1,-1,-1] },
						"up": { "texture": "#oak", "uv": [ 0.0, 0.0, 1.0, 1.0 ], "windMode": [-1,-1,-1,-1] },
						"down": { "texture": "#oak", "uv": [ 0.0, 0.0, 1.0, 1.0 ], "windMode": [-1,-1,-1,-1] }
					},
					"children": [
						{
							"name": "Cube34",
							"from": [ 5.0, 0.0, 0.0 ],
							"to": [ 6.0, 8.0, 1.0 ],
							"rotationOrigin": [ -5.0, 0.0, -4.0 ],
							"faces": {
								"north": { "texture": "#oak", "uv": [ 0.0, 0.0, 1.0, 8.0 ] },
								"east": { "texture": "#oak", "uv": [ 0.0, 0.0, 1.0, 8.0 ], "windMode": [-1,-1,-1,-1] },
								"south": { "texture": "#oak", "uv": [ 0.0, 0.0, 1.0, 8.0 ], "windMode": [-1,-1,-1,-1] },
								"west": { "texture": "#oak", "uv": [ 0.0, 0.0, 1.0, 8.0 ], "windMode": [-1,-1,-1,-1] },
								"up": { "texture": "#oak", "uv": [ 0.0, 0.0, 1.0, 1.0 ], "windMode": [-1,-1,-1,-1] },
								"down": { "texture": "#oak", "uv": [ 0.0, 0.0, 1.0, 1.0 ], "windMode": [-1,-1,-1,-1] }
							}
						}
					]
				},
				{
					"name": "Cube35",
					"from": [ 0.3, -0.9, 0.2 ],
					"to": [ 7.9, 0.1, 3.4 ],
					"rotationOrigin": [ -3.7, 0.1, 0.2 ],
					"faces": {
						"up": { "texture": "#normal-northsouth", "uv": [ 0.0, 0.0, 7.5, 3.0 ], "windMode": [-1,-1,-1,-1] }
					}
				},
				{
					"name": "Cube36",
					"from": [ 0.9, -0.9, 3.4 ],
					"to": [ 7.2, 0.1, 4.4 ],
					"rotationOrigin": [ -3.1, 0.1, 0.4 ],
					"faces": {
						"up": { "texture": "#normal-northsouth", "uv": [ 0.0, 0.0, 6.0, 1.0 ], "windMode": [-1,-1,-1,-1] }
					}
				},
				{
					"name": "Cube37",
					"from": [ 2.1, -0.9, 4.4 ],
					"to": [ 5.9, 0.1, 5.2 ],
					"rotationOrigin": [ -1.5, 0.1, 1.4 ],
					"faces": {
						"up": { "texture": "#normal-northsouth", "uv": [ 0.0, 0.0, 3.5, 0.5 ], "windMode": [-1,-1,-1,-1] }
					}
				}
			]
		}
	]}