{
	"code": "pantherinae-neofelis",
	"class": "EntityAgent",
	"tags": ["animal", "huntable", "adult", "predator", "habitat-land","pantherinaetag"],
	"canClimb": true,
	"climbTouchDistance": 0.1,
	"rotateModelOnClimb": true,
	"fallDamageMultiplier": 0.1,
	"variantgroups": [
    {"code": "age","states": [ "adult"]},
    {"code": "gender","states": [ "female","male"]},
		{"code": "species","states": [ "diardi", "nebulosa" ]},
		{"code": "pigment","states": [ "normal", "albino", "melanistic" ]}
	],
"allowedVariants": [
		"*-diardi-normal",
		"*-nebulosa-normal"
	],
"collisionBoxSizeByType": {
		"*-female-diardi-*": {	"x": 1.0,"y": 0.5},"*-male-diardi-*": {	"x": 1.0,"y": 0.6},
		"*-female-nebulosa-*": {	"x": 1.0,"y": 0.5},"*-male-nebulosa-*": {	"x": 1.0,"y": 0.6}
	},
	"deadCollisionBoxSizeByType": {
		"*-diardi-*": {	"x": 1.0,"y": 0.3},
		"*-nebulosa-*": {	"x": 1.0,"y": 0.3}
	},
	"selectionBoxSizeByType": {
		"*-diardi-*": {	"x": 1,"y": 1},
		"*-nebulosa-*": {	"x": 1,"y": 1}
	},
	"deadSelectionBoxSizeByType": {
		"*-diardi-*": {	"x": 1,"y": 0.6},
		"*-nebulosa-*": {	"x": 1,"y": 0.6}
	},
	"knockbackResistanceByType": {
		"*-diardi-*": 0.3,
		"*-nebulosa-*": 0.3,
		"*": 0.5
	},
	"eyeHeight": 0.4,
	"weightByType": {
		"*-diardi-*": 20,
		"*-nebulosa-*": 18
	},	
	"drops": [],
	"attributes": {
		"trappableByType": {
			"*-adult-*": {
				"small": { "trapChance": 0.0,	"trapDestroyChance": 0.4 },
				"large": { "trapChance": 0.6,	"trapDestroyChance": 0 }
			}
		},
		"killedByInfoText": "deadcreature-eaten",
		"creatureDiet": {
			"weightedFoodTags": [
				{ "weight": 0.1, "code": "bone" },
				{ "weight": 0.5, "code": "egg" },
				{ "weight": 0.8, "code": "fish" },
				{ "weight": 1, "code": "meat" }
			]
		},
		"handbook": {
			"groupcode": "creaturegroup-neofelis"
		}
	},
	"client": {
		"renderer": "Shape",
		"shapeByType": {
			"*": { "base": "entity/animal/mammal/neofelis" }

		},
		"textureByType": {
			"*-diardi-normal": { "base": "entity/animal/mammal/pantherinae/neofelis-diardi" },
			"*-nebulosa-normal": { "base": "entity/animal/mammal/pantherinae/neofelis-nebulosa" }
		},
		"sizeByType": {
			"*-female-diardi-*": 0.47,"*-male-diardi-*": 0.54,
			"*-female-nebulosa-*":  0.47,"*-male-nebulosa-*":  0.47,
			"*": 0.5
		},
			"behaviors": [
				{ "code": "repulseagents" },
				{
					"code": "controlledphysics",
					"stepHeight": 3.1251
				},
				{ "code": "interpolateposition" },
				{
					"code": "floatupwhenstuck",
					"onlyWhenDead": true
				},
				{ "code": "multiply", "enabledByType": { "*-adult-female-*": true, "*": false }  },
				{ "code": "harvestable","quantitySlots": 8 },
				{
					"code": "despawn",
					"minPlayerDistance": 8,
					"belowLightLevel": 1,
					"minSeconds": 300
				}

			],
			"animations": [
				{
					"code": "hurt",
					"animation": "hurt",
					"animationSpeed": 2.2,
					"weight": 10,
					"blendMode": "AddAverage"
				},
				{
					"code": "die",
					"animation": "death",
					"animationSpeed": 2.25,
					"weight": 10,
					"blendMode": "Average",
					"triggeredBy": { "onControls": [ "dead" ] }
				},
				{
					"code": "idle",
					"animation": "idle",
					"blendMode": "AddAverage",
					"easeOutSpeed": 4,
					"triggeredBy": { "defaultAnim": true }
				},
				{
					"code": "sleep",
					"animation": "sleep",
					"easeInSpeed": 2,
					"easeOutSpeed": 4,
					"blendMode": "Average"
				},
				{
					"code": "sit",
					"animation": "sit",
					"easeInSpeed": 2,
					"easeOutSpeed": 4,
					"blendMode": "Average"
				},
				{
					"code": "lie",
					"animation": "lie",
					"blendMode": "Average"
				},
				{
					"code": "loaf",
					"animation": "loaf",
					"blendMode": "Average"
				},
				{
					"code": "lick",
					"animation": "lick",
					"blendMode": "Average"
				},
				{
					"code": "swim",
					"animation": "swim",
					"blendMode": "Average"
				},
				{
					"code": "walk",
					"animation": "walk",
					"supressDefaultAnimation": true,
					"blendMode": "Average"
				}
			]
		},
	"server": {
		"attributes": {
			"pathfinder": {
				"minTurnAnglePerSec": 350,
				"maxTurnAnglePerSec": 650
			}
		},
		"behaviors": [
			{ "code": "repulseagents" },
			{
				"code": "controlledphysics",
				"stepHeight": 3.1251
			},
			{
				"code": "despawn",
				"minPlayerDistance": 8,
				"belowLightLevel": 1,
				"minSeconds": 300
			},
			{
				"code": "health",
				"maxhealthByType": {
					"*-diardi-*": 7,
					"*-nebulosa-*": 6,
					"*": 6
				}
			},
			{
				"code": "deaddecay",
				"hoursToDecay": 96,
				"decayedBlock": "carcass-medium"
			},
			{
				"code": "floatupwhenstuck",
				"onlyWhenDead": true
			},
			{
				"code": "harvestable","quantitySlots": 8,
				"drops": [
					{
						"type": "item",
						"code": "game:bushmeat-raw",
						"quantityByType": {
							"*-diardi-*": {"avg": 2,"var": 1},
							"*-nebulosa-*": {"avg": 2,"var": 1}
						}
					},
					{
						"type": "item",
						"code": "game:fat",
						"quantityByType": {
							"*-diardi-*": {"avg": 1,"var": 0.3},
							"*-nebulosa-*": {"avg": 1,"var": 0.3}
						}
					},
					{
						"type": "item",
						"code": "pantherinae:pelt-raw-neofelis-{gender}-{species}-{pigment}",
						"quantityByType": {
							"*": { "offset": 1, "avg": 0, "var": 0 }
						}
					}
				]
			},
			{ "code": "breathe" },
			{
				"code": "multiply",
				"enabledByType": {"*-adult-female-*": true,	"*": false},
				"spawnEntityCodesByType": {"*": [ { "code":"pantherinae:pantherinae-neofelis-baby-female-{species}-{pigment}"}, {"code": "pantherinae:pantherinae-neofelis-baby-male-{species}-{pigment}"} ]},
				"requiresNearbyEntityCode": "pantherinae:pantherinae-neofelis-adult-male-{species}-{pigment}",
				"requiresNearbyEntityRange": 10,
				"spawnQuantityMin": 1,
				"spawnQuantityMax": 5,
				"pregnancyDays": 18,
				"multiplyCooldownDaysMin": 4,
				"multiplyCooldownDaysMax": 11,
				"portionsEatenForMultiply": 5
			},
			{
				"code": "emotionstates",
				"states": [
					{
						"code": "fleeondamage",
						"duration": 60,
						"chanceByType": {
							"*": 0.95
						},
						"slot": 2,
						"priority": 5,
						"accumType": "max",
						"whenHealthRelBelow": 0.6
					},
					{
						"code": "aggressiveondamage",
						"duration": 30,
						"chance": 1,
						"slot": 2,
						"priority": 2,
						"accumType": "noaccum"
					},
					{
						"code": "alarmherdondamage",
						"chance": 1,
						"slot": 1,
						"priority": 1,
						"accumType": "max"
					},
					{
						"code": "saturated",
						"duration": 2880,
						"chance": 1,
						"slot": 0,
						"priority": 1,
						"accumType": "sum",
						"belowTempDuration": 600,
						"belowTempThreshold": -5
					}
				]
			},
			{
				"code": "taskai",
				"aiCreatureType": "LandCreature",
				"aitasks": [
					//-------------------------Leave Deadly Conditions-------------------------//
						//fleeing when injured
					{
						"code": "fleeentity-r",
						"priority": 9.41,
						"priorityForCancel": 9.41,
						"animation": "Run",
						"entityCodes": [],
						"skipEntityTags": [["carcass","egg","nest","state-sneaking","pantherinaetag"]],
						"targetLightLevels": [1, 4, 22, 32],
						"movespeedByType": {
							"*-female-diardi-*": 0.04,"*-male-diardi-*": 0.045,
							"*-female-nebulosa-*": 0.04,"*-male-nebulosa-*": 0.045,
							"*": 0.5
						},
						"animationSpeed": 2.0,
						"seekingRange": 20,
						"fleeingDistance" : 50,
						"whenInEmotionState": ["fleeondamage"],
						"tagsAppliedToEntity": ["ferocious","state-moving","state-sprinting"],
						"whenSwimming": false

					},
						//fleeing when injured in water
					{
						"code": "fleeentity-r",
						"priority": 9.41,
						"priorityForCancel": 9.41,
						"animation": "Swim",
						"entityCodes": [],
						"targetLightLevels": [1, 4, 22, 32],
						"movespeedByType": {
							"*": 0.02
						},
						"animationSpeed": 1,
						"seekingRange": 120,
						"fleeingDistance" : 180,
						"fleeDurationWhenTargetLost": 60000,
						"whenSwimming": true,
						"whenInEmotionState": ["fleeondamage"],
						"tagsAppliedToEntity": ["state-feet-in-liquid","state-moving","state-swimming"]

					},
						//fleeing when injured slower to finish flee on damage emotion state
					{
						"code": "fleeentity-r",
						"priority": 9.4,
						"priorityForCancel": 9.4,
						"animation": "Walk",
						"entityCodes": [],
						"skipEntityTags": [["carcass","egg","nest","state-sneaking","pantherinaetag"]],
						"targetLightLevels": [1, 4, 22, 32],
						"movespeedByType": {
							"*-female-diardi-*": 0.0032,"*-male-diardi-*": 0.0035,
							"*-female-nebulosa-*": 0.0032,"*-male-nebulosa-*": 0.0035,
							"*": 0.005
						},
						"animationSpeed": 0.95,
						"seekingRange": 120,
						"fleeingDistance" : 180,
						"fleeDurationWhenTargetLost": 60000,
						"whenInEmotionState": ["fleeondamage"],
						"tagsAppliedToEntity": ["ferocious","state-moving","state-sprinting"],
						"whenSwimming": false

					},
					//-------------------------Combat-------------------------//
						//high damage ambush
					{
						"code": "meleeattack-r",
						"priority": 7.7,
						"priorityForCancel": 8.0,
						"animation": "Attack",
						"minTargetWeight": 0.01,
						"maxTargetWeight": 10,
						"entityTags": [["huntable"]],
						"skipEntityTags": [["ferocious","poisonous","carcass","egg","nest","state-sneaking","pantherinaetag"]],
						"entityCodes": ["placeholder"],
						"skipEntityCodes": ["pantherinae-neofelis-adult-female-{species}-*","pantherinae-neofelis-adult-male-{species}-*","pantherinae-neofelis-baby-male-{species}-*","pantherinae-neofelis-baby-male-{species}-*"],
						"targetLightLevels": [1, 4, 22, 32],
						"animationSpeed": 3,
						"damageByType": {
							"*-diardi-*": 8,
							"*-nebulosa-*": 8,
							"*": 4
						},
						"damageType": "SlashingAttack",
						"maxAttackDistance": 2.5,
						"damageTier": 1,
						"mincooldownMs": 60000,
						"maxcooldownMs": 65000,
						"attackDurationMs": 600,
						"damageWindowMs": [100,600],
						"tamingGenerations": 2,
						"alarmHerd": true,
						"EatAfterKill" : true,
						"playerIsMeal" : true,
						"sound": "pantherinae:creature/pantherinae/neofelisattack",
						"stopOnHurt": true,
						"DontExecuteIfRecentlyAttacked": true,
						"tagsAppliedToEntity": ["ferocious"],
						"whenNotInEmotionState": ["aggressiveondamage","fleeondamage","saturated"]
					},
						//standard attack, hunting food
					{
						"code": "meleeattack-r",
						"priority": 7.6,
						"priorityForCancel": 8.0,
						"animation": "Attack",
						"minTargetWeight": 0.01,
						"maxTargetWeight": 10,
						"entityTags": [["huntable"]],
						"skipEntityTags": [["ferocious","poisonous","carcass","egg","nest","state-sneaking","pantherinaetag"]],
						"entityCodes": ["placeholder"],
						"skipEntityCodes": ["pantherinae-neofelis-adult-female-{species}-*","pantherinae-neofelis-adult-male-{species}-*","pantherinae-neofelis-baby-male-{species}-*","pantherinae-neofelis-baby-male-{species}-*"],
						"targetLightLevels": [1, 4, 22, 32],
						"animationSpeed": 1.5,
						"damageByType": {
							"*-diardi-*": 4,
							"*-nebulosa-*": 4,
							"*": 4
						},
						"damageType": "SlashingAttack",
						"maxAttackDistance": 2.5,
						"damageTier": 1,
						"mincooldownMs": 500,
						"maxcooldownMs": 500,
						"attackDurationMs": 1200,
						"damageWindowMs": [550,660],
						"tamingGenerations": 2,
						"alarmHerd": true,
						"EatAfterKill" : true,
						"playerIsMeal" : true,
						"sound": "pantherinae:creature/pantherinae/neofelisattack",
						"stopOnHurt": true,
						"DontExecuteIfRecentlyAttacked": true,
						"tagsAppliedToEntity": ["ferocious"],
						"whenNotInEmotionState": ["aggressiveondamage","fleeondamage","saturated"]
					},
						//standard attack, when aggressive
					{
						"code": "meleeattack-r",
						"priority": 7.5,
						"priorityForCancel": 8.0,
						"animation": "Attack",
						"minTargetWeight": 0.01,
						"maxTargetWeight": 10,
						"entityTags": [],
						"skipEntityTags": [["ferocious","poisonous","carcass","egg","nest","state-sneaking","pantherinaetag"]],
						"entityCodes": ["placeholder"],
						"skipEntityCodes": ["pantherinae-neofelis-adult-female-{species}-*","pantherinae-neofelis-adult-male-{species}-*","pantherinae-neofelis-baby-male-{species}-*","pantherinae-neofelis-baby-male-{species}-*"],
						"targetLightLevels": [1, 4, 22, 32],
						"animationSpeed": 1.5,
						"damageByType": {
							"*-diardi-*": 4,
							"*-nebulosa-*": 4,
							"*": 4
						},
						"damageType": "SlashingAttack",
						"maxAttackDistance": 2.5,
						"damageTier": 1,
						"mincooldownMs": 500,
						"maxcooldownMs": 500,
						"attackDurationMs": 1200,
						"damageWindowMs": [550,660],
						"tamingGenerations": 2,
						"alarmHerd": true,
						"EatAfterKill" : true,
						"playerIsMeal" : true,
						"sound": "pantherinae:creature/pantherinae/neofelisattack",
						"tagsAppliedToEntity": ["ferocious"],
						"whenInEmotionState": ["aggressiveondamage","aggressivearoundentities"],
						"whenNotInEmotionState": ["fleeondamage"]
					},
						//low damage, ferocious vs ferocious fight
					{
						"code": "meleeattack-r",
						"priority": 7.4,
						"priorityForCancel": 8.0,
						"animation": "Attack",
						"minTargetWeight": 0.01,
						"maxTargetWeight": 10,
						"entityTags": [["ferocious"]],
						"skipEntityTags": [["state-sneaking","pantherinaetag"]],
						"entityCodes": ["placeholder"],
						"skipEntityCodes": ["pantherinae-neofelis-adult-female-{species}-*","pantherinae-neofelis-adult-male-{species}-*","pantherinae-neofelis-baby-male-{species}-*","pantherinae-neofelis-baby-male-{species}-*"],
						"targetLightLevels": [1, 4, 22, 32],
						"animationSpeed": 1,
						"damageByType": {
							"*-diardi-*": 0.8,
							"*-nebulosa-*": 0.8,
							"*": 1
						},
						"damageType": "SlashingAttack",
						"maxAttackDistance": 2.5,
						"damageTier": 1,
						"mincooldownMs": 500,
						"maxcooldownMs": 1500,
						"attackDurationMs": 1800,
						"damageWindowMs": [830,1000],
						"alarmHerd": true,
						"EatAfterKill" : false,
						"playerIsMeal" : false,
						"sound": "pantherinae:creature/pantherinae/neofelisattack",
						"stopOnHurt": false,
						"DontExecuteIfRecentlyAttacked": false,
						"tagsAppliedToEntity": ["ferocious"],
						"whenNotInEmotionState": ["fleeondamage"]
					},
						//stay in fight
					{
						"code": "seekentity",
						"priority": 7.2,
						"priorityForCancel": 8.0,
						"animation": "Run",
						"minTargetWeight": 0.01,
						"maxTargetWeight": 10,
						"entityTags": [[]],
						"skipEntityTags": [["poisonous","carcass","egg","nest","state-sneaking","pantherinaetag"]],
						"entityCodes": ["placeholder"],
						"skipEntityCodes": ["pantherinae-neofelis-adult-female-{species}-*","pantherinae-neofelis-adult-male-{species}-*","pantherinae-neofelis-baby-male-{species}-*","pantherinae-neofelis-baby-male-{species}-*"],
						"targetLightLevels": [1, 4, 22, 32],
						"alarmHerd": true,
						"herdAlarmRange": 30,
						"maxFollowTimeSec": 240, 
						"movespeedByType": {
							"*-female-diardi-*": 0.04,"*-male-diardi-*": 0.045,
							"*-female-nebulosa-*": 0.04,"*-male-nebulosa-*": 0.045,
							"*": 0.005
						},
						"animationSpeed": 1.9,
						"seekingRange": 5,
						"jumpAtTarget": true,
						"jumpAnimationCode": null,
						"DistanceToTargetToJump": [0.5,4],
						"JumpSpeedFactor": 2,
						"JumpHeightFactor": 0.5,
						"AfterJumpSpeedReduction": 0.125,
						"stopOnHurt": false,
						"whenSwimming": false,
						"DontExecuteIfRecentlyAttacked": false,
						"tagsAppliedToEntity": ["ferocious","state-moving"],
						"whenInEmotionState": "aggressiveondamage",
						"whenNotInEmotionState": "fleeondamage"
					},
						//low damage against helpless target
					{
						"code": "meleeattack-r",
						"priority": 7.1,
						"priorityForCancel": 8.0,
						"animation": "Eat",
						"minTargetWeight": 0.0001,
						"maxTargetWeight": 0.25,
						"entityTags": [["carcass","egg","nest","animal"],["huntable"]],
						"skipEntityTags": [["player","state-sneaking","pantherinaetag"]],
						"entityCodes": ["placeholder"],
						"skipEntityCodes": ["pantherinae-neofelis-adult-female-{species}-*","pantherinae-neofelis-adult-male-{species}-*","pantherinae-neofelis-baby-male-{species}-*","pantherinae-neofelis-baby-male-{species}-*"],
						"targetLightLevels": [1, 4, 22, 32],
						"animationSpeed": 1,
						"damageByType": {
							"*-diardi-*": 1.6,
							"*-nebulosa-*": 1.6,
							"*": 0.8
						},
						"damageType": "SlashingAttack",
						"maxAttackDistance": 3,
						"damageTier": 1,
						"mincooldownMs": 500,
						"maxcooldownMs": 1500,
						"attackDurationMs": 1800,
						"damageWindowMs": [830,1000],
						"EatAfterKill" : true,
						"playerIsMeal" : false,
						"soundByType": {
							"*": "game:creature/animal-eat1"							
						},
						"stopOnHurt": false,
						"DontExecuteIfRecentlyAttacked": true,
						"tagsAppliedToEntity": ["ferocious"],
						"whenNotInEmotionState": ["aggressiveondamage","aggressivearoundentities","fleeondamage","saturated"]
					},
						//low damage against dead target
					{
						"code": "meleeattack-r",
						"priority": 7.1,
						"priorityForCancel": 8.0,
						"animation": "Eat",
						"minTargetWeight": 0.25,
						"maxTargetWeight": 9999,
						"entityTags": [["huntable"]],
						"skipEntityTags": [["boss","mechanical","rust-creature","poisonous","state-alive"]],
						"entityCodes": ["placeholder"],
						"IgnoreDeadEntities": false,
						"targetLightLevels": [1, 4, 22, 32],
						"animationSpeed": 1,
						"damageByType": {
							"*-diardi-*": 1.6,
							"*-nebulosa-*": 1.6,
							"*": 0.8
						},
						"damageType": "SlashingAttack",
						"maxAttackDistance": 3,
						"damageTier": 1,
						"mincooldownMs": 500,
						"maxcooldownMs": 1500,
						"attackDurationMs": 1800,
						"damageWindowMs": [830,1000],
						"EatAfterKill" : true,
						"playerIsMeal" : true,
						"soundByType": {
							"*": "game:creature/animal-eat1"							
						},
						"stopOnHurt": false,
						"DontExecuteIfRecentlyAttacked": true,
						"tagsAppliedToEntity": ["ferocious"],
						"whenNotInEmotionState": ["aggressiveondamage","fleeondamage","saturated"]
					},
						//low damage, play fight
					{
						"code": "meleeattack-r",
						"priority": 7.0,
						"priorityForCancel": 8.0,
						"animation": "Attack",
						"minTargetWeight": 0.001,
						"maxTargetWeight": 2,
						"entityTags": [["huntable"]],
						"skipEntityTags": [["state-sneaking","pantherinaetag"]],
						"entityCodes": ["placeholder"],
						"targetLightLevels": [1, 4, 22, 32],
						"animationSpeed": 1,
						"executionChance": 0.1,
						"damageByType": {
							"*-diardi-*": 0.8,
							"*-nebulosa-*": 0.8,
							"*": 1
						},
						"damageType": "SlashingAttack",
						"maxAttackDistance": 3,
						"damageTier": 1,
						"mincooldownMs": 500,
						"maxcooldownMs": 1500,
						"attackDurationMs": 1800,
						"damageWindowMs": [830,1000],
						"EatAfterKill" : false,
						"playerIsMeal" : false,
						"sound": "pantherinae:creature/pantherinae/neofelisattack",
						"stopOnHurt": true,
						"DontExecuteIfRecentlyAttacked": true,
						"tagsAppliedToEntity": ["ferocious"],
						"whenNotInEmotionState": ["aggressiveondamage","fleeondamage"]
					},
						//attack to have damage on UI
					{
						"code": "meleeattack-r",
						"priority": 7.0,
						"animation": "Attack",
						"entityCodes": ["placeholder"],
						"animationSpeed": 1.5,
						"damageByType": {
							"*-diardi-*": 4,
							"*-nebulosa-*": 4,
							"*": 4
						},
						"damageType": "SlashingAttack",
						"maxAttackDistance": 2.5,
						"damageTier": 1
					},
					//-------------------------Avoid Dangerous Entities-------------------------//
						//threat display due to ferocious predator
					{
						"code": "lookatentity",
						"enabled": false,
						"priority": 5.83,
						"priorityForCancel": 6.0,
						"minDurationMs": 500,
						"MaxDurationMs": 24000,
						"minCooldownMs": 1000,
						"maxCoolDownMs": 10000,
						"animation": "Roar",
						"minTargetWeight": 0.03,
						"maxTargetWeight": 1.125,
						"entityTags": [["ferocious"],["predator"]],
						"skipEntityTags": [["state-sneaking","pantherinaetag"]],
						"entityCodes": ["placeholder"],
						"skipEntityCodes": ["pantherinae-neofelis-adult-female-{species}-*","pantherinae-neofelis-adult-male-{species}-*","pantherinae-neofelis-baby-male-{species}-*","pantherinae-neofelis-baby-male-{species}-*"],
						"targetLightLevels": [1, 4, 22, 32],
						"animationSpeed": 0.75,
						"seekingRange": 5,
						"sound": "pantherinae:creature/pantherinae/neofelisroar",
						"soundStartMs": 500,
						"soundRepeatMs": 7000,
						"soundVolume": 0.75,
						"soundRangeByType": {"*": 120},
						"stopOnHurt": true,
						"whenSwimming": false,
						"DontExecuteIfRecentlyAttacked": true,
						"tagsAppliedToEntity": ["ferocious"],
						"whenNotInEmotionState": "aggressiveondamage|fleeondamage"
					},
						//stare at animal doing threat display
					{
						"code": "lookatentity",
						"enabled": false,
						"priority": 5.82,
						"priorityForCancel": 6.0,
						"animation": "Sneak",
						"minDurationMs": 2500,
						"MaxDurationMs": 24000,
						"minCooldownMs": 1000,
						"maxCoolDownMs": 10000,
						"minTargetWeight": 0.03,
						"maxTargetWeight": 1.125,
						"entityTags": [["huntable","predator"],["defended","ferocious","poisonous","prickly","shelled","venomous","state-armed","has-open-fire"]],
						"skipEntityTags": [["state-sneaking","pantherinaetag"]],
						"entityCodes": ["placeholder"],
						"skipEntityCodes": ["pantherinae-neofelis-adult-female-{species}-*","pantherinae-neofelis-adult-male-{species}-*","pantherinae-neofelis-baby-male-{species}-*","pantherinae-neofelis-baby-male-{species}-*"],
						"targetLightLevels": [1, 4, 22, 32],
						"animationSpeed": 0.01,
						"seekingRange": 5,
						"stopOnHurt": true,
						"whenSwimming": false,
						"DontExecuteIfRecentlyAttacked": true,
						"tagsAppliedToEntity": ["ferocious"],
						"whenNotInEmotionState": "aggressiveondamage|fleeondamage"
					},
						//be aggressive due to ferocious threat display of smaller animal
					{
						"code": "seekentity",
						"priority": 5.81,
						"priorityForCancel": 6.0,
						"animation": "Walk",
						"minTargetWeight": 0.03,
						"maxTargetWeight": 0.95,
						"entityTags": [["predator","huntable"],["ferocious","defended","state-armed"]],
						"skipEntityTagsByType": {"*uncia*": [["carcass","egg","nest","state-sneaking","pantherinaetag"]],"*": [["carcass","egg","nest","state-sneaking","pantherinaetag"]]},
						"entityCodes": ["placeholder"],
						"skipEntityCodes": ["pantherinae-neofelis-adult-female-{species}-*","pantherinae-neofelis-adult-male-{species}-*","pantherinae-neofelis-baby-male-{species}-*","pantherinae-neofelis-baby-male-{species}-*"],
						"targetLightLevels": [1, 4, 22, 32],
						"alarmHerd": true,
						"herdAlarmRange": 30,
						"maxFollowTimeSec": 60, 
						"executionChance": 0.55,
						"movespeedByType": {
							"*-female-diardi-*": 0.0064,
							"*-female-nebulosa-*": 0.0064,
							"*": 0.005
						},
						"animationSpeed": 1.9,
						"seekingRange": 6,
						"jumpAtTarget": false,
						"jumpAnimationCode": null,
						"stopOnHurt": false,
						"whenSwimming": false,
						"DontExecuteIfRecentlyAttacked": false,
						"tagsAppliedToEntity": ["ferocious","state-moving"],
						"whenNotInEmotionState": "fleeondamage"
					},
						//be aggressive due to ferocious threat display of larger animal
					{
						"code": "seekentity",
						"priority": 5.81,
						"priorityForCancel": 6.0,
						"animation": "Walk",
						"minTargetWeight": 0.95,
						"maxTargetWeight": 1.125,
						"entityTags": [["predator","huntable"],["ferocious","defended","state-armed"]],
						"skipEntityTagsByType": {"*uncia*": [["carcass","egg","nest","state-sneaking","pantherinaetag"]],"*": [["carcass","egg","nest","state-sneaking","pantherinaetag"]]},
						"entityCodes": ["placeholder"],
						"skipEntityCodes": ["pantherinae-neofelis-adult-female-{species}-*","pantherinae-neofelis-adult-male-{species}-*","pantherinae-neofelis-baby-male-{species}-*","pantherinae-neofelis-baby-male-{species}-*"],
						"targetLightLevels": [1, 4, 22, 32],
						"alarmHerd": true,
						"herdAlarmRange": 30,
						"maxFollowTimeSec": 60, 
						"executionChance": 0.25,
						"movespeedByType": {
							"*-female-diardi-*": 0.0064,
							"*-female-nebulosa-*": 0.0064,
							"*": 0.005
						},
						"animationSpeed": 1.9,
						"seekingRange": 6,
						"jumpAtTarget": false,
						"jumpAnimationCode": null,
						"stopOnHurt": false,
						"whenSwimming": false,
						"DontExecuteIfRecentlyAttacked": false,
						"tagsAppliedToEntity": ["ferocious","state-moving"],
						"whenNotInEmotionState": "fleeondamage"
					},
						//be aggressive due to toxic threat display
					{
						"code": "seekentity",
						"priority": 5.81,
						"priorityForCancel": 6.0,
						"animation": "Walk",
						"minTargetWeight": 0.01,
						"maxTargetWeight": 10,
						"entityTags": [["huntable"],["poisonous","venomous"]],
						"skipEntityTags": [["carcass","egg","nest","state-sneaking","pantherinaetag"]],
						"entityCodes": ["placeholder"],
						"skipEntityCodes": ["pantherinae-neofelis-adult-female-{species}-*","pantherinae-neofelis-adult-male-{species}-*","pantherinae-neofelis-baby-male-{species}-*","pantherinae-neofelis-baby-male-{species}-*"],
						"targetLightLevels": [1, 4, 22, 32],
						"alarmHerd": true,
						"herdAlarmRange": 30,
						"maxFollowTimeSec": 60, 
						"executionChance": 0.015,
						"movespeedByType": {
							"*-female-diardi-*": 0.0064,
							"*-female-nebulosa-*": 0.0064,
							"*": 0.005
						},
						"animationSpeed": 1.9,
						"seekingRange": 6,
						"jumpAtTarget": false,
						"jumpAnimationCode": null,
						"stopOnHurt": false,
						"whenSwimming": false,
						"DontExecuteIfRecentlyAttacked": false,
						"tagsAppliedToEntity": ["ferocious","state-moving"],
						"whenNotInEmotionState": "fleeondamage"
					},
						//be aggressive due to dangerous threat display
					{
						"code": "seekentity",
						"priority": 5.81,
						"priorityForCancel": 6.0,
						"animation": "Walk",
						"minTargetWeight": 0.01,
						"maxTargetWeight": 10,
						"entityTags": [["huntable"],["defended","prickly","shelled","has-open-fire"]],
						"skipEntityTags": [["carcass","egg","nest","state-sneaking","pantherinaetag"]],
						"entityCodes": ["placeholder"],
						"skipEntityCodes": ["pantherinae-neofelis-adult-female-{species}-*","pantherinae-neofelis-adult-male-{species}-*","pantherinae-neofelis-baby-male-{species}-*","pantherinae-neofelis-baby-male-{species}-*"],
						"targetLightLevels": [1, 4, 22, 32],
						"alarmHerd": true,
						"herdAlarmRange": 30,
						"maxFollowTimeSec": 60, 
						"executionChance": 0.125,
						"movespeedByType": {
							"*-female-diardi-*": 0.0064,
							"*-female-nebulosa-*": 0.0064,
							"*": 0.005
						},
						"animationSpeed": 1.9,
						"seekingRange": 6,
						"jumpAtTarget": false,
						"jumpAnimationCode": null,
						"stopOnHurt": false,
						"whenSwimming": false,
						"DontExecuteIfRecentlyAttacked": false,
						"tagsAppliedToEntity": ["ferocious","state-moving"],
						"whenNotInEmotionState": "fleeondamage"
					},
						//fleeing due to dangerous threat display
					{
						"code": "fleeentity-r",
						"priority": 5.8,
						"priorityForCancel": 6.0,
						"animation": "Run",
						"minTargetWeight": 0.01,
						"maxTargetWeight": 10,
						"entityTags": [["predator","huntable"],["venomous","ferocious","defended","state-armed","has-open-fire"]],
						"skipEntityTags": [["carcass","egg","nest","state-sneaking","pantherinaetag"]],
						"targetLightLevels": [1, 4, 22, 32],
						"movespeedByType": {
							"*-female-diardi-*": 0.04,"*-male-diardi-*": 0.045,
							"*-female-nebulosa-*": 0.04,"*-male-nebulosa-*": 0.045,
							"*": 0.5
						},
						"animationSpeed": 2.0,
						"seekingRange": 6,
						"fleeingDistance" : 50,
						"fleeDurationWhenTargetLost": 20000,
						"tagsAppliedToEntity": ["ferocious","state-moving","state-sprinting"],
						"whenSwimming": false,
						"whenNotInEmotionState": ["aggressiveondamage","fleeondamage"]

					},
						//fleeing due to passive threat display
					{
						"code": "fleeentity-r",
						"priority": 5.8,
						"priorityForCancel": 6.0,
						"animation": "Walk",
						"minTargetWeight": 0.01,
						"maxTargetWeight": 10,
						"entityTags": [["huntable"],["prickly","defended","shelled","state-armed","has-open-fire"]],
						"skipEntityTags": [["carcass","egg","nest","state-sneaking","pantherinaetag"]],
						"targetLightLevels": [1, 4, 22, 32],
						"movespeedByType": {
							"*-female-diardi-*": 0.0064,"*-male-diardi-*": 0.0064,
							"*-female-nebulosa-*": 0.0064,"*-male-nebulosa-*": 0.0064,
							"*": 0.005
						},
						"animationSpeed": 1.9,
						"seekingRange": 6,
						"fleeingDistance" : 16,
						"fleeDurationWhenTargetLost": 20000,
						"tagsAppliedToEntity": ["ferocious","state-moving","state-sprinting"],
						"whenSwimming": false,
						"whenNotInEmotionState": ["aggressiveondamage","fleeondamage"]
					},
						//dart away from projectiles/vehicles
					{
						"code": "fleeentity-r",
						"priority": 5.6,
						"priorityForCancel": 6.0,
						"animation": "Run",
						"entityTags": [["projectile","vehicle"]],
						"targetLightLevels": [1, 4, 22, 32],
						"movespeedByType": {
							"*-female-diardi-*": 0.04,"*-male-diardi-*": 0.045,
							"*-female-nebulosa-*": 0.04,"*-male-nebulosa-*": 0.045,
							"*": 0.5
						},
						"animationSpeed": 2.2,
						"fleeDurationMS": 500,
						"seekingRange": 5,
						"fleeingDistance": 2,
						"stopOnHurt": true,
						"whenSwimming": false,
						"tagsAppliedToEntity": ["state-moving","state-sprinting"]
					},
						//avoid large dangerous entities at close range
					{
						"code": "fleeentity-r",
						"priority": 5.6,
						"priorityForCancel": 6.0,
						"animation": "Run",
						"minTargetWeight": 5,
						"maxTargetWeight": 999,
						"entityTags": [["ferocious","mechanical","rust-creature","swarm","venomous"]],
						"skipEntityTags": [["carcass","nest","state-sneaking"]],
						"reverseSkipTagsCheck": true,
						"targetLightLevels": [1, 4, 22, 32],
						"movespeedByType": {
							"*-female-diardi-*": 0.04,"*-male-diardi-*": 0.045,
							"*-female-nebulosa-*": 0.04,"*-male-nebulosa-*": 0.045,
							"*": 0.5
						},
						"animationSpeed": 2.2,
						"fleeDurationWhenTargetLost": 20000,
						"seekingRange": 10,
						"fleeingDistance": 40,
						"stopOnHurt": true,
						"whenSwimming": false,
						"tagsAppliedToEntity": ["state-moving","state-sprinting"]
					},
						//avoid dangerous entities at close range
					{
						"code": "fleeentity-r",
						"priority": 5.6,
						"priorityForCancel": 6.0,
						"animation": "Run",
						"entityTags": [["boss","mechanical","rust-creature","swarm","venomous"]],
						"skipEntityTags": [["state-sneaking"]],
						"targetLightLevels": [1, 4, 22, 32],
						"movespeedByType": {
							"*-female-diardi-*": 0.04,"*-male-diardi-*": 0.045,
							"*-female-nebulosa-*": 0.04,"*-male-nebulosa-*": 0.045,
							"*": 0.5
						},
						"animationSpeed": 2.2,
						"fleeDurationWhenTargetLost": 20000,
						"seekingRange": 10,
						"fleeingDistance": 40,
						"stopOnHurt": true,
						"whenSwimming": false,
						"tagsAppliedToEntity": ["state-moving","state-sprinting"]
					},
						//freeze to lose attention
					{
						"code": "lookatentity",
						"enabled": false,
						"priority": 5.4,
						"priorityForCancel": 5.5,
						"minDurationMs": 500,
						"maxDurationMs": 12500,
						"minCooldownMs": 1000,
						"maxCoolDownMs": 10000,
						"animation": "Stalk",
						"minTargetWeight": 0.125,
						"maxTargetWeight": 999,
						"entityTags": [["ferocious","boss","mechanical","rust-creature","has-open-fire","swarm","vehicle","venomous"]],
						"skipEntityTags": [["state-sneaking","pantherinaetag"]],
						"entityCodes": ["placeholder"],
						"skipEntityCodes": ["pantherinae-neofelis-adult-female-{species}-*","pantherinae-neofelis-adult-male-{species}-*","pantherinae-neofelis-baby-male-{species}-*","pantherinae-neofelis-baby-male-{species}-*"],
						"MaxTurnAngleDeg": 0,
						"targetLightLevels": [1, 4, 22, 32],
						"animationSpeed": 0.01,
						"seekingRange": 30,
						"stopOnHurt": true,
						"whenSwimming": false,
						"DontExecuteIfRecentlyAttacked": true,
						"tagsAppliedToEntity": ["state-sneaking"],
						"whenNotInEmotionState": "aggressiveondamage|fleeondamage"
					},
						//avoid large dangerous entities at mid range
					{
						"code": "fleeentity-r",
						"priority": 5.2,
						"priorityForCancel": 5.4,
						"animation": "Walk",
						"minTargetWeight": 5,
						"maxTargetWeight": 9999,
						"entityTags": [["ferocious","boss","mechanical","rust-creature","has-open-fire"]],
						"skipEntityTags": [["state-sneaking"]],
						"targetLightLevels": [1, 4, 22, 32],
						"movespeedByType": {
							"*-female-diardi-*": 0.0064,"*-male-diardi-*": 0.0064,
							"*-female-nebulosa-*": 0.0064,"*-male-nebulosa-*": 0.0064,
							"*": 0.005
						},
						"animationSpeed": 1.9,
						"fleeDurationWhenTargetLost": 10000,
						"seekingRange": 30,
						"fleeingDistance": 40,
						"stopOnHurt": true,
						"whenSwimming": false,
						"tagsAppliedToEntity": ["state-moving"]
					},
						//avoid large dangerous entities at long range
					{
						"code": "fleeentity-r",
						"priority": 5.0,
						"priorityForCancel": 5.2,
						"animation": "Walk",
						"minTargetWeight": 0.25,
						"entityTags": [["boss","rust-creature"]],
						"skipEntityTags": [["state-sneaking"]],
						"targetLightLevels": [1, 4, 22, 32],
						"movespeedByType": {
							"*-female-diardi-*": 0.0032,"*-male-diardi-*": 0.0032,
							"*-female-nebulosa-*": 0.0032,"*-male-nebulosa-*": 0.0032,
							"*": 0.005
						},
						"animationSpeed": 0.95,
						"stopOnHurt": true,
						"whenSwimming": false,
						"seekingRange": 50,
						"fleeingDistance": 60,
						"tagsAppliedToEntity": ["state-moving"]
					},
						//avoid large entities when not hungry
					{
						"code": "fleeentity-r",
						"priority": 5.0,
						"priorityForCancel": 5.2,
						"animation": "Walk",
						"minTargetWeight": 1,
						"maxTargetWeight": 99999,
						"skipEntityTags": [["carcass","nest","state-sneaking","pantherinaetag"]],
						"targetLightLevels": [1, 4, 22, 32],
						"movespeedByType": {
							"*-female-diardi-*": 0.0032,"*-male-diardi-*": 0.0032,
							"*-female-nebulosa-*": 0.0032,"*-male-nebulosa-*": 0.0032,
							"*": 0.005
						},
						"animationSpeed": 0.95,
						"stopOnHurt": true,
						"whenSwimming": false,
						"seekingRange": 50,
						"fleeingDistance": 60,
						"tagsAppliedToEntity": ["state-moving"],
						"whenNotInEmotionState": ["saturated"]
					},
						//avoid giant entities at long range
					{
						"code": "fleeentity-r",
						"priority": 5.0,
						"priorityForCancel": 5.2,
						"animation": "Walk",
						"minTargetWeight": 10,
						"skipEntityTags": [["carcass","nest","state-sneaking"]],
						"targetLightLevels": [1, 4, 22, 32],
						"movespeedByType": {
							"*-female-diardi-*": 0.0032,"*-male-diardi-*": 0.0032,
							"*-female-nebulosa-*": 0.0032,"*-male-nebulosa-*": 0.0032,
							"*": 0.005
						},
						"animationSpeed": 0.95,
						"stopOnHurt": true,
						"whenSwimming": false,
						"seekingRange": 50,
						"fleeingDistance": 60,
						"tagsAppliedToEntity": ["state-moving"]
					},
					//-------------------------Food Seeking-------------------------//
						//if hungry eat favorite foods from POI
					{
						"code": "seekfoodandeat-r",
						"priority": 4.7,
						"priorityForCancel": 5.0,
						"animation": "Walk",
						"eatAnimation": "Eat",
						"eatAnimationLooseItems": "Eat",
						"movespeedByType": {
							"*-female-diardi-*": 0.0032,"*-male-diardi-*": 0.0032,
							"*-female-nebulosa-*": 0.0032,"*-male-nebulosa-*": 0.0032,
							"*": 0.005
						},
						"animationSpeed": 0.95,
						"minduration": 4000,
						"maxduration": 4000,
						"mincooldownHours": 1,
						"maxcooldownHours": 4,
						"eatTime": 2,
						"eatLooseItems": true,
						"eatSound" : "game:creature/animal-eat1",
						"stopOnHurt": true,
						"whenSwimming": false,
						"DontExecuteIfRecentlyAttacked": true,
						"tagsAppliedToEntity": ["state-moving"],
						"whenNotInEmotionState": ["aggressiveondamage","fleeondamage"]
					},
						//rush final distance due to preferred prey bolting
					{
						"code": "seekentity",
						"priority": 4.54,
						"priorityForCancel": 4.55,
						"animation": "Run",
						"minTargetWeight": 0.5,
						"maxTargetWeigh": 8,
						"entityTags": [["huntable"],["state-sprinting"]],
						"skipEntityTags": [["carcass","defended","ferocious","humanoid","nest","poisonous","predator","prickly","shelled","venomous","pantherinaetag"]],
						"entityCodes": ["placeholder"],
						"skipEntityCodes": ["pantherinae-neofelis-adult-female-{species}-*","pantherinae-neofelis-adult-male-{species}-*","pantherinae-neofelis-baby-male-{species}-*","pantherinae-neofelis-baby-male-{species}-*"],
						"targetLightLevels": [1, 4, 22, 32],
						"executionChance": 1,
						"movespeedByType": {
							"*-female-diardi-*": 0.04,"*-male-diardi-*": 0.045,
							"*-female-nebulosa-*": 0.04,"*-male-nebulosa-*": 0.045,
							"*": 0.5
						},
						"animationSpeed": 2,
						"seekingRange": 10,
						"jumpAtTarget": true,
						"jumpAnimationCode": null,
						"DistanceToTargetToJump": [0.5,8],
						"JumpHeightFactor": 0.5,
						"AfterJumpSpeedReduction": 0.125,
						"stopOnHurt": true,
						"whenSwimming": false,
						"DontExecuteIfRecentlyAttacked": true,
						"tagsAppliedToEntity": ["ferocious","state-sprinting"],
						"whenNotInEmotionState": "aggressiveondamage|fleeondamage"
					},
						//rush final distance due to proximity favored prey
					{
						"code": "seekentity",
						"priority": 4.53,
						"priorityForCancel": 4.54,
						"animation": "Run",
						"minTargetWeight": 0.5,
						"maxTargetWeigh": 8,
						"entityTags": [["huntable"]],
						"skipEntityTags": [["carcass","defended","ferocious","humanoid","nest","poisonous","predator","prickly","shelled","venomous","state-burrowed","state-flying","state-sneaking","state-swimming","pantherinaetag"]],
						"entityCodes": ["placeholder"],
						"skipEntityCodes": ["pantherinae-neofelis-adult-female-{species}-*","pantherinae-neofelis-adult-male-{species}-*","pantherinae-neofelis-baby-male-{species}-*","pantherinae-neofelis-baby-male-{species}-*"],
						"tamingGenerations": 2,
						"targetLightLevels": [1, 4, 22, 32],
						"executionChance": 1,
						"movespeedByType": {
							"*-female-diardi-*": 0.04,"*-male-diardi-*": 0.045,
							"*-female-nebulosa-*": 0.04,"*-male-nebulosa-*": 0.045,
							"*": 0.5
						},
						"animationSpeed": 2,
						"seekingRange": 10,
						"jumpAtTarget": true,
						"jumpAnimationCode": null,
						"DistanceToTargetToJump": [0.5,8],
						"JumpHeightFactor": 0.5,
						"AfterJumpSpeedReduction": 0.125,
						"stopOnHurt": true,
						"whenSwimming": false,
						"DontExecuteIfRecentlyAttacked": true,
						"tagsAppliedToEntity": ["ferocious","state-sprinting"],
						"whenNotInEmotionState": "aggressiveondamage|fleeondamage|saturated"
					},
						// stalk preferred prey
					{
						"code": "seekentity",
						"priority": 4.52,
						"priorityForCancel": 4.53,
						"animation": "Stalk",
						"minTargetWeight": 0.5,
						"maxTargetWeigh": 8,
						"entityTags": [["huntable"]],
						"skipEntityTags": [["carcass","defended","ferocious","humanoid","nest","poisonous","predator","prickly","shelled","venomous","state-burrowed","state-flying","state-sneaking","state-swimming","pantherinaetag"]],
						"entityCodes": ["placeholder"],
						"skipEntityCodes": ["pantherinae-neofelis-adult-female-{species}-*","pantherinae-neofelis-adult-male-{species}-*","pantherinae-neofelis-baby-male-{species}-*","pantherinae-neofelis-baby-male-{species}-*"],
						"tamingGenerations": 2,
						"targetLightLevels": [1, 4, 22, 32],
						"executionChance": 1,
						"movespeedByType": {
							"*-female-diardi-*": 0.0022,"*-male-diardi-*": 0.0024,
							"*-female-nebulosa-*": 0.0022,"*-male-nebulosa-*": 0.0024,
							"*": 0.005
						},
						"animationSpeed": 0.75,
						"seekingRange": 20,
						"extraTargetDistance": 10,
						"jumpAtTarget": false,
						"jumpAnimationCode": null,
						"stopOnHurt": true,
						"whenSwimming": false,
						"DontExecuteIfRecentlyAttacked": true,
						"tagsAppliedToEntity": ["state-moving","state-sneaking"],
						"whenNotInEmotionState": "aggressiveondamage|fleeondamage|saturated"
					},
						//freeze to avoid startling preferred prey
					{
						"code": "lookatentity-r",
						"enabled": false,
						"priority": 4.51,
						"priorityForCancel": 4.52,
						"minDurationMs": 500,
						"maxDurationMs": 2500,
						"minCooldownMs": 1000,
						"maxCoolDownMs": 2000,
						"animation": "Stalk",
						"minTargetWeight": 0.5,
						"maxTargetWeigh": 8,
						"entityTags": [["huntable"],["state-moving"]],
						"skipEntityTags": [["carcass","defended","ferocious","humanoid","nest","poisonous","predator","prickly","shelled","venomous","state-flying","state-sneaking","state-swimming","pantherinaetag"]],
						"entityCodes": [],
						"skipEntityCodes": ["pantherinae-neofelis-adult-female-{species}-*","pantherinae-neofelis-adult-male-{species}-*","pantherinae-neofelis-baby-male-{species}-*","pantherinae-neofelis-baby-male-{species}-*"],
						"tamingGenerations": 2,
						"targetLightLevels": [1, 4, 22, 32],
						"animationSpeed": 0.01,
						"seekingRange": 50,
						"extraTargetDistance": 10,
						"stopOnHurt": true,
						"whenSwimming": false,
						"DontExecuteIfRecentlyAttacked": true,
						"tagsAppliedToEntity": ["state-sneaking"],
						"whenNotInEmotionState": ["aggressiveondamage","fleeondamage","saturated"]
					},
						//fast stalk preferred prey
					{
						"code": "seekentity",
						"priority": 4.5,
						"priorityForCancel": 4.51,
						"animation": "Stalk",
						"minTargetWeight": 0.5,
						"maxTargetWeigh": 8,
						"entityTags": [["huntable"]],
						"skipEntityTags": [["carcass","defended","ferocious","humanoid","nest","poisonous","predator","prickly","shelled","venomous","state-burrowed","state-flying","state-sneaking","state-swimming","pantherinaetag"]],
						"entityCodes": ["placeholder"],
						"skipEntityCodes": ["pantherinae-neofelis-adult-female-{species}-*","pantherinae-neofelis-adult-male-{species}-*","pantherinae-neofelis-baby-male-{species}-*","pantherinae-neofelis-baby-male-{species}-*"],
						"tamingGenerations": 2,
						"targetLightLevels": [1, 4, 22, 32],
						"executionChance": 1,
						"maxFollowTimeSec": 120, 
						"movespeedByType": {
							"*-female-diardi-*": 0.0044,"*-male-diardi-*": 0.0048,
							"*-female-nebulosa-*": 0.0044,"*-male-nebulosa-*": 0.0048,
							"*": 0.005
						},
						"animationSpeed": 1,
						"seekingRange": 60,
						"extraTargetDistance": 10,
						"jumpAtTarget": false,
						"jumpAnimationCode": null,
						"stopOnHurt": true,
						"whenSwimming": false,
						"DontExecuteIfRecentlyAttacked": true,
						"tagsAppliedToEntity": ["state-moving","state-sneaking"],
						"whenNotInEmotionState": "aggressiveondamage|fleeondamage|saturated"
					},
						//long distance hunt for preferred prey
					{
						"code": "seekentity",
						"priority": 4.4,
						"priorityForCancel": 4.5,
						"animation": "Walk",
						"minTargetWeight": 0.5,
						"maxTargetWeigh": 8,
						"entityTags": [["huntable"]],
						"skipEntityTags": [["carcass","defended","ferocious","humanoid","nest","poisonous","predator","prickly","shelled","venomous","state-burrowed","state-flying","state-sneaking","state-swimming","pantherinaetag"]],
						"entityCodes": ["placeholder"],
						"skipEntityCodes": ["pantherinae-neofelis-adult-female-{species}-*","pantherinae-neofelis-adult-male-{species}-*","pantherinae-neofelis-baby-male-{species}-*","pantherinae-neofelis-baby-male-{species}-*"],
						"IgnoreDeadEntities": false,
						"tamingGenerations": 2,
						"targetLightLevels": [1, 4, 22, 32],
						"alarmHerd": true,
						"herdAlarmRange": 30,
						"maxFollowTimeSec": 240, 
						"movespeedByType": {
							"*-female-diardi-*": 0.0032,"*-male-diardi-*": 0.0035,
							"*-female-nebulosa-*": 0.0032,"*-male-nebulosa-*": 0.0035,
							"*": 0.005
						},
						"animationSpeed": 0.95,
						"mincooldownHours": 0.025,
						"maxcooldownhours": 1,
						"seekingRange": 120,
						"extraTargetDistance": 10,
						"jumpAtTarget": false,
						"jumpAnimationCode": null,
						"stopOnHurt": true,
						"whenSwimming": false,
						"DontExecuteIfRecentlyAttacked": true,
						"tagsAppliedToEntity": ["state-moving"],
						"whenNotInEmotionState": "aggressiveondamage|fleeondamage|saturated"
					},
						//rush final distance due to desperate prey bolting
					{
						"code": "seekentity",
						"priority": 4.14,
						"priorityForCancel": 4.15,
						"animation": "Run",
						"minTargetWeight": 0.01,
						"maxTargetWeigh": 10,
						"entityTags": [["huntable"],["state-sprinting"]],
						"skipEntityTags": [["ferocious","defended","poisonous","venomous","prickly","shelled","pantherinaetag"]],
						"entityCodes": ["placeholder"],
						"skipEntityCodes": ["pantherinae-neofelis-adult-female-{species}-*","pantherinae-neofelis-adult-male-{species}-*","pantherinae-neofelis-baby-male-{species}-*","pantherinae-neofelis-baby-male-{species}-*"],
						"targetLightLevels": [1, 4, 22, 32],
						"movespeedByType": {
							"*-female-diardi-*": 0.04,"*-male-diardi-*": 0.045,
							"*-female-nebulosa-*": 0.04,"*-male-nebulosa-*": 0.045,
							"*": 0.5
						},
						"animationSpeed": 2,
						"seekingRange": 10,
						"jumpAtTarget": true,
						"jumpAnimationCode": null,
						"JumpHeightFactor": 0.5,
						"stopOnHurt": true,
						"whenSwimming": false,
						"DontExecuteIfRecentlyAttacked": true,
						"tagsAppliedToEntity": ["ferocious","state-sprinting"],
						"whenNotInEmotionState": "aggressiveondamage|fleeondamage"
					},
						//rush final distance due to proximity desperate prey
					{
						"code": "seekentity",
						"priority": 4.13,
						"priorityForCancel": 4.14,
						"animation": "Run",
						"minTargetWeight": 0.01,
						"maxTargetWeigh": 10,
						"entityTags": [["huntable"]],
						"skipEntityTags": [["ferocious","defended","poisonous","venomous","prickly","shelled","carcass","nest","state-burrowed","state-flying","state-sneaking","state-swimming","pantherinaetag"]],
						"entityCodes": ["placeholder"],
						"skipEntityCodes": ["pantherinae-neofelis-adult-female-{species}-*","pantherinae-neofelis-adult-male-{species}-*","pantherinae-neofelis-baby-male-{species}-*","pantherinae-neofelis-baby-male-{species}-*"],
						"tamingGenerations": 2,
						"targetLightLevels": [1, 4, 22, 32],
						"movespeedByType": {
							"*-female-diardi-*": 0.04,"*-male-diardi-*": 0.045,
							"*-female-nebulosa-*": 0.04,"*-male-nebulosa-*": 0.045,
							"*": 0.5
						},
						"animationSpeed": 2,
						"seekingRange": 10,
						"jumpAtTarget": true,
						"jumpAnimationCode": null,
						"JumpHeightFactor": 0.5,
						"stopOnHurt": true,
						"whenSwimming": false,
						"DontExecuteIfRecentlyAttacked": true,
						"tagsAppliedToEntity": ["ferocious","state-sprinting"],
						"whenNotInEmotionState": "aggressiveondamage|fleeondamage|saturated"
					},
						//stalk desperate prey
					{
						"code": "seekentity",
						"priority": 4.12,
						"priorityForCancel": 4.13,
						"animation": "Stalk",
						"minTargetWeight": 0.01,
						"maxTargetWeigh": 10,
						"entityTags": [["huntable"]],
						"skipEntityTags": [["ferocious","defended","poisonous","venomous","prickly","shelled","carcass","nest","state-burrowed","state-flying","state-sneaking","state-swimming","pantherinaetag"]],
						"entityCodes": ["placeholder"],
						"skipEntityCodes": ["pantherinae-neofelis-adult-female-{species}-*","pantherinae-neofelis-adult-male-{species}-*","pantherinae-neofelis-baby-male-{species}-*","pantherinae-neofelis-baby-male-{species}-*"],
						"tamingGenerations": 2,
						"targetLightLevels": [1, 4, 22, 32],
						"movespeedByType": {
							"*-female-diardi-*": 0.0022,"*-male-diardi-*": 0.0024,
							"*-female-nebulosa-*": 0.0022,"*-male-nebulosa-*": 0.0024,
							"*": 0.005
						},
						"animationSpeed": 0.75,
						"seekingRange": 20,
						"extraTargetDistance": 10,
						"jumpAtTarget": false,
						"jumpAnimationCode": null,
						"stopOnHurt": true,
						"whenSwimming": false,
						"DontExecuteIfRecentlyAttacked": true,
						"tagsAppliedToEntity": ["state-moving","state-sneaking"],
						"whenNotInEmotionState": "aggressiveondamage|fleeondamage|saturated"
					},
						//freeze to avoid startling desperate prey
					{
						"code": "lookatentity-r",
						"enabled": false,
						"priority": 4.11,
						"priorityForCancel": 4.12,
						"minDurationMs": 500,
						"maxDurationMs": 2500,
						"minCooldownMs": 1000,
						"maxCoolDownMs": 2000,
						"animation": "Stalk",
						"minTargetWeight": 0.01,
						"maxTargetWeigh": 10,
						"entityTags": [["huntable"],["state-moving"]],
						"skipEntityTags": [["ferocious","defended","poisonous","venomous","prickly","shelled","state-flying","state-sneaking","state-swimming","pantherinaetag"]],
						"entityCodes": [],
						"skipEntityCodes": ["pantherinae-neofelis-adult-female-{species}-*","pantherinae-neofelis-adult-male-{species}-*","pantherinae-neofelis-baby-male-{species}-*","pantherinae-neofelis-baby-male-{species}-*"],
						"tamingGenerations": 2,
						"targetLightLevels": [1, 4, 22, 32],
						"animationSpeed": 0.01,
						"seekingRange": 50,
						"extraTargetDistance": 10,
						"stopOnHurt": true,
						"whenSwimming": false,
						"DontExecuteIfRecentlyAttacked": true,
						"tagsAppliedToEntity": ["state-sneaking"],
						"whenNotInEmotionState": ["aggressiveondamage","fleeondamage","saturated"]
					},
						//fast stalk desperate prey
					{
						"code": "seekentity",
						"priority": 4.1,
						"priorityForCancel": 4.11,
						"animation": "Stalk",
						"minTargetWeight": 0.01,
						"maxTargetWeigh": 10,
						"entityTags": [["huntable"]],
						"skipEntityTags": [["ferocious","defended","poisonous","venomous","prickly","shelled","carcass","nest","state-burrowed","state-flying","state-sneaking","state-swimming","pantherinaetag"]],
						"entityCodes": ["placeholder"],
						"skipEntityCodes": ["pantherinae-neofelis-adult-female-{species}-*","pantherinae-neofelis-adult-male-{species}-*","pantherinae-neofelis-baby-male-{species}-*","pantherinae-neofelis-baby-male-{species}-*"],
						"tamingGenerations": 2,
						"targetLightLevels": [1, 4, 22, 32],
						"maxFollowTimeSec": 120, 
						"movespeedByType": {
							"*-female-diardi-*": 0.0044,"*-male-diardi-*": 0.0048,
							"*-female-nebulosa-*": 0.0044,"*-male-nebulosa-*": 0.0048,
							"*": 0.005
						},
						"animationSpeed": 1.0,
						"seekingRange": 60,
						"extraTargetDistance": 10,
						"jumpAtTarget": false,
						"jumpAnimationCode": null,
						"stopOnHurt": true,
						"whenSwimming": false,
						"DontExecuteIfRecentlyAttacked": true,
						"tagsAppliedToEntity": ["state-moving","state-sneaking"],
						"whenNotInEmotionState": "aggressiveondamage|fleeondamage|saturated"
					},
						//long distance hunt for desperate prey
					{
						"code": "seekentity",
						"priority": 4.0,
						"priorityForCancel": 4.1,
						"animation": "Walk", 
						"minTargetWeight": 0.01,
						"maxTargetWeigh": 10,
						"entityTags": [["huntable"]],
						"skipEntityTags": [["ferocious","poisonous","state-sneaking","pantherinaetag"]],
						"entityCodes": ["placeholder"],
						"skipEntityCodes": ["pantherinae-neofelis-adult-female-{species}-*","pantherinae-neofelis-adult-male-{species}-*","pantherinae-neofelis-baby-male-{species}-*","pantherinae-neofelis-baby-male-{species}-*"],
						"IgnoreDeadEntities": false,
						"tamingGenerations": 2,
						"targetLightLevels": [1, 4, 22, 32],
						"alarmHerd": true,
						"herdAlarmRange": 30,
						"maxFollowTimeSec": 240, 
						"movespeedByType": {
							"*-female-diardi-*": 0.0032,"*-male-diardi-*": 0.0035,
							"*-female-nebulosa-*": 0.0032,"*-male-nebulosa-*": 0.0035,
							"*": 0.005
						},
						"animationSpeed": 0.95,
						"mincooldownHours": 0.025,
						"maxcooldownhours": 1,
						"seekingRange": 120,
						"jumpAtTarget": false,
						"jumpAnimationCode": null,
						"stopOnHurt": true,
						"whenSwimming": false,
						"DontExecuteIfRecentlyAttacked": true,
						"tagsAppliedToEntity": ["state-moving"],
						"whenNotInEmotionState": "aggressiveondamage|fleeondamage|saturated"
					},
					//-------------------------Leave Hazardous condtions-------------------------//
						//getting out of water
					{
						"code": "getoutofwater-r",
						"priority": 3.61,
						"priorityForCancel": 5.0,
						"animation": "Swim",
						"movespeedByType": {
							"*": 0.04
						},
						"animationSpeed": 1,
						"rangeSearchAttemptsFactor": 2.5,
						"whenSwimming": true,
						"tagsAppliedToEntity": ["state-moving","state-swimming"]
					},		
						//swim wandering to find the shore			
					{
						"code": "wander-r",
						"priority": 3.6,
						"priorityForCancel": 5.0,
						"animation": "Swim",
						"movespeedByType": {
							"*": 0.04
						},
						"animationSpeed": 1,
						"stopOnHurt": true,
						"whenSwimming": true,
						"DontExecuteIfRecentlyAttacked": true,
						"tagsAppliedToEntity": ["state-moving","state-swimming"],
						"whenNotInEmotionState": ["aggressiveondamage","fleeondamage"]
					},	
						//stay close to family outside hunting times dark side				
					{
						"code": "stayclosetoentity-r",
						"priority": 3.51,
						"priorityForCancel": 5.0,
						"animation": "Walk",
						"entityCodes": ["pantherinae-neofelis-baby-male-{species}-{pigment}","pantherinae-neofelis-baby-female-{species}-{pigment}"],
						"IgnoreDeadEntities": false,
						"targetLightLevels": [1, 4, 22, 32],
						"movespeedByType": {
							"*-female-diardi-*": 0.0032,"*-male-diardi-*": 0.0035,
							"*-female-nebulosa-*": 0.0032,"*-male-nebulosa-*": 0.0035,
							"*": 0.005
						},
						"animationSpeed": 0.95,
						"seekingRange": 240,
						"TargetEntitiesWithSameHerdId": true,
						"ExtraMinDistanceToTarget": 2,
						"extraTargetDistance": 1,
						"randomTargetOffset" : 1,
						"maxFollowTimeSec": 240, 
						"EntityLightLevels": [0,14],
						"EntityLightLevelType": "TimeOfDaySunLight",
						"stopOnHurt": true,
						"whenSwimming": false,
						"DontExecuteIfRecentlyAttacked": true,
						"tagsAppliedToEntity": ["state-moving"],
						"whenNotInEmotionState": ["aggressiveondamage","fleeondamage","saturated"]
					},	
						//stay close to family outside hunting times light side		
					{
						"code": "stayclosetoentity-r",
						"priority": 3.5,
						"priorityForCancel": 5.0,
						"animation": "Walk",
						"entityCodes": ["pantherinae-neofelis-baby-male-{species}-{pigment}","pantherinae-neofelis-baby-female-{species}-{pigment}"],
						"IgnoreDeadEntities": false,
						"targetLightLevels": [1, 4, 22, 32],
						"movespeedByType": {
							"*-female-diardi-*": 0.0032,"*-male-diardi-*": 0.0035,
							"*-female-nebulosa-*": 0.0032,"*-male-nebulosa-*": 0.0035,
							"*": 0.005
						},
						"animationSpeed": 0.95,
						"seekingRange": 240,
						"TargetEntitiesWithSameHerdId": true,
						"ExtraMinDistanceToTarget": 5,
						"extraTargetDistance": 1,
						"randomTargetOffset" : 3,
						"maxFollowTimeSec": 240, 
						"EntityLightLevels": [18,32],
						"EntityLightLevelType": "TimeOfDaySunLight",
						"stopOnHurt": true,
						"whenSwimming": false,
						"DontExecuteIfRecentlyAttacked": true,
						"tagsAppliedToEntity": ["state-moving"],
						"whenNotInEmotionState": ["aggressiveondamage","fleeondamage","saturated"]
					},				
						//wander out of darkness		
					{
						"code": "wander-r",
						"priority": 3.42,
						"priorityForCancel": 5.0,
						"animation": "Walk",
						"mindurationMs": 12000,
						"movespeedByType": {
							"*-female-diardi-*": 0.0032,"*-male-diardi-*": 0.0035,
							"*-female-nebulosa-*": 0.0032,"*-male-nebulosa-*": 0.0035,
							"*": 0.005
						},
						"animationSpeed": 0.95,
						"EntityLightLevels": [0,8],
						"EntityLightLevelType": "MaxLight",
						"PreferredLightLevel": 32,
						"PreferredLightLevelType": "MaxLight",
						"MaxBlocksChecked" : 27,
						"wanderVerticalRangeMax": 3,
						"stopOnHurt": true,
						"whenSwimming": false,
						"DontExecuteIfRecentlyAttacked": true,
						"tagsAppliedToEntity": ["state-moving"],
						"whenNotInEmotionState": ["aggressiveondamage","fleeondamage"]
					},			
						//wander out of cold
					{
						"code": "wander-r",
						"priority": 3.41,
						"priorityForCancel": 5.0,
						"animation": "Walk",
						"mindurationMs": 12000,
						"movespeedByType": {
							"*-female-diardi-*": 0.0032,"*-male-diardi-*": 0.0035,
							"*-female-nebulosa-*": 0.0032,"*-male-nebulosa-*": 0.0035,
							"*": 0.005
						},
						"animationSpeed": 0.95,
						"TemperatureRangeByType": {"*diardi*":[-40,24],"*nebulosa*":[-40,17]},
						"EntityLightLevels": [0,20],
						"EntityLightLevelType": "MaxTimeOfDayLight",
						"PreferredLightLevel": 32,
						"PreferredLightLevelType": "MaxTimeOfDayLight",
						"MaxBlocksChecked" : 27,
						"stopOnHurt": true,
						"whenSwimming": false,
						"DontExecuteIfRecentlyAttacked": true,
						"tagsAppliedToEntity": ["state-moving"],
						"whenNotInEmotionState": ["aggressiveondamage","fleeondamage"]
					},		
						//wander into shade during heat
					{
						"code": "wander-r",
						"priority": 3.4,
						"priorityForCancel": 5.0,
						"animation": "Walk",
						"mindurationMs": 12000,
						"movespeedByType": {
							"*-female-diardi-*": 0.0032,"*-male-diardi-*": 0.0035,
							"*-female-nebulosa-*": 0.0032,"*-male-nebulosa-*": 0.0035,
							"*": 0.005
						},
						"animationSpeed": 0.95,
						"TemperatureRangeByType": {"*diardi*":[32,60],"*nebulosa*":[32,60]},
						"EntityLightLevels": [22,32],
						"EntityLightLevelType": "MaxTimeOfDayLight",
						"PreferredLightLevel": 16,
						"PreferredLightLevelType": "MaxTimeOfDayLight",
						"MaxBlocksChecked" : 27,
						"stopOnHurt": true,
						"whenSwimming": false,
						"DontExecuteIfRecentlyAttacked": true,
						"tagsAppliedToEntity": ["state-moving"],
						"whenNotInEmotionState": ["aggressiveondamage","fleeondamage"]
					},
					//-------------------------Domestic Behaviors-------------------------//
						//follow lead holder
					{
						"code": "followleadholder",
						"priority": 2.5,
						"priorityForCancel": 3.0,
						"animation": "Walk",
						"movespeedByType": {
							"*-female-diardi-*": 0.0032,"*-male-diardi-*": 0.0035,
							"*-female-nebulosa-*": 0.0032,"*-male-nebulosa-*": 0.0035,
							"*": 0.005
						},
						"animationSpeed": 0.95,
						"minGeneration": 2,
						"stopOnHurt": true,
						"tagsAppliedToEntity": ["state-moving"],
						"whenNotInEmotionState": ["aggressiveondamage","fleeondamage"]
					},
					//-------------------------Conditional Down Time-------------------------//
						//sleeping anywhere
					{
						"code": "idle-r",
						"priority": 1.52,
						"priorityForCancel": 6,
						"animation": "Sleep",
						"executionChance": 0.025,
						"mindurationMs": 240000,
						"maxdurationMs": 960000,
						"mincooldownHours": 0.025,
						"maxcooldownhours": 1,
						"animationSpeed": 0.3,
						"stopOnHurt": true,
						"whenSwimming": false,
						"whenFeetInLiquid": false,
						"DontExecuteIfRecentlyAttacked": true,
						"tagsAppliedToEntity": ["state-sneaking"],
						"whenNotInEmotionState": ["aggressiveondamage","fleeondamage"]
					},
						//wander to shade for a nap
					{
						"code": "wander-r",
						"priority": 1.51,
						"priorityForCancel": 1.52,
						"animation": "Walk",
						"executionChance": 0.5,
						"mindurationMs": 12000,
						"minCooldownMs": 500,
						"maxCoolDownMs": 2000,
						"movespeedByType": {
							"*-female-diardi-*": 0.0032,"*-male-diardi-*": 0.0035,
							"*-female-nebulosa-*": 0.0032,"*-male-nebulosa-*": 0.0035,
							"*": 0.005
						},
						"animationSpeed": 0.95,
						"duringDayTimeFramesByType": {
							"*": [{"fromHour": 7.5,"toHour": 18.5}]
						}, 	
						"DayTimeFrameInaccuracy": 0.2,
						"EntityLightLevels": [22,32],
						"EntityLightLevelType": "OnlySunLight",
						"PreferredLightLevel": 16,
						"MaxBlocksChecked" : 27,
						"stopOnHurt": true,
						"whenSwimming": false,
						"DontExecuteIfRecentlyAttacked": true,
						"tagsAppliedToEntity": ["state-moving"],
						"whenNotInEmotionState": ["aggressiveondamage","fleeondamage"]
					},
						//sleeping ideal windows
					{
						"code": "idle-r",
						"priority": 1.5,
						"priorityForCancel": 6,
						"animation": "Sleep",
						"executionChance": 0.25,
						"mindurationMs": 240000,
						"maxdurationMs": 960000,
						"mincooldownHours": 0.25,
						"maxcooldownhours": 1,
						"animationSpeed": 0.3,
						"duringDayTimeFramesByType": {
							"*": [{"fromHour": 8,"toHour": 18}]
						}, 	
						"DayTimeFrameInaccuracy": 0.3,
						"EntityLightLevels": [6,21],
						"EntityLightLevelType": "MaxLight",
						"stopOnHurt": true,
						"whenSwimming": false,
						"whenFeetInLiquid": false,
						"DontExecuteIfRecentlyAttacked": true,
						"tagsAppliedToEntity": ["state-sneaking"],
						"whenNotInEmotionState": ["aggressiveondamage","fleeondamage"]
					},
						//rare chance of call all day
					{
						"code": "idle-r",
						"priority": 1.41,
						"priorityForCancel": 1.9,
						"animation": "Roar",
						"executionChance": 0.00125,
						"mindurationMS": 5000,
						"maxdurationMS": 25000,
						"mincooldownHours": 0.125,
						"maxcooldownHours": 2,
						"animationSpeed": 0.75,
						"sound": "pantherinae:creature/pantherinae/neofelisroar",
						"soundrepeatMS": 7000,
						"soundVolume": 0.75,
						"soundRange": 60,
						"tagsAppliedToEntity": ["ferocious"],
						"whenNotInEmotionState": ["aggressiveondamage","fleeondamage"]
					},
						//making noise after peak sunlight
					{
						"code": "idle-r",
						"priority": 1.4,
						"priorityForCancel": 1.9,
						"animation": "Roar",
						"executionChance": 0.0125,
						"mindurationMS": 5000,
						"maxdurationMS": 25000,
						"mincooldownHours": 0.125,
						"maxcooldownHours": 2,
						"animationSpeed": 0.75,
						"EntityLightLevels": [4,17],
						"EntityLightLevelType": "TimeOfDaySunLight",
						"sound": "pantherinae:creature/pantherinae/neofelisroar",
						"soundrepeatMS": 7000,
						"soundVolume": 0.75,
						"soundRange": 60,
						"tagsAppliedToEntity": ["ferocious"],
						"whenNotInEmotionState": ["aggressiveondamage","fleeondamage"]
					},
						//hunting wander at twilight hours
					{
						"code": "wander-r",
						"priority": 1.3,
						"priorityForCancel": 2.0,
						"animation": "Walk",
						"mindurationMs": 4000,
						"executionChance": 0.5,
						"movespeedByType": {
							"*-female-diardi-*": 0.0032,"*-male-diardi-*": 0.0035,
							"*-female-nebulosa-*": 0.0032,"*-male-nebulosa-*": 0.0035,
							"*": 0.005
						},
						"animationSpeed": 0.95,
						"EntityLightLevels": [12,17],
						"EntityLightLevelType": "TimeOfDaySunLight",
						"stopOnHurt": true,
						"whenSwimming": false,
						"DontExecuteIfRecentlyAttacked": true,
						"tagsAppliedToEntity": ["state-moving"],
						"whenNotInEmotionState": ["aggressiveondamage","fleeondamage","saturated"]
					},
					//-------------------------Down Time-------------------------//
						//wandering at any time
					{
						"code": "wander-r",
						"priority": 0.8,
						"priorityForCancel": 2.0,
						"animation": "Walk",
						"mindurationMs": 8000,
						"executionChance": 0.01,
						"movespeedByType": {
							"*-female-diardi-*": 0.0032,"*-male-diardi-*": 0.0035,
							"*-female-nebulosa-*": 0.0032,"*-male-nebulosa-*": 0.0035,
							"*": 0.005
						},
						"animationSpeed": 0.95,
						"stopOnHurt": true,
						"whenSwimming": false,
						"DontExecuteIfRecentlyAttacked": true,
						"tagsAppliedToEntity": ["state-moving"],
						"whenNotInEmotionState": ["aggressiveondamage","fleeondamage"]
					},
						//zoomies at any time
					{
						"code": "wander-r",
						"priority": 0.8,
						"priorityForCancel": 2.0,
						"animation": "Run",
						"mindurationMs": 16000,
						"executionChance": 0.0001,
						"movespeedByType": {
							"*-female-diardi-*": 0.04,"*-male-diardi-*": 0.045,
							"*-female-nebulosa-*": 0.04,"*-male-nebulosa-*": 0.045,
							"*": 0.005
						},
						"animationSpeed": 2.2,
						"stopOnHurt": true,
						"whenSwimming": false,
						"DontExecuteIfRecentlyAttacked": true,
						"tagsAppliedToEntity": ["state-moving","state-sprinting"],
						"whenInEmotionState": ["saturated"],
						"whenNotInEmotionState": ["aggressiveondamage","fleeondamage"]
					},
						//sitting at any time
					{
						"code": "idle-r",
						"priority": 0.7,
						"priorityForCancel": 2.0,
						"animation": "Sit",
						"mindurationMs": 12000,
						"maxdurationMs": 120000,
						"executionChance": 0.1,
						"minCooldownMs": 12000,
						"maxCoolDownMs": 120000,
						"stopOnHurt": true,
						"whenSwimming": false,
						"whenFeetInLiquid": false,
						"DontExecuteIfRecentlyAttacked": false,
						"whenNotInEmotionState": ["aggressiveondamage","fleeondamage"]
					},
						//grooming at any time
					{
						"code": "idle-r",
						"priority": 0.7,
						"priorityForCancel": 2.0,
						"animation": "Lick",
						"mindurationMs": 12000,
						"maxdurationMs": 120000,
						"executionChance": 0.1,
						"minCooldownMs": 12000,
						"maxCoolDownMs": 120000,
						"sound": "pantherinae:creature/pantherinae/lick",
						"soundrange" : 3,
						"soundrepeatMS": 7500,
						"soundVolume": 0.1,
						"stopOnHurt": true,
						"whenSwimming": false,
						"whenFeetInLiquid": false,
						"DontExecuteIfRecentlyAttacked": false,
						"whenNotInEmotionState": ["aggressiveondamage","fleeondamage"]
					},
						//laying at any time
					{
						"code": "idle-r",
						"priority": 0.7,
						"priorityForCancel": 2.0,
						"animation": "Lie",
						"mindurationMs": 12000,
						"maxdurationMs": 120000,
						"executionChance": 0.1,
						"minCooldownMs": 12000,
						"maxCoolDownMs": 120000,
						"stopOnHurt": true,
						"whenSwimming": false,
						"whenFeetInLiquid": false,
						"DontExecuteIfRecentlyAttacked": false,
						"whenNotInEmotionState": ["aggressiveondamage","fleeondamage"]
					},
						//loafing at any time
					{
						"code": "idle-r",
						"priority": 0.7,
						"priorityForCancel": 2.0,
						"animation": "Loaf",
						"mindurationMs": 12000,
						"maxdurationMs": 120000,
						"executionChance": 0.1,
						"minCooldownMs": 12000,
						"maxCoolDownMs": 120000,
						"stopOnHurt": true,
						"whenSwimming": false,
						"whenFeetInLiquid": false,
						"DontExecuteIfRecentlyAttacked": true,
						"tagsAppliedToEntity": ["state-sneaking"],
						"whenNotInEmotionState": ["aggressiveondamage","fleeondamage"]
					},
						//looking around
					{
						"code": "lookaround-r",
						"priority": 0.5,
						"priorityForCancel": 2.0,
						"stopOnHurt": true,
						"whenNotInEmotionState": ["aggressiveondamage","fleeondamage"],
						"turnAngleFactor": 0.5
					}
				]
			},
			{ "code": "ropetieable", "minGeneration": 2 },
			{ "code": "pettable", "minGeneration": 1 },
			{ "code": "entitystatetags" }			

		],
		"spawnconditions": {
			"worldgen": {
			"tryOnlySurface": true,	
				"triesPerChunk": { "avg": 0, "var": 0 },
			"groupSizeByType": {
					"*-adult-male*": { "dist": "invexp", "avg": 1.0, "var": 0.0 },
					"*-adult-female-*": { "dist": "invexp", "avg": 1.5, "var": 0.5 }
			},
			"insideBlockCodes":["game:air", "game:gravel-*","game:leaves-*", "game:sand-*", "game:snow-*","game:soil-*","game:tallgrass-*"],
			"companionsByType": {
				"*-adult-male-*":["pantherinae:pantherinae-neofelis-adult-female-{species}-{pigment}"],
				"*-adult-female-*":["pantherinae:pantherinae-neofelis-baby-female-{species}-{pigment}", "pantherinae:pantherinae-neofelis-baby-male-{species}-{pigment}"]}
		},
			"runtime": {
				"group": "hostile",
				"tryOnlySurface": true,
				"maxQuantity": 1,
				"mindistancetoplayer": 100,
				"maxLightLevel": 7,
				"lightLevelType": "onlyBlockLight",
				"spawnCapPlayerScaling": 0.0,			
				"maxQuantityByGroup": {
					"code": "pantherinae-neofelis-*",
					"maxQuantity": 1
				},
				"chanceByType": {
					"*-diardi-normal": 0.0001,
					"*-nebulosa-normal": 0.0001
				},
			"groupSizeByType": {
					"*-adult-male*": { "dist": "invexp", "avg": 1.0, "var": 0.0 },
					"*-adult-female-*": { "dist": "invexp", "avg": 1.5, "var": 0.5 }
			},
				"insideBlockCodes": [ "game:air","game:soil-*", "game:tallgrass-*", "game:gravel-*" ],
			"companionsByType": {
				"*-adult-male-*":["pantherinae:pantherinae-neofelis-adult-female-{species}-{pigment}"],
				"*-adult-female-*":["pantherinae:pantherinae-neofelis-baby-female-{species}-{pigment}", "pantherinae:pantherinae-neofelis-baby-male-{species}-{pigment}"]}
			}
		},
		"spawnconditionsByType": {
			"pantherinae-neofelis-adult-*-diardi-*": {
				"climate": {	
					"minTemp": 26,
					"maxTemp": 40,
					"minRain": 0.65,
					"maxRain": 1.0,
					"minForestOrShrubs": 0.65,
					"maxForest": 1.0,
					"maxShrubs": 1.0,
					"minY": 1.0,
					"maxY": 1.3		
				},
				"worldgen": {
					"triesPerChunk": { "avg": 0.001, "var": 0}
				}
			},
			"pantherinae-neofelis-adult-*-nebulosa-*": {
				"climate": {
					"minTemp": 14,
					"maxTemp": 40,
					"minRain": 0.45,
					"maxRain": 1.0,
					"minForestOrShrubs": 0.45,
					"maxForest": 1.0,
					"maxShrubs": 1.0,
					"minY": 1.0,
					"maxY": 1.5						
				},
				"worldgen": {
					"triesPerChunk": { "avg": 0.001, "var": 0}
				}
			}
		}
	},
	"sounds": {
		"hurt": "pantherinae:creature/pantherinae/neofelishurt",
		"death": "pantherinae:creature/pantherinae/neofelisdeath",
		"idle": "pantherinae:creature/pantherinae/pantherinaeidle"
	},
	"idleSoundChance": 0.01
}