{
	//TODO Delete inside faces and Simplify Shapes
	"editor": {
		"allAngles": false,
		"entityTextureMode": false
	},
	"textureWidth": 16,
	"textureHeight": 16,
	"textureSizes": {
	},
	"textures": {
		"metal": "game:block/metal/sheet/{metal}4"
	},
	"elements": [
		{
			"name": "SupportBase",
			"from": [ 6.0, 5.65, 5.65 ],
			"to": [ 10.0, 10.3, 10.3 ],
			"rotationOrigin": [ 6.0, 5.0, 5.0 ],
			"faces": {
				"north": { "texture": "#metal", "uv": [ 9.5, 1.5, 13.5, 6.0 ], "windMode": [-1,-1,-1,-1] },
				"east": { "texture": "#metal", "uv": [ 10.0, 3.0, 14.5, 7.5 ], "windMode": [-1,-1,-1,-1] },
				"south": { "texture": "#metal", "uv": [ 11.0, 3.0, 15.0, 7.5 ], "windMode": [-1,-1,-1,-1] },
				"west": { "texture": "#metal", "uv": [ 10.5, 2.0, 15.0, 6.5 ], "windMode": [-1,-1,-1,-1] },
				"up": { "texture": "#metal", "uv": [ 9.5, 2.0, 13.5, 6.5 ], "windMode": [-1,-1,-1,-1] },
				"down": { "texture": "#metal", "uv": [ 10.0, 2.5, 14.0, 7.0 ], "windMode": [-1,-1,-1,-1] }
			},
			"children": [
				{
					"name": "Strut1Connection",
					"from": [ 0.75, 1.5, -0.65 ],
					"to": [ 3.25, 3.5, 0.0 ],
					"rotationOrigin": [ 1.0, 1.0, -1.0 ],
					"faces": {
						"north": { "texture": "#metal", "uv": [ 3.0, 3.0, 5.5, 5.0 ] },
						"east": { "texture": "#metal", "uv": [ 3.5, 3.0, 4.0, 5.0 ], "windMode": [-1,-1,-1,-1] },
						"south": { "texture": "#metal", "uv": [ 3.0, 3.0, 5.5, 5.0 ], "windMode": [-1,-1,-1,-1] },
						"west": { "texture": "#metal", "uv": [ 3.5, 3.5, 4.0, 5.5 ], "windMode": [-1,-1,-1,-1] },
						"up": { "texture": "#metal", "uv": [ 3.5, 4.0, 6.0, 4.5 ], "windMode": [-1,-1,-1,-1] },
						"down": { "texture": "#metal", "uv": [ 2.5, 3.5, 5.0, 4.0 ], "windMode": [-1,-1,-1,-1] }
					},
					"children": [
						{
							"name": "Strut1",
							"from": [ 0.25, -7.15, 0.2 ],
							"to": [ 2.25, 0.05, 0.65 ],
							"rotationOrigin": [ 0.25, -6.5, 0.65 ],
							"faces": {
								"north": { "texture": "#metal", "uv": [ 5.5, 8.5, 7.5, 15.5 ] },
								"east": { "texture": "#metal", "uv": [ 5.0, 5.0, 5.5, 12.0 ], "windMode": [-1,-1,-1,-1] },
								"south": { "texture": "#metal", "uv": [ 4.0, 4.5, 6.0, 11.5 ], "windMode": [-1,-1,-1,-1] },
								"west": { "texture": "#metal", "uv": [ 6.0, 7.5, 6.5, 14.5 ], "windMode": [-1,-1,-1,-1] },
								"up": { "texture": "#metal", "uv": [ 3.0, 4.0, 5.0, 4.5 ], "windMode": [-1,-1,-1,-1] },
								"down": { "texture": "#metal", "uv": [ 2.5, 4.0, 4.5, 4.5 ], "windMode": [-1,-1,-1,-1] }
							},
							"children": [
								{
									"name": "Strut1Base",
									"from": [ -0.1, 0.0, -0.25 ],
									"to": [ 2.15, 1.0, 0.75 ],
									"faces": {
										"north": { "texture": "#metal", "uv": [ 3.5, 4.0, 5.5, 5.0 ] },
										"east": { "texture": "#metal", "uv": [ 3.5, 3.5, 4.5, 4.5 ], "windMode": [-1,-1,-1,-1] },
										"south": { "texture": "#metal", "uv": [ 3.5, 3.5, 5.5, 4.5 ], "windMode": [-1,-1,-1,-1] },
										"west": { "texture": "#metal", "uv": [ 3.5, 4.0, 4.5, 5.0 ], "windMode": [-1,-1,-1,-1] },
										"up": { "texture": "#metal", "uv": [ 3.0, 3.5, 5.0, 4.5 ], "windMode": [-1,-1,-1,-1] },
										"down": { "texture": "#metal", "uv": [ 3.5, 3.5, 5.5, 4.5 ], "windMode": [-1,-1,-1,-1] }
									}
								}
							]
						},
						{
							"name": "Strut1Bolt",
							"from": [ 0.75, 0.5, -0.25 ],
							"to": [ 1.75, 1.5, 0.0 ],
							"rotationOrigin": [ 1.0, 0.0, -1.0 ],
							"faces": {
								"north": { "texture": "#metal", "uv": [ 10.5, 3.5, 11.5, 4.5 ] },
								"east": { "texture": "#metal", "uv": [ 11.0, 4.0, 11.5, 5.0 ], "windMode": [-1,-1,-1,-1] },
								"south": { "texture": "#metal", "uv": [ 10.5, 4.5, 11.5, 5.5 ], "windMode": [-1,-1,-1,-1] },
								"west": { "texture": "#metal", "uv": [ 12.0, 5.0, 12.5, 6.0 ], "windMode": [-1,-1,-1,-1] },
								"up": { "texture": "#metal", "uv": [ 11.0, 4.0, 12.0, 4.5 ], "windMode": [-1,-1,-1,-1] },
								"down": { "texture": "#metal", "uv": [ 11.0, 3.5, 12.0, 4.0 ], "windMode": [-1,-1,-1,-1] }
							}
						}
					]
				},
				{
					"name": "Strut2Connection",
					"from": [ 0.75, 1.5, 4.65 ],
					"to": [ 3.25, 3.5, 5.3 ],
					"rotationOrigin": [ 0.0, 0.0, 4.0 ],
					"faces": {
						"north": { "texture": "#metal", "uv": [ 3.0, 3.5, 5.5, 5.5 ], "windMode": [-1,-1,-1,-1] },
						"east": { "texture": "#metal", "uv": [ 3.5, 3.0, 4.0, 5.0 ], "windMode": [-1,-1,-1,-1] },
						"south": { "texture": "#metal", "uv": [ 3.0, 3.0, 5.5, 5.0 ] },
						"west": { "texture": "#metal", "uv": [ 4.0, 3.0, 4.5, 5.0 ], "windMode": [-1,-1,-1,-1] },
						"up": { "texture": "#metal", "uv": [ 3.0, 3.5, 5.5, 4.0 ], "windMode": [-1,-1,-1,-1] },
						"down": { "texture": "#metal", "uv": [ 3.0, 4.0, 5.5, 4.5 ], "windMode": [-1,-1,-1,-1] }
					},
					"children": [
						{
							"name": "Strut2Bolt",
							"from": [ 0.75, 0.5, 0.65 ],
							"to": [ 1.75, 1.5, 0.9 ],
							"faces": {
								"north": { "texture": "#metal", "uv": [ 12.0, 3.5, 13.0, 4.5 ], "windMode": [-1,-1,-1,-1] },
								"east": { "texture": "#metal", "uv": [ 11.5, 3.5, 12.0, 4.5 ], "windMode": [-1,-1,-1,-1] },
								"south": { "texture": "#metal", "uv": [ 11.0, 4.0, 12.0, 5.0 ] },
								"west": { "texture": "#metal", "uv": [ 12.5, 4.5, 13.0, 5.5 ], "windMode": [-1,-1,-1,-1] },
								"up": { "texture": "#metal", "uv": [ 12.0, 4.0, 13.0, 4.5 ], "windMode": [-1,-1,-1,-1] },
								"down": { "texture": "#metal", "uv": [ 11.5, 4.0, 12.5, 4.5 ], "windMode": [-1,-1,-1,-1] }
							}
						},
						{
							"name": "Strut2",
							"from": [ 0.25, -7.15, 0.0 ],
							"to": [ 2.25, 0.05, 0.45 ],
							"faces": {
								"north": { "texture": "#metal", "uv": [ 4.0, 5.5, 6.0, 12.5 ], "windMode": [-1,-1,-1,-1] },
								"east": { "texture": "#metal", "uv": [ 6.5, 0.0, 7.0, 7.0 ], "windMode": [-1,-1,-1,-1] },
								"south": { "texture": "#metal", "uv": [ 3.5, 6.0, 5.5, 13.0 ] },
								"west": { "texture": "#metal", "uv": [ 6.5, 6.0, 7.0, 13.0 ], "windMode": [-1,-1,-1,-1] },
								"up": { "texture": "#metal", "uv": [ 0.0, 0.0, 2.0, 0.5 ], "windMode": [-1,-1,-1,-1] },
								"down": { "texture": "#metal", "uv": [ 0.0, 0.0, 2.0, 0.5 ], "windMode": [-1,-1,-1,-1] }
							},
							"children": [
								{
									"name": "Cube2",
									"from": [ -0.1, 0.0, -0.25 ],
									"to": [ 2.15, 1.0, 0.75 ],
									"faces": {
										"north": { "texture": "#metal", "uv": [ 3.0, 4.0, 5.0, 5.0 ], "windMode": [-1,-1,-1,-1] },
										"east": { "texture": "#metal", "uv": [ 3.0, 3.5, 4.0, 4.5 ] },
										"south": { "texture": "#metal", "uv": [ 3.5, 4.0, 5.5, 5.0 ], "windMode": [-1,-1,-1,-1] },
										"west": { "texture": "#metal", "uv": [ 3.5, 3.5, 4.5, 4.5 ], "windMode": [-1,-1,-1,-1] },
										"up": { "texture": "#metal", "uv": [ 3.0, 4.0, 5.0, 5.0 ], "windMode": [-1,-1,-1,-1] },
										"down": { "texture": "#metal", "uv": [ 3.0, 4.0, 5.0, 5.0 ], "windMode": [-1,-1,-1,-1] }
									}
								}
							]
						}
					]
				}
			]
		}
	]}