[
  {
    "op": "replace",
    "path": "/1/enabled",
    "value": false,
    "file": "game:config/characterclasses.json"
  },
  {
    "op": "replace",
    "path": "/2/enabled",
    "value": false,
    "file": "game:config/characterclasses.json"
  },
  {
    "op": "replace",
    "path": "/3/enabled",
    "value": false,
    "file": "game:config/characterclasses.json"
  },
  {
    "op": "replace",
    "path": "/4/enabled",
    "value": false,
    "file": "game:config/characterclasses.json"
  },
  {
    "op": "replace",
    "path": "/5/enabled",
    "value": false,
    "file": "game:config/characterclasses.json"
  }
]