{
	"editor": {
		"collapsedPaths": "Root/main/middle/2,Root/main/middle/1,Root/main/lower/2,Root/main/middle/3,Root/main/lower/1,Root/main/lower/3,Root/main/middle/0",
		"allAngles": false,
		"entityTextureMode": false
	},
	"textureWidth": 16,
	"textureHeight": 16,
	"textureSizes": {
		"material": [16,16]
	},
	"textures": {
	},
	"elements": [
		{
			"name": "main",
			"from": [ 6.0, 2.0, 7.8 ],
			"to": [ 6.0, 2.0, 7.8 ],
			"rotationOrigin": [ 6.0, 2.0, 8.0 ],
			"faces": {
				"north": { "texture": "#null", "uv": [ 0.0, 0.0, 0.5, 0.5 ], "enabled": false },
				"east": { "texture": "#null", "uv": [ 0.0, 0.0, 0.5, 0.5 ], "enabled": false },
				"south": { "texture": "#null", "uv": [ 0.0, 0.0, 0.5, 0.5 ], "enabled": false },
				"west": { "texture": "#null", "uv": [ 0.0, 0.0, 0.5, 0.5 ], "enabled": false },
				"up": { "texture": "#null", "uv": [ 0.0, 0.0, 0.5, 0.5 ], "enabled": false },
				"down": { "texture": "#null", "uv": [ 0.0, 0.0, 0.5, 0.5 ], "enabled": false }
			},
			"children": [
				{
					"name": "lower",
					"from": [ -0.5, 2.0, 0.0 ],
					"to": [ -0.5, 2.0, 0.0 ],
					"rotationOrigin": [ -0.5, 2.0, 0.0 ],
					"faces": {
						"north": { "texture": "#null", "uv": [ 0.0, 0.0, 0.5, 0.5 ] },
						"east": { "texture": "#null", "uv": [ 0.0, 0.0, 0.5, 0.5 ] },
						"south": { "texture": "#null", "uv": [ 0.0, 0.0, 0.5, 0.5 ] },
						"west": { "texture": "#null", "uv": [ 0.0, 0.0, 0.5, 0.5 ] },
						"up": { "texture": "#null", "uv": [ 0.0, 0.0, 0.5, 0.5 ] },
						"down": { "texture": "#null", "uv": [ 0.0, 0.0, 0.5, 0.5 ] }
					},
					"children": [
						{
							"name": "1",
							"from": [ 0.0, 0.0, 0.0 ],
							"to": [ 0.0, 0.0, 0.0 ],
							"rotationOrigin": [ 0.0, 0.0, 0.0 ],
							"rotationZ": 63.44,
							"faces": {
								"north": { "texture": "#null", "uv": [ 0.0, 0.0, 0.5, 0.5 ], "enabled": false },
								"east": { "texture": "#null", "uv": [ 0.0, 0.0, 0.5, 0.5 ], "enabled": false },
								"south": { "texture": "#null", "uv": [ 0.0, 0.0, 0.5, 0.5 ], "enabled": false },
								"west": { "texture": "#null", "uv": [ 0.0, 0.0, 0.5, 0.5 ], "enabled": false },
								"up": { "texture": "#null", "uv": [ 0.0, 0.0, 0.5, 0.5 ], "enabled": false },
								"down": { "texture": "#null", "uv": [ 0.0, 0.0, 0.5, 0.5 ], "enabled": false }
							},
							"children": [
								{
									"name": "0",
									"from": [ 3.4, 4.66, -7.8 ],
									"to": [ 8.76, 5.66, -6.8 ],
									"rotationOrigin": [ 5.4, 4.66, -7.7 ],
									"rotationX": 2.0,
									"rotationY": 1.0,
									"faces": {
										"north": { "texture": "#material", "uv": [ 6.0, 2.0, 10.5, 3.0 ], "autoUv": false, "snapUv": false },
										"east": { "texture": "#material", "uv": [ 0.5, 14.5, 1.5, 15.5 ], "autoUv": false, "snapUv": false },
										"south": { "texture": "#material", "uv": [ 7.0, 3.0, 11.5, 4.0 ], "autoUv": false, "snapUv": false },
										"west": { "texture": "#material", "uv": [ 0.0, 6.0, 1.0, 7.0 ], "autoUv": false, "snapUv": false },
										"up": { "texture": "#material", "uv": [ 4.0, 3.0, 8.5, 4.0 ], "autoUv": false, "snapUv": false },
										"down": { "texture": "#material", "uv": [ 6.0, 0.5, 10.5, 1.5 ], "rotation": 180, "autoUv": false, "snapUv": false }
									}
								},
								{
									"name": "1",
									"from": [ 3.7, 4.66, -5.8 ],
									"to": [ 8.9, 5.76, -4.8 ],
									"rotationOrigin": [ 5.7, 4.66, -5.8 ],
									"rotationX": 5.0,
									"rotationY": 2.0,
									"faces": {
										"north": { "texture": "#material", "uv": [ 0.0, 2.0, 5.0, 3.0 ], "autoUv": false, "snapUv": false },
										"east": { "texture": "#material", "uv": [ 0.5, 14.0, 1.5, 15.0 ], "autoUv": false, "snapUv": false },
										"south": { "texture": "#material", "uv": [ 0.0, 2.0, 5.0, 3.0 ], "autoUv": false, "snapUv": false },
										"west": { "texture": "#material", "uv": [ 0.0, 2.0, 1.0, 3.0 ], "autoUv": false, "snapUv": false },
										"up": { "texture": "#material", "uv": [ 0.0, 2.0, 5.0, 3.0 ], "autoUv": false, "snapUv": false },
										"down": { "texture": "#material", "uv": [ 0.0, 2.0, 5.0, 3.0 ], "rotation": 180, "autoUv": false, "snapUv": false }
									}
								},
								{
									"name": "2",
									"from": [ 4.2, 4.66, -4.0 ],
									"to": [ 9.8, 5.66, -3.0 ],
									"rotationOrigin": [ 6.8, 4.66, -4.0 ],
									"rotationX": 12.0,
									"rotationY": -1.0,
									"faces": {
										"north": { "texture": "#material", "uv": [ 0.0, 4.0, 5.5, 5.0 ], "autoUv": false, "snapUv": false },
										"east": { "texture": "#material", "uv": [ 1.0, 14.5, 2.0, 15.5 ], "autoUv": false, "snapUv": false },
										"south": { "texture": "#material", "uv": [ 0.0, 4.0, 5.5, 5.0 ], "autoUv": false, "snapUv": false },
										"west": { "texture": "#material", "uv": [ 0.0, 4.0, 1.0, 5.0 ], "autoUv": false, "snapUv": false },
										"up": { "texture": "#material", "uv": [ 0.0, 4.0, 5.5, 5.0 ], "autoUv": false, "snapUv": false },
										"down": { "texture": "#material", "uv": [ 0.0, 4.0, 5.5, 5.0 ], "rotation": 180, "autoUv": false, "snapUv": false }
									}
								},
								{
									"name": "3",
									"from": [ 3.4, 4.66, -2.1 ],
									"to": [ 9.2, 5.66, -1.06 ],
									"rotationOrigin": [ 5.8, 4.66, -2.1 ],
									"rotationX": 2.0,
									"rotationY": -2.0,
									"faces": {
										"north": { "texture": "#material", "uv": [ 2.0, 12.5, 5.5, 13.5 ], "autoUv": false, "snapUv": false },
										"east": { "texture": "#material", "uv": [ 0.0, 14.0, 1.0, 15.0 ], "autoUv": false, "snapUv": false },
										"south": { "texture": "#material", "uv": [ 2.5, 12.0, 6.0, 13.0 ], "autoUv": false, "snapUv": false },
										"west": { "texture": "#material", "uv": [ 0.0, 14.0, 1.0, 15.0 ], "autoUv": false, "snapUv": false },
										"up": { "texture": "#material", "uv": [ 2.5, 8.5, 6.0, 9.5 ], "autoUv": false, "snapUv": false },
										"down": { "texture": "#material", "uv": [ 5.5, 12.5, 9.0, 13.5 ], "rotation": 180, "autoUv": false, "snapUv": false }
									}
								},
								{
									"name": "4",
									"from": [ 3.3, 4.66, -0.1 ],
									"to": [ 9.8, 5.66, 0.4 ],
									"rotationOrigin": [ 5.3, 4.66, -0.1 ],
									"rotationX": -2.0,
									"rotationY": -2.0,
									"faces": {
										"north": { "texture": "#material", "uv": [ 0.0, 8.0, 7.5, 9.0 ], "autoUv": false, "snapUv": false },
										"east": { "texture": "#material", "uv": [ 1.0, 15.0, 1.5, 16.0 ], "autoUv": false, "snapUv": false },
										"south": { "texture": "#material", "uv": [ 0.0, 8.0, 7.5, 9.0 ], "autoUv": false, "snapUv": false },
										"west": { "texture": "#material", "uv": [ 0.0, 14.5, 0.5, 15.5 ], "autoUv": false, "snapUv": false },
										"up": { "texture": "#material", "uv": [ 0.0, 8.0, 7.5, 8.5 ], "autoUv": false, "snapUv": false },
										"down": { "texture": "#material", "uv": [ 0.0, 8.0, 7.5, 8.5 ], "rotation": 180, "autoUv": false, "snapUv": false }
									}
								},
								{
									"name": "5",
									"from": [ 3.77, 4.56, 1.7 ],
									"to": [ 9.3, 5.56, 2.73 ],
									"rotationOrigin": [ 5.8, 4.56, 2.1 ],
									"rotationX": -4.0,
									"rotationY": 2.0,
									"faces": {
										"north": { "texture": "#material", "uv": [ 0.0, 10.0, 5.5, 11.0 ], "autoUv": false, "snapUv": false },
										"east": { "texture": "#material", "uv": [ 0.5, 15.0, 1.5, 16.0 ], "autoUv": false, "snapUv": false },
										"south": { "texture": "#material", "uv": [ 0.0, 10.0, 5.5, 11.0 ], "autoUv": false, "snapUv": false },
										"west": { "texture": "#material", "uv": [ 0.0, 10.0, 1.0, 11.0 ], "autoUv": false, "snapUv": false },
										"up": { "texture": "#material", "uv": [ 0.0, 10.0, 5.5, 11.0 ], "autoUv": false, "snapUv": false },
										"down": { "texture": "#material", "uv": [ 0.0, 10.0, 5.5, 11.0 ], "rotation": 180, "autoUv": false, "snapUv": false }
									}
								},
								{
									"name": "6",
									"from": [ 4.8, 4.61, 3.45 ],
									"to": [ 9.3, 5.61, 4.45 ],
									"rotationOrigin": [ 6.8, 4.56, 3.4 ],
									"rotationX": 3.0,
									"rotationY": -3.0,
									"faces": {
										"north": { "texture": "#material", "uv": [ 0.0, 12.0, 4.0, 13.0 ], "autoUv": false, "snapUv": false },
										"east": { "texture": "#material", "uv": [ 0.0, 14.5, 1.0, 15.5 ], "autoUv": false, "snapUv": false },
										"south": { "texture": "#material", "uv": [ 0.0, 12.0, 4.0, 13.0 ], "autoUv": false, "snapUv": false },
										"west": { "texture": "#material", "uv": [ 1.0, 14.5, 2.0, 15.5 ], "autoUv": false, "snapUv": false },
										"up": { "texture": "#material", "uv": [ 0.0, 12.0, 4.0, 13.0 ], "autoUv": false, "snapUv": false },
										"down": { "texture": "#material", "uv": [ 0.0, 12.0, 4.0, 13.0 ], "rotation": 180, "autoUv": false, "snapUv": false }
									}
								},
								{
									"name": "7",
									"from": [ 5.12, 4.66, 5.1 ],
									"to": [ 10.12, 5.33, 5.7 ],
									"rotationOrigin": [ 7.0, 4.66, 5.2 ],
									"rotationX": 3.0,
									"rotationY": 2.0,
									"faces": {
										"north": { "texture": "#material", "uv": [ 0.0, 12.0, 5.0, 12.5 ], "autoUv": false, "snapUv": false },
										"east": { "texture": "#material", "uv": [ 0.0, 14.5, 0.5, 15.0 ], "autoUv": false, "snapUv": false },
										"south": { "texture": "#material", "uv": [ 0.0, 12.0, 5.0, 12.5 ], "autoUv": false, "snapUv": false },
										"west": { "texture": "#material", "uv": [ 0.0, 15.5, 0.5, 16.0 ], "autoUv": false, "snapUv": false },
										"up": { "texture": "#material", "uv": [ 0.0, 12.0, 5.0, 12.5 ], "autoUv": false, "snapUv": false },
										"down": { "texture": "#material", "uv": [ 0.0, 12.0, 5.0, 12.5 ], "rotation": 180, "autoUv": false, "snapUv": false }
									}
								},
								{
									"name": "8",
									"from": [ 4.15, 4.66, 6.4 ],
									"to": [ 8.6, 5.66, 7.4 ],
									"rotationOrigin": [ 6.2, 4.66, 6.4 ],
									"rotationX": 3.0,
									"rotationY": 1.0,
									"faces": {
										"north": { "texture": "#material", "uv": [ 0.0, 0.0, 4.0, 1.0 ], "autoUv": false, "snapUv": false },
										"east": { "texture": "#material", "uv": [ 0.0, 14.5, 1.0, 15.5 ], "autoUv": false, "snapUv": false },
										"south": { "texture": "#material", "uv": [ 0.0, 0.0, 4.0, 1.0 ], "autoUv": false, "snapUv": false },
										"west": { "texture": "#material", "uv": [ 0.0, 0.0, 1.0, 1.0 ], "autoUv": false, "snapUv": false },
										"up": { "texture": "#material", "uv": [ 1.5, 0.0, 5.5, 1.0 ], "autoUv": false, "snapUv": false },
										"down": { "texture": "#material", "uv": [ 0.0, 0.0, 4.0, 1.0 ], "rotation": 180, "autoUv": false, "snapUv": false }
									}
								}
							]
						},
						{
							"name": "3",
							"from": [ 0.0, 0.0, 0.0 ],
							"to": [ 0.0, 0.0, 0.0 ],
							"rotationOrigin": [ 0.0, 0.0, 0.0 ],
							"rotationZ": 63.44,
							"faces": {
								"north": { "texture": "#null", "uv": [ 0.0, 0.0, 0.5, 0.5 ], "enabled": false },
								"east": { "texture": "#null", "uv": [ 0.0, 0.0, 0.5, 0.5 ], "enabled": false },
								"south": { "texture": "#null", "uv": [ 0.0, 0.0, 0.5, 0.5 ], "enabled": false },
								"west": { "texture": "#null", "uv": [ 0.0, 0.0, 0.5, 0.5 ], "enabled": false },
								"up": { "texture": "#null", "uv": [ 0.0, 0.0, 0.5, 0.5 ], "enabled": false },
								"down": { "texture": "#null", "uv": [ 0.0, 0.0, 0.5, 0.5 ], "enabled": false }
							},
							"children": [
								{
									"name": "0",
									"from": [ -5.1, 4.66, -7.8 ],
									"to": [ -0.08, 5.66, -6.8 ],
									"rotationOrigin": [ -5.1, 4.66, -8.1 ],
									"rotationX": 5.0,
									"rotationY": -2.0,
									"faces": {
										"north": { "texture": "#material", "uv": [ 0.0, 0.0, 6.5, 1.0 ], "autoUv": false, "snapUv": false },
										"east": { "texture": "#material", "uv": [ 0.0, 0.0, 1.0, 1.0 ], "autoUv": false, "snapUv": false },
										"south": { "texture": "#material", "uv": [ 0.0, 0.0, 6.5, 1.0 ], "autoUv": false, "snapUv": false },
										"west": { "texture": "#material", "uv": [ 0.5, 14.0, 1.5, 15.0 ], "autoUv": false, "snapUv": false },
										"up": { "texture": "#material", "uv": [ 0.0, 0.0, 6.5, 1.0 ], "autoUv": false, "snapUv": false },
										"down": { "texture": "#material", "uv": [ 0.0, 0.0, 6.5, 1.0 ], "rotation": 180, "autoUv": false, "snapUv": false }
									}
								},
								{
									"name": "1",
									"from": [ -4.9, 4.66, -5.9 ],
									"to": [ -0.7, 5.76, -4.9 ],
									"rotationOrigin": [ -4.9, 4.66, -5.9 ],
									"rotationX": 12.0,
									"rotationY": 2.0,
									"faces": {
										"north": { "texture": "#material", "uv": [ 0.0, 2.0, 5.0, 3.0 ], "autoUv": false, "snapUv": false },
										"east": { "texture": "#material", "uv": [ 0.0, 2.0, 1.0, 3.0 ], "autoUv": false, "snapUv": false },
										"south": { "texture": "#material", "uv": [ 0.0, 2.0, 5.0, 3.0 ], "autoUv": false, "snapUv": false },
										"west": { "texture": "#material", "uv": [ 1.0, 14.0, 2.0, 15.0 ], "autoUv": false, "snapUv": false },
										"up": { "texture": "#material", "uv": [ 0.0, 2.0, 5.0, 3.0 ], "autoUv": false, "snapUv": false },
										"down": { "texture": "#material", "uv": [ 0.0, 2.0, 5.0, 3.0 ], "rotation": 180, "autoUv": false, "snapUv": false }
									}
								},
								{
									"name": "2",
									"from": [ -5.2, 4.66, -3.9 ],
									"to": [ -0.15, 5.66, -2.9 ],
									"rotationOrigin": [ -5.2, 4.66, -3.9 ],
									"rotationX": -2.0,
									"rotationY": -3.0,
									"faces": {
										"north": { "texture": "#material", "uv": [ 0.0, 4.0, 6.0, 5.0 ], "autoUv": false, "snapUv": false },
										"east": { "texture": "#material", "uv": [ 0.0, 4.0, 1.0, 5.0 ], "autoUv": false, "snapUv": false },
										"south": { "texture": "#material", "uv": [ 0.0, 4.0, 6.0, 5.0 ], "autoUv": false, "snapUv": false },
										"west": { "texture": "#material", "uv": [ 0.5, 14.5, 1.5, 15.5 ], "autoUv": false, "snapUv": false },
										"up": { "texture": "#material", "uv": [ 0.0, 4.0, 6.0, 5.0 ], "autoUv": false, "snapUv": false },
										"down": { "texture": "#material", "uv": [ 0.0, 4.0, 6.0, 5.0 ], "rotation": 180, "autoUv": false, "snapUv": false }
									}
								},
								{
									"name": "3",
									"from": [ -5.0, 4.66, -2.0 ],
									"to": [ 0.1, 5.66, -0.96 ],
									"rotationOrigin": [ -5.0, 4.66, -2.0 ],
									"rotationX": 14.0,
									"rotationY": 2.0,
									"faces": {
										"north": { "texture": "#material", "uv": [ 0.0, 6.0, 7.0, 7.0 ], "autoUv": false, "snapUv": false },
										"east": { "texture": "#material", "uv": [ 0.0, 6.0, 1.0, 7.0 ], "autoUv": false, "snapUv": false },
										"south": { "texture": "#material", "uv": [ 0.0, 6.0, 7.0, 7.0 ], "autoUv": false, "snapUv": false },
										"west": { "texture": "#material", "uv": [ 0.0, 14.0, 1.0, 15.0 ], "autoUv": false, "snapUv": false },
										"up": { "texture": "#material", "uv": [ 0.0, 6.0, 7.0, 7.0 ], "autoUv": false, "snapUv": false },
										"down": { "texture": "#material", "uv": [ 1.0, 4.0, 8.0, 5.0 ], "rotation": 180, "autoUv": false, "snapUv": false }
									}
								},
								{
									"name": "4",
									"from": [ -5.4, 4.66, 0.2 ],
									"to": [ -0.3, 5.66, 0.7 ],
									"rotationOrigin": [ -5.4, 4.66, 0.2 ],
									"rotationX": 3.0,
									"rotationY": 4.0,
									"faces": {
										"north": { "texture": "#material", "uv": [ 0.0, 8.0, 6.0, 9.0 ], "autoUv": false, "snapUv": false },
										"east": { "texture": "#material", "uv": [ 0.0, 9.0, 0.5, 10.0 ], "autoUv": false, "snapUv": false },
										"south": { "texture": "#material", "uv": [ 0.0, 8.0, 6.0, 9.0 ], "autoUv": false, "snapUv": false },
										"west": { "texture": "#material", "uv": [ 1.0, 15.0, 1.5, 16.0 ], "autoUv": false, "snapUv": false },
										"up": { "texture": "#material", "uv": [ 0.0, 8.0, 6.0, 8.5 ], "autoUv": false, "snapUv": false },
										"down": { "texture": "#material", "uv": [ 0.0, 8.0, 6.0, 8.5 ], "rotation": 180, "autoUv": false, "snapUv": false }
									}
								},
								{
									"name": "5",
									"from": [ -5.0, 4.66, 1.4 ],
									"to": [ -0.7, 5.66, 2.4 ],
									"rotationOrigin": [ -5.0, 4.66, 1.8 ],
									"rotationX": 18.0,
									"rotationY": -1.0,
									"faces": {
										"north": { "texture": "#material", "uv": [ 0.0, 10.0, 5.0, 11.0 ], "autoUv": false, "snapUv": false },
										"east": { "texture": "#material", "uv": [ 0.0, 10.0, 1.0, 11.0 ], "autoUv": false, "snapUv": false },
										"south": { "texture": "#material", "uv": [ 0.0, 10.0, 5.0, 11.0 ], "autoUv": false, "snapUv": false },
										"west": { "texture": "#material", "uv": [ 0.0, 15.0, 1.0, 16.0 ], "autoUv": false, "snapUv": false },
										"up": { "texture": "#material", "uv": [ 0.0, 10.0, 5.0, 11.0 ], "autoUv": false, "snapUv": false },
										"down": { "texture": "#material", "uv": [ 0.0, 10.0, 5.0, 11.0 ], "rotation": 180, "autoUv": false, "snapUv": false }
									}
								},
								{
									"name": "6",
									"from": [ -5.2, 4.66, 3.7 ],
									"to": [ 0.5, 5.66, 4.7 ],
									"rotationOrigin": [ -5.2, 4.66, 3.7 ],
									"rotationX": -6.0,
									"rotationY": 2.0,
									"faces": {
										"north": { "texture": "#material", "uv": [ 0.0, 12.0, 7.5, 13.0 ], "autoUv": false, "snapUv": false },
										"east": { "texture": "#material", "uv": [ 0.0, 12.0, 1.0, 13.0 ], "autoUv": false, "snapUv": false },
										"south": { "texture": "#material", "uv": [ 0.0, 12.0, 7.5, 13.0 ], "autoUv": false, "snapUv": false },
										"west": { "texture": "#material", "uv": [ 0.5, 15.0, 1.5, 16.0 ], "autoUv": false, "snapUv": false },
										"up": { "texture": "#material", "uv": [ 0.0, 12.0, 7.5, 13.0 ], "autoUv": false, "snapUv": false },
										"down": { "texture": "#material", "uv": [ 0.0, 12.0, 7.5, 13.0 ], "rotation": 180, "autoUv": false, "snapUv": false }
									}
								},
								{
									"name": "7",
									"from": [ -5.2, 4.66, 5.1 ],
									"to": [ 0.3, 5.33, 5.7 ],
									"rotationOrigin": [ -5.2, 4.66, 5.0 ],
									"rotationX": -1.0,
									"rotationY": 2.0,
									"faces": {
										"north": { "texture": "#material", "uv": [ 0.0, 12.0, 6.5, 12.5 ], "autoUv": false, "snapUv": false },
										"east": { "texture": "#material", "uv": [ 0.0, 14.5, 0.5, 15.0 ], "autoUv": false, "snapUv": false },
										"south": { "texture": "#material", "uv": [ 0.0, 12.0, 6.5, 12.5 ], "autoUv": false, "snapUv": false },
										"west": { "texture": "#material", "uv": [ 0.5, 15.0, 1.0, 15.5 ], "autoUv": false, "snapUv": false },
										"up": { "texture": "#material", "uv": [ 0.0, 12.0, 6.5, 12.5 ], "autoUv": false, "snapUv": false },
										"down": { "texture": "#material", "uv": [ 0.0, 12.0, 6.5, 12.5 ], "rotation": 180, "autoUv": false, "snapUv": false }
									}
								},
								{
									"name": "8",
									"from": [ -4.9, 4.66, 6.4 ],
									"to": [ 0.3, 5.66, 7.4 ],
									"rotationOrigin": [ -4.9, 4.66, 6.4 ],
									"rotationX": 6.0,
									"rotationY": 1.0,
									"faces": {
										"north": { "texture": "#material", "uv": [ 2.5, 12.5, 8.5, 13.5 ], "autoUv": false, "snapUv": false },
										"east": { "texture": "#material", "uv": [ 0.0, 14.0, 1.0, 15.0 ], "autoUv": false, "snapUv": false },
										"south": { "texture": "#material", "uv": [ 4.0, 13.0, 10.0, 14.0 ], "autoUv": false, "snapUv": false },
										"west": { "texture": "#material", "uv": [ 0.0, 14.0, 1.0, 15.0 ], "autoUv": false, "snapUv": false },
										"up": { "texture": "#material", "uv": [ 3.5, 9.5, 9.5, 10.5 ], "autoUv": false, "snapUv": false },
										"down": { "texture": "#material", "uv": [ 5.5, 8.5, 11.5, 9.5 ], "rotation": 180, "autoUv": false, "snapUv": false }
									}
								}
							]
						},
						{
							"name": "2",
							"from": [ 0.0, 0.0, 0.0 ],
							"to": [ 0.0, 0.0, 0.0 ],
							"rotationOrigin": [ 0.0, 0.0, 0.0 ],
							"rotationZ": 63.44,
							"faces": {
								"north": { "texture": "#null", "uv": [ 0.0, 0.0, 0.5, 0.5 ], "enabled": false },
								"east": { "texture": "#null", "uv": [ 0.0, 0.0, 0.5, 0.5 ], "enabled": false },
								"south": { "texture": "#null", "uv": [ 0.0, 0.0, 0.5, 0.5 ], "enabled": false },
								"west": { "texture": "#null", "uv": [ 0.0, 0.0, 0.5, 0.5 ], "enabled": false },
								"up": { "texture": "#null", "uv": [ 0.0, 0.0, 0.5, 0.5 ], "enabled": false },
								"down": { "texture": "#null", "uv": [ 0.0, 0.0, 0.5, 0.5 ], "enabled": false }
							},
							"children": [
								{
									"name": "0",
									"from": [ -1.0, 4.66, -7.55 ],
									"to": [ 3.84, 5.66, -6.55 ],
									"rotationOrigin": [ 0.1, 4.66, -7.8 ],
									"rotationX": 4.0,
									"rotationY": 3.0,
									"faces": {
										"north": { "texture": "#material", "uv": [ 6.0, 0.0, 12.0, 1.0 ], "autoUv": false, "snapUv": false },
										"east": { "texture": "#material", "uv": [ 0.0, 0.0, 1.0, 1.0 ], "autoUv": false, "snapUv": false },
										"south": { "texture": "#material", "uv": [ 6.0, 0.0, 12.0, 1.0 ], "autoUv": false, "snapUv": false },
										"west": { "texture": "#material", "uv": [ 0.0, 0.0, 1.0, 1.0 ], "autoUv": false, "snapUv": false },
										"up": { "texture": "#material", "uv": [ 6.0, 0.0, 12.0, 1.0 ], "autoUv": false, "snapUv": false },
										"down": { "texture": "#material", "uv": [ 6.0, 0.0, 12.0, 1.0 ], "rotation": 180, "autoUv": false, "snapUv": false }
									}
								},
								{
									"name": "1",
									"from": [ -1.23, 4.56, -5.9 ],
									"to": [ 3.77, 5.66, -4.9 ],
									"rotationOrigin": [ -0.2, 4.66, -5.9 ],
									"rotationX": -3.0,
									"rotationY": -2.0,
									"faces": {
										"north": { "texture": "#material", "uv": [ 5.0, 2.0, 11.0, 3.0 ], "autoUv": false, "snapUv": false },
										"east": { "texture": "#material", "uv": [ 0.0, 2.0, 1.0, 3.0 ], "autoUv": false, "snapUv": false },
										"south": { "texture": "#material", "uv": [ 5.0, 2.0, 11.0, 3.0 ], "autoUv": false, "snapUv": false },
										"west": { "texture": "#material", "uv": [ 0.0, 2.0, 1.0, 3.0 ], "autoUv": false, "snapUv": false },
										"up": { "texture": "#material", "uv": [ 5.0, 2.0, 11.0, 3.0 ], "autoUv": false, "snapUv": false },
										"down": { "texture": "#material", "uv": [ 5.0, 2.0, 11.0, 3.0 ], "rotation": 180, "autoUv": false, "snapUv": false }
									}
								},
								{
									"name": "2",
									"from": [ -0.8, 4.56, -3.65 ],
									"to": [ 4.2, 5.56, -2.65 ],
									"rotationOrigin": [ -0.2, 4.66, -4.0 ],
									"rotationX": -9.0,
									"rotationY": 3.0,
									"faces": {
										"north": { "texture": "#material", "uv": [ 5.0, 4.0, 11.0, 5.0 ], "autoUv": false, "snapUv": false },
										"east": { "texture": "#material", "uv": [ 0.0, 4.0, 1.0, 5.0 ], "autoUv": false, "snapUv": false },
										"south": { "texture": "#material", "uv": [ 5.0, 4.0, 11.0, 5.0 ], "autoUv": false, "snapUv": false },
										"west": { "texture": "#material", "uv": [ 0.0, 4.0, 1.0, 5.0 ], "autoUv": false, "snapUv": false },
										"up": { "texture": "#material", "uv": [ 4.5, 5.0, 10.5, 6.0 ], "autoUv": false, "snapUv": false },
										"down": { "texture": "#material", "uv": [ 5.0, 4.0, 11.0, 5.0 ], "rotation": 180, "autoUv": false, "snapUv": false }
									}
								},
								{
									"name": "3",
									"from": [ -0.6, 4.66, -2.3 ],
									"to": [ 4.4, 5.66, -1.26 ],
									"rotationOrigin": [ 0.8, 4.66, -2.1 ],
									"rotationX": 12.0,
									"faces": {
										"north": { "texture": "#material", "uv": [ 6.5, 6.0, 12.5, 7.0 ], "autoUv": false, "snapUv": false },
										"east": { "texture": "#material", "uv": [ 0.0, 6.0, 1.0, 7.0 ], "autoUv": false, "snapUv": false },
										"south": { "texture": "#material", "uv": [ 6.5, 6.0, 12.5, 7.0 ], "autoUv": false, "snapUv": false },
										"west": { "texture": "#material", "uv": [ 0.0, 6.0, 1.0, 7.0 ], "autoUv": false, "snapUv": false },
										"up": { "texture": "#material", "uv": [ 6.5, 6.0, 12.5, 7.0 ], "autoUv": false, "snapUv": false },
										"down": { "texture": "#material", "uv": [ 2.5, 6.0, 8.5, 7.0 ], "rotation": 180, "autoUv": false, "snapUv": false }
									}
								},
								{
									"name": "4",
									"from": [ -0.8, 4.66, -0.3 ],
									"to": [ 3.95, 5.66, 0.3 ],
									"rotationOrigin": [ 0.8, 4.66, 0.1 ],
									"rotationX": 6.0,
									"faces": {
										"north": { "texture": "#material", "uv": [ 6.0, 8.0, 10.0, 9.0 ], "autoUv": false, "snapUv": false },
										"east": { "texture": "#material", "uv": [ 0.0, 8.0, 0.5, 9.0 ], "autoUv": false, "snapUv": false },
										"south": { "texture": "#material", "uv": [ 6.0, 8.0, 10.0, 9.0 ], "autoUv": false, "snapUv": false },
										"west": { "texture": "#material", "uv": [ 0.0, 8.0, 0.5, 9.0 ], "autoUv": false, "snapUv": false },
										"up": { "texture": "#material", "uv": [ 4.0, 6.0, 8.0, 6.5 ], "autoUv": false, "snapUv": false },
										"down": { "texture": "#material", "uv": [ 6.0, 8.0, 10.0, 8.5 ], "rotation": 180, "autoUv": false, "snapUv": false }
									}
								},
								{
									"name": "5",
									"from": [ -1.24, 4.56, 1.6 ],
									"to": [ 3.8, 5.56, 2.64 ],
									"rotationOrigin": [ -0.2, 4.66, 1.7 ],
									"rotationX": -4.0,
									"faces": {
										"north": { "texture": "#material", "uv": [ 5.0, 10.0, 11.0, 11.0 ], "autoUv": false, "snapUv": false },
										"east": { "texture": "#material", "uv": [ 0.0, 10.0, 1.0, 11.0 ], "autoUv": false, "snapUv": false },
										"south": { "texture": "#material", "uv": [ 5.0, 10.0, 11.0, 11.0 ], "autoUv": false, "snapUv": false },
										"west": { "texture": "#material", "uv": [ 0.0, 10.0, 1.0, 11.0 ], "autoUv": false, "snapUv": false },
										"up": { "texture": "#material", "uv": [ 5.0, 10.0, 11.0, 11.0 ], "autoUv": false, "snapUv": false },
										"down": { "texture": "#material", "uv": [ 5.0, 10.0, 11.0, 11.0 ], "rotation": 180, "autoUv": false, "snapUv": false }
									}
								},
								{
									"name": "6",
									"from": [ -0.2, 4.66, 3.3 ],
									"to": [ 4.8, 5.66, 4.3 ],
									"rotationOrigin": [ 0.8, 4.66, 3.6 ],
									"rotationX": 8.0,
									"faces": {
										"north": { "texture": "#material", "uv": [ 7.5, 12.0, 13.5, 13.0 ], "autoUv": false, "snapUv": false },
										"east": { "texture": "#material", "uv": [ 0.0, 14.0, 1.0, 15.0 ], "autoUv": false, "snapUv": false },
										"south": { "texture": "#material", "uv": [ 7.5, 12.0, 13.5, 13.0 ], "autoUv": false, "snapUv": false },
										"west": { "texture": "#material", "uv": [ 0.0, 12.0, 0.5, 12.5 ], "autoUv": false, "snapUv": false },
										"up": { "texture": "#material", "uv": [ 7.5, 12.0, 13.5, 13.0 ], "autoUv": false, "snapUv": false },
										"down": { "texture": "#material", "uv": [ 7.5, 12.0, 13.5, 13.0 ], "rotation": 180, "autoUv": false, "snapUv": false }
									}
								},
								{
									"name": "7",
									"from": [ -0.3, 4.66, 4.84 ],
									"to": [ 5.2, 5.33, 5.44 ],
									"rotationOrigin": [ 0.5, 4.66, 5.0 ],
									"rotationX": 3.0,
									"rotationY": -2.0,
									"faces": {
										"north": { "texture": "#material", "uv": [ 0.0, 12.0, 6.5, 12.5 ], "autoUv": false, "snapUv": false },
										"east": { "texture": "#material", "uv": [ 0.0, 12.0, 0.5, 12.5 ], "autoUv": false, "snapUv": false },
										"south": { "texture": "#material", "uv": [ 0.0, 12.0, 6.5, 12.5 ], "autoUv": false, "snapUv": false },
										"west": { "texture": "#material", "uv": [ 0.0, 12.0, 0.5, 12.5 ], "autoUv": false, "snapUv": false },
										"up": { "texture": "#material", "uv": [ 0.0, 12.0, 6.5, 12.5 ], "autoUv": false, "snapUv": false },
										"down": { "texture": "#material", "uv": [ 0.0, 12.0, 6.5, 12.5 ], "rotation": 180, "autoUv": false, "snapUv": false }
									}
								},
								{
									"name": "8",
									"from": [ -0.2, 4.58, 6.5 ],
									"to": [ 4.8, 5.58, 7.5 ],
									"rotationOrigin": [ 0.8, 4.66, 6.5 ],
									"rotationX": -3.0,
									"faces": {
										"north": { "texture": "#material", "uv": [ 6.0, 14.0, 12.0, 15.0 ], "autoUv": false, "snapUv": false },
										"east": { "texture": "#material", "uv": [ 0.0, 14.0, 1.0, 15.0 ], "autoUv": false, "snapUv": false },
										"south": { "texture": "#material", "uv": [ 6.0, 14.0, 12.0, 15.0 ], "autoUv": false, "snapUv": false },
										"west": { "texture": "#material", "uv": [ 4.0, 11.0, 5.0, 12.0 ], "autoUv": false, "snapUv": false },
										"up": { "texture": "#material", "uv": [ 7.5, 13.0, 13.5, 14.0 ], "autoUv": false, "snapUv": false },
										"down": { "texture": "#material", "uv": [ 6.0, 14.0, 12.0, 15.0 ], "rotation": 180, "autoUv": false, "snapUv": false }
									}
								}
							]
						},
						{
							"name": "0",
							"from": [ 0.0, 0.0, 0.0 ],
							"to": [ 0.0, 0.0, 0.0 ],
							"rotationOrigin": [ 0.0, 0.0, 0.0 ],
							"rotationZ": 63.44,
							"faces": {
								"north": { "texture": "#null", "uv": [ 0.0, 0.0, 0.5, 0.5 ], "enabled": false },
								"east": { "texture": "#null", "uv": [ 0.0, 0.0, 0.5, 0.5 ], "enabled": false },
								"south": { "texture": "#null", "uv": [ 0.0, 0.0, 0.5, 0.5 ], "enabled": false },
								"west": { "texture": "#null", "uv": [ 0.0, 0.0, 0.5, 0.5 ], "enabled": false },
								"up": { "texture": "#null", "uv": [ 0.0, 0.0, 0.5, 0.5 ], "enabled": false },
								"down": { "texture": "#null", "uv": [ 0.0, 0.0, 0.5, 0.5 ], "enabled": false }
							},
							"children": [
								{
									"name": "0",
									"from": [ 7.8, 4.66, -7.85 ],
									"to": [ 13.33, 5.66, -6.85 ],
									"rotationOrigin": [ 10.7, 4.66, -8.1 ],
									"rotationX": -6.0,
									"rotationY": 0.5,
									"faces": {
										"north": { "texture": "#material", "uv": [ 6.0, 0.0, 12.0, 1.0 ], "autoUv": false, "snapUv": false },
										"east": { "texture": "#material", "uv": [ 0.0, 0.0, 1.0, 1.0 ], "autoUv": false, "snapUv": false },
										"south": { "texture": "#material", "uv": [ 6.0, 0.0, 12.0, 1.0 ], "autoUv": false, "snapUv": false },
										"west": { "texture": "#material", "uv": [ 0.0, 0.0, 1.0, 1.0 ], "autoUv": false, "snapUv": false },
										"up": { "texture": "#material", "uv": [ 6.0, 0.0, 12.0, 1.0 ], "autoUv": false, "snapUv": false },
										"down": { "texture": "#material", "uv": [ 6.0, 0.0, 12.0, 1.0 ], "rotation": 180, "autoUv": false, "snapUv": false }
									}
								},
								{
									"name": "1",
									"from": [ 8.0, 4.66, -6.0 ],
									"to": [ 13.2, 5.76, -5.0 ],
									"rotationOrigin": [ 10.7, 4.66, -6.0 ],
									"rotationX": 5.0,
									"rotationY": 2.0,
									"faces": {
										"north": { "texture": "#material", "uv": [ 0.0, 2.0, 5.0, 3.0 ], "autoUv": false, "snapUv": false },
										"east": { "texture": "#material", "uv": [ 0.5, 14.0, 1.5, 15.0 ], "autoUv": false, "snapUv": false },
										"south": { "texture": "#material", "uv": [ 0.0, 2.0, 5.0, 3.0 ], "autoUv": false, "snapUv": false },
										"west": { "texture": "#material", "uv": [ 0.0, 2.0, 1.0, 3.0 ], "autoUv": false, "snapUv": false },
										"up": { "texture": "#material", "uv": [ 0.0, 2.0, 5.0, 3.0 ], "autoUv": false, "snapUv": false },
										"down": { "texture": "#material", "uv": [ 0.0, 2.0, 5.0, 3.0 ], "rotation": 180, "autoUv": false, "snapUv": false }
									}
								},
								{
									"name": "2",
									"from": [ 8.5, 4.86, -4.0 ],
									"to": [ 13.1, 5.86, -3.0 ],
									"rotationOrigin": [ 11.8, 4.86, -4.0 ],
									"rotationX": 27.0,
									"rotationY": 1.5,
									"faces": {
										"north": { "texture": "#material", "uv": [ 0.0, 4.0, 5.5, 5.0 ], "autoUv": false, "snapUv": false },
										"east": { "texture": "#material", "uv": [ 1.0, 14.5, 2.0, 15.5 ], "autoUv": false, "snapUv": false },
										"south": { "texture": "#material", "uv": [ 0.0, 4.0, 5.5, 5.0 ], "autoUv": false, "snapUv": false },
										"west": { "texture": "#material", "uv": [ 0.0, 4.0, 1.0, 5.0 ], "autoUv": false, "snapUv": false },
										"up": { "texture": "#material", "uv": [ 0.0, 4.0, 5.5, 5.0 ], "autoUv": false, "snapUv": false },
										"down": { "texture": "#material", "uv": [ 0.0, 4.0, 5.5, 5.0 ], "rotation": 180, "autoUv": false, "snapUv": false }
									}
								},
								{
									"name": "3",
									"from": [ 8.4, 4.66, -1.9 ],
									"to": [ 13.2, 5.66, -0.86 ],
									"rotationOrigin": [ 11.5, 4.66, -1.9 ],
									"rotationX": -3.0,
									"rotationY": 1.5,
									"faces": {
										"north": { "texture": "#material", "uv": [ 2.0, 12.5, 5.5, 13.5 ], "autoUv": false, "snapUv": false },
										"east": { "texture": "#material", "uv": [ 0.0, 14.0, 1.0, 15.0 ], "autoUv": false, "snapUv": false },
										"south": { "texture": "#material", "uv": [ 2.5, 12.0, 6.0, 13.0 ], "autoUv": false, "snapUv": false },
										"west": { "texture": "#material", "uv": [ 0.0, 14.0, 1.0, 15.0 ], "autoUv": false, "snapUv": false },
										"up": { "texture": "#material", "uv": [ 2.5, 8.5, 6.0, 9.5 ], "autoUv": false, "snapUv": false },
										"down": { "texture": "#material", "uv": [ 5.5, 12.5, 9.0, 13.5 ], "rotation": 180, "autoUv": false, "snapUv": false }
									}
								},
								{
									"name": "4",
									"from": [ 8.6, 4.76, -0.1 ],
									"to": [ 13.4, 5.76, 0.4 ],
									"rotationOrigin": [ 11.3, 3.76, -0.1 ],
									"rotationX": 5.5,
									"faces": {
										"north": { "texture": "#material", "uv": [ 0.0, 8.0, 7.5, 9.0 ], "autoUv": false, "snapUv": false },
										"east": { "texture": "#material", "uv": [ 1.0, 15.0, 1.5, 16.0 ], "autoUv": false, "snapUv": false },
										"south": { "texture": "#material", "uv": [ 0.0, 8.0, 7.5, 9.0 ], "autoUv": false, "snapUv": false },
										"west": { "texture": "#material", "uv": [ 0.0, 14.5, 0.5, 15.5 ], "autoUv": false, "snapUv": false },
										"up": { "texture": "#material", "uv": [ 0.0, 8.0, 7.5, 8.5 ], "autoUv": false, "snapUv": false },
										"down": { "texture": "#material", "uv": [ 0.0, 8.0, 7.5, 8.5 ], "rotation": 180, "autoUv": false, "snapUv": false }
									}
								},
								{
									"name": "5",
									"from": [ 8.57, 4.56, 1.5 ],
									"to": [ 13.1, 5.56, 2.53 ],
									"rotationOrigin": [ 11.3, 4.56, 1.9 ],
									"rotationX": -1.5,
									"rotationY": -3.0,
									"faces": {
										"north": { "texture": "#material", "uv": [ 0.0, 10.0, 5.5, 11.0 ], "autoUv": false, "snapUv": false },
										"east": { "texture": "#material", "uv": [ 0.5, 15.0, 1.5, 16.0 ], "autoUv": false, "snapUv": false },
										"south": { "texture": "#material", "uv": [ 0.0, 10.0, 5.5, 11.0 ], "autoUv": false, "snapUv": false },
										"west": { "texture": "#material", "uv": [ 0.0, 10.0, 1.0, 11.0 ], "autoUv": false, "snapUv": false },
										"up": { "texture": "#material", "uv": [ 0.0, 10.0, 5.5, 11.0 ], "autoUv": false, "snapUv": false },
										"down": { "texture": "#material", "uv": [ 0.0, 10.0, 5.5, 11.0 ], "rotation": 180, "autoUv": false, "snapUv": false }
									}
								},
								{
									"name": "6",
									"from": [ 7.6, 4.66, 3.7 ],
									"to": [ 13.3, 5.66, 4.7 ],
									"rotationOrigin": [ 10.3, 4.66, 3.7 ],
									"rotationX": -4.0,
									"rotationY": 2.0,
									"faces": {
										"north": { "texture": "#material", "uv": [ 0.0, 12.0, 7.5, 13.0 ], "autoUv": false, "snapUv": false },
										"east": { "texture": "#material", "uv": [ 0.0, 12.0, 1.0, 13.0 ], "autoUv": false, "snapUv": false },
										"south": { "texture": "#material", "uv": [ 0.0, 12.0, 7.5, 13.0 ], "autoUv": false, "snapUv": false },
										"west": { "texture": "#material", "uv": [ 0.5, 15.0, 1.5, 16.0 ], "autoUv": false, "snapUv": false },
										"up": { "texture": "#material", "uv": [ 0.0, 12.0, 7.5, 13.0 ], "autoUv": false, "snapUv": false },
										"down": { "texture": "#material", "uv": [ 0.0, 12.0, 7.5, 13.0 ], "rotation": 180, "autoUv": false, "snapUv": false }
									}
								},
								{
									"name": "7",
									"from": [ 9.42, 4.66, 4.9 ],
									"to": [ 13.42, 5.33, 5.5 ],
									"rotationOrigin": [ 12.0, 4.66, 5.0 ],
									"rotationX": 5.5,
									"faces": {
										"north": { "texture": "#material", "uv": [ 0.0, 12.0, 5.0, 12.5 ], "autoUv": false, "snapUv": false },
										"east": { "texture": "#material", "uv": [ 0.0, 14.5, 0.5, 15.0 ], "autoUv": false, "snapUv": false },
										"south": { "texture": "#material", "uv": [ 0.0, 12.0, 5.0, 12.5 ], "autoUv": false, "snapUv": false },
										"west": { "texture": "#material", "uv": [ 0.0, 15.5, 0.5, 16.0 ], "autoUv": false, "snapUv": false },
										"up": { "texture": "#material", "uv": [ 0.0, 12.0, 5.0, 12.5 ], "autoUv": false, "snapUv": false },
										"down": { "texture": "#material", "uv": [ 0.0, 12.0, 5.0, 12.5 ], "rotation": 180, "autoUv": false, "snapUv": false }
									}
								},
								{
									"name": "8",
									"from": [ 8.1, 4.68, 6.3 ],
									"to": [ 13.1, 5.68, 7.3 ],
									"rotationOrigin": [ 10.8, 4.76, 6.3 ],
									"rotationX": 3.0,
									"faces": {
										"north": { "texture": "#material", "uv": [ 6.0, 14.0, 12.0, 15.0 ], "autoUv": false, "snapUv": false },
										"east": { "texture": "#material", "uv": [ 0.0, 14.0, 1.0, 15.0 ], "autoUv": false, "snapUv": false },
										"south": { "texture": "#material", "uv": [ 6.0, 14.0, 12.0, 15.0 ], "autoUv": false, "snapUv": false },
										"west": { "texture": "#material", "uv": [ 4.0, 11.0, 5.0, 12.0 ], "autoUv": false, "snapUv": false },
										"up": { "texture": "#material", "uv": [ 7.5, 13.0, 13.5, 14.0 ], "autoUv": false, "snapUv": false },
										"down": { "texture": "#material", "uv": [ 6.0, 14.0, 12.0, 15.0 ], "rotation": 180, "autoUv": false, "snapUv": false }
									}
								}
							]
						}
					]
				},
				{
					"name": "upper",
					"from": [ 7.5, 2.0, 0.0 ],
					"to": [ 7.5, 2.0, 0.0 ],
					"rotationOrigin": [ 7.5, 2.0, 0.0 ],
					"faces": {
						"north": { "texture": "#null", "uv": [ 0.0, 0.0, 0.5, 0.5 ] },
						"east": { "texture": "#null", "uv": [ 0.0, 0.0, 0.5, 0.5 ] },
						"south": { "texture": "#null", "uv": [ 0.0, 0.0, 0.5, 0.5 ] },
						"west": { "texture": "#null", "uv": [ 0.0, 0.0, 0.5, 0.5 ] },
						"up": { "texture": "#null", "uv": [ 0.0, 0.0, 0.5, 0.5 ] },
						"down": { "texture": "#null", "uv": [ 0.0, 0.0, 0.5, 0.5 ] }
					},
					"children": [
						{
							"name": "1",
							"from": [ 0.0, 0.0, 0.0 ],
							"to": [ 0.0, 0.0, 0.0 ],
							"rotationOrigin": [ 0.0, 0.0, 0.0 ],
							"rotationZ": 63.44,
							"faces": {
								"north": { "texture": "#null", "uv": [ 0.0, 0.0, 0.5, 0.5 ], "enabled": false },
								"east": { "texture": "#null", "uv": [ 0.0, 0.0, 0.5, 0.5 ], "enabled": false },
								"south": { "texture": "#null", "uv": [ 0.0, 0.0, 0.5, 0.5 ], "enabled": false },
								"west": { "texture": "#null", "uv": [ 0.0, 0.0, 0.5, 0.5 ], "enabled": false },
								"up": { "texture": "#null", "uv": [ 0.0, 0.0, 0.5, 0.5 ], "enabled": false },
								"down": { "texture": "#null", "uv": [ 0.0, 0.0, 0.5, 0.5 ], "enabled": false }
							},
							"children": [
								{
									"name": "0",
									"from": [ 3.4, 4.66, -7.8 ],
									"to": [ 8.76, 5.66, -6.8 ],
									"rotationOrigin": [ 5.4, 4.66, -7.7 ],
									"rotationX": 2.0,
									"rotationY": 1.0,
									"faces": {
										"north": { "texture": "#material", "uv": [ 6.0, 2.0, 10.5, 3.0 ], "autoUv": false, "snapUv": false },
										"east": { "texture": "#material", "uv": [ 0.5, 14.5, 1.5, 15.5 ], "autoUv": false, "snapUv": false },
										"south": { "texture": "#material", "uv": [ 7.0, 3.0, 11.5, 4.0 ], "autoUv": false, "snapUv": false },
										"west": { "texture": "#material", "uv": [ 0.0, 6.0, 1.0, 7.0 ], "autoUv": false, "snapUv": false },
										"up": { "texture": "#material", "uv": [ 4.0, 3.0, 8.5, 4.0 ], "autoUv": false, "snapUv": false },
										"down": { "texture": "#material", "uv": [ 6.0, 0.5, 10.5, 1.5 ], "rotation": 180, "autoUv": false, "snapUv": false }
									}
								},
								{
									"name": "1",
									"from": [ 3.7, 4.66, -5.8 ],
									"to": [ 8.9, 5.76, -4.8 ],
									"rotationOrigin": [ 5.7, 4.66, -5.8 ],
									"rotationX": 5.0,
									"rotationY": 2.0,
									"faces": {
										"north": { "texture": "#material", "uv": [ 0.0, 2.0, 5.0, 3.0 ], "autoUv": false, "snapUv": false },
										"east": { "texture": "#material", "uv": [ 0.5, 14.0, 1.5, 15.0 ], "autoUv": false, "snapUv": false },
										"south": { "texture": "#material", "uv": [ 0.0, 2.0, 5.0, 3.0 ], "autoUv": false, "snapUv": false },
										"west": { "texture": "#material", "uv": [ 0.0, 2.0, 1.0, 3.0 ], "autoUv": false, "snapUv": false },
										"up": { "texture": "#material", "uv": [ 0.0, 2.0, 5.0, 3.0 ], "autoUv": false, "snapUv": false },
										"down": { "texture": "#material", "uv": [ 0.0, 2.0, 5.0, 3.0 ], "rotation": 180, "autoUv": false, "snapUv": false }
									}
								},
								{
									"name": "2",
									"from": [ 4.2, 4.66, -4.0 ],
									"to": [ 9.8, 5.66, -3.0 ],
									"rotationOrigin": [ 6.8, 4.66, -4.0 ],
									"rotationX": 12.0,
									"rotationY": -1.0,
									"faces": {
										"north": { "texture": "#material", "uv": [ 0.0, 4.0, 5.5, 5.0 ], "autoUv": false, "snapUv": false },
										"east": { "texture": "#material", "uv": [ 1.0, 14.5, 2.0, 15.5 ], "autoUv": false, "snapUv": false },
										"south": { "texture": "#material", "uv": [ 0.0, 4.0, 5.5, 5.0 ], "autoUv": false, "snapUv": false },
										"west": { "texture": "#material", "uv": [ 0.0, 4.0, 1.0, 5.0 ], "autoUv": false, "snapUv": false },
										"up": { "texture": "#material", "uv": [ 0.0, 4.0, 5.5, 5.0 ], "autoUv": false, "snapUv": false },
										"down": { "texture": "#material", "uv": [ 0.0, 4.0, 5.5, 5.0 ], "rotation": 180, "autoUv": false, "snapUv": false }
									}
								},
								{
									"name": "3",
									"from": [ 3.4, 4.66, -2.1 ],
									"to": [ 9.2, 5.66, -1.06 ],
									"rotationOrigin": [ 5.8, 4.66, -2.1 ],
									"rotationX": 2.0,
									"rotationY": -2.0,
									"faces": {
										"north": { "texture": "#material", "uv": [ 2.0, 12.5, 5.5, 13.5 ], "autoUv": false, "snapUv": false },
										"east": { "texture": "#material", "uv": [ 0.0, 14.0, 1.0, 15.0 ], "autoUv": false, "snapUv": false },
										"south": { "texture": "#material", "uv": [ 2.5, 12.0, 6.0, 13.0 ], "autoUv": false, "snapUv": false },
										"west": { "texture": "#material", "uv": [ 0.0, 14.0, 1.0, 15.0 ], "autoUv": false, "snapUv": false },
										"up": { "texture": "#material", "uv": [ 2.5, 8.5, 6.0, 9.5 ], "autoUv": false, "snapUv": false },
										"down": { "texture": "#material", "uv": [ 5.5, 12.5, 9.0, 13.5 ], "rotation": 180, "autoUv": false, "snapUv": false }
									}
								},
								{
									"name": "4",
									"from": [ 3.3, 4.66, -0.1 ],
									"to": [ 9.8, 5.66, 0.4 ],
									"rotationOrigin": [ 5.3, 4.66, -0.1 ],
									"rotationX": -2.0,
									"rotationY": -2.0,
									"faces": {
										"north": { "texture": "#material", "uv": [ 0.0, 8.0, 7.5, 9.0 ], "autoUv": false, "snapUv": false },
										"east": { "texture": "#material", "uv": [ 1.0, 15.0, 1.5, 16.0 ], "autoUv": false, "snapUv": false },
										"south": { "texture": "#material", "uv": [ 0.0, 8.0, 7.5, 9.0 ], "autoUv": false, "snapUv": false },
										"west": { "texture": "#material", "uv": [ 0.0, 14.5, 0.5, 15.5 ], "autoUv": false, "snapUv": false },
										"up": { "texture": "#material", "uv": [ 0.0, 8.0, 7.5, 8.5 ], "autoUv": false, "snapUv": false },
										"down": { "texture": "#material", "uv": [ 0.0, 8.0, 7.5, 8.5 ], "rotation": 180, "autoUv": false, "snapUv": false }
									}
								},
								{
									"name": "5",
									"from": [ 3.77, 4.56, 1.7 ],
									"to": [ 9.3, 5.56, 2.73 ],
									"rotationOrigin": [ 5.8, 4.56, 2.1 ],
									"rotationX": -4.0,
									"rotationY": 2.0,
									"faces": {
										"north": { "texture": "#material", "uv": [ 0.0, 10.0, 5.5, 11.0 ], "autoUv": false, "snapUv": false },
										"east": { "texture": "#material", "uv": [ 0.5, 15.0, 1.5, 16.0 ], "autoUv": false, "snapUv": false },
										"south": { "texture": "#material", "uv": [ 0.0, 10.0, 5.5, 11.0 ], "autoUv": false, "snapUv": false },
										"west": { "texture": "#material", "uv": [ 0.0, 10.0, 1.0, 11.0 ], "autoUv": false, "snapUv": false },
										"up": { "texture": "#material", "uv": [ 0.0, 10.0, 5.5, 11.0 ], "autoUv": false, "snapUv": false },
										"down": { "texture": "#material", "uv": [ 0.0, 10.0, 5.5, 11.0 ], "rotation": 180, "autoUv": false, "snapUv": false }
									}
								},
								{
									"name": "6",
									"from": [ 4.8, 4.61, 3.45 ],
									"to": [ 9.3, 5.61, 4.45 ],
									"rotationOrigin": [ 6.8, 4.56, 3.4 ],
									"rotationX": 3.0,
									"rotationY": -3.0,
									"faces": {
										"north": { "texture": "#material", "uv": [ 0.0, 12.0, 4.0, 13.0 ], "autoUv": false, "snapUv": false },
										"east": { "texture": "#material", "uv": [ 0.0, 14.5, 1.0, 15.5 ], "autoUv": false, "snapUv": false },
										"south": { "texture": "#material", "uv": [ 0.0, 12.0, 4.0, 13.0 ], "autoUv": false, "snapUv": false },
										"west": { "texture": "#material", "uv": [ 1.0, 14.5, 2.0, 15.5 ], "autoUv": false, "snapUv": false },
										"up": { "texture": "#material", "uv": [ 0.0, 12.0, 4.0, 13.0 ], "autoUv": false, "snapUv": false },
										"down": { "texture": "#material", "uv": [ 0.0, 12.0, 4.0, 13.0 ], "rotation": 180, "autoUv": false, "snapUv": false }
									}
								},
								{
									"name": "7",
									"from": [ 5.12, 4.66, 5.1 ],
									"to": [ 10.12, 5.33, 5.7 ],
									"rotationOrigin": [ 7.0, 4.66, 5.2 ],
									"rotationX": 3.0,
									"rotationY": 2.0,
									"faces": {
										"north": { "texture": "#material", "uv": [ 0.0, 12.0, 5.0, 12.5 ], "autoUv": false, "snapUv": false },
										"east": { "texture": "#material", "uv": [ 0.0, 14.5, 0.5, 15.0 ], "autoUv": false, "snapUv": false },
										"south": { "texture": "#material", "uv": [ 0.0, 12.0, 5.0, 12.5 ], "autoUv": false, "snapUv": false },
										"west": { "texture": "#material", "uv": [ 0.0, 15.5, 0.5, 16.0 ], "autoUv": false, "snapUv": false },
										"up": { "texture": "#material", "uv": [ 0.0, 12.0, 5.0, 12.5 ], "autoUv": false, "snapUv": false },
										"down": { "texture": "#material", "uv": [ 0.0, 12.0, 5.0, 12.5 ], "rotation": 180, "autoUv": false, "snapUv": false }
									}
								},
								{
									"name": "8",
									"from": [ 4.15, 4.66, 6.4 ],
									"to": [ 8.6, 5.66, 7.4 ],
									"rotationOrigin": [ 6.2, 4.66, 6.4 ],
									"rotationX": 3.0,
									"rotationY": 1.0,
									"faces": {
										"north": { "texture": "#material", "uv": [ 0.0, 0.0, 4.0, 1.0 ], "autoUv": false, "snapUv": false },
										"east": { "texture": "#material", "uv": [ 0.0, 14.5, 1.0, 15.5 ], "autoUv": false, "snapUv": false },
										"south": { "texture": "#material", "uv": [ 0.0, 0.0, 4.0, 1.0 ], "autoUv": false, "snapUv": false },
										"west": { "texture": "#material", "uv": [ 0.0, 0.0, 1.0, 1.0 ], "autoUv": false, "snapUv": false },
										"up": { "texture": "#material", "uv": [ 1.5, 0.0, 5.5, 1.0 ], "autoUv": false, "snapUv": false },
										"down": { "texture": "#material", "uv": [ 0.0, 0.0, 4.0, 1.0 ], "rotation": 180, "autoUv": false, "snapUv": false }
									}
								}
							]
						},
						{
							"name": "3",
							"from": [ 0.0, 0.0, 0.0 ],
							"to": [ 0.0, 0.0, 0.0 ],
							"rotationOrigin": [ 0.0, 0.0, 0.0 ],
							"rotationZ": 63.44,
							"faces": {
								"north": { "texture": "#null", "uv": [ 0.0, 0.0, 0.5, 0.5 ], "enabled": false },
								"east": { "texture": "#null", "uv": [ 0.0, 0.0, 0.5, 0.5 ], "enabled": false },
								"south": { "texture": "#null", "uv": [ 0.0, 0.0, 0.5, 0.5 ], "enabled": false },
								"west": { "texture": "#null", "uv": [ 0.0, 0.0, 0.5, 0.5 ], "enabled": false },
								"up": { "texture": "#null", "uv": [ 0.0, 0.0, 0.5, 0.5 ], "enabled": false },
								"down": { "texture": "#null", "uv": [ 0.0, 0.0, 0.5, 0.5 ], "enabled": false }
							},
							"children": [
								{
									"name": "0",
									"from": [ -5.1, 4.66, -7.8 ],
									"to": [ -0.08, 5.66, -6.8 ],
									"rotationOrigin": [ -5.1, 4.66, -8.1 ],
									"rotationX": 5.0,
									"rotationY": -2.0,
									"faces": {
										"north": { "texture": "#material", "uv": [ 0.0, 0.0, 6.5, 1.0 ], "autoUv": false, "snapUv": false },
										"east": { "texture": "#material", "uv": [ 0.0, 0.0, 1.0, 1.0 ], "autoUv": false, "snapUv": false },
										"south": { "texture": "#material", "uv": [ 0.0, 0.0, 6.5, 1.0 ], "autoUv": false, "snapUv": false },
										"west": { "texture": "#material", "uv": [ 0.5, 14.0, 1.5, 15.0 ], "autoUv": false, "snapUv": false },
										"up": { "texture": "#material", "uv": [ 0.0, 0.0, 6.5, 1.0 ], "autoUv": false, "snapUv": false },
										"down": { "texture": "#material", "uv": [ 0.0, 0.0, 6.5, 1.0 ], "rotation": 180, "autoUv": false, "snapUv": false }
									}
								},
								{
									"name": "1",
									"from": [ -4.9, 4.66, -5.9 ],
									"to": [ -0.7, 5.76, -4.9 ],
									"rotationOrigin": [ -4.9, 4.66, -5.9 ],
									"rotationX": 12.0,
									"rotationY": 2.0,
									"faces": {
										"north": { "texture": "#material", "uv": [ 0.0, 2.0, 5.0, 3.0 ], "autoUv": false, "snapUv": false },
										"east": { "texture": "#material", "uv": [ 0.0, 2.0, 1.0, 3.0 ], "autoUv": false, "snapUv": false },
										"south": { "texture": "#material", "uv": [ 0.0, 2.0, 5.0, 3.0 ], "autoUv": false, "snapUv": false },
										"west": { "texture": "#material", "uv": [ 1.0, 14.0, 2.0, 15.0 ], "autoUv": false, "snapUv": false },
										"up": { "texture": "#material", "uv": [ 0.0, 2.0, 5.0, 3.0 ], "autoUv": false, "snapUv": false },
										"down": { "texture": "#material", "uv": [ 0.0, 2.0, 5.0, 3.0 ], "rotation": 180, "autoUv": false, "snapUv": false }
									}
								},
								{
									"name": "2",
									"from": [ -5.2, 4.66, -3.9 ],
									"to": [ -0.15, 5.66, -2.9 ],
									"rotationOrigin": [ -5.2, 4.66, -3.9 ],
									"rotationX": -2.0,
									"rotationY": -3.0,
									"faces": {
										"north": { "texture": "#material", "uv": [ 0.0, 4.0, 6.0, 5.0 ], "autoUv": false, "snapUv": false },
										"east": { "texture": "#material", "uv": [ 0.0, 4.0, 1.0, 5.0 ], "autoUv": false, "snapUv": false },
										"south": { "texture": "#material", "uv": [ 0.0, 4.0, 6.0, 5.0 ], "autoUv": false, "snapUv": false },
										"west": { "texture": "#material", "uv": [ 0.5, 14.5, 1.5, 15.5 ], "autoUv": false, "snapUv": false },
										"up": { "texture": "#material", "uv": [ 0.0, 4.0, 6.0, 5.0 ], "autoUv": false, "snapUv": false },
										"down": { "texture": "#material", "uv": [ 0.0, 4.0, 6.0, 5.0 ], "rotation": 180, "autoUv": false, "snapUv": false }
									}
								},
								{
									"name": "3",
									"from": [ -5.0, 4.66, -2.0 ],
									"to": [ 0.1, 5.66, -0.96 ],
									"rotationOrigin": [ -5.0, 4.66, -2.0 ],
									"rotationX": 14.0,
									"rotationY": 2.0,
									"faces": {
										"north": { "texture": "#material", "uv": [ 0.0, 6.0, 7.0, 7.0 ], "autoUv": false, "snapUv": false },
										"east": { "texture": "#material", "uv": [ 0.0, 6.0, 1.0, 7.0 ], "autoUv": false, "snapUv": false },
										"south": { "texture": "#material", "uv": [ 0.0, 6.0, 7.0, 7.0 ], "autoUv": false, "snapUv": false },
										"west": { "texture": "#material", "uv": [ 0.0, 14.0, 1.0, 15.0 ], "autoUv": false, "snapUv": false },
										"up": { "texture": "#material", "uv": [ 0.0, 6.0, 7.0, 7.0 ], "autoUv": false, "snapUv": false },
										"down": { "texture": "#material", "uv": [ 1.0, 4.0, 8.0, 5.0 ], "rotation": 180, "autoUv": false, "snapUv": false }
									}
								},
								{
									"name": "4",
									"from": [ -5.4, 4.66, 0.2 ],
									"to": [ -0.3, 5.66, 0.7 ],
									"rotationOrigin": [ -5.4, 4.66, 0.2 ],
									"rotationX": 3.0,
									"rotationY": 4.0,
									"faces": {
										"north": { "texture": "#material", "uv": [ 0.0, 8.0, 6.0, 9.0 ], "autoUv": false, "snapUv": false },
										"east": { "texture": "#material", "uv": [ 0.0, 9.0, 0.5, 10.0 ], "autoUv": false, "snapUv": false },
										"south": { "texture": "#material", "uv": [ 0.0, 8.0, 6.0, 9.0 ], "autoUv": false, "snapUv": false },
										"west": { "texture": "#material", "uv": [ 1.0, 15.0, 1.5, 16.0 ], "autoUv": false, "snapUv": false },
										"up": { "texture": "#material", "uv": [ 0.0, 8.0, 6.0, 8.5 ], "autoUv": false, "snapUv": false },
										"down": { "texture": "#material", "uv": [ 0.0, 8.0, 6.0, 8.5 ], "rotation": 180, "autoUv": false, "snapUv": false }
									}
								},
								{
									"name": "5",
									"from": [ -5.0, 4.66, 1.4 ],
									"to": [ -0.7, 5.66, 2.4 ],
									"rotationOrigin": [ -5.0, 4.66, 1.8 ],
									"rotationX": 18.0,
									"rotationY": -1.0,
									"faces": {
										"north": { "texture": "#material", "uv": [ 0.0, 10.0, 5.0, 11.0 ], "autoUv": false, "snapUv": false },
										"east": { "texture": "#material", "uv": [ 0.0, 10.0, 1.0, 11.0 ], "autoUv": false, "snapUv": false },
										"south": { "texture": "#material", "uv": [ 0.0, 10.0, 5.0, 11.0 ], "autoUv": false, "snapUv": false },
										"west": { "texture": "#material", "uv": [ 0.0, 15.0, 1.0, 16.0 ], "autoUv": false, "snapUv": false },
										"up": { "texture": "#material", "uv": [ 0.0, 10.0, 5.0, 11.0 ], "autoUv": false, "snapUv": false },
										"down": { "texture": "#material", "uv": [ 0.0, 10.0, 5.0, 11.0 ], "rotation": 180, "autoUv": false, "snapUv": false }
									}
								},
								{
									"name": "6",
									"from": [ -5.2, 4.66, 3.7 ],
									"to": [ 0.5, 5.66, 4.7 ],
									"rotationOrigin": [ -5.2, 4.66, 3.7 ],
									"rotationX": -6.0,
									"rotationY": 2.0,
									"faces": {
										"north": { "texture": "#material", "uv": [ 0.0, 12.0, 7.5, 13.0 ], "autoUv": false, "snapUv": false },
										"east": { "texture": "#material", "uv": [ 0.0, 12.0, 1.0, 13.0 ], "autoUv": false, "snapUv": false },
										"south": { "texture": "#material", "uv": [ 0.0, 12.0, 7.5, 13.0 ], "autoUv": false, "snapUv": false },
										"west": { "texture": "#material", "uv": [ 0.5, 15.0, 1.5, 16.0 ], "autoUv": false, "snapUv": false },
										"up": { "texture": "#material", "uv": [ 0.0, 12.0, 7.5, 13.0 ], "autoUv": false, "snapUv": false },
										"down": { "texture": "#material", "uv": [ 0.0, 12.0, 7.5, 13.0 ], "rotation": 180, "autoUv": false, "snapUv": false }
									}
								},
								{
									"name": "7",
									"from": [ -5.2, 4.66, 5.1 ],
									"to": [ 0.3, 5.33, 5.7 ],
									"rotationOrigin": [ -5.2, 4.66, 5.0 ],
									"rotationX": -1.0,
									"rotationY": 2.0,
									"faces": {
										"north": { "texture": "#material", "uv": [ 0.0, 12.0, 6.5, 12.5 ], "autoUv": false, "snapUv": false },
										"east": { "texture": "#material", "uv": [ 0.0, 14.5, 0.5, 15.0 ], "autoUv": false, "snapUv": false },
										"south": { "texture": "#material", "uv": [ 0.0, 12.0, 6.5, 12.5 ], "autoUv": false, "snapUv": false },
										"west": { "texture": "#material", "uv": [ 0.5, 15.0, 1.0, 15.5 ], "autoUv": false, "snapUv": false },
										"up": { "texture": "#material", "uv": [ 0.0, 12.0, 6.5, 12.5 ], "autoUv": false, "snapUv": false },
										"down": { "texture": "#material", "uv": [ 0.0, 12.0, 6.5, 12.5 ], "rotation": 180, "autoUv": false, "snapUv": false }
									}
								},
								{
									"name": "8",
									"from": [ -4.9, 4.66, 6.4 ],
									"to": [ 0.3, 5.66, 7.4 ],
									"rotationOrigin": [ -4.9, 4.66, 6.4 ],
									"rotationX": 6.0,
									"rotationY": 1.0,
									"faces": {
										"north": { "texture": "#material", "uv": [ 2.5, 12.5, 8.5, 13.5 ], "autoUv": false, "snapUv": false },
										"east": { "texture": "#material", "uv": [ 0.0, 14.0, 1.0, 15.0 ], "autoUv": false, "snapUv": false },
										"south": { "texture": "#material", "uv": [ 4.0, 13.0, 10.0, 14.0 ], "autoUv": false, "snapUv": false },
										"west": { "texture": "#material", "uv": [ 0.0, 14.0, 1.0, 15.0 ], "autoUv": false, "snapUv": false },
										"up": { "texture": "#material", "uv": [ 3.5, 9.5, 9.5, 10.5 ], "autoUv": false, "snapUv": false },
										"down": { "texture": "#material", "uv": [ 5.5, 8.5, 11.5, 9.5 ], "rotation": 180, "autoUv": false, "snapUv": false }
									}
								}
							]
						},
						{
							"name": "2",
							"from": [ 0.0, 0.0, 0.0 ],
							"to": [ 0.0, 0.0, 0.0 ],
							"rotationOrigin": [ 0.0, 0.0, 0.0 ],
							"rotationZ": 63.44,
							"faces": {
								"north": { "texture": "#null", "uv": [ 0.0, 0.0, 0.5, 0.5 ], "enabled": false },
								"east": { "texture": "#null", "uv": [ 0.0, 0.0, 0.5, 0.5 ], "enabled": false },
								"south": { "texture": "#null", "uv": [ 0.0, 0.0, 0.5, 0.5 ], "enabled": false },
								"west": { "texture": "#null", "uv": [ 0.0, 0.0, 0.5, 0.5 ], "enabled": false },
								"up": { "texture": "#null", "uv": [ 0.0, 0.0, 0.5, 0.5 ], "enabled": false },
								"down": { "texture": "#null", "uv": [ 0.0, 0.0, 0.5, 0.5 ], "enabled": false }
							},
							"children": [
								{
									"name": "0",
									"from": [ -1.0, 4.66, -7.55 ],
									"to": [ 3.84, 5.66, -6.55 ],
									"rotationOrigin": [ 0.1, 4.66, -7.8 ],
									"rotationX": 4.0,
									"rotationY": 3.0,
									"faces": {
										"north": { "texture": "#material", "uv": [ 6.0, 0.0, 12.0, 1.0 ], "autoUv": false, "snapUv": false },
										"east": { "texture": "#material", "uv": [ 0.0, 0.0, 1.0, 1.0 ], "autoUv": false, "snapUv": false },
										"south": { "texture": "#material", "uv": [ 6.0, 0.0, 12.0, 1.0 ], "autoUv": false, "snapUv": false },
										"west": { "texture": "#material", "uv": [ 0.0, 0.0, 1.0, 1.0 ], "autoUv": false, "snapUv": false },
										"up": { "texture": "#material", "uv": [ 6.0, 0.0, 12.0, 1.0 ], "autoUv": false, "snapUv": false },
										"down": { "texture": "#material", "uv": [ 6.0, 0.0, 12.0, 1.0 ], "rotation": 180, "autoUv": false, "snapUv": false }
									}
								},
								{
									"name": "1",
									"from": [ -1.23, 4.56, -5.9 ],
									"to": [ 3.77, 5.66, -4.9 ],
									"rotationOrigin": [ -0.2, 4.66, -5.9 ],
									"rotationX": -3.0,
									"rotationY": -2.0,
									"faces": {
										"north": { "texture": "#material", "uv": [ 5.0, 2.0, 11.0, 3.0 ], "autoUv": false, "snapUv": false },
										"east": { "texture": "#material", "uv": [ 0.0, 2.0, 1.0, 3.0 ], "autoUv": false, "snapUv": false },
										"south": { "texture": "#material", "uv": [ 5.0, 2.0, 11.0, 3.0 ], "autoUv": false, "snapUv": false },
										"west": { "texture": "#material", "uv": [ 0.0, 2.0, 1.0, 3.0 ], "autoUv": false, "snapUv": false },
										"up": { "texture": "#material", "uv": [ 5.0, 2.0, 11.0, 3.0 ], "autoUv": false, "snapUv": false },
										"down": { "texture": "#material", "uv": [ 5.0, 2.0, 11.0, 3.0 ], "rotation": 180, "autoUv": false, "snapUv": false }
									}
								},
								{
									"name": "2",
									"from": [ -0.8, 4.56, -3.65 ],
									"to": [ 4.2, 5.56, -2.65 ],
									"rotationOrigin": [ -0.2, 4.66, -4.0 ],
									"rotationX": -9.0,
									"rotationY": 3.0,
									"faces": {
										"north": { "texture": "#material", "uv": [ 5.0, 4.0, 11.0, 5.0 ], "autoUv": false, "snapUv": false },
										"east": { "texture": "#material", "uv": [ 0.0, 4.0, 1.0, 5.0 ], "autoUv": false, "snapUv": false },
										"south": { "texture": "#material", "uv": [ 5.0, 4.0, 11.0, 5.0 ], "autoUv": false, "snapUv": false },
										"west": { "texture": "#material", "uv": [ 0.0, 4.0, 1.0, 5.0 ], "autoUv": false, "snapUv": false },
										"up": { "texture": "#material", "uv": [ 4.5, 5.0, 10.5, 6.0 ], "autoUv": false, "snapUv": false },
										"down": { "texture": "#material", "uv": [ 5.0, 4.0, 11.0, 5.0 ], "rotation": 180, "autoUv": false, "snapUv": false }
									}
								},
								{
									"name": "3",
									"from": [ -0.6, 4.66, -2.3 ],
									"to": [ 4.4, 5.66, -1.26 ],
									"rotationOrigin": [ 0.8, 4.66, -2.1 ],
									"rotationX": 12.0,
									"faces": {
										"north": { "texture": "#material", "uv": [ 6.5, 6.0, 12.5, 7.0 ], "autoUv": false, "snapUv": false },
										"east": { "texture": "#material", "uv": [ 0.0, 6.0, 1.0, 7.0 ], "autoUv": false, "snapUv": false },
										"south": { "texture": "#material", "uv": [ 6.5, 6.0, 12.5, 7.0 ], "autoUv": false, "snapUv": false },
										"west": { "texture": "#material", "uv": [ 0.0, 6.0, 1.0, 7.0 ], "autoUv": false, "snapUv": false },
										"up": { "texture": "#material", "uv": [ 6.5, 6.0, 12.5, 7.0 ], "autoUv": false, "snapUv": false },
										"down": { "texture": "#material", "uv": [ 2.5, 6.0, 8.5, 7.0 ], "rotation": 180, "autoUv": false, "snapUv": false }
									}
								},
								{
									"name": "4",
									"from": [ -0.8, 4.66, -0.3 ],
									"to": [ 3.95, 5.66, 0.3 ],
									"rotationOrigin": [ 0.8, 4.66, 0.1 ],
									"rotationX": 6.0,
									"faces": {
										"north": { "texture": "#material", "uv": [ 6.0, 8.0, 10.0, 9.0 ], "autoUv": false, "snapUv": false },
										"east": { "texture": "#material", "uv": [ 0.0, 8.0, 0.5, 9.0 ], "autoUv": false, "snapUv": false },
										"south": { "texture": "#material", "uv": [ 6.0, 8.0, 10.0, 9.0 ], "autoUv": false, "snapUv": false },
										"west": { "texture": "#material", "uv": [ 0.0, 8.0, 0.5, 9.0 ], "autoUv": false, "snapUv": false },
										"up": { "texture": "#material", "uv": [ 4.0, 6.0, 8.0, 6.5 ], "autoUv": false, "snapUv": false },
										"down": { "texture": "#material", "uv": [ 6.0, 8.0, 10.0, 8.5 ], "rotation": 180, "autoUv": false, "snapUv": false }
									}
								},
								{
									"name": "5",
									"from": [ -1.24, 4.56, 1.6 ],
									"to": [ 3.8, 5.56, 2.64 ],
									"rotationOrigin": [ -0.2, 4.66, 1.7 ],
									"rotationX": -4.0,
									"faces": {
										"north": { "texture": "#material", "uv": [ 5.0, 10.0, 11.0, 11.0 ], "autoUv": false, "snapUv": false },
										"east": { "texture": "#material", "uv": [ 0.0, 10.0, 1.0, 11.0 ], "autoUv": false, "snapUv": false },
										"south": { "texture": "#material", "uv": [ 5.0, 10.0, 11.0, 11.0 ], "autoUv": false, "snapUv": false },
										"west": { "texture": "#material", "uv": [ 0.0, 10.0, 1.0, 11.0 ], "autoUv": false, "snapUv": false },
										"up": { "texture": "#material", "uv": [ 5.0, 10.0, 11.0, 11.0 ], "autoUv": false, "snapUv": false },
										"down": { "texture": "#material", "uv": [ 5.0, 10.0, 11.0, 11.0 ], "rotation": 180, "autoUv": false, "snapUv": false }
									}
								},
								{
									"name": "6",
									"from": [ -0.2, 4.66, 3.3 ],
									"to": [ 4.8, 5.66, 4.3 ],
									"rotationOrigin": [ 0.8, 4.66, 3.6 ],
									"rotationX": 8.0,
									"faces": {
										"north": { "texture": "#material", "uv": [ 7.5, 12.0, 13.5, 13.0 ], "autoUv": false, "snapUv": false },
										"east": { "texture": "#material", "uv": [ 0.0, 14.0, 1.0, 15.0 ], "autoUv": false, "snapUv": false },
										"south": { "texture": "#material", "uv": [ 7.5, 12.0, 13.5, 13.0 ], "autoUv": false, "snapUv": false },
										"west": { "texture": "#material", "uv": [ 0.0, 12.0, 0.5, 12.5 ], "autoUv": false, "snapUv": false },
										"up": { "texture": "#material", "uv": [ 7.5, 12.0, 13.5, 13.0 ], "autoUv": false, "snapUv": false },
										"down": { "texture": "#material", "uv": [ 7.5, 12.0, 13.5, 13.0 ], "rotation": 180, "autoUv": false, "snapUv": false }
									}
								},
								{
									"name": "7",
									"from": [ -0.3, 4.66, 4.84 ],
									"to": [ 5.2, 5.33, 5.44 ],
									"rotationOrigin": [ 0.5, 4.66, 5.0 ],
									"rotationX": 3.0,
									"rotationY": -2.0,
									"faces": {
										"north": { "texture": "#material", "uv": [ 0.0, 12.0, 6.5, 12.5 ], "autoUv": false, "snapUv": false },
										"east": { "texture": "#material", "uv": [ 0.0, 12.0, 0.5, 12.5 ], "autoUv": false, "snapUv": false },
										"south": { "texture": "#material", "uv": [ 0.0, 12.0, 6.5, 12.5 ], "autoUv": false, "snapUv": false },
										"west": { "texture": "#material", "uv": [ 0.0, 12.0, 0.5, 12.5 ], "autoUv": false, "snapUv": false },
										"up": { "texture": "#material", "uv": [ 0.0, 12.0, 6.5, 12.5 ], "autoUv": false, "snapUv": false },
										"down": { "texture": "#material", "uv": [ 0.0, 12.0, 6.5, 12.5 ], "rotation": 180, "autoUv": false, "snapUv": false }
									}
								},
								{
									"name": "8",
									"from": [ -0.2, 4.58, 6.5 ],
									"to": [ 4.8, 5.58, 7.5 ],
									"rotationOrigin": [ 0.8, 4.66, 6.5 ],
									"rotationX": -3.0,
									"faces": {
										"north": { "texture": "#material", "uv": [ 6.0, 14.0, 12.0, 15.0 ], "autoUv": false, "snapUv": false },
										"east": { "texture": "#material", "uv": [ 0.0, 14.0, 1.0, 15.0 ], "autoUv": false, "snapUv": false },
										"south": { "texture": "#material", "uv": [ 6.0, 14.0, 12.0, 15.0 ], "autoUv": false, "snapUv": false },
										"west": { "texture": "#material", "uv": [ 4.0, 11.0, 5.0, 12.0 ], "autoUv": false, "snapUv": false },
										"up": { "texture": "#material", "uv": [ 7.5, 13.0, 13.5, 14.0 ], "autoUv": false, "snapUv": false },
										"down": { "texture": "#material", "uv": [ 6.0, 14.0, 12.0, 15.0 ], "rotation": 180, "autoUv": false, "snapUv": false }
									}
								}
							]
						},
						{
							"name": "0",
							"from": [ 0.0, 0.0, 0.0 ],
							"to": [ 0.0, 0.0, 0.0 ],
							"rotationOrigin": [ 0.0, 0.0, 0.0 ],
							"rotationZ": 63.44,
							"faces": {
								"north": { "texture": "#null", "uv": [ 0.0, 0.0, 0.5, 0.5 ], "enabled": false },
								"east": { "texture": "#null", "uv": [ 0.0, 0.0, 0.5, 0.5 ], "enabled": false },
								"south": { "texture": "#null", "uv": [ 0.0, 0.0, 0.5, 0.5 ], "enabled": false },
								"west": { "texture": "#null", "uv": [ 0.0, 0.0, 0.5, 0.5 ], "enabled": false },
								"up": { "texture": "#null", "uv": [ 0.0, 0.0, 0.5, 0.5 ], "enabled": false },
								"down": { "texture": "#null", "uv": [ 0.0, 0.0, 0.5, 0.5 ], "enabled": false }
							},
							"children": [
								{
									"name": "0",
									"from": [ 7.8, 4.66, -7.85 ],
									"to": [ 13.33, 5.66, -6.85 ],
									"rotationOrigin": [ 10.7, 4.66, -8.1 ],
									"rotationX": -6.0,
									"rotationY": 0.5,
									"faces": {
										"north": { "texture": "#material", "uv": [ 6.0, 0.0, 12.0, 1.0 ], "autoUv": false, "snapUv": false },
										"east": { "texture": "#material", "uv": [ 0.0, 0.0, 1.0, 1.0 ], "autoUv": false, "snapUv": false },
										"south": { "texture": "#material", "uv": [ 6.0, 0.0, 12.0, 1.0 ], "autoUv": false, "snapUv": false },
										"west": { "texture": "#material", "uv": [ 0.0, 0.0, 1.0, 1.0 ], "autoUv": false, "snapUv": false },
										"up": { "texture": "#material", "uv": [ 6.0, 0.0, 12.0, 1.0 ], "autoUv": false, "snapUv": false },
										"down": { "texture": "#material", "uv": [ 6.0, 0.0, 12.0, 1.0 ], "rotation": 180, "autoUv": false, "snapUv": false }
									}
								},
								{
									"name": "1",
									"from": [ 8.0, 4.66, -6.0 ],
									"to": [ 13.2, 5.76, -5.0 ],
									"rotationOrigin": [ 10.7, 4.66, -6.0 ],
									"rotationX": 5.0,
									"rotationY": 2.0,
									"faces": {
										"north": { "texture": "#material", "uv": [ 0.0, 2.0, 5.0, 3.0 ], "autoUv": false, "snapUv": false },
										"east": { "texture": "#material", "uv": [ 0.5, 14.0, 1.5, 15.0 ], "autoUv": false, "snapUv": false },
										"south": { "texture": "#material", "uv": [ 0.0, 2.0, 5.0, 3.0 ], "autoUv": false, "snapUv": false },
										"west": { "texture": "#material", "uv": [ 0.0, 2.0, 1.0, 3.0 ], "autoUv": false, "snapUv": false },
										"up": { "texture": "#material", "uv": [ 0.0, 2.0, 5.0, 3.0 ], "autoUv": false, "snapUv": false },
										"down": { "texture": "#material", "uv": [ 0.0, 2.0, 5.0, 3.0 ], "rotation": 180, "autoUv": false, "snapUv": false }
									}
								},
								{
									"name": "2",
									"from": [ 8.5, 4.86, -4.0 ],
									"to": [ 13.1, 5.86, -3.0 ],
									"rotationOrigin": [ 11.8, 4.86, -4.0 ],
									"rotationX": 27.0,
									"rotationY": 1.5,
									"faces": {
										"north": { "texture": "#material", "uv": [ 0.0, 4.0, 5.5, 5.0 ], "autoUv": false, "snapUv": false },
										"east": { "texture": "#material", "uv": [ 1.0, 14.5, 2.0, 15.5 ], "autoUv": false, "snapUv": false },
										"south": { "texture": "#material", "uv": [ 0.0, 4.0, 5.5, 5.0 ], "autoUv": false, "snapUv": false },
										"west": { "texture": "#material", "uv": [ 0.0, 4.0, 1.0, 5.0 ], "autoUv": false, "snapUv": false },
										"up": { "texture": "#material", "uv": [ 0.0, 4.0, 5.5, 5.0 ], "autoUv": false, "snapUv": false },
										"down": { "texture": "#material", "uv": [ 0.0, 4.0, 5.5, 5.0 ], "rotation": 180, "autoUv": false, "snapUv": false }
									}
								},
								{
									"name": "3",
									"from": [ 8.4, 4.66, -1.9 ],
									"to": [ 13.2, 5.66, -0.86 ],
									"rotationOrigin": [ 11.5, 4.66, -1.9 ],
									"rotationX": -3.0,
									"rotationY": 1.5,
									"faces": {
										"north": { "texture": "#material", "uv": [ 2.0, 12.5, 5.5, 13.5 ], "autoUv": false, "snapUv": false },
										"east": { "texture": "#material", "uv": [ 0.0, 14.0, 1.0, 15.0 ], "autoUv": false, "snapUv": false },
										"south": { "texture": "#material", "uv": [ 2.5, 12.0, 6.0, 13.0 ], "autoUv": false, "snapUv": false },
										"west": { "texture": "#material", "uv": [ 0.0, 14.0, 1.0, 15.0 ], "autoUv": false, "snapUv": false },
										"up": { "texture": "#material", "uv": [ 2.5, 8.5, 6.0, 9.5 ], "autoUv": false, "snapUv": false },
										"down": { "texture": "#material", "uv": [ 5.5, 12.5, 9.0, 13.5 ], "rotation": 180, "autoUv": false, "snapUv": false }
									}
								},
								{
									"name": "4",
									"from": [ 8.6, 4.76, -0.1 ],
									"to": [ 13.4, 5.76, 0.4 ],
									"rotationOrigin": [ 11.3, 3.76, -0.1 ],
									"rotationX": 5.5,
									"faces": {
										"north": { "texture": "#material", "uv": [ 0.0, 8.0, 7.5, 9.0 ], "autoUv": false, "snapUv": false },
										"east": { "texture": "#material", "uv": [ 1.0, 15.0, 1.5, 16.0 ], "autoUv": false, "snapUv": false },
										"south": { "texture": "#material", "uv": [ 0.0, 8.0, 7.5, 9.0 ], "autoUv": false, "snapUv": false },
										"west": { "texture": "#material", "uv": [ 0.0, 14.5, 0.5, 15.5 ], "autoUv": false, "snapUv": false },
										"up": { "texture": "#material", "uv": [ 0.0, 8.0, 7.5, 8.5 ], "autoUv": false, "snapUv": false },
										"down": { "texture": "#material", "uv": [ 0.0, 8.0, 7.5, 8.5 ], "rotation": 180, "autoUv": false, "snapUv": false }
									}
								},
								{
									"name": "5",
									"from": [ 8.57, 4.56, 1.5 ],
									"to": [ 13.1, 5.56, 2.53 ],
									"rotationOrigin": [ 11.3, 4.56, 1.9 ],
									"rotationX": -1.5,
									"rotationY": -3.0,
									"faces": {
										"north": { "texture": "#material", "uv": [ 0.0, 10.0, 5.5, 11.0 ], "autoUv": false, "snapUv": false },
										"east": { "texture": "#material", "uv": [ 0.5, 15.0, 1.5, 16.0 ], "autoUv": false, "snapUv": false },
										"south": { "texture": "#material", "uv": [ 0.0, 10.0, 5.5, 11.0 ], "autoUv": false, "snapUv": false },
										"west": { "texture": "#material", "uv": [ 0.0, 10.0, 1.0, 11.0 ], "autoUv": false, "snapUv": false },
										"up": { "texture": "#material", "uv": [ 0.0, 10.0, 5.5, 11.0 ], "autoUv": false, "snapUv": false },
										"down": { "texture": "#material", "uv": [ 0.0, 10.0, 5.5, 11.0 ], "rotation": 180, "autoUv": false, "snapUv": false }
									}
								},
								{
									"name": "6",
									"from": [ 7.6, 4.66, 3.7 ],
									"to": [ 13.3, 5.66, 4.7 ],
									"rotationOrigin": [ 10.3, 4.66, 3.7 ],
									"rotationX": -4.0,
									"rotationY": 2.0,
									"faces": {
										"north": { "texture": "#material", "uv": [ 0.0, 12.0, 7.5, 13.0 ], "autoUv": false, "snapUv": false },
										"east": { "texture": "#material", "uv": [ 0.0, 12.0, 1.0, 13.0 ], "autoUv": false, "snapUv": false },
										"south": { "texture": "#material", "uv": [ 0.0, 12.0, 7.5, 13.0 ], "autoUv": false, "snapUv": false },
										"west": { "texture": "#material", "uv": [ 0.5, 15.0, 1.5, 16.0 ], "autoUv": false, "snapUv": false },
										"up": { "texture": "#material", "uv": [ 0.0, 12.0, 7.5, 13.0 ], "autoUv": false, "snapUv": false },
										"down": { "texture": "#material", "uv": [ 0.0, 12.0, 7.5, 13.0 ], "rotation": 180, "autoUv": false, "snapUv": false }
									}
								},
								{
									"name": "7",
									"from": [ 9.42, 4.66, 4.9 ],
									"to": [ 13.42, 5.33, 5.5 ],
									"rotationOrigin": [ 12.0, 4.66, 5.0 ],
									"rotationX": 5.5,
									"faces": {
										"north": { "texture": "#material", "uv": [ 0.0, 12.0, 5.0, 12.5 ], "autoUv": false, "snapUv": false },
										"east": { "texture": "#material", "uv": [ 0.0, 14.5, 0.5, 15.0 ], "autoUv": false, "snapUv": false },
										"south": { "texture": "#material", "uv": [ 0.0, 12.0, 5.0, 12.5 ], "autoUv": false, "snapUv": false },
										"west": { "texture": "#material", "uv": [ 0.0, 15.5, 0.5, 16.0 ], "autoUv": false, "snapUv": false },
										"up": { "texture": "#material", "uv": [ 0.0, 12.0, 5.0, 12.5 ], "autoUv": false, "snapUv": false },
										"down": { "texture": "#material", "uv": [ 0.0, 12.0, 5.0, 12.5 ], "rotation": 180, "autoUv": false, "snapUv": false }
									}
								},
								{
									"name": "8",
									"from": [ 8.1, 4.68, 6.3 ],
									"to": [ 13.1, 5.68, 7.3 ],
									"rotationOrigin": [ 10.8, 4.76, 6.3 ],
									"rotationX": 3.0,
									"faces": {
										"north": { "texture": "#material", "uv": [ 6.0, 14.0, 12.0, 15.0 ], "autoUv": false, "snapUv": false },
										"east": { "texture": "#material", "uv": [ 0.0, 14.0, 1.0, 15.0 ], "autoUv": false, "snapUv": false },
										"south": { "texture": "#material", "uv": [ 6.0, 14.0, 12.0, 15.0 ], "autoUv": false, "snapUv": false },
										"west": { "texture": "#material", "uv": [ 4.0, 11.0, 5.0, 12.0 ], "autoUv": false, "snapUv": false },
										"up": { "texture": "#material", "uv": [ 7.5, 13.0, 13.5, 14.0 ], "autoUv": false, "snapUv": false },
										"down": { "texture": "#material", "uv": [ 6.0, 14.0, 12.0, 15.0 ], "rotation": 180, "autoUv": false, "snapUv": false }
									}
								}
							]
						}
					]
				}
			]
		}
	]}