{"editor": {"collapsedPaths": "Root/main/middle/2,Root/main/middle/1,Root/main/middle2,Root/main/middle/3,Root/main/middle/0", "allAngles": false, "entityTextureMode": false}, "textureWidth": 16, "textureHeight": 16, "textureSizes": {"material": [16, 16]}, "textures": {}, "elements": [{"name": "main", "from": [6.0, 2.0, 8.0], "to": [6.0, 2.0, 8.0], "rotationOrigin": [7.0, 1.0, 8.0], "faces": {"north": {"texture": "#null", "uv": [0.0, 0.0, 0.5, 0.5], "enabled": false}, "east": {"texture": "#null", "uv": [0.0, 0.0, 0.5, 0.5], "enabled": false}, "south": {"texture": "#null", "uv": [0.0, 0.0, 0.5, 0.5], "enabled": false}, "west": {"texture": "#null", "uv": [0.0, 0.0, 0.5, 0.5], "enabled": false}, "up": {"texture": "#null", "uv": [0.0, 0.0, 0.5, 0.5], "enabled": false}, "down": {"texture": "#null", "uv": [0.0, 0.0, 0.5, 0.5], "enabled": false}}, "children": [{"name": "middle", "from": [0.0, 0.0, 0.0], "to": [0.0, 0.0, 0.0], "rotationOrigin": [0.0, 1.0, 0.0], "faces": {"north": {"texture": "#null", "uv": [0.0, 0.0, 0.5, 0.5]}, "east": {"texture": "#null", "uv": [0.0, 0.0, 0.5, 0.5]}, "south": {"texture": "#null", "uv": [0.0, 0.0, 0.5, 0.5]}, "west": {"texture": "#null", "uv": [0.0, 0.0, 0.5, 0.5]}, "up": {"texture": "#null", "uv": [0.0, 0.0, 0.5, 0.5]}, "down": {"texture": "#null", "uv": [0.0, 0.0, 0.5, 0.5]}}, "children": [{"name": "1", "from": [0.0, 0.0, 0.0], "to": [0.0, 0.0, 0.0], "rotationOrigin": [0.0, 0.0, 0.0], "rotationZ": 45.0, "faces": {"north": {"texture": "#null", "uv": [0.0, 0.0, 0.5, 0.5], "enabled": false}, "east": {"texture": "#null", "uv": [0.0, 0.0, 0.5, 0.5], "enabled": false}, "south": {"texture": "#null", "uv": [0.0, 0.0, 0.5, 0.5], "enabled": false}, "west": {"texture": "#null", "uv": [0.0, 0.0, 0.5, 0.5], "enabled": false}, "up": {"texture": "#null", "uv": [0.0, 0.0, 0.5, 0.5], "enabled": false}, "down": {"texture": "#null", "uv": [0.0, 0.0, 0.5, 0.5], "enabled": false}}, "children": [{"name": "0", "from": [5.4, 4.66, -7.8], "to": [11.76, 5.66, -6.8], "rotationOrigin": [5.4, 4.66, -7.7], "rotationX": 2.0, "rotationY": 1.0, "faces": {"north": {"texture": "#material", "uv": [6.0, 2.0, 10.5, 3.0], "autoUv": false, "snapUv": false}, "east": {"texture": "#material", "uv": [0.5, 14.5, 1.5, 15.5], "autoUv": false, "snapUv": false}, "south": {"texture": "#material", "uv": [7.0, 3.0, 11.5, 4.0], "autoUv": false, "snapUv": false}, "west": {"texture": "#material", "uv": [0.0, 6.0, 1.0, 7.0], "autoUv": false, "snapUv": false}, "up": {"texture": "#material", "uv": [4.0, 3.0, 8.5, 4.0], "autoUv": false, "snapUv": false}, "down": {"texture": "#material", "uv": [6.0, 0.5, 10.5, 1.5], "rotation": 180, "autoUv": false, "snapUv": false}}, "children": [{"name": "snow", "from": [0.0, 1.02, 0.0], "to": [6.359999999999999, 2.0, 1.0], "rotationOrigin": [5.4, 4.66, -7.7], "faces": {"north": {"uv": [0.0, 1.02, 6.359999999999999, 2.0], "texture": "#snowcover"}, "east": {"uv": [0, 1.02, 0, 2.0], "texture": "#snowcover"}, "south": {"uv": [0.0, 1.02, 6.359999999999999, 2.0], "texture": "#snowcover"}, "west": {"uv": [0, 1.02, 0, 2.0], "texture": "#snowcover"}, "up": {"texture": "#snowcover", "uv": [4.0, 3.0, 8.5, 4.0], "autoUv": false, "snapUv": false}, "down": {"texture": "#snowcover", "uv": [6.0, 0.5, 10.5, 1.5], "rotation": 180, "autoUv": false, "snapUv": false}}}]}, {"name": "1", "from": [5.7, 4.66, -5.8], "to": [11.9, 5.76, -4.8], "rotationOrigin": [5.7, 4.66, -5.8], "rotationX": 5.0, "rotationY": 2.0, "faces": {"north": {"texture": "#material", "uv": [0.0, 2.0, 5.0, 3.0], "autoUv": false, "snapUv": false}, "east": {"texture": "#material", "uv": [0.5, 14.0, 1.5, 15.0], "autoUv": false, "snapUv": false}, "south": {"texture": "#material", "uv": [0.0, 2.0, 5.0, 3.0], "autoUv": false, "snapUv": false}, "west": {"texture": "#material", "uv": [0.0, 2.0, 1.0, 3.0], "autoUv": false, "snapUv": false}, "up": {"texture": "#material", "uv": [0.0, 2.0, 5.0, 3.0], "autoUv": false, "snapUv": false}, "down": {"texture": "#material", "uv": [0.0, 2.0, 5.0, 3.0], "rotation": 180, "autoUv": false, "snapUv": false}}, "children": [{"name": "snow", "from": [0.0, 1.1199999999999997, 0.0], "to": [6.2, 2.0999999999999996, 1.0], "rotationOrigin": [5.7, 4.66, -5.8], "faces": {"north": {"uv": [0.0, 1.1199999999999997, 6.2, 2.0999999999999996], "texture": "#snowcover"}, "east": {"uv": [0, 1.1199999999999997, 0, 2.0999999999999996], "texture": "#snowcover"}, "south": {"uv": [0.0, 1.1199999999999997, 6.2, 2.0999999999999996], "texture": "#snowcover"}, "west": {"uv": [0, 1.1199999999999997, 0, 2.0999999999999996], "texture": "#snowcover"}, "up": {"texture": "#snowcover", "uv": [0.0, 2.0, 5.0, 3.0], "autoUv": false, "snapUv": false}, "down": {"texture": "#snowcover", "uv": [0.0, 2.0, 5.0, 3.0], "rotation": 180, "autoUv": false, "snapUv": false}}}]}, {"name": "2", "from": [6.2, 4.66, -4.0], "to": [12.8, 5.66, -3.0], "rotationOrigin": [6.8, 4.66, -4.0], "rotationX": 12.0, "rotationY": -1.0, "faces": {"north": {"texture": "#material", "uv": [0.0, 4.0, 5.5, 5.0], "autoUv": false, "snapUv": false}, "east": {"texture": "#material", "uv": [1.0, 14.5, 2.0, 15.5], "autoUv": false, "snapUv": false}, "south": {"texture": "#material", "uv": [0.0, 4.0, 5.5, 5.0], "autoUv": false, "snapUv": false}, "west": {"texture": "#material", "uv": [0.0, 4.0, 1.0, 5.0], "autoUv": false, "snapUv": false}, "up": {"texture": "#material", "uv": [0.0, 4.0, 5.5, 5.0], "autoUv": false, "snapUv": false}, "down": {"texture": "#material", "uv": [0.0, 4.0, 5.5, 5.0], "rotation": 180, "autoUv": false, "snapUv": false}}, "children": [{"name": "snow", "from": [0.0, 1.02, 0.0], "to": [6.6000000000000005, 2.0, 1.0], "rotationOrigin": [6.8, 4.66, -4.0], "faces": {"north": {"uv": [0.0, 1.02, 6.6000000000000005, 2.0], "texture": "#snowcover"}, "east": {"uv": [0, 1.02, 0, 2.0], "texture": "#snowcover"}, "south": {"uv": [0.0, 1.02, 6.6000000000000005, 2.0], "texture": "#snowcover"}, "west": {"uv": [0, 1.02, 0, 2.0], "texture": "#snowcover"}, "up": {"texture": "#snowcover", "uv": [0.0, 4.0, 5.5, 5.0], "autoUv": false, "snapUv": false}, "down": {"texture": "#snowcover", "uv": [0.0, 4.0, 5.5, 5.0], "rotation": 180, "autoUv": false, "snapUv": false}}}]}, {"name": "3", "from": [5.4, 4.66, -2.1], "to": [12.2, 5.66, -1.06], "rotationOrigin": [5.8, 4.66, -2.1], "rotationX": 2.0, "rotationY": -2.0, "faces": {"north": {"texture": "#material", "uv": [2.0, 12.5, 5.5, 13.5], "autoUv": false, "snapUv": false}, "east": {"texture": "#material", "uv": [0.0, 14.0, 1.0, 15.0], "autoUv": false, "snapUv": false}, "south": {"texture": "#material", "uv": [2.5, 12.0, 6.0, 13.0], "autoUv": false, "snapUv": false}, "west": {"texture": "#material", "uv": [0.0, 14.0, 1.0, 15.0], "autoUv": false, "snapUv": false}, "up": {"texture": "#material", "uv": [2.5, 8.5, 6.0, 9.5], "autoUv": false, "snapUv": false}, "down": {"texture": "#material", "uv": [5.5, 12.5, 9.0, 13.5], "rotation": 180, "autoUv": false, "snapUv": false}}, "children": [{"name": "snow", "from": [0.0, 1.02, 0.0], "to": [6.799999999999999, 2.0, 1.04], "rotationOrigin": [5.8, 4.66, -2.1], "faces": {"north": {"uv": [0.0, 1.02, 6.799999999999999, 2.0], "texture": "#snowcover"}, "east": {"uv": [0, 1.02, 0, 2.0], "texture": "#snowcover"}, "south": {"uv": [0.0, 1.02, 6.799999999999999, 2.0], "texture": "#snowcover"}, "west": {"uv": [0, 1.02, 0, 2.0], "texture": "#snowcover"}, "up": {"texture": "#snowcover", "uv": [2.5, 8.5, 6.0, 9.5], "autoUv": false, "snapUv": false}, "down": {"texture": "#snowcover", "uv": [5.5, 12.5, 9.0, 13.5], "rotation": 180, "autoUv": false, "snapUv": false}}}]}, {"name": "4", "from": [5.3, 4.66, -0.1], "to": [12.8, 5.66, 0.4], "rotationOrigin": [5.3, 4.66, -0.1], "rotationX": -2.0, "rotationY": -2.0, "faces": {"north": {"texture": "#material", "uv": [0.0, 8.0, 7.5, 9.0], "autoUv": false, "snapUv": false}, "east": {"texture": "#material", "uv": [1.0, 15.0, 1.5, 16.0], "autoUv": false, "snapUv": false}, "south": {"texture": "#material", "uv": [0.0, 8.0, 7.5, 9.0], "autoUv": false, "snapUv": false}, "west": {"texture": "#material", "uv": [0.0, 14.5, 0.5, 15.5], "autoUv": false, "snapUv": false}, "up": {"texture": "#material", "uv": [0.0, 8.0, 7.5, 8.5], "autoUv": false, "snapUv": false}, "down": {"texture": "#material", "uv": [0.0, 8.0, 7.5, 8.5], "rotation": 180, "autoUv": false, "snapUv": false}}, "children": [{"name": "snow", "from": [0.0, 1.02, 0.0], "to": [7.500000000000001, 2.0, 0.5], "rotationOrigin": [5.3, 4.66, -0.1], "faces": {"north": {"uv": [0.0, 1.02, 7.500000000000001, 2.0], "texture": "#snowcover"}, "east": {"uv": [0, 1.02, 0.4, 2.0], "texture": "#snowcover"}, "south": {"uv": [0.0, 1.02, 7.500000000000001, 2.0], "texture": "#snowcover"}, "west": {"uv": [0, 1.02, 0.4, 2.0], "texture": "#snowcover"}, "up": {"texture": "#snowcover", "uv": [0.0, 8.0, 7.5, 8.5], "autoUv": false, "snapUv": false}, "down": {"texture": "#snowcover", "uv": [0.0, 8.0, 7.5, 8.5], "rotation": 180, "autoUv": false, "snapUv": false}}}]}, {"name": "5", "from": [5.77, 4.56, 1.7], "to": [12.3, 5.56, 2.73], "rotationOrigin": [5.8, 4.56, 2.1], "rotationX": -4.0, "rotationY": 2.0, "faces": {"north": {"texture": "#material", "uv": [0.0, 10.0, 5.5, 11.0], "autoUv": false, "snapUv": false}, "east": {"texture": "#material", "uv": [0.5, 15.0, 1.5, 16.0], "autoUv": false, "snapUv": false}, "south": {"texture": "#material", "uv": [0.0, 10.0, 5.5, 11.0], "autoUv": false, "snapUv": false}, "west": {"texture": "#material", "uv": [0.0, 10.0, 1.0, 11.0], "autoUv": false, "snapUv": false}, "up": {"texture": "#material", "uv": [0.0, 10.0, 5.5, 11.0], "autoUv": false, "snapUv": false}, "down": {"texture": "#material", "uv": [0.0, 10.0, 5.5, 11.0], "rotation": 180, "autoUv": false, "snapUv": false}}, "children": [{"name": "snow", "from": [0.0, 1.02, 0.0], "to": [6.530000000000001, 2.0, 1.03], "rotationOrigin": [5.8, 4.56, 2.1], "faces": {"north": {"uv": [0.0, 1.02, 6.530000000000001, 2.0], "texture": "#snowcover"}, "east": {"uv": [1.7, 1.02, 2.73, 2.0], "texture": "#snowcover"}, "south": {"uv": [0.0, 1.02, 6.530000000000001, 2.0], "texture": "#snowcover"}, "west": {"uv": [1.7, 1.02, 2.73, 2.0], "texture": "#snowcover"}, "up": {"texture": "#snowcover", "uv": [0.0, 10.0, 5.5, 11.0], "autoUv": false, "snapUv": false}, "down": {"texture": "#snowcover", "uv": [0.0, 10.0, 5.5, 11.0], "rotation": 180, "autoUv": false, "snapUv": false}}}]}, {"name": "6", "from": [6.8, 4.61, 3.45], "to": [12.3, 5.61, 4.45], "rotationOrigin": [6.8, 4.56, 3.4], "rotationX": 3.0, "rotationY": -3.0, "faces": {"north": {"texture": "#material", "uv": [0.0, 12.0, 4.0, 13.0], "autoUv": false, "snapUv": false}, "east": {"texture": "#material", "uv": [0.0, 14.5, 1.0, 15.5], "autoUv": false, "snapUv": false}, "south": {"texture": "#material", "uv": [0.0, 12.0, 4.0, 13.0], "autoUv": false, "snapUv": false}, "west": {"texture": "#material", "uv": [1.0, 14.5, 2.0, 15.5], "autoUv": false, "snapUv": false}, "up": {"texture": "#material", "uv": [0.0, 12.0, 4.0, 13.0], "autoUv": false, "snapUv": false}, "down": {"texture": "#material", "uv": [0.0, 12.0, 4.0, 13.0], "rotation": 180, "autoUv": false, "snapUv": false}}, "children": [{"name": "snow", "from": [0.0, 1.02, 0.0], "to": [5.500000000000001, 2.0, 1.0], "rotationOrigin": [6.8, 4.56, 3.4], "faces": {"north": {"uv": [0.0, 1.02, 5.500000000000001, 2.0], "texture": "#snowcover"}, "east": {"uv": [3.45, 1.02, 4.45, 2.0], "texture": "#snowcover"}, "south": {"uv": [0.0, 1.02, 5.500000000000001, 2.0], "texture": "#snowcover"}, "west": {"uv": [3.45, 1.02, 4.45, 2.0], "texture": "#snowcover"}, "up": {"texture": "#snowcover", "uv": [0.0, 12.0, 4.0, 13.0], "autoUv": false, "snapUv": false}, "down": {"texture": "#snowcover", "uv": [0.0, 12.0, 4.0, 13.0], "rotation": 180, "autoUv": false, "snapUv": false}}}]}, {"name": "7", "from": [7.12, 4.66, 5.1], "to": [13.12, 5.33, 5.7], "rotationOrigin": [7.0, 4.66, 5.2], "rotationX": 3.0, "rotationY": 2.0, "faces": {"north": {"texture": "#material", "uv": [0.0, 12.0, 5.0, 12.5], "autoUv": false, "snapUv": false}, "east": {"texture": "#material", "uv": [0.0, 14.5, 0.5, 15.0], "autoUv": false, "snapUv": false}, "south": {"texture": "#material", "uv": [0.0, 12.0, 5.0, 12.5], "autoUv": false, "snapUv": false}, "west": {"texture": "#material", "uv": [0.0, 15.5, 0.5, 16.0], "autoUv": false, "snapUv": false}, "up": {"texture": "#material", "uv": [0.0, 12.0, 5.0, 12.5], "autoUv": false, "snapUv": false}, "down": {"texture": "#material", "uv": [0.0, 12.0, 5.0, 12.5], "rotation": 180, "autoUv": false, "snapUv": false}}, "children": [{"name": "snow", "from": [0.0, 0.69, 0.0], "to": [5.999999999999999, 1.67, 0.6000000000000005], "rotationOrigin": [7.0, 4.66, 5.2], "faces": {"north": {"uv": [0.0, 0.69, 5.999999999999999, 1.67], "texture": "#snowcover"}, "east": {"uv": [5.1, 0.69, 5.7, 1.67], "texture": "#snowcover"}, "south": {"uv": [0.0, 0.69, 5.999999999999999, 1.67], "texture": "#snowcover"}, "west": {"uv": [5.1, 0.69, 5.7, 1.67], "texture": "#snowcover"}, "up": {"texture": "#snowcover", "uv": [0.0, 12.0, 5.0, 12.5], "autoUv": false, "snapUv": false}, "down": {"texture": "#snowcover", "uv": [0.0, 12.0, 5.0, 12.5], "rotation": 180, "autoUv": false, "snapUv": false}}}]}, {"name": "8", "from": [6.15, 4.66, 6.4], "to": [11.6, 5.66, 7.4], "rotationOrigin": [6.2, 4.66, 6.4], "rotationX": 3.0, "rotationY": 1.0, "faces": {"north": {"texture": "#material", "uv": [0.0, 0.0, 4.0, 1.0], "autoUv": false, "snapUv": false}, "east": {"texture": "#material", "uv": [0.0, 14.5, 1.0, 15.5], "autoUv": false, "snapUv": false}, "south": {"texture": "#material", "uv": [0.0, 0.0, 4.0, 1.0], "autoUv": false, "snapUv": false}, "west": {"texture": "#material", "uv": [0.0, 0.0, 1.0, 1.0], "autoUv": false, "snapUv": false}, "up": {"texture": "#material", "uv": [1.5, 0.0, 5.5, 1.0], "autoUv": false, "snapUv": false}, "down": {"texture": "#material", "uv": [0.0, 0.0, 4.0, 1.0], "rotation": 180, "autoUv": false, "snapUv": false}}, "children": [{"name": "snow", "from": [0.0, 1.02, 0.0], "to": [5.449999999999999, 2.0, 1.0], "rotationOrigin": [6.2, 4.66, 6.4], "faces": {"north": {"uv": [0.0, 1.02, 5.449999999999999, 2.0], "texture": "#snowcover"}, "east": {"uv": [6.4, 1.02, 7.4, 2.0], "texture": "#snowcover"}, "south": {"uv": [0.0, 1.02, 5.449999999999999, 2.0], "texture": "#snowcover"}, "west": {"uv": [6.4, 1.02, 7.4, 2.0], "texture": "#snowcover"}, "up": {"texture": "#snowcover", "uv": [1.5, 0.0, 5.5, 1.0], "autoUv": false, "snapUv": false}, "down": {"texture": "#snowcover", "uv": [0.0, 0.0, 4.0, 1.0], "rotation": 180, "autoUv": false, "snapUv": false}}}]}]}, {"name": "3", "from": [0.0, 0.0, 0.0], "to": [0.0, 0.0, 0.0], "rotationOrigin": [0.0, 0.0, 0.0], "rotationZ": 45.0, "faces": {"north": {"texture": "#null", "uv": [0.0, 0.0, 0.5, 0.5], "enabled": false}, "east": {"texture": "#null", "uv": [0.0, 0.0, 0.5, 0.5], "enabled": false}, "south": {"texture": "#null", "uv": [0.0, 0.0, 0.5, 0.5], "enabled": false}, "west": {"texture": "#null", "uv": [0.0, 0.0, 0.5, 0.5], "enabled": false}, "up": {"texture": "#null", "uv": [0.0, 0.0, 0.5, 0.5], "enabled": false}, "down": {"texture": "#null", "uv": [0.0, 0.0, 0.5, 0.5], "enabled": false}}, "children": [{"name": "0", "from": [-5.6, 4.66, -7.8], "to": [0.42, 5.66, -6.8], "rotationOrigin": [-5.1, 4.66, -8.1], "rotationX": 5.0, "rotationY": -2.0, "faces": {"north": {"texture": "#material", "uv": [0.0, 0.0, 6.5, 1.0], "autoUv": false, "snapUv": false}, "east": {"texture": "#material", "uv": [0.0, 0.0, 1.0, 1.0], "autoUv": false, "snapUv": false}, "south": {"texture": "#material", "uv": [0.0, 0.0, 6.5, 1.0], "autoUv": false, "snapUv": false}, "west": {"texture": "#material", "uv": [0.5, 14.0, 1.5, 15.0], "autoUv": false, "snapUv": false}, "up": {"texture": "#material", "uv": [0.0, 0.0, 6.5, 1.0], "autoUv": false, "snapUv": false}, "down": {"texture": "#material", "uv": [0.0, 0.0, 6.5, 1.0], "rotation": 180, "autoUv": false, "snapUv": false}}, "children": [{"name": "snow", "from": [0.0, 1.02, 0.0], "to": [6.02, 2.0, 1.0], "rotationOrigin": [-5.1, 4.66, -8.1], "faces": {"north": {"uv": [0.0, 1.02, 6.02, 2.0], "texture": "#snowcover"}, "east": {"uv": [0, 1.02, 0, 2.0], "texture": "#snowcover"}, "south": {"uv": [0.0, 1.02, 6.02, 2.0], "texture": "#snowcover"}, "west": {"uv": [0, 1.02, 0, 2.0], "texture": "#snowcover"}, "up": {"texture": "#snowcover", "uv": [0.0, 0.0, 6.5, 1.0], "autoUv": false, "snapUv": false}, "down": {"texture": "#snowcover", "uv": [0.0, 0.0, 6.5, 1.0], "rotation": 180, "autoUv": false, "snapUv": false}}}]}, {"name": "1", "from": [-5.5, 4.66, -5.9], "to": [-0.1, 5.76, -4.9], "rotationOrigin": [-4.9, 4.66, -5.9], "rotationX": 12.0, "rotationY": 2.0, "faces": {"north": {"texture": "#material", "uv": [0.0, 2.0, 5.0, 3.0], "autoUv": false, "snapUv": false}, "east": {"texture": "#material", "uv": [0.0, 2.0, 1.0, 3.0], "autoUv": false, "snapUv": false}, "south": {"texture": "#material", "uv": [0.0, 2.0, 5.0, 3.0], "autoUv": false, "snapUv": false}, "west": {"texture": "#material", "uv": [1.0, 14.0, 2.0, 15.0], "autoUv": false, "snapUv": false}, "up": {"texture": "#material", "uv": [0.0, 2.0, 5.0, 3.0], "autoUv": false, "snapUv": false}, "down": {"texture": "#material", "uv": [0.0, 2.0, 5.0, 3.0], "rotation": 180, "autoUv": false, "snapUv": false}}, "children": [{"name": "snow", "from": [0.0, 1.1199999999999997, 0.0], "to": [5.4, 2.0999999999999996, 1.0], "rotationOrigin": [-4.9, 4.66, -5.9], "faces": {"north": {"uv": [0.0, 1.1199999999999997, 5.4, 2.0999999999999996], "texture": "#snowcover"}, "east": {"uv": [0, 1.1199999999999997, 0, 2.0999999999999996], "texture": "#snowcover"}, "south": {"uv": [0.0, 1.1199999999999997, 5.4, 2.0999999999999996], "texture": "#snowcover"}, "west": {"uv": [0, 1.1199999999999997, 0, 2.0999999999999996], "texture": "#snowcover"}, "up": {"texture": "#snowcover", "uv": [0.0, 2.0, 5.0, 3.0], "autoUv": false, "snapUv": false}, "down": {"texture": "#snowcover", "uv": [0.0, 2.0, 5.0, 3.0], "rotation": 180, "autoUv": false, "snapUv": false}}}]}, {"name": "2", "from": [-5.7, 4.66, -3.9], "to": [0.45, 5.66, -2.9], "rotationOrigin": [-5.2, 4.66, -3.9], "rotationX": -2.0, "rotationY": -3.0, "faces": {"north": {"texture": "#material", "uv": [0.0, 4.0, 6.0, 5.0], "autoUv": false, "snapUv": false}, "east": {"texture": "#material", "uv": [0.0, 4.0, 1.0, 5.0], "autoUv": false, "snapUv": false}, "south": {"texture": "#material", "uv": [0.0, 4.0, 6.0, 5.0], "autoUv": false, "snapUv": false}, "west": {"texture": "#material", "uv": [0.5, 14.5, 1.5, 15.5], "autoUv": false, "snapUv": false}, "up": {"texture": "#material", "uv": [0.0, 4.0, 6.0, 5.0], "autoUv": false, "snapUv": false}, "down": {"texture": "#material", "uv": [0.0, 4.0, 6.0, 5.0], "rotation": 180, "autoUv": false, "snapUv": false}}, "children": [{"name": "snow", "from": [0.0, 1.02, 0.0], "to": [6.15, 2.0, 1.0], "rotationOrigin": [-5.2, 4.66, -3.9], "faces": {"north": {"uv": [0.0, 1.02, 6.15, 2.0], "texture": "#snowcover"}, "east": {"uv": [0, 1.02, 0, 2.0], "texture": "#snowcover"}, "south": {"uv": [0.0, 1.02, 6.15, 2.0], "texture": "#snowcover"}, "west": {"uv": [0, 1.02, 0, 2.0], "texture": "#snowcover"}, "up": {"texture": "#snowcover", "uv": [0.0, 4.0, 6.0, 5.0], "autoUv": false, "snapUv": false}, "down": {"texture": "#snowcover", "uv": [0.0, 4.0, 6.0, 5.0], "rotation": 180, "autoUv": false, "snapUv": false}}}]}, {"name": "3", "from": [-5.6, 4.66, -2.0], "to": [0.6, 5.66, -0.96], "rotationOrigin": [-5.0, 4.66, -2.0], "rotationX": 14.0, "rotationY": 2.0, "faces": {"north": {"texture": "#material", "uv": [0.0, 6.0, 7.0, 7.0], "autoUv": false, "snapUv": false}, "east": {"texture": "#material", "uv": [0.0, 6.0, 1.0, 7.0], "autoUv": false, "snapUv": false}, "south": {"texture": "#material", "uv": [0.0, 6.0, 7.0, 7.0], "autoUv": false, "snapUv": false}, "west": {"texture": "#material", "uv": [0.0, 14.0, 1.0, 15.0], "autoUv": false, "snapUv": false}, "up": {"texture": "#material", "uv": [0.0, 6.0, 7.0, 7.0], "autoUv": false, "snapUv": false}, "down": {"texture": "#material", "uv": [1.0, 4.0, 8.0, 5.0], "rotation": 180, "autoUv": false, "snapUv": false}}, "children": [{"name": "snow", "from": [0.0, 1.02, 0.0], "to": [6.199999999999999, 2.0, 1.04], "rotationOrigin": [-5.0, 4.66, -2.0], "faces": {"north": {"uv": [0.0, 1.02, 6.199999999999999, 2.0], "texture": "#snowcover"}, "east": {"uv": [0, 1.02, 0, 2.0], "texture": "#snowcover"}, "south": {"uv": [0.0, 1.02, 6.199999999999999, 2.0], "texture": "#snowcover"}, "west": {"uv": [0, 1.02, 0, 2.0], "texture": "#snowcover"}, "up": {"texture": "#snowcover", "uv": [0.0, 6.0, 7.0, 7.0], "autoUv": false, "snapUv": false}, "down": {"texture": "#snowcover", "uv": [1.0, 4.0, 8.0, 5.0], "rotation": 180, "autoUv": false, "snapUv": false}}}]}, {"name": "4", "from": [-5.9, 4.66, 0.2], "to": [0.2, 5.66, 0.7], "rotationOrigin": [-5.4, 4.66, 0.2], "rotationX": 3.0, "rotationY": 4.0, "faces": {"north": {"texture": "#material", "uv": [0.0, 8.0, 6.0, 9.0], "autoUv": false, "snapUv": false}, "east": {"texture": "#material", "uv": [0.0, 9.0, 0.5, 10.0], "autoUv": false, "snapUv": false}, "south": {"texture": "#material", "uv": [0.0, 8.0, 6.0, 9.0], "autoUv": false, "snapUv": false}, "west": {"texture": "#material", "uv": [1.0, 15.0, 1.5, 16.0], "autoUv": false, "snapUv": false}, "up": {"texture": "#material", "uv": [0.0, 8.0, 6.0, 8.5], "autoUv": false, "snapUv": false}, "down": {"texture": "#material", "uv": [0.0, 8.0, 6.0, 8.5], "rotation": 180, "autoUv": false, "snapUv": false}}, "children": [{"name": "snow", "from": [0.0, 1.02, 0.0], "to": [6.1000000000000005, 2.0, 0.49999999999999994], "rotationOrigin": [-5.4, 4.66, 0.2], "faces": {"north": {"uv": [0.0, 1.02, 6.1000000000000005, 2.0], "texture": "#snowcover"}, "east": {"uv": [0.2, 1.02, 0.7, 2.0], "texture": "#snowcover"}, "south": {"uv": [0.0, 1.02, 6.1000000000000005, 2.0], "texture": "#snowcover"}, "west": {"uv": [0.2, 1.02, 0.7, 2.0], "texture": "#snowcover"}, "up": {"texture": "#snowcover", "uv": [0.0, 8.0, 6.0, 8.5], "autoUv": false, "snapUv": false}, "down": {"texture": "#snowcover", "uv": [0.0, 8.0, 6.0, 8.5], "rotation": 180, "autoUv": false, "snapUv": false}}}]}, {"name": "5", "from": [-5.5, 4.66, 1.4], "to": [-0.1, 5.66, 2.4], "rotationOrigin": [-5.0, 4.66, 1.8], "rotationX": 18.0, "rotationY": -1.0, "faces": {"north": {"texture": "#material", "uv": [0.0, 10.0, 5.0, 11.0], "autoUv": false, "snapUv": false}, "east": {"texture": "#material", "uv": [0.0, 10.0, 1.0, 11.0], "autoUv": false, "snapUv": false}, "south": {"texture": "#material", "uv": [0.0, 10.0, 5.0, 11.0], "autoUv": false, "snapUv": false}, "west": {"texture": "#material", "uv": [0.0, 15.0, 1.0, 16.0], "autoUv": false, "snapUv": false}, "up": {"texture": "#material", "uv": [0.0, 10.0, 5.0, 11.0], "autoUv": false, "snapUv": false}, "down": {"texture": "#material", "uv": [0.0, 10.0, 5.0, 11.0], "rotation": 180, "autoUv": false, "snapUv": false}}, "children": [{"name": "snow", "from": [0.0, 1.02, 0.0], "to": [5.4, 2.0, 1.0], "rotationOrigin": [-5.0, 4.66, 1.8], "faces": {"north": {"uv": [0.0, 1.02, 5.4, 2.0], "texture": "#snowcover"}, "east": {"uv": [1.4, 1.02, 2.4, 2.0], "texture": "#snowcover"}, "south": {"uv": [0.0, 1.02, 5.4, 2.0], "texture": "#snowcover"}, "west": {"uv": [1.4, 1.02, 2.4, 2.0], "texture": "#snowcover"}, "up": {"texture": "#snowcover", "uv": [0.0, 10.0, 5.0, 11.0], "autoUv": false, "snapUv": false}, "down": {"texture": "#snowcover", "uv": [0.0, 10.0, 5.0, 11.0], "rotation": 180, "autoUv": false, "snapUv": false}}}]}, {"name": "6", "from": [-5.7, 4.66, 3.7], "to": [1.0, 5.66, 4.7], "rotationOrigin": [-5.2, 4.66, 3.7], "rotationX": -6.0, "rotationY": 2.0, "faces": {"north": {"texture": "#material", "uv": [0.0, 12.0, 7.5, 13.0], "autoUv": false, "snapUv": false}, "east": {"texture": "#material", "uv": [0.0, 12.0, 1.0, 13.0], "autoUv": false, "snapUv": false}, "south": {"texture": "#material", "uv": [0.0, 12.0, 7.5, 13.0], "autoUv": false, "snapUv": false}, "west": {"texture": "#material", "uv": [0.5, 15.0, 1.5, 16.0], "autoUv": false, "snapUv": false}, "up": {"texture": "#material", "uv": [0.0, 12.0, 7.5, 13.0], "autoUv": false, "snapUv": false}, "down": {"texture": "#material", "uv": [0.0, 12.0, 7.5, 13.0], "rotation": 180, "autoUv": false, "snapUv": false}}, "children": [{"name": "snow", "from": [0.0, 1.02, 0.0], "to": [6.7, 2.0, 1.0], "rotationOrigin": [-5.2, 4.66, 3.7], "faces": {"north": {"uv": [0.0, 1.02, 6.7, 2.0], "texture": "#snowcover"}, "east": {"uv": [3.7, 1.02, 4.7, 2.0], "texture": "#snowcover"}, "south": {"uv": [0.0, 1.02, 6.7, 2.0], "texture": "#snowcover"}, "west": {"uv": [3.7, 1.02, 4.7, 2.0], "texture": "#snowcover"}, "up": {"texture": "#snowcover", "uv": [0.0, 12.0, 7.5, 13.0], "autoUv": false, "snapUv": false}, "down": {"texture": "#snowcover", "uv": [0.0, 12.0, 7.5, 13.0], "rotation": 180, "autoUv": false, "snapUv": false}}}]}, {"name": "7", "from": [-5.8, 4.66, 5.1], "to": [0.8, 5.33, 5.7], "rotationOrigin": [-5.2, 4.66, 5.0], "rotationX": -1.0, "rotationY": 2.0, "faces": {"north": {"texture": "#material", "uv": [0.0, 12.0, 6.5, 12.5], "autoUv": false, "snapUv": false}, "east": {"texture": "#material", "uv": [0.0, 14.5, 0.5, 15.0], "autoUv": false, "snapUv": false}, "south": {"texture": "#material", "uv": [0.0, 12.0, 6.5, 12.5], "autoUv": false, "snapUv": false}, "west": {"texture": "#material", "uv": [0.5, 15.0, 1.0, 15.5], "autoUv": false, "snapUv": false}, "up": {"texture": "#material", "uv": [0.0, 12.0, 6.5, 12.5], "autoUv": false, "snapUv": false}, "down": {"texture": "#material", "uv": [0.0, 12.0, 6.5, 12.5], "rotation": 180, "autoUv": false, "snapUv": false}}, "children": [{"name": "snow", "from": [0.0, 0.69, 0.0], "to": [6.6, 1.67, 0.6000000000000005], "rotationOrigin": [-5.2, 4.66, 5.0], "faces": {"north": {"uv": [0.0, 0.69, 6.6, 1.67], "texture": "#snowcover"}, "east": {"uv": [5.1, 0.69, 5.7, 1.67], "texture": "#snowcover"}, "south": {"uv": [0.0, 0.69, 6.6, 1.67], "texture": "#snowcover"}, "west": {"uv": [5.1, 0.69, 5.7, 1.67], "texture": "#snowcover"}, "up": {"texture": "#snowcover", "uv": [0.0, 12.0, 6.5, 12.5], "autoUv": false, "snapUv": false}, "down": {"texture": "#snowcover", "uv": [0.0, 12.0, 6.5, 12.5], "rotation": 180, "autoUv": false, "snapUv": false}}}]}, {"name": "8", "from": [-5.5, 4.66, 6.4], "to": [0.9, 5.66, 7.4], "rotationOrigin": [-4.9, 4.66, 6.4], "rotationX": 6.0, "rotationY": 1.0, "faces": {"north": {"texture": "#material", "uv": [2.5, 12.5, 8.5, 13.5], "autoUv": false, "snapUv": false}, "east": {"texture": "#material", "uv": [0.0, 14.0, 1.0, 15.0], "autoUv": false, "snapUv": false}, "south": {"texture": "#material", "uv": [4.0, 13.0, 10.0, 14.0], "autoUv": false, "snapUv": false}, "west": {"texture": "#material", "uv": [0.0, 14.0, 1.0, 15.0], "autoUv": false, "snapUv": false}, "up": {"texture": "#material", "uv": [3.5, 9.5, 9.5, 10.5], "autoUv": false, "snapUv": false}, "down": {"texture": "#material", "uv": [5.5, 8.5, 11.5, 9.5], "rotation": 180, "autoUv": false, "snapUv": false}}, "children": [{"name": "snow", "from": [0.0, 1.02, 0.0], "to": [6.4, 2.0, 1.0], "rotationOrigin": [-4.9, 4.66, 6.4], "faces": {"north": {"uv": [0.0, 1.02, 6.4, 2.0], "texture": "#snowcover"}, "east": {"uv": [6.4, 1.02, 7.4, 2.0], "texture": "#snowcover"}, "south": {"uv": [0.0, 1.02, 6.4, 2.0], "texture": "#snowcover"}, "west": {"uv": [6.4, 1.02, 7.4, 2.0], "texture": "#snowcover"}, "up": {"texture": "#snowcover", "uv": [3.5, 9.5, 9.5, 10.5], "autoUv": false, "snapUv": false}, "down": {"texture": "#snowcover", "uv": [5.5, 8.5, 11.5, 9.5], "rotation": 180, "autoUv": false, "snapUv": false}}}]}]}, {"name": "2", "from": [0.0, 0.0, 0.0], "to": [0.0, 0.0, 0.0], "rotationOrigin": [0.0, 0.0, 0.0], "rotationZ": 45.0, "faces": {"north": {"texture": "#null", "uv": [0.0, 0.0, 0.5, 0.5], "enabled": false}, "east": {"texture": "#null", "uv": [0.0, 0.0, 0.5, 0.5], "enabled": false}, "south": {"texture": "#null", "uv": [0.0, 0.0, 0.5, 0.5], "enabled": false}, "west": {"texture": "#null", "uv": [0.0, 0.0, 0.5, 0.5], "enabled": false}, "up": {"texture": "#null", "uv": [0.0, 0.0, 0.5, 0.5], "enabled": false}, "down": {"texture": "#null", "uv": [0.0, 0.0, 0.5, 0.5], "enabled": false}}, "children": [{"name": "0", "from": [0.0, 4.66, -7.55], "to": [5.84, 5.66, -6.55], "rotationOrigin": [0.1, 4.66, -7.8], "rotationX": 4.0, "rotationY": 3.0, "faces": {"north": {"texture": "#material", "uv": [6.0, 0.0, 12.0, 1.0], "autoUv": false, "snapUv": false}, "east": {"texture": "#material", "uv": [0.0, 0.0, 1.0, 1.0], "autoUv": false, "snapUv": false}, "south": {"texture": "#material", "uv": [6.0, 0.0, 12.0, 1.0], "autoUv": false, "snapUv": false}, "west": {"texture": "#material", "uv": [0.0, 0.0, 1.0, 1.0], "autoUv": false, "snapUv": false}, "up": {"texture": "#material", "uv": [6.0, 0.0, 12.0, 1.0], "autoUv": false, "snapUv": false}, "down": {"texture": "#material", "uv": [6.0, 0.0, 12.0, 1.0], "rotation": 180, "autoUv": false, "snapUv": false}}, "children": [{"name": "snow", "from": [0.0, 1.02, 0.0], "to": [5.84, 2.0, 1.0], "rotationOrigin": [0.1, 4.66, -7.8], "faces": {"north": {"uv": [0.0, 1.02, 5.84, 2.0], "texture": "#snowcover"}, "east": {"uv": [0, 1.02, 0, 2.0], "texture": "#snowcover"}, "south": {"uv": [0.0, 1.02, 5.84, 2.0], "texture": "#snowcover"}, "west": {"uv": [0, 1.02, 0, 2.0], "texture": "#snowcover"}, "up": {"texture": "#snowcover", "uv": [6.0, 0.0, 12.0, 1.0], "autoUv": false, "snapUv": false}, "down": {"texture": "#snowcover", "uv": [6.0, 0.0, 12.0, 1.0], "rotation": 180, "autoUv": false, "snapUv": false}}}]}, {"name": "1", "from": [-0.23, 4.56, -6.0], "to": [5.77, 5.66, -5.0], "rotationOrigin": [-0.2, 4.66, -6.0], "rotationX": -3.0, "rotationY": -2.0, "faces": {"north": {"texture": "#material", "uv": [5.0, 2.0, 11.0, 3.0], "autoUv": false, "snapUv": false}, "east": {"texture": "#material", "uv": [0.0, 2.0, 1.0, 3.0], "autoUv": false, "snapUv": false}, "south": {"texture": "#material", "uv": [5.0, 2.0, 11.0, 3.0], "autoUv": false, "snapUv": false}, "west": {"texture": "#material", "uv": [0.0, 2.0, 1.0, 3.0], "autoUv": false, "snapUv": false}, "up": {"texture": "#material", "uv": [5.0, 2.0, 11.0, 3.0], "autoUv": false, "snapUv": false}, "down": {"texture": "#material", "uv": [5.0, 2.0, 11.0, 3.0], "rotation": 180, "autoUv": false, "snapUv": false}}, "children": [{"name": "snow", "from": [0.0, 1.1200000000000006, 0.0], "to": [6.0, 2.1000000000000005, 1.0], "rotationOrigin": [-0.2, 4.66, -6.0], "faces": {"north": {"uv": [0.0, 1.1200000000000006, 6.0, 2.1000000000000005], "texture": "#snowcover"}, "east": {"uv": [0, 1.1200000000000006, 0, 2.1000000000000005], "texture": "#snowcover"}, "south": {"uv": [0.0, 1.1200000000000006, 6.0, 2.1000000000000005], "texture": "#snowcover"}, "west": {"uv": [0, 1.1200000000000006, 0, 2.1000000000000005], "texture": "#snowcover"}, "up": {"texture": "#snowcover", "uv": [5.0, 2.0, 11.0, 3.0], "autoUv": false, "snapUv": false}, "down": {"texture": "#snowcover", "uv": [5.0, 2.0, 11.0, 3.0], "rotation": 180, "autoUv": false, "snapUv": false}}}]}, {"name": "2", "from": [0.2, 4.56, -3.65], "to": [6.2, 5.56, -2.65], "rotationOrigin": [-0.2, 4.66, -4.0], "rotationX": -9.0, "rotationY": 3.0, "faces": {"north": {"texture": "#material", "uv": [5.0, 4.0, 11.0, 5.0], "autoUv": false, "snapUv": false}, "east": {"texture": "#material", "uv": [0.0, 4.0, 1.0, 5.0], "autoUv": false, "snapUv": false}, "south": {"texture": "#material", "uv": [5.0, 4.0, 11.0, 5.0], "autoUv": false, "snapUv": false}, "west": {"texture": "#material", "uv": [0.0, 4.0, 1.0, 5.0], "autoUv": false, "snapUv": false}, "up": {"texture": "#material", "uv": [4.5, 5.0, 10.5, 6.0], "autoUv": false, "snapUv": false}, "down": {"texture": "#material", "uv": [5.0, 4.0, 11.0, 5.0], "rotation": 180, "autoUv": false, "snapUv": false}}, "children": [{"name": "snow", "from": [0.0, 1.02, 0.0], "to": [6.0, 2.0, 1.0], "rotationOrigin": [-0.2, 4.66, -4.0], "faces": {"north": {"uv": [0.0, 1.02, 6.0, 2.0], "texture": "#snowcover"}, "east": {"uv": [0, 1.02, 0, 2.0], "texture": "#snowcover"}, "south": {"uv": [0.0, 1.02, 6.0, 2.0], "texture": "#snowcover"}, "west": {"uv": [0, 1.02, 0, 2.0], "texture": "#snowcover"}, "up": {"texture": "#snowcover", "uv": [4.5, 5.0, 10.5, 6.0], "autoUv": false, "snapUv": false}, "down": {"texture": "#snowcover", "uv": [5.0, 4.0, 11.0, 5.0], "rotation": 180, "autoUv": false, "snapUv": false}}}]}, {"name": "3", "from": [0.4, 4.66, -2.3], "to": [6.4, 5.66, -1.26], "rotationOrigin": [0.8, 4.66, -2.1], "rotationX": 12.0, "faces": {"north": {"texture": "#material", "uv": [6.5, 6.0, 12.5, 7.0], "autoUv": false, "snapUv": false}, "east": {"texture": "#material", "uv": [0.0, 6.0, 1.0, 7.0], "autoUv": false, "snapUv": false}, "south": {"texture": "#material", "uv": [6.5, 6.0, 12.5, 7.0], "autoUv": false, "snapUv": false}, "west": {"texture": "#material", "uv": [0.0, 6.0, 1.0, 7.0], "autoUv": false, "snapUv": false}, "up": {"texture": "#material", "uv": [6.5, 6.0, 12.5, 7.0], "autoUv": false, "snapUv": false}, "down": {"texture": "#material", "uv": [2.5, 6.0, 8.5, 7.0], "rotation": 180, "autoUv": false, "snapUv": false}}, "children": [{"name": "snow", "from": [0.0, 1.02, 0.0], "to": [6.0, 2.0, 1.0399999999999998], "rotationOrigin": [0.8, 4.66, -2.1], "faces": {"north": {"uv": [0.0, 1.02, 6.0, 2.0], "texture": "#snowcover"}, "east": {"uv": [0, 1.02, 0, 2.0], "texture": "#snowcover"}, "south": {"uv": [0.0, 1.02, 6.0, 2.0], "texture": "#snowcover"}, "west": {"uv": [0, 1.02, 0, 2.0], "texture": "#snowcover"}, "up": {"texture": "#snowcover", "uv": [6.5, 6.0, 12.5, 7.0], "autoUv": false, "snapUv": false}, "down": {"texture": "#snowcover", "uv": [2.5, 6.0, 8.5, 7.0], "rotation": 180, "autoUv": false, "snapUv": false}}}]}, {"name": "4", "from": [0.2, 4.66, -0.3], "to": [5.95, 5.66, 0.3], "rotationOrigin": [0.8, 4.66, 0.1], "rotationX": 6.0, "faces": {"north": {"texture": "#material", "uv": [6.0, 8.0, 10.0, 9.0], "autoUv": false, "snapUv": false}, "east": {"texture": "#material", "uv": [0.0, 8.0, 0.5, 9.0], "autoUv": false, "snapUv": false}, "south": {"texture": "#material", "uv": [6.0, 8.0, 10.0, 9.0], "autoUv": false, "snapUv": false}, "west": {"texture": "#material", "uv": [0.0, 8.0, 0.5, 9.0], "autoUv": false, "snapUv": false}, "up": {"texture": "#material", "uv": [4.0, 6.0, 8.0, 6.5], "autoUv": false, "snapUv": false}, "down": {"texture": "#material", "uv": [6.0, 8.0, 10.0, 8.5], "rotation": 180, "autoUv": false, "snapUv": false}}, "children": [{"name": "snow", "from": [0.0, 1.02, 0.0], "to": [5.75, 2.0, 0.6], "rotationOrigin": [0.8, 4.66, 0.1], "faces": {"north": {"uv": [0.0, 1.02, 5.75, 2.0], "texture": "#snowcover"}, "east": {"uv": [0, 1.02, 0.3, 2.0], "texture": "#snowcover"}, "south": {"uv": [0.0, 1.02, 5.75, 2.0], "texture": "#snowcover"}, "west": {"uv": [0, 1.02, 0.3, 2.0], "texture": "#snowcover"}, "up": {"texture": "#snowcover", "uv": [4.0, 6.0, 8.0, 6.5], "autoUv": false, "snapUv": false}, "down": {"texture": "#snowcover", "uv": [6.0, 8.0, 10.0, 8.5], "rotation": 180, "autoUv": false, "snapUv": false}}}]}, {"name": "5", "from": [-0.24, 4.56, 1.6], "to": [5.8, 5.56, 2.64], "rotationOrigin": [-0.2, 4.66, 1.7], "rotationX": -4.0, "faces": {"north": {"texture": "#material", "uv": [5.0, 10.0, 11.0, 11.0], "autoUv": false, "snapUv": false}, "east": {"texture": "#material", "uv": [0.0, 10.0, 1.0, 11.0], "autoUv": false, "snapUv": false}, "south": {"texture": "#material", "uv": [5.0, 10.0, 11.0, 11.0], "autoUv": false, "snapUv": false}, "west": {"texture": "#material", "uv": [0.0, 10.0, 1.0, 11.0], "autoUv": false, "snapUv": false}, "up": {"texture": "#material", "uv": [5.0, 10.0, 11.0, 11.0], "autoUv": false, "snapUv": false}, "down": {"texture": "#material", "uv": [5.0, 10.0, 11.0, 11.0], "rotation": 180, "autoUv": false, "snapUv": false}}, "children": [{"name": "snow", "from": [0.0, 1.02, 0.0], "to": [6.04, 2.0, 1.04], "rotationOrigin": [-0.2, 4.66, 1.7], "faces": {"north": {"uv": [0.0, 1.02, 6.04, 2.0], "texture": "#snowcover"}, "east": {"uv": [1.6, 1.02, 2.64, 2.0], "texture": "#snowcover"}, "south": {"uv": [0.0, 1.02, 6.04, 2.0], "texture": "#snowcover"}, "west": {"uv": [1.6, 1.02, 2.64, 2.0], "texture": "#snowcover"}, "up": {"texture": "#snowcover", "uv": [5.0, 10.0, 11.0, 11.0], "autoUv": false, "snapUv": false}, "down": {"texture": "#snowcover", "uv": [5.0, 10.0, 11.0, 11.0], "rotation": 180, "autoUv": false, "snapUv": false}}}]}, {"name": "6", "from": [0.8, 4.66, 3.3], "to": [6.8, 5.66, 4.3], "rotationOrigin": [0.8, 4.66, 3.6], "rotationX": 8.0, "faces": {"north": {"texture": "#material", "uv": [7.5, 12.0, 13.5, 13.0], "autoUv": false, "snapUv": false}, "east": {"texture": "#material", "uv": [0.0, 14.0, 1.0, 15.0], "autoUv": false, "snapUv": false}, "south": {"texture": "#material", "uv": [7.5, 12.0, 13.5, 13.0], "autoUv": false, "snapUv": false}, "west": {"texture": "#material", "uv": [0.0, 12.0, 0.5, 12.5], "autoUv": false, "snapUv": false}, "up": {"texture": "#material", "uv": [7.5, 12.0, 13.5, 13.0], "autoUv": false, "snapUv": false}, "down": {"texture": "#material", "uv": [7.5, 12.0, 13.5, 13.0], "rotation": 180, "autoUv": false, "snapUv": false}}, "children": [{"name": "snow", "from": [0.0, 1.02, 0.0], "to": [6.0, 2.0, 1.0], "rotationOrigin": [0.8, 4.66, 3.6], "faces": {"north": {"uv": [0.0, 1.02, 6.0, 2.0], "texture": "#snowcover"}, "east": {"uv": [3.3, 1.02, 4.3, 2.0], "texture": "#snowcover"}, "south": {"uv": [0.0, 1.02, 6.0, 2.0], "texture": "#snowcover"}, "west": {"uv": [3.3, 1.02, 4.3, 2.0], "texture": "#snowcover"}, "up": {"texture": "#snowcover", "uv": [7.5, 12.0, 13.5, 13.0], "autoUv": false, "snapUv": false}, "down": {"texture": "#snowcover", "uv": [7.5, 12.0, 13.5, 13.0], "rotation": 180, "autoUv": false, "snapUv": false}}}]}, {"name": "7", "from": [0.7, 4.66, 4.74], "to": [7.2, 5.33, 5.34], "rotationOrigin": [0.5, 4.66, 4.9], "rotationX": 3.0, "rotationY": -2.0, "faces": {"north": {"texture": "#material", "uv": [0.0, 12.0, 6.5, 12.5], "autoUv": false, "snapUv": false}, "east": {"texture": "#material", "uv": [0.0, 12.0, 0.5, 12.5], "autoUv": false, "snapUv": false}, "south": {"texture": "#material", "uv": [0.0, 12.0, 6.5, 12.5], "autoUv": false, "snapUv": false}, "west": {"texture": "#material", "uv": [0.0, 12.0, 0.5, 12.5], "autoUv": false, "snapUv": false}, "up": {"texture": "#material", "uv": [0.0, 12.0, 6.5, 12.5], "autoUv": false, "snapUv": false}, "down": {"texture": "#material", "uv": [0.0, 12.0, 6.5, 12.5], "rotation": 180, "autoUv": false, "snapUv": false}}, "children": [{"name": "snow", "from": [0.0, 0.69, 0.0], "to": [6.5, 1.67, 0.5999999999999996], "rotationOrigin": [0.5, 4.66, 4.9], "faces": {"north": {"uv": [0.0, 0.69, 6.5, 1.67], "texture": "#snowcover"}, "east": {"uv": [4.74, 0.69, 5.34, 1.67], "texture": "#snowcover"}, "south": {"uv": [0.0, 0.69, 6.5, 1.67], "texture": "#snowcover"}, "west": {"uv": [4.74, 0.69, 5.34, 1.67], "texture": "#snowcover"}, "up": {"texture": "#snowcover", "uv": [0.0, 12.0, 6.5, 12.5], "autoUv": false, "snapUv": false}, "down": {"texture": "#snowcover", "uv": [0.0, 12.0, 6.5, 12.5], "rotation": 180, "autoUv": false, "snapUv": false}}}]}, {"name": "8", "from": [0.8, 4.58, 6.3], "to": [6.8, 5.58, 7.3], "rotationOrigin": [0.8, 4.66, 6.3], "rotationX": -3.0, "faces": {"north": {"texture": "#material", "uv": [6.0, 14.0, 12.0, 15.0], "autoUv": false, "snapUv": false}, "east": {"texture": "#material", "uv": [0.0, 14.0, 1.0, 15.0], "autoUv": false, "snapUv": false}, "south": {"texture": "#material", "uv": [6.0, 14.0, 12.0, 15.0], "autoUv": false, "snapUv": false}, "west": {"texture": "#material", "uv": [4.0, 11.0, 5.0, 12.0], "autoUv": false, "snapUv": false}, "up": {"texture": "#material", "uv": [7.5, 13.0, 13.5, 14.0], "autoUv": false, "snapUv": false}, "down": {"texture": "#material", "uv": [6.0, 14.0, 12.0, 15.0], "rotation": 180, "autoUv": false, "snapUv": false}}, "children": [{"name": "snow", "from": [0.0, 1.02, 0.0], "to": [6.0, 2.0, 1.0], "rotationOrigin": [0.8, 4.66, 6.3], "faces": {"north": {"uv": [0.0, 1.02, 6.0, 2.0], "texture": "#snowcover"}, "east": {"uv": [6.3, 1.02, 7.3, 2.0], "texture": "#snowcover"}, "south": {"uv": [0.0, 1.02, 6.0, 2.0], "texture": "#snowcover"}, "west": {"uv": [6.3, 1.02, 7.3, 2.0], "texture": "#snowcover"}, "up": {"texture": "#snowcover", "uv": [7.5, 13.0, 13.5, 14.0], "autoUv": false, "snapUv": false}, "down": {"texture": "#snowcover", "uv": [6.0, 14.0, 12.0, 15.0], "rotation": 180, "autoUv": false, "snapUv": false}}}]}]}, {"name": "0", "from": [0.0, 0.0, 0.0], "to": [0.0, 0.0, 0.0], "rotationOrigin": [0.0, 0.0, 0.0], "rotationZ": 45.0, "faces": {"north": {"texture": "#null", "uv": [0.0, 0.0, 0.5, 0.5], "enabled": false}, "east": {"texture": "#null", "uv": [0.0, 0.0, 0.5, 0.5], "enabled": false}, "south": {"texture": "#null", "uv": [0.0, 0.0, 0.5, 0.5], "enabled": false}, "west": {"texture": "#null", "uv": [0.0, 0.0, 0.5, 0.5], "enabled": false}, "up": {"texture": "#null", "uv": [0.0, 0.0, 0.5, 0.5], "enabled": false}, "down": {"texture": "#null", "uv": [0.0, 0.0, 0.5, 0.5], "enabled": false}}, "children": [{"name": "0", "from": [10.6, 4.66, -7.85], "to": [17.13, 5.66, -6.85], "rotationOrigin": [10.7, 4.66, -8.1], "rotationX": -6.0, "rotationY": 0.5, "faces": {"north": {"texture": "#material", "uv": [6.0, 0.0, 12.0, 1.0], "autoUv": false, "snapUv": false}, "east": {"texture": "#material", "uv": [0.0, 0.0, 1.0, 1.0], "autoUv": false, "snapUv": false}, "south": {"texture": "#material", "uv": [6.0, 0.0, 12.0, 1.0], "autoUv": false, "snapUv": false}, "west": {"texture": "#material", "uv": [0.0, 0.0, 1.0, 1.0], "autoUv": false, "snapUv": false}, "up": {"texture": "#material", "uv": [6.0, 0.0, 12.0, 1.0], "autoUv": false, "snapUv": false}, "down": {"texture": "#material", "uv": [6.0, 0.0, 12.0, 1.0], "rotation": 180, "autoUv": false, "snapUv": false}}, "children": [{"name": "snow", "from": [0.0, 1.02, 0.0], "to": [6.529999999999999, 2.0, 1.0], "rotationOrigin": [10.7, 4.66, -8.1], "faces": {"north": {"uv": [0.0, 1.02, 6.529999999999999, 2.0], "texture": "#snowcover"}, "east": {"uv": [0, 1.02, 0, 2.0], "texture": "#snowcover"}, "south": {"uv": [0.0, 1.02, 6.529999999999999, 2.0], "texture": "#snowcover"}, "west": {"uv": [0, 1.02, 0, 2.0], "texture": "#snowcover"}, "up": {"texture": "#snowcover", "uv": [6.0, 0.0, 12.0, 1.0], "autoUv": false, "snapUv": false}, "down": {"texture": "#snowcover", "uv": [6.0, 0.0, 12.0, 1.0], "rotation": 180, "autoUv": false, "snapUv": false}}}]}, {"name": "1", "from": [10.7, 4.66, -6.0], "to": [17.1, 5.76, -5.0], "rotationOrigin": [10.7, 4.66, -6.0], "rotationX": 5.0, "rotationY": 2.0, "faces": {"north": {"texture": "#material", "uv": [0.0, 2.0, 5.0, 3.0], "autoUv": false, "snapUv": false}, "east": {"texture": "#material", "uv": [0.5, 14.0, 1.5, 15.0], "autoUv": false, "snapUv": false}, "south": {"texture": "#material", "uv": [0.0, 2.0, 5.0, 3.0], "autoUv": false, "snapUv": false}, "west": {"texture": "#material", "uv": [0.0, 2.0, 1.0, 3.0], "autoUv": false, "snapUv": false}, "up": {"texture": "#material", "uv": [0.0, 2.0, 5.0, 3.0], "autoUv": false, "snapUv": false}, "down": {"texture": "#material", "uv": [0.0, 2.0, 5.0, 3.0], "rotation": 180, "autoUv": false, "snapUv": false}}, "children": [{"name": "snow", "from": [0.0, 1.1199999999999997, 0.0], "to": [6.400000000000002, 2.0999999999999996, 1.0], "rotationOrigin": [10.7, 4.66, -6.0], "faces": {"north": {"uv": [0.0, 1.1199999999999997, 6.400000000000002, 2.0999999999999996], "texture": "#snowcover"}, "east": {"uv": [0, 1.1199999999999997, 0, 2.0999999999999996], "texture": "#snowcover"}, "south": {"uv": [0.0, 1.1199999999999997, 6.400000000000002, 2.0999999999999996], "texture": "#snowcover"}, "west": {"uv": [0, 1.1199999999999997, 0, 2.0999999999999996], "texture": "#snowcover"}, "up": {"texture": "#snowcover", "uv": [0.0, 2.0, 5.0, 3.0], "autoUv": false, "snapUv": false}, "down": {"texture": "#snowcover", "uv": [0.0, 2.0, 5.0, 3.0], "rotation": 180, "autoUv": false, "snapUv": false}}}]}, {"name": "2", "from": [11.2, 4.86, -4.0], "to": [17.0, 5.86, -3.0], "rotationOrigin": [11.8, 4.86, -4.0], "rotationX": 27.0, "rotationY": 1.5, "faces": {"north": {"texture": "#material", "uv": [0.0, 4.0, 5.5, 5.0], "autoUv": false, "snapUv": false}, "east": {"texture": "#material", "uv": [1.0, 14.5, 2.0, 15.5], "autoUv": false, "snapUv": false}, "south": {"texture": "#material", "uv": [0.0, 4.0, 5.5, 5.0], "autoUv": false, "snapUv": false}, "west": {"texture": "#material", "uv": [0.0, 4.0, 1.0, 5.0], "autoUv": false, "snapUv": false}, "up": {"texture": "#material", "uv": [0.0, 4.0, 5.5, 5.0], "autoUv": false, "snapUv": false}, "down": {"texture": "#material", "uv": [0.0, 4.0, 5.5, 5.0], "rotation": 180, "autoUv": false, "snapUv": false}}, "children": [{"name": "snow", "from": [0.0, 1.02, 0.0], "to": [5.800000000000001, 2.0, 1.0], "rotationOrigin": [11.8, 4.86, -4.0], "faces": {"north": {"uv": [0.0, 1.02, 5.800000000000001, 2.0], "texture": "#snowcover"}, "east": {"uv": [0, 1.02, 0, 2.0], "texture": "#snowcover"}, "south": {"uv": [0.0, 1.02, 5.800000000000001, 2.0], "texture": "#snowcover"}, "west": {"uv": [0, 1.02, 0, 2.0], "texture": "#snowcover"}, "up": {"texture": "#snowcover", "uv": [0.0, 4.0, 5.5, 5.0], "autoUv": false, "snapUv": false}, "down": {"texture": "#snowcover", "uv": [0.0, 4.0, 5.5, 5.0], "rotation": 180, "autoUv": false, "snapUv": false}}}]}, {"name": "3", "from": [11.1, 4.66, -1.9], "to": [17.1, 5.66, -0.86], "rotationOrigin": [11.5, 4.66, -1.9], "rotationX": -3.0, "rotationY": 1.5, "faces": {"north": {"texture": "#material", "uv": [2.0, 12.5, 5.5, 13.5], "autoUv": false, "snapUv": false}, "east": {"texture": "#material", "uv": [0.0, 14.0, 1.0, 15.0], "autoUv": false, "snapUv": false}, "south": {"texture": "#material", "uv": [2.5, 12.0, 6.0, 13.0], "autoUv": false, "snapUv": false}, "west": {"texture": "#material", "uv": [0.0, 14.0, 1.0, 15.0], "autoUv": false, "snapUv": false}, "up": {"texture": "#material", "uv": [2.5, 8.5, 6.0, 9.5], "autoUv": false, "snapUv": false}, "down": {"texture": "#material", "uv": [5.5, 12.5, 9.0, 13.5], "rotation": 180, "autoUv": false, "snapUv": false}}, "children": [{"name": "snow", "from": [0.0, 1.02, 0.0], "to": [6.000000000000002, 2.0, 1.04], "rotationOrigin": [11.5, 4.66, -1.9], "faces": {"north": {"uv": [0.0, 1.02, 6.000000000000002, 2.0], "texture": "#snowcover"}, "east": {"uv": [0, 1.02, 0, 2.0], "texture": "#snowcover"}, "south": {"uv": [0.0, 1.02, 6.000000000000002, 2.0], "texture": "#snowcover"}, "west": {"uv": [0, 1.02, 0, 2.0], "texture": "#snowcover"}, "up": {"texture": "#snowcover", "uv": [2.5, 8.5, 6.0, 9.5], "autoUv": false, "snapUv": false}, "down": {"texture": "#snowcover", "uv": [5.5, 12.5, 9.0, 13.5], "rotation": 180, "autoUv": false, "snapUv": false}}}]}, {"name": "4", "from": [11.3, 4.76, -0.1], "to": [17.1, 5.76, 0.4], "rotationOrigin": [11.3, 3.76, -0.1], "rotationX": 5.5, "faces": {"north": {"texture": "#material", "uv": [0.0, 8.0, 7.5, 9.0], "autoUv": false, "snapUv": false}, "east": {"texture": "#material", "uv": [1.0, 15.0, 1.5, 16.0], "autoUv": false, "snapUv": false}, "south": {"texture": "#material", "uv": [0.0, 8.0, 7.5, 9.0], "autoUv": false, "snapUv": false}, "west": {"texture": "#material", "uv": [0.0, 14.5, 0.5, 15.5], "autoUv": false, "snapUv": false}, "up": {"texture": "#material", "uv": [0.0, 8.0, 7.5, 8.5], "autoUv": false, "snapUv": false}, "down": {"texture": "#material", "uv": [0.0, 8.0, 7.5, 8.5], "rotation": 180, "autoUv": false, "snapUv": false}}, "children": [{"name": "snow", "from": [0.0, 1.02, 0.0], "to": [5.800000000000001, 2.0, 0.5], "rotationOrigin": [11.3, 3.76, -0.1], "faces": {"north": {"uv": [0.0, 1.02, 5.800000000000001, 2.0], "texture": "#snowcover"}, "east": {"uv": [0, 1.02, 0.4, 2.0], "texture": "#snowcover"}, "south": {"uv": [0.0, 1.02, 5.800000000000001, 2.0], "texture": "#snowcover"}, "west": {"uv": [0, 1.02, 0.4, 2.0], "texture": "#snowcover"}, "up": {"texture": "#snowcover", "uv": [0.0, 8.0, 7.5, 8.5], "autoUv": false, "snapUv": false}, "down": {"texture": "#snowcover", "uv": [0.0, 8.0, 7.5, 8.5], "rotation": 180, "autoUv": false, "snapUv": false}}}]}, {"name": "5", "from": [11.27, 4.56, 1.5], "to": [17.2, 5.56, 2.53], "rotationOrigin": [11.3, 4.56, 1.9], "rotationX": -1.5, "rotationY": -3.0, "faces": {"north": {"texture": "#material", "uv": [0.0, 10.0, 5.5, 11.0], "autoUv": false, "snapUv": false}, "east": {"texture": "#material", "uv": [0.5, 15.0, 1.5, 16.0], "autoUv": false, "snapUv": false}, "south": {"texture": "#material", "uv": [0.0, 10.0, 5.5, 11.0], "autoUv": false, "snapUv": false}, "west": {"texture": "#material", "uv": [0.0, 10.0, 1.0, 11.0], "autoUv": false, "snapUv": false}, "up": {"texture": "#material", "uv": [0.0, 10.0, 5.5, 11.0], "autoUv": false, "snapUv": false}, "down": {"texture": "#material", "uv": [0.0, 10.0, 5.5, 11.0], "rotation": 180, "autoUv": false, "snapUv": false}}, "children": [{"name": "snow", "from": [0.0, 1.02, 0.0], "to": [5.93, 2.0, 1.0299999999999998], "rotationOrigin": [11.3, 4.56, 1.9], "faces": {"north": {"uv": [0.0, 1.02, 5.93, 2.0], "texture": "#snowcover"}, "east": {"uv": [1.5, 1.02, 2.53, 2.0], "texture": "#snowcover"}, "south": {"uv": [0.0, 1.02, 5.93, 2.0], "texture": "#snowcover"}, "west": {"uv": [1.5, 1.02, 2.53, 2.0], "texture": "#snowcover"}, "up": {"texture": "#snowcover", "uv": [0.0, 10.0, 5.5, 11.0], "autoUv": false, "snapUv": false}, "down": {"texture": "#snowcover", "uv": [0.0, 10.0, 5.5, 11.0], "rotation": 180, "autoUv": false, "snapUv": false}}}]}, {"name": "6", "from": [10.3, 4.66, 3.7], "to": [17.0, 5.66, 4.7], "rotationOrigin": [10.3, 4.66, 3.7], "rotationX": -4.0, "rotationY": 2.0, "faces": {"north": {"texture": "#material", "uv": [0.0, 12.0, 7.5, 13.0], "autoUv": false, "snapUv": false}, "east": {"texture": "#material", "uv": [0.0, 12.0, 1.0, 13.0], "autoUv": false, "snapUv": false}, "south": {"texture": "#material", "uv": [0.0, 12.0, 7.5, 13.0], "autoUv": false, "snapUv": false}, "west": {"texture": "#material", "uv": [0.5, 15.0, 1.5, 16.0], "autoUv": false, "snapUv": false}, "up": {"texture": "#material", "uv": [0.0, 12.0, 7.5, 13.0], "autoUv": false, "snapUv": false}, "down": {"texture": "#material", "uv": [0.0, 12.0, 7.5, 13.0], "rotation": 180, "autoUv": false, "snapUv": false}}, "children": [{"name": "snow", "from": [0.0, 1.02, 0.0], "to": [6.699999999999999, 2.0, 1.0], "rotationOrigin": [10.3, 4.66, 3.7], "faces": {"north": {"uv": [0.0, 1.02, 6.699999999999999, 2.0], "texture": "#snowcover"}, "east": {"uv": [3.7, 1.02, 4.7, 2.0], "texture": "#snowcover"}, "south": {"uv": [0.0, 1.02, 6.699999999999999, 2.0], "texture": "#snowcover"}, "west": {"uv": [3.7, 1.02, 4.7, 2.0], "texture": "#snowcover"}, "up": {"texture": "#snowcover", "uv": [0.0, 12.0, 7.5, 13.0], "autoUv": false, "snapUv": false}, "down": {"texture": "#snowcover", "uv": [0.0, 12.0, 7.5, 13.0], "rotation": 180, "autoUv": false, "snapUv": false}}}]}, {"name": "7", "from": [12.12, 4.66, 4.9], "to": [17.12, 5.33, 5.5], "rotationOrigin": [12.0, 4.66, 5.0], "rotationX": 5.5, "faces": {"north": {"texture": "#material", "uv": [0.0, 12.0, 5.0, 12.5], "autoUv": false, "snapUv": false}, "east": {"texture": "#material", "uv": [0.0, 14.5, 0.5, 15.0], "autoUv": false, "snapUv": false}, "south": {"texture": "#material", "uv": [0.0, 12.0, 5.0, 12.5], "autoUv": false, "snapUv": false}, "west": {"texture": "#material", "uv": [0.0, 15.5, 0.5, 16.0], "autoUv": false, "snapUv": false}, "up": {"texture": "#material", "uv": [0.0, 12.0, 5.0, 12.5], "autoUv": false, "snapUv": false}, "down": {"texture": "#material", "uv": [0.0, 12.0, 5.0, 12.5], "rotation": 180, "autoUv": false, "snapUv": false}}, "children": [{"name": "snow", "from": [0.0, 0.69, 0.0], "to": [5.000000000000002, 1.67, 0.5999999999999996], "rotationOrigin": [12.0, 4.66, 5.0], "faces": {"north": {"uv": [0.0, 0.69, 5.000000000000002, 1.67], "texture": "#snowcover"}, "east": {"uv": [4.9, 0.69, 5.5, 1.67], "texture": "#snowcover"}, "south": {"uv": [0.0, 0.69, 5.000000000000002, 1.67], "texture": "#snowcover"}, "west": {"uv": [4.9, 0.69, 5.5, 1.67], "texture": "#snowcover"}, "up": {"texture": "#snowcover", "uv": [0.0, 12.0, 5.0, 12.5], "autoUv": false, "snapUv": false}, "down": {"texture": "#snowcover", "uv": [0.0, 12.0, 5.0, 12.5], "rotation": 180, "autoUv": false, "snapUv": false}}}]}, {"name": "8", "from": [11.1, 4.68, 6.3], "to": [17.1, 5.68, 7.3], "rotationOrigin": [10.8, 4.76, 6.3], "rotationX": 3.0, "faces": {"north": {"texture": "#material", "uv": [6.0, 14.0, 12.0, 15.0], "autoUv": false, "snapUv": false}, "east": {"texture": "#material", "uv": [0.0, 14.0, 1.0, 15.0], "autoUv": false, "snapUv": false}, "south": {"texture": "#material", "uv": [6.0, 14.0, 12.0, 15.0], "autoUv": false, "snapUv": false}, "west": {"texture": "#material", "uv": [4.0, 11.0, 5.0, 12.0], "autoUv": false, "snapUv": false}, "up": {"texture": "#material", "uv": [7.5, 13.0, 13.5, 14.0], "autoUv": false, "snapUv": false}, "down": {"texture": "#material", "uv": [6.0, 14.0, 12.0, 15.0], "rotation": 180, "autoUv": false, "snapUv": false}}, "children": [{"name": "snow", "from": [0.0, 1.02, 0.0], "to": [6.000000000000002, 2.0, 1.0], "rotationOrigin": [10.8, 4.76, 6.3], "faces": {"north": {"uv": [0.0, 1.02, 6.000000000000002, 2.0], "texture": "#snowcover"}, "east": {"uv": [6.3, 1.02, 7.3, 2.0], "texture": "#snowcover"}, "south": {"uv": [0.0, 1.02, 6.000000000000002, 2.0], "texture": "#snowcover"}, "west": {"uv": [6.3, 1.02, 7.3, 2.0], "texture": "#snowcover"}, "up": {"texture": "#snowcover", "uv": [7.5, 13.0, 13.5, 14.0], "autoUv": false, "snapUv": false}, "down": {"texture": "#snowcover", "uv": [6.0, 14.0, 12.0, 15.0], "rotation": 180, "autoUv": false, "snapUv": false}}}]}]}]}]}]}