[
		{
			"op": "replace",
			"path": "/treegens",
			"value": [
		{
			Generator: "smallnorthlarch",
			Weight: 40,
			"MinSize": 0.1,
			"MaxSize": 1.2,
			MinTemp: -18,
			MaxTemp: -9,
			MinRain: 100,
			MaxRain: 255,
			MinFert: 30,
			MaxFert: 255,
			MinForest: 0,
			MaxForest: 255,
			MinHeight: 0,
			MaxHeight: 0.92
		},
		{
			Generator: "larch",
			Weight: 25,
			MinTemp: -12,
			MaxTemp: -3,
			MinRain: 100,
			MaxRain: 255,
			MinFert: 30,
			MaxFert: 255,
			MinForest: 0,
			MaxForest: 150,
			MinHeight: 0,
			MaxHeight: 0.92
		},
		{
			Generator: "deepforestlarch",
			Weight: 100,
			MinTemp: -12,
			MaxTemp: -4,
			MinRain: 100,
			MaxRain: 255,
			MinFert: 30,
			MaxFert: 255,
			MinForest: 100,
			MaxForest: 255,
			MinHeight: 0,
			MaxHeight: 0.92
		},
		{
			Generator: "northtalllarch",
			Weight: 200,
			MinTemp: -15,
			MaxTemp: -7,
			MinRain: 100,
			MaxRain: 255,
			MinFert: 20,
			MaxFert: 255,
			MinForest: 230,
			MaxForest: 255,
			MinHeight: 0,
			MaxHeight: 0.9
		},
		{
			Generator: "talllarch",
			Weight: 40,
			MinTemp: -10,
			MaxTemp: -3,
			MinRain: 100,
			MaxRain: 255,
			MinFert: 20,
			MaxFert: 255,
			MinForest: 0,
			MaxForest: 255,
			MinHeight: 0,
			MaxHeight: 0.9
		},
		{
			Generator: "baldlarch",
			Weight: 10,
			MinTemp: -14,
			MaxTemp: -2,
			MinRain: 90,
			MaxRain: 255,
			MinFert: 20,
			MaxFert: 255,
			MinForest: 0,
			MaxForest: 255,
			MinHeight: 0,
			MaxHeight: 0.92
		},
		

		{
			Generator: "northernpine",
			Weight: 40,
			MinTemp: -16,
			MaxTemp: -6,
			MinRain: 40,
			MaxRain: 150,
			MinFert: 30,
			MaxFert: 255,
			MinForest: 0,
			MaxForest: 255,
			MinHeight: 0,
			MaxHeight: 0.92
		},
		{
			Generator: "scotspine",
			Weight: 80,
			SuitabilitySizeBonus: 0.8,
			MinTemp: -10,
			MaxTemp: 10,
			MinRain: 50,
			MaxRain: 150,
			MinFert: 30,
			MaxFert: 255,
			MinForest: 0,
			MaxForest: 255,
			MinHeight: 0,
			MaxHeight: 0.90
		},
		{
			Generator: "deadpine",
			Weight: 5,
			MinTemp: -12,
			MaxTemp: 15,
			MinRain: 50,
			MaxRain: 160,
			MinFert: 60,
			MaxFert: 255,
			MinForest: 0,
			MaxForest: 255,
			MinHeight: 0,
			MaxHeight: 0.90
		},
		{
			Generator: "siberianpine",
			Weight: 20,
			"SuitabilitySizeBonus": 0.4,
			MinTemp: -10,
			MaxTemp: 4,
			MinRain: 50,
			MaxRain: 190,
			MinFert: 50,
			MaxFert: 255,
			MinForest: 0,
			MaxForest: 255,
			MinHeight: 0,
			MaxHeight: 0.8
		},
		{
			Generator: "mountainpine",
			Weight: 60,
			MinTemp: -14,
			MaxTemp: 12,
			MinRain: 50,
			MaxRain: 150,
			MinFert: 30,
			MaxFert: 255,
			MinForest: 0,
			MaxForest: 255,
			MinHeight: 0.4,
			MaxHeight: 1
		},
		{
			Generator: "fir",
			Weight: 20,
			MinTemp: -7,
			MaxTemp: 15,
			MinRain: 75,
			MaxRain: 160,
			MinFert: 30,
			MaxFert: 255,
			MinForest: 0,
			MaxForest: 200,
			MinHeight: 0,
			MaxHeight: 0.88
		},
		{
			Generator: "juniper",
			Weight: 5,
			MinSize: 0.1,
			MaxSize: 1.3,
			MinTemp: -12,
			MaxTemp: 20,
			MinRain: 60,
			MaxRain: 170,
			MinFert: 40,
			MaxFert: 255,
			MinForest: 0,
			MaxForest: 250,
			MinHeight: 0,
			MaxHeight: 0.95
		},
		{
			Generator: "italianpine",
			Weight: 8,
			MinTemp: 10,
			MaxTemp: 16,
			MinRain: 80,
			MaxRain: 140,
			MinFert: 60,
			MaxFert: 255,
			MinForest: 150,
			MaxForest: 250,
			MinHeight: 0,
			MaxHeight: 0.6
		},
		{
			Generator: "bristleconepine",
			Weight: 8,
			MinTemp: 20,
			MaxTemp: 40,
			MinRain: 40,
			MaxRain: 80,
			MinFert: 20,
			MaxFert: 255,
			MinForest: 150,
			MaxForest: 180,
			MinHeight: 0,
			MaxHeight: 1
		},
		
		
		
		{
			Generator: "whitebirch",
			Weight: 60,
			MinSize: 0.5,
			MaxSize: 0.8,
			SuitabilitySizeBonus: 0.3,
			MinTemp: -5,
			MaxTemp: 6,
			MinRain: 80,
			MaxRain: 220,
			MinFert: 10,
			MaxFert: 120,
			MinForest: 50,
			MaxForest: 255,
			MinHeight: 0.0,
			MaxHeight: 0.85
		},
		{
			Generator: "silverbirch",
			Weight: 120,
			MinTemp: 3,
			MaxTemp: 16,
			MinRain: 95,
			MaxRain: 255,
			MinFert: 10,
			MaxFert: 100,
			MinForest: 10,
			MaxForest: 255,
			MinHeight: 0.0,
			MaxHeight: 0.65
		},
		{
			Generator: "silverbirch",
			MinSize: 0.1,
			MaxSize: 0.4,
			SuitabilitySizeBonus: 0.5,
			Weight: 70,
			MinTemp: 0,
			MaxTemp: 12,
			MinRain: 65,
			MaxRain: 180,
			MinFert: 10,
			MaxFert: 100,
			MinForest: 10,
			MaxForest: 180,
			MinHeight: 0.0,
			MaxHeight: 0.75
		},
		{
			Generator: "doublebirch",
			MinSize: 0.6,
			MaxSize: 1,
			Weight: 10,
			MinTemp: 0,
			MaxTemp: 12,
			MinRain: 65,
			MaxRain: 180,
			MinFert: 50,
			MaxFert: 100,
			MinForest: 0,
			MaxForest: 180,
			MinHeight: 0.0,
			MaxHeight: 0.75
		},
		{
			Generator: "riverbirch",
			Weight: 100,
			MinTemp: 6,
			MaxTemp: 22,
			MinRain: 180,
			MaxRain: 255,
			MinFert: 100,
			MaxFert: 255,
			MinForest: 0,
			MaxForest: 255,
			MinHeight: 0.0,
			MaxHeight: 0.4
		},
		{
			Generator: "himalayanbirch",
			Weight: 25,
			MinTemp: 3,
			MaxTemp: 12,
			MinRain: 95,
			MaxRain: 220,
			MinFert: 10,
			MaxFert: 100,
			MinForest: 0,
			MaxForest: 255,
			MinHeight: 0.65,
			MaxHeight: 1
		},



		{
			Generator: "sugarmaple",
			Weight: 70,
			MinSize: 1,
			MaxSize: 1.5,
			SuitabilitySizeBonus: 0.1,
			MinTemp: 0,
			MaxTemp: 20,
			MinRain: 95,
			MaxRain: 180,
			MinFert: 90,
			MaxFert: 200,
			MinForest: 90,
			MaxForest: 150,
			MinHeight: 0.0,
			MaxHeight: 0.7
		},
		{
			Generator: "japanesemaple",
			Weight: 7,
			MinTemp: 10,
			MaxTemp: 18,
			MinRain: 150,
			MaxRain: 180,
			MinFert: 90,
			MaxFert: 200,
			MinForest: 60,
			MaxForest: 100,
			MinHeight: 0.0,
			MaxHeight: 1
		},
		{
			Generator: "norwaymaple",
			Weight: 80,
			MinTemp: 3,
			MaxTemp: 23,
			MinRain: 100,
			MaxRain: 190,
			MinFert: 80,
			MaxFert: 200,
			MinForest: 90,
			MaxForest: 250,
			MinHeight: 0.0,
			MaxHeight: 0.4
		},
		{
			Generator: "mountainmaple",
			Weight: 30,
			MinTemp: 4,
			MaxTemp: 20,
			MinRain: 85,
			MaxRain: 190,
			MinFert: 80,
			MaxFert: 220,
			MinForest: 0,
			MaxForest: 250,
			MinHeight: 0.5,
			MaxHeight: 1
		},



		{
			Generator: "englishoak",
			Weight: 35,
			SuitabilitySizeBonus: 0.5,
			MinTemp: 2,
			MaxTemp: 22,
			MinRain: 95,
			MaxRain: 170,
			MinFert: 90,
			MaxFert: 255,
			MinForest: 90,
			MaxForest: 200,
			MinHeight: 0.0,
			MaxHeight: 0.7
		},
		{
			Generator: "forestoak",
			Weight: 50,
			SuitabilitySizeBonus: 0.6,
			MinTemp: 4,
			MaxTemp: 22,
			MinRain: 95,
			MaxRain: 170,
			MinFert: 90,
			MaxFert: 255,
			MinForest: 150,
			MaxForest: 255,
			MinHeight: 0.0,
			MaxHeight: 0.7
		},
		{
			Generator: "fieldoak",
			Weight: 15,
			MinSize: 1,
			MaxSize: 1.6,
			MinTemp: 8,
			MaxTemp: 22,
			MinRain: 95,
			MaxRain: 170,
			MinFert: 90,
			MaxFert: 255,
			MinForest: 30,
			MaxForest: 100,
			MinHeight: 0.0,
			MaxHeight: 0.7
		},
		{
			Generator: "oldenglishoak",
			Weight: 2,
			SuitabilitySizeBonus: 0.8,
			MinTemp: 6,
			MaxTemp: 22,
			MinRain: 95,
			MaxRain: 170,
			MinFert: 90,
			MaxFert: 255,
			MinForest: 90,
			MaxForest: 200,
			MinHeight: 0.0,
			MaxHeight: 0.7
		},
		{
			Generator: "japaneseoak",
			Weight: 0.5,
			MinTemp: 12,
			MaxTemp: 20,
			MinRain: 95,
			MaxRain: 160,
			MinFert: 90,
			MaxFert: 255,
			MinForest: 30,
			MaxForest: 150,
			MinHeight: 0.0,
			MaxHeight: 0.6
		},



		{
			Generator: "crimsonkingmaple",
			Weight: 30,
			MinTemp: 8,
			MaxTemp: 9,
			MinRain: 110,
			MaxRain: 130,
			MinFert: 90,
			MaxFert: 200,
			MinForest: 90,
			MaxForest: 250,
			MinHeight: 0.15,
			MaxHeight: 0.5
		},		
		{
			Generator: "walnut",
			Weight: 10,
			SuitabilitySizeBonus: 0.7,
			MinTemp: 12,
			MaxTemp: 22,
			MinRain: 95,
			MaxRain: 170,
			MinFert: 90,
			MaxFert: 255,
			MinForest: 20,
			MaxForest: 140,
			MinHeight: 0.0,
			MaxHeight: 0.7
		},


		{
			Generator: "redwoodpine",
			Weight: 100,
			SuitabilitySizeBonus: 0.8,
			MinTemp: 14,
			MaxTemp: 18,
			MinRain: 180,
			MaxRain: 255,
			MinFert: 30,
			MaxFert: 255,
			MinForest: 150,
			MaxForest: 255,
			MinHeight: 0.4,
			MaxHeight: 1
		},
		{
			Generator: "normalredwoodpine",
			Weight: 30,
			SuitabilitySizeBonus: 0.8,
			MinTemp: 14,
			MaxTemp: 18,
			MinRain: 180,
			MaxRain: 255,
			MinFert: 30,
			MaxFert: 255,
			MinForest: 100,
			MaxForest: 200,
			MinHeight: 0.4,
			MaxHeight: 1
		},

		{
			Generator: "greenspirecypress",
			MinSize: 0.5,
			MaxSize: 0.85,
			SuitabilitySizeBonus: 0.3,
			Weight: 120,
			MinTemp: 14,
			MaxTemp: 22,
			MinRain: 30,
			MaxRain: 120,
			MinFert: 72,
			MaxFert: 130,
			MinForest: 25,
			MaxForest: 128,
			MinHeight: 0,
			MaxHeight: 0.8
		},
		{
			Generator: "baldcypressswamp",
			habitat: "Water",
			MinSize: 0.5,
			MaxSize: 0.85,
			SuitabilitySizeBonus: 0.3,
			Weight: 60,
			MinTemp: 15,
			MaxTemp: 24,
			MinRain: 180,
			MaxRain: 255,
			MinFert: 100,
			MaxFert: 255,
			MinForest: 120,
			MaxForest: 255,
			MinHeight: 0.3,
			MaxHeight: 1
		},
		{
			Generator: "baldcypress",
			habitat: "Water",
			MinSize: 0.5,
			MaxSize: 0.85,
			SuitabilitySizeBonus: 0.3,
			Weight: 20,
			MinTemp: 15,
			MaxTemp: 24,
			MinRain: 180,
			MaxRain: 255,
			MinFert: 100,
			MaxFert: 255,
			MinForest: 120,
			MaxForest: 255,
			MinHeight: 0.3,
			MaxHeight: 1
		},



		{
			Generator: "acacia",
			Weight: 100,
			MinTemp: 28,
			MaxTemp: 40,
			MinRain: 80,
			MaxRain: 130,
			MinFert: 65,
			MaxFert: 200,
			MinForest: 50,
			MaxForest: 255,
			MinHeight: 0.0,
			MaxHeight: 0.8
		},
		{
			Generator: "deadacacia",
			Weight: 2,
			MinTemp: 28,
			MaxTemp: 40,
			MinRain: 40,
			MaxRain: 140,
			MinFert: 30,
			MaxFert: 200,
			MinForest: 50,
			MaxForest: 100,
			MinHeight: 0.0,
			MaxHeight: 0.8
		},
		{
			Generator: "acaciacurve",
			Weight: 5,
			MinSize: 0.1,
			MaxSize: 1.2,
			MinTemp: 28,
			MaxTemp: 40,
			MinRain: 60,
			MaxRain: 120,
			MinFert: 40,
			MaxFert: 200,
			MinForest: 50,
			MaxForest: 220,
			MinHeight: 0.0,
			MaxHeight: 0.8
		},

		{
			Generator: "ebony",
			Weight: 1,
			MinSize: 0.1,
			MaxSize: 0.9,
			MinTemp: 28,
			MaxTemp: 40,
			MinRain: 100,
			MaxRain: 140,
			MinFert: 50,
			MaxFert: 200,
			MinForest: 50,
			MaxForest: 255,
			MinHeight: 0.0,
			MaxHeight: 0.8
		},
		{
			Generator: "purpleheart",
			MinSize: 0.1,
			MaxSize: 0.9,
			SuitabilitySizeBonus: 0.4,
			Weight: 1,
			MinTemp: 27,
			MaxTemp: 40,
			MinRain: 185,
			MaxRain: 255,
			MinFert: 160,
			MaxFert: 255,
			MinForest: 120,
			MaxForest: 255,
			MinHeight: 0.0,
			MaxHeight: 0.9
		},


		{
			Generator: "deadkapok",
			MinSize: 0.2,
			MaxSize: 1.1,
			SuitabilitySizeBonus: 0.4,
			Weight: 4,
			MinTemp: 27,
			MaxTemp: 40,
			MinRain: 185,
			MaxRain: 255,
			MinFert: 160,
			MaxFert: 255,
			MinForest: 120,
			MaxForest: 255,
			MinHeight: 0.0,
			MaxHeight: 0.9
		},
		{
			Generator: "deadtree",
			MinSize: 0.2,
			MaxSize: 1.5,
			SuitabilitySizeBonus: 1,
			Weight: 5,
			MinTemp: 27,
			MaxTemp: 40,
			MinRain: 190,
			MaxRain: 255,
			MinFert: 160,
			MaxFert: 255,
			MinForest: 150,
			MaxForest: 255,
			MinHeight: 0.0,
			MaxHeight: 0.8
		},
		{
			Generator: "kapok",
			MinSize: 0.7,
			MaxSize: 0.9,
			SuitabilitySizeBonus: 0.5,
			Weight: 90,
			MinTemp: 27,
			MaxTemp: 40,
			MinRain: 185,
			MaxRain: 255,
			MinFert: 160,
			MaxFert: 255,
			MinForest: 0,
			MaxForest: 220,
			MinHeight: 0.0,
			MaxHeight: 0.9
		},
		{
			Generator: "vineykapok",
			MinSize: 0.1,
			MaxSize: 0.9,
			SuitabilitySizeBonus: 0.3,
			Weight: 30,
			MinTemp: 27,
			MaxTemp: 40,
			MinRain: 185,
			MaxRain: 255,
			MinFert: 160,
			MaxFert: 255,
			MinForest: 120,
			MaxForest: 190,
			MinHeight: 0.0,
			MaxHeight: 0.9
		},
		{
			"_comment": "Rare Large variant of the kapok",
			Generator: "largekapok",
			MinSize: 1.8,
			MaxSize: 1.8,
			SuitabilitySizeBonus: 0,
			Weight: 6,
			MinTemp: 27,
			MaxTemp: 40,
			MinRain: 185,
			MaxRain: 255,
			MinFert: 160,
			MaxFert: 255,
			MinForest: 200,
			MaxForest: 255,
			MinHeight: 0.0,
			MaxHeight: 0.9
		},
		{
			"_comment": "Rare Large other variant of the kapok",
			Generator: "largekapok2",
			MinSize: 1.8,
			MaxSize: 1.8,
			SuitabilitySizeBonus: 0,
			Weight: 2,
			MinTemp: 27,
			MaxTemp: 40,
			MinRain: 185,
			MaxRain: 255,
			MinFert: 160,
			MaxFert: 255,
			MinForest: 100,
			MaxForest: 255,
			MinHeight: 0.0,
			MaxHeight: 0.9
		},
		{
			"_comment": "Very rare Large other variant of the kapok",
			Generator: "oldkapok",
			"MinSize": 0.7,
			"MaxSize": 1,
			Weight: 0.1,
			MinTemp: 30,
			MaxTemp: 40,
			MinRain: 220,
			MaxRain: 255,
			MinFert: 160,
			MaxFert: 255,
			MinForest: 100,
			MaxForest: 200,
			MinHeight: 0.0,
			MaxHeight: 0.9
		},
		{
			Generator: "tallkapok",
			MinSize: 0.8,
			MaxSize: 1,
			SuitabilitySizeBonus: 0.3,
			Weight: 12,
			MinTemp: 28,
			MaxTemp: 40,
			MinRain: 185,
			MaxRain: 255,
			MinFert: 160,
			MaxFert: 255,
			MinForest: 160,
			MaxForest: 255,
			MinHeight: 0.0,
			MaxHeight: 0.9
		},



		{
			Generator: "ferntree-normal-trunk",
			Weight: 90,
			MinTemp: 26,
			MaxTemp: 40,
			MinRain: 185,
			MaxRain: 255,
		}

			],
			"file": "game:worldgen/treengenproperties.json",
			"side": "server"
		},







		{
			"op": "replace",
			"path": "/shrubgens",
			"value": [
		{
			Generator: "dwarflarch",
			Weight: 20,
			MinTemp: -20,
			MaxTemp: -10,
			MinRain: 150,
			MaxRain: 255,
			MinFert: 30,
			MaxFert: 255,
			MinForest: 0,
			MaxForest: 255,
			MinHeight: 0,
			MaxHeight: 0.8
		},
		{
			Generator: "deepforestlarch",
			"MinSize": 0.05,
			"MaxSize": 0.2,
			Weight: 20,
			MinTemp: -14,
			MaxTemp: -6,
			MinRain: 150,
			MaxRain: 255,
			MinFert: 30,
			MaxFert: 255,
			MinForest: 200,
			MaxForest: 255,
			MinHeight: 0,
			MaxHeight: 0.7
		},


		{
			Generator: "dwarfpine",
			Weight: 100,
			MinTemp: -18,
			MaxTemp: -4,
			MinRain: 30,
			MaxRain: 185,
			MinFert: 30,
			MaxFert: 150,
			MinForest: 0,
			MaxForest: 255,
			MinHeight: 0,
			MaxHeight: 0.92
		},
		{
			Generator: "desertpine",
			Weight: 10,
			MinTemp: 18,
			MaxTemp: 24,
			MinRain: 30,
			MaxRain: 100,
			MinFert: 68,
			MaxFert: 150,
			MinForest: 10,
			MaxForest: 150,
			MinHeight: 0,
			MaxHeight: 1
		},



		{
			Generator: "dwarfbirch",
			"MinSize": 0.1,
			"MaxSize": 0.8,
			Weight: 30,
			MinTemp: -14,
			MaxTemp: 8,
			MinRain: 30,
			MaxRain: 255,
			MinFert: 0,
			MaxFert: 160,
			MinForest: 0,
			MaxForest: 150,
			MinHeight: 0.0,
			MaxHeight: 0.6
		},
		{
			Generator: "karelbirch",
			Weight: 60,
			MinTemp: -12,
			MaxTemp: 4,
			MinRain: 80,
			MaxRain: 220,
			MinFert: 50,
			MaxFert: 200,
			MinForest: 0,
			MaxForest: 255,
			MinHeight: 0.0,
			MaxHeight: 0.92
		},
		
		{
			Generator: "englishoak",
			MinSize: 0.2,
			MaxSize: 0.3,
			SuitabilitySizeBonus: 0.1,
			Weight: 35,
			MinTemp: 10,
			MaxTemp: 22,
			MinRain: 75,
			MaxRain: 170,
			MinFert: 80,
			MaxFert: 255,
			MinForest: 90,
			MaxForest: 200,
			MinHeight: 0.0,
			MaxHeight: 0.65
		},
		{
			Generator: "sugarmaplesmall",
			Weight: 70,
			MinTemp: 0,
			MaxTemp: 22,
			MinRain: 95,
			MaxRain: 170,
			MinFert: 90,
			MaxFert: 200,
			MinForest: 80,
			MaxForest: 240,
			MinHeight: 0.0,
			MaxHeight: 0.7
		},
		{
			Generator: "walnut",
			Weight: 20,
			MinSize: 0.3,
			MaxSize: 0.6,
			MinTemp: 11,
			MaxTemp: 22,
			MinRain: 80,
			MaxRain: 160,
			MinFert: 80,
			MaxFert: 255,
			MinForest: 0,
			MaxForest: 160,
			MinHeight: 0.0,
			MaxHeight: 0.75

		},

		{
			Generator: "crimsonkingmaple",
			Weight: 30,
			MinSize: 0.3,
			MaxSize: 0.5,
			MinTemp: 8,
			MaxTemp: 9,
			MinRain: 110,
			MaxRain: 130,
			MinFert: 90,
			MaxFert: 200,
			MinForest: 90,
			MaxForest: 200,
			MinHeight: 0.15,
			MaxHeight: 0.5
		},	
		{
			Generator: "truemulga",
			Weight: 50,
			SuitabilitySizeBonus: 0.6,
			MinTemp: 26,
			MaxTemp: 40,
			MinRain: 80,
			MaxRain: 150,
			MinFert: 50,
			MaxFert: 200,
			MinForest: 150,
			MaxForest: 255,
			MinHeight: 0.0,
			MaxHeight: 0.8
		},
		{
			Generator: "bushacacia",
			Weight: 50,
			"MinSize": 0.8,
			"MaxSize": 1.5,
			MinTemp: 22,
			MaxTemp: 40,
			MinRain: 60,
			MaxRain: 130,
			MinFert: 50,
			MaxFert: 150,
			MinForest: 50,
			MaxForest: 225,
			MinHeight: 0.0,
			MaxHeight: 0.8
		},
		{
			Generator: "bamboo-grown-green",
			Weight: 100,
			MinTemp: 34,
			MaxTemp: 40,
			MinRain: 170,
			MaxRain: 235,
		},
		{
			Generator: "bamboo-grown-brown",
			Weight: 100,
			MinTemp: 29,
			MaxTemp: 37,
			MinRain: 170,
			MaxRain: 235,
		},
		{
			Generator: "kapok",
			MinSize: 0.1,
			MaxSize: 0.4,
			SuitabilitySizeBonus: 0.3,
			Weight: 100,
			MinTemp: 25,
			MaxTemp: 40,
			MinRain: 185,
			MaxRain: 255,
			MinFert: 160,
			MaxFert: 255,
			MinForest: 100,
			MaxForest: 255,
			MinHeight: 0.0,
			MaxHeight: 0.9
		}
			],
			"file": "game:worldgen/treengenproperties.json",
			"side": "server"
		}
]