[

	// Thatch
	{
		"op": "replace",
    	"path": "/attributes/Roofs/thatch/Textures/normal-side",
    	"file": "vsroofing:blocktypes/roof.json",
		"value": {
        	"base": "game:block/hay/normal/normal-top",
		}
    },

	// Wood Basic
	{
		"op": "replace",
    	"path": "/attributes/Roofs/wood-basic/TexturesByMaterial/material/Textures",
    	"file": "vsroofing:blocktypes/roof.json",
		"value": {
        	"game:plank-*": "game:block/wood/planks/{wood}/top/*",
        }
    },

	// Sod bare
	{
		"op": "replace",
    	"path": "/attributes/Roofs/sod-bare/TexturesByMaterial/material/Textures",
    	"file": "vsroofing:blocktypes/roof.json",
		"value": {
        	"game:plank-*": "game:block/wood/planks/{wood}/top/*",
        }
    },
	{
		"op": "replace",
    	"path": "/attributes/Roofs/sod-bare/TexturesByMaterial/aged-top/Textures",
    	"file": "vsroofing:blocktypes/roof.json",
		"value": {
        	"game:plank-*": "game:block/wood/shingles/{wood}/{wood}*",
        }
    },

	// Sod
	{
		"op": "replace",
    	"path": "/attributes/Roofs/sod/TexturesByMaterial/material/Textures",
    	"file": "vsroofing:blocktypes/roof.json",
		"value": {
        	"game:plank-*": "game:block/wood/planks/{wood}/top/*",
        }
    },
	{
		"op": "replace",
    	"path": "/attributes/Roofs/sod/TexturesByMaterial/aged-top/Textures",
    	"file": "vsroofing:blocktypes/roof.json",
		"value": {
        	"game:plank-*": "game:block/wood/shingles/{wood}/{wood}*",
        }
    },

	// Wood
	{
		"op": "replace",
    	"path": "/attributes/Roofs/wood/TexturesByMaterial/oak1/Textures",
    	"file": "vsroofing:blocktypes/roof.json",
		"value": {
        	"game:plank-*": "game:block/wood/planks/{wood}/top/*",
        }
    },
	{
		"op": "replace",
    	"path": "/attributes/Roofs/wood/TexturesByMaterial/oak-top/Textures",
    	"file": "vsroofing:blocktypes/roof.json",
		"value": {
        	"game:plank-*": "game:block/wood/shingles/{wood}/{wood}*",
        }
    },

	// Shingle
	{
		"op": "remove",
    	"path": "/attributes/Roofs/shingle/TexturesFromMaterial",
    	"file": "vsroofing:blocktypes/roof.json",
    },
	{
		"op": "add",
    	"path": "/attributes/Roofs/shingle/TexturesByMaterial",
    	"file": "vsroofing:blocktypes/roof.json",
		"value": {
					"material": {
						"Index": 0,
						"Textures": {
							"game:shingle-burned-*": "game:block/clay/shingles/{type}clay/{type}clay*",
						}
					},
		}
    },

	// Bamboo
	{
		"op": "replace",
    	"path": "/attributes/Roofs/bamboo/Textures/material",
    	"file": "vsroofing:blocktypes/roof.json",
		"value": {
        	"base": "game:block/wood/shingles/bamboo/shingle*",
        }
    },

	// Copper
	{
		"op": "replace",
    	"path": "/attributes/Roofs/copper/Textures/material",
    	"file": "vsroofing:blocktypes/roof.json",
		"value": {
        	"base": "game:block/metal/shingles/shingletop/copper*"
        }
    },


	// Rafterbeam
	{
		"op": "remove",
    	"path": "/attributes/Frames/rafterbeam/TexturesFromMaterial",
    	"file": "vsroofing:blocktypes/roof.json",
    },
	{
		"op": "add",
    	"path": "/attributes/Frames/rafterbeam/TexturesByMaterial",
    	"file": "vsroofing:blocktypes/roof.json",
		"value": {
					"material": {
						"Index": 0,
						"Textures": {
							"game:plank-*": "game:block/wood/planks/{wood}/top/*",
						}
					},
		}
    },
]