[
  {
    "op": "addmerge",
    "path": "/attributes/expandedNutritionPropsByType/*-raw/butchering:bloodportion",
    "value": {
      "saturation": 2,
      "foodcategory": "Protein"
    },
    "side": "server",
    "file": "game:itemtypes/food/mixing/dumpling.json",
    "dependsOn": [ { "modid": "expandedfoods" } ]
  },
  {
    "op": "addmerge",
    "path": "/attributes/expandedNutritionPropsByType/*-raw/butchering:primemeat-raw",
    "value": {
      "saturation": 400,
      "foodcategory": "Protein",
      "health": 1
    },
    "side": "server",
    "file": "expandedfoods:itemtypes/food/mixing/dumpling.json",
    "dependsOn": [ { "modid": "expandedfoods" } ]
  },
  {
    "op": "addmerge",
    "path": "/attributes/expandedNutritionPropsByType/*-raw/butchering:smoked-none-primemeat",
    "value": {
      "saturation": 220,
      "foodcategory": "Protein",
      "health": 1
    },
    "side": "server",
    "file": "expandedfoods:itemtypes/food/mixing/dumpling.json",
    "dependsOn": [ { "modid": "expandedfoods" } ]
  },
  {
    "op": "addmerge",
    "path": "/attributes/expandedNutritionPropsByType/*-raw/butchering:smoked-none-*",
    "value": {
      "saturation": 150,
      "foodcategory": "Protein"
    },
    "side": "server",
    "file": "expandedfoods:itemtypes/food/mixing/dumpling.json",
    "dependsOn": [ { "modid": "expandedfoods" } ]
  },
  {
    "op": "addmerge",
    "path": "/attributes/expandedNutritionPropsByType/*-raw/butchering:smoked-cured-*",
    "value": {
      "saturation": 130,
      "foodcategory": "Protein"
    },
    "side": "server",
    "file": "expandedfoods:itemtypes/food/mixing/dumpling.json",
    "dependsOn": [ { "modid": "expandedfoods" } ]
  },
  {
    "op": "addmerge",
    "path": "/1/ingredients/1/inputs/-",
    "value": {
      "type": "item",
      "code": "butchering:primemeat-raw",
      "quantity": 1
    },
    "side": "server",
    "file": "expandedfoods:recipes/kneading/dumpling.json",
    "dependsOn": [ { "modid": "expandedfoods" } ]
  },
  {
    "op": "addmerge",
    "path": "/3/ingredients/1/inputs/-",
    "value": {
      "type": "item",
      "code": "butchering:primemeat-raw",
      "quantity": 1
    },
    "side": "server",
    "file": "expandedfoods:recipes/kneading/dumpling.json",
    "dependsOn": [ { "modid": "expandedfoods" } ]
  },
  {
    "op": "addmerge",
    "path": "/1/ingredients/1/inputs/-",
    "value": {
      "type": "item",
      "code": "butchering:smoked-none-primemeat",
      "quantity": 1
    },
    "side": "server",
    "file": "expandedfoods:recipes/kneading/dumpling.json",
    "dependsOn": [ { "modid": "expandedfoods" } ]
  },
  {
    "op": "addmerge",
    "path": "/3/ingredients/1/inputs/-",
    "value": {
      "type": "item",
      "code": "butchering:smoked-none-primemeat",
      "quantity": 1
    },
    "side": "server",
    "file": "expandedfoods:recipes/kneading/dumpling.json",
    "dependsOn": [ { "modid": "expandedfoods" } ]
  }
]