{
	"ingredientPattern": "TL_,PGP,FRS",
	"ingredients": {
		"T": {
			"type": "item",
			"code": "game:axe-*",
			"isTool": true
		},
		"L": {
			"type": "block",
			"code": "game:lantern-*"
		},
		"P": {
			"type": "item",
			"quantity": 2,
			"code": "game:plank-*",
			"name": "support",
			"allowedVariants": [ "birch", "oak", "maple", "pine", "acacia", "kapok", "baldcypress", "larch", "redwood", "ebony", "walnut", "purpleheart" ]
		},
		"R": {
			"type": "item",
			"code": "game:rope"
		},
		"S": {
			"type": "item",
			"code": "game:stone-*"
		},
		"F": {
			"type": "item",
			"code": "game:fat"
		},
		"G": {
			"type": "item",
			"code": "game:resin"
		}
	},
	"width": 3,
	"height": 3,
	"output": {
		"type": "block",
		"code": "wwaymarkers:buoylantern-{support}",
		"quantity": 1
	}
}
