[
  {
    "op": "replace",
    "path": "/enabled",
    "value": true,
    "file": "butchering:itemtypes/butchercreatures/cervinae/cervini.json",
    "dependsOn": [ { "modid": "cervinae" } ]
  },
  {
    "op": "add",
    "path": "/server/behaviors/-",
    "value": {
      "code": "butcherable",
      "itemByType": {
        "cervidae-cervini-adult-female-*": "butchering:deadcervidae-female-1-dead",
        "cervidae-cervini-adult-male-*": "butchering:deadcervidae-male-1-dead",
        "cervidae-cervini-baby-*": "butchering:deadcervidae-baby-1-dead"
      }
    },
    "file": "cervinae:entities/land/cervini.json",
    "dependsOn": [ { "modid": "cervinae" } ]
  },
  {
    "op": "add",
    "path": "/client/behaviors/-",
    "value": {
      "code": "butcherable",
      "itemByType": {
        "cervidae-cervini-adult-female-*": "butchering:deadcervidae-female-1-dead",
        "cervidae-cervini-adult-male-*": "butchering:deadcervidae-male-1-dead",
        "cervidae-cervini-baby-*": "butchering:deadcervidae-baby-1-dead"
      }
    },
    "file": "cervinae:entities/land/cervini.json",
    "dependsOn": [ { "modid": "cervinae" } ]
  }
]
