[
	{
	"code": "mordantedwoolsulfatecopper",
	"sealHours": 8,
	"ingredients": [
		{ "type": "item", "code": "game:sulfate-full-copper", "litres": 1, "consumeLitres": 1 },
		{ "type": "item", "code": "wool:cloth-wool-plain" }
	],
	"output": { "type": "item", "code": "wool:cloth-wool-mordant" }
	},

	{
	"code": "mordantedwoolsulfateiron",
	"sealHours": 8,
	"ingredients": [
		{ "type": "item", "code": "game:sulfate-full-iron", "litres": 1, "consumeLitres": 1 },
		{ "type": "item", "code": "wool:cloth-wool-plain" }
	],
	"output": { "type": "item", "code": "wool:cloth-wool-mordant" }
	},

	{
	"code": "mordantedwoolsulfatezinc",
	"sealHours": 8,
	"ingredients": [
		{ "type": "item", "code": "game:sulfate-full-zinc", "litres": 1, "consumeLitres": 1 },
		{ "type": "item", "code": "wool:cloth-wool-plain" }
	],
	"output": { "type": "item", "code": "wool:cloth-wool-mordant" }
	},


	{
	"code": "mordantedwooltwinecopper",
	"sealHours": 6,
	"ingredients": [
		{ "type": "item", "code": "game:sulfate-full-copper", "litres": 0.25, "consumeLitres": 0.25 },
		{ "type": "item", "code": "wool:twine-wool-plain" }
	],
	"output": { "type": "item", "code": "wool:twine-wool-mordant" }
	},

	{
	"code": "mordantedwooltwineiron",
	"sealHours": 6,
	"ingredients": [
		{ "type": "item", "code": "game:sulfate-full-iron", "litres": 0.25, "consumeLitres": 0.25 },
		{ "type": "item", "code": "wool:twine-wool-plain" }
	],
	"output": { "type": "item", "code": "wool:twine-wool-mordant" }
	},

	{
	"code": "mordantedwooltwinezinc",
	"sealHours": 6,
	"ingredients": [
		{ "type": "item", "code": "game:sulfate-full-zinc", "litres": 0.25, "consumeLitres": 0.25 },
		{ "type": "item", "code": "wool:twine-wool-plain" }
	],
	"output": { "type": "item", "code": "wool:twine-wool-mordant" }
	}
]
