{
  "code": "deepbowl",
  "behaviors": [
    {
      "name": "GroundStorable",
      "properties": {
        "layout": "Quadrants",
        "collisionBox": {
          "x1": 0,
          "y1": 0,
          "z1": 0,
          "x2": 1,
          "y2": 0.125,
          "z2": 1
        }
      }
    },
    { "name": "Unplaceable" }, // The ground storable obsoletes this being a block. Should be an item, but is kept a block for backwards compatibility
    { "name": "RightClickPickup" }
  ],
  "variantgroups": [
    {
      "code": "color",
      "states": [ "blue", "fire", "red" ]
    },
    {
      "code": "type",
      "states": [ "raw" ]
    }
  ],
  "shape": {
    "base": "aldiclasses:block/clay/deepbowl-empty-ground"
  },
  "textures": {
    "floor": { "base": "game:block/clay/{color}clay" },
    "mat": { "base": "game:block/clay/{color}clay" }
  },
  "attributes": {
    "shelvable": true,
    "onTongTransform": {
      "translation": {
        "x": -0.9,
        "y": -1.4,
        "z": -0.49
      },
      "rotation": {
        "x": 45,
        "y": 86,
        "z": -67
      },
      "scale": 0.9
    },
    "handbook": {
      "groupBy": [ "game:bowl-*-{type}" ]
    }
  },
  "attributesByType": {
    "bowl-red-raw": {
      "beehivekiln": {
        "0": {
          "type": "block",
          "code": "aldiclasses:bowl-tan-fired"
        },
        "1": {
          "type": "block",
          "code": "aldiclasses:bowl-orange-fired"
        },
        "2": {
          "type": "block",
          "code": "aldiclasses:bowl-red-fired"
        },
        "3": {
          "type": "block",
          "code": "aldiclasses:bowl-brown-fired"
        }
      }
    },
    "bowl-blue-raw": {
      "beehivekiln": {
        "0": {
          "type": "block",
          "code": "aldiclasses:bowl-cream-fired"
        },
        "1": {
          "type": "block",
          "code": "aldiclasses:bowl-gray-fired"
        },
        "2": {
          "type": "block",
          "code": "aldiclasses:bowl-black-fired"
        },
        "3": {
          "type": "block",
          "code": "aldiclasses:bowl-black-fired"
        }
      }
    },
    "bowl-fire-raw": {
      "beehivekiln": {
        "0": {
          "type": "block",
          "code": "aldiclasses:bowl-fire-fired"
        },
        "1": {
          "type": "block",
          "code": "aldiclasses:bowl-fire-fired"
        },
        "2": {
          "type": "block",
          "code": "aldiclasses:bowl-fire-fired"
        },
        "3": {
          "type": "block",
          "code": "aldiclasses:bowl-fire-fired"
        }
      }
    }
  },
  "combustiblePropsByType": {
    "deepbowl-fire-raw": {
      "meltingPoint": 600,
      "meltingDuration": 30,
      "smeltedRatio": 1,
      "smeltingType": "fire",
      "requiresContainer": false,
      "smeltedStack": {
        "type": "block",
        "code": "aldiclasses:deepbowl-fire-fired"
      }
    },
    "deepbowl-*-raw": {
      "meltingPoint": 600,
      "meltingDuration": 30,
      "smeltedRatio": 1,
      "smeltingType": "fire",
      "requiresContainer": false,
      "smeltedStack": {
        "type": "block",
        "code": "aldiclasses:deepbowl-blue-fired"
      }
    }
  },
  "creativeinventory": {
    "general": [ "*" ],
    "items": [ "*" ],
    "aldiclasses": [ "*"]
  },
  "heldTpIdleAnimation": "holdbothhands",
  "doNotRenderAtLod2": true,
  "blockmaterial": "Ceramic",
  "replaceable": 300,
  "liquidSelectable": 1,
  "resistance": 0.75,
  "maxStackSize": 8,
  "lightAbsorption": 0,
  "sounds": {
    "walk": "game:walk/stone"
  },
  "sideopaque": {
    "all": false
  },
  "sidesolid": {
    "all": false
  },
  "collisionbox": {
    "x1": 0.3125,
    "y1": 0,
    "z1": 0.3125,
    "x2": 0.6875,
    "y2": 0.125,
    "z2": 0.6875
  },
  "selectionbox": {
    "x1": 0.3125,
    "y1": 0,
    "z1": 0.3125,
    "x2": 0.6875,
    "y2": 0.125,
    "z2": 0.6875
  },
  "guiTransform": {
    "translation": {
      "x": 0,
      "y": 3,
      "z": 0
    },
    "origin": {
      "x": 0.5,
      "y": 0.0625,
      "z": 0.5
    },
    "scale": 3
  },
  "groundTransform": {
    "scale": 3.5
  },
  "tpHandTransform": {
    "translation": {
      "x": -0.97,
      "y": -0.14,
      "z": -0.63
    },
    "rotation": {
      "x": -50,
      "y": 15,
      "z": -104
    },
    "origin": {
      "x": 0.5,
      "y": 0.1,
      "z": 0.5
    },
    "scale": 0.66
  }
}