{
  "code": "stewpot",
  "behaviors": [
    {
      "name": "GroundStorable",
      "properties": {
        "layout": "SingleCenter",
        "placeRemoveSound": "game:sounds/player/build",
        "collisionBox": {
          "x1": 0,
          "y1": 0,
          "z1": 0,
          "x2": 1,
          "y2": 0.7,
          "z2": 1
        }
      }
    },
    { "name": "Unplaceable" }, // The ground storable obsoletes this being a block. Should be an item, but is kept a block for backwards compatibility
    { "name": "RightClickPickup" }
  ],
  "variantgroups": [
    {
      "code": "color",
      "states": [ "blue", "red", "fire" ]
    },
    {
      "code": "type",
      "states": [ "raw" ]
    }
  ],
  "shape": { "base": "aldiclasses:block/clay/stewpot/base-raw" },
  "textures": {
    "ceramic": { "base": "game:block/clay/{color}clay" },
    "label": { "base": "game:block/transparent" }
  },
  "attributes": {
    "tempGlowMode": 1,
    "groundStorageTransform": {
      "translation": {
        "x": 0,
        "y": 0.15,
        "z": 0
      },
      "scale": 1.28
    },
    "handbook": {
      "groupBy": [ "stewpot-*-{type}" ]
    }
  },
  "doNotRenderAtLod2": true,
  "blockmaterial": "Ceramic",
  "creativeinventory": {
    "general": [ "crock-{color}-raw" ],
    "decorative": [ "crock-{color}-raw" ],
    "aldiclasses": [ "*" ]
  },
  "heldTpIdleAnimation": "holdbothhands",
  "heldTpUseAnimation": "twohandplaceblock",
  "replaceable": 400,
  "resistance": 1.5,
  "maxStackSize": 8,
  "lightAbsorption": 0,
  "sounds": {
    "walk": "game:walk/stone"
  },
  "sideopaque": {
    "all": false
  },
  "sidesolid": {
    "all": false
  },
  "emitsideao": {
    "all": false
  },
  "collisionbox": {
    "x1": 0,
    "y1": 0,
    "z1": 0,
    "x2": 1,
    "y2": 1,
    "z2": 1
  },
  "selectionbox": {
    "x1": 0,
    "y1": 0,
    "z1": 0,
    "x2": 1,
    "y2": 0.5,
    "z2": 1
  },
  "guiTransform": {
    "rotation": {
      "x": -22.6,
      "y": -125,
      "z": 0
    },
    "origin": {
      "x": 0.5,
      "y": 0.18,
      "z": 0.5
    },
    "scale": 1.7
  },
  "groundTransform": {
    "scale": 3
  },
  "fpHandTransform": {
    "translation": {
      "x": 0,
      "y": 0,
      "z": 0.5
    },
    "origin": {
      "x": 0.5,
      "y": 0,
      "z": 0.5
    },
    "scale": 2
  },
  "tpHandTransform": {
    "translation": {
      "x": -0.56,
      "y": -0.03,
      "z": -0.52
    },
    "rotation": {
      "x": -139,
      "y": -21,
      "z": -118
    },
    "origin": {
      "x": 0.5,
      "y": 0.01,
      "z": 0.5
    },
    "scale": 0.67
  }
}
