[
  {
    "op": "replace",
    "path": "/structures/0/requireLandform",
    "value": "cr foothills",
    "file": "game:worldgen/storystructures.json",
    "side": "Server"
  },
  {
    "op": "replace",
    "path": "/structures/1/requireLandform",
    "value": "cr plains",
    "file": "game:worldgen/storystructures.json",
    "side": "Server"
  },
  {
    "op": "replace",
    "path": "/structures/2/requireLandform",
    "value": "cr plains",
    "file": "game:worldgen/storystructures.json",
    "side": "Server"
  },
  {
    "op": "replace",
    "path": "/structures/3/requireLandform",
    "value": "cr plains",
    "file": "game:worldgen/storystructures.json",
    "side": "Server"
  },
  {
    "op": "replace",
    "path": "/structures/4/requireLandform",
    "value": "cr plains",
    "file": "game:worldgen/storystructures.json",
    "side": "Server"
  },
  {
  "op": "replace",
  "path": "/structures/5/requireLandform",
  "value": "cr plains",
  "file": "game:worldgen/storystructures.json",
  "side": "Server"
  }
]