[
  {
    "code": "miner",
    "enabled": false,
    "traits": [
      "mountaineater",
      "prospector",
      "tough",
      "myopic",
      "heavyhanded"
    ],
    "gear": [
      {
        "type": "item",
        "code": "game:clothes-upperbody-miner"
      },
      {
        "code": "game:clothes-shoulder-clockmaker-apron",
        "type": "item"
      },
      {
        "type": "item",
        "code": "game:clothes-nadiya-lowerbody-miner-clean"
      },
      {
        "type": "item",
        "code": "game:clothes-nadiya-foot-miner"
      },
      {
        "type": "item",
        "code": "game:clothes-face-hunter-mask"
      },
      {
        "type": "item",
        "code": "game:clothes-nadiya-waist-miner"
      }
    ]
  },
  {
    "code": "farmer",
    "enabled": true,
    "traits": [
      "farmer",
      "forager",
      "greenfingered",
      "animalfriend",
      "saddler",
      "strongshoulders",
      "improviser",
      "nervous",
      "claustrophobic"
    ],
    "gear": [
      {
        "type": "item",
        "code": "game:clothes-head-straw-hat"
      },
      {
        "type": "item",
        "code": "game:clothes-nadiya-face-grain"
      },
      {
        "type": "item",
        "code": "game:clothes-upperbody-clockmaker-shirt"
      },
      {
        "type": "item",
        "code": "game:clothes-shoulder-jord-robe"
      },
      {
        "type": "item",
        "code": "game:clothes-nadiya-lowerbody-shepherd"
      },
      {
        "type": "item",
        "code": "game:clothes-foot-forlorn-shoes"
      },
      {
        "type": "item",
        "code": "game:clothes-nadiya-hand-blacksmith"
      },
      {
        "type": "item",
        "code": "game:clothes-nadiya-waist-shepherd"
      }
    ]
  },
  {
    "code": "lumberjack",
    "enabled": false,
    "traits": [
      "lumberjack",
      "forester",
      "burner",
      "woodsman",
      "kind"
    ],
    "gear": [
      {
        "type": "item",
        "code": "aldiclasses:clothes-upperbodyover-lumberjack-shirt"
      },
      {
        "type": "item",
        "code": "aldiclasses:clothes-lowerbody-lumberjack-pants-fancy"
      },
      {
        "type": "item",
        "code": "game:clothes-foot-metalcap-boots"
      },
      {
        "type": "item",
        "code": "game:clothes-neck-acorn-amulet"
      },
      {
        "type": "item",
        "code": "game:clothes-nadiya-arm-guard-bracers"
      },
      {
        "type": "item",
        "code": "game:clothes-waist-peasant-strap"
      }
    ]
  },
  {
    "code": "blacksmith",
    "enabled": false,
    "traits": [
      "smith",
      "cokefurnacemaster",
      "mender",
      "strongarms",
      "nearsighted",
      "kind"
    ],
    "gear": [
      {
        "type": "item",
        "code": "game:clothes-shoulder-blacksmith-apron"
      },
      {
        "type": "item",
        "code": "game:clothes-upperbody-temptress-velvet-shirt"
      },
      {
        "type": "item",
        "code": "game:clothes-lowerbody-blackguard-leggings"
      },
      {
        "type": "item",
        "code": "game:clothes-nadiya-foot-blacksmith"
      },
      {
        "type": "item",
        "code": "aldiclasses:clothes-face-welding-mask"
      },
      {
        "type": "item",
        "code": "game:clothes-hand-heavy-leather-gloves"
      }
    ]
  },
  {
    "code": "potter",
    "enabled": false,
    "traits": [
      "potter",
      "artisan",
      "digger",
      "strongarms",
      "civil",
      "hungry"
    ],
    "gear": [
      {
        "type": "item",
        "code": "game:clothes-shoulder-woolen-scarf"
      },
      {
        "type": "item",
        "code": "game:clothes-upperbody-hunters-green"
      },
      {
        "type": "item",
        "code": "game:clothes-nadiya-upperbodyover-coat-short"
      },
      {
        "type": "item",
        "code": "game:clothes-nadiya-waist-peasant1"
      },
      {
        "type": "item",
        "code": "game:clothes-lowerbody-pastoral-pants"
      },
      {
        "type": "item",
        "code": "game:clothes-nadiya-foot-peasantbrown"
      }
    ]
  },
  {
    "code": "carpenter",
    "enabled": false,
    "traits": [
      "millwright",
      "carpenter",
      "fitter",
      "strongarms",
      "civil"
    ],
    "gear": [
      {
        "type": "item",
        "code": "game:clothes-face-leather-reinforced-mask"
      },
      {
        "type": "item",
        "code": "game:clothes-hand-commoner-gloves"
      },
      {
        "type": "item",
        "code": "game:clothes-nadiya-upperbodyover-coat-short"
      },
      {
        "type": "item",
        "code": "game:clothes-upperbody-woolen-shirt"
      },
      {
        "type": "item",
        "code": "game:clothes-waist-sturdy-belt"
      },
      {
        "type": "item",
        "code": "game:clothes-lowerbody-pastoral-pants"
      },
      {
        "type": "item",
        "code": "game:clothes-foot-forlorn-shoes"
      }
    ]

  },
  {
    "code": "wanderer",
    "enabled": true,
    "traits": [
      "gatherer",
      "backpacker",
      "frugal",
      "fleetfooted",
      "healthy",
      "animalfriend",
      "pacifist"
    ],
    "gear": [
      {
        "type": "item",
        "code": "game:clothes-head-bamboo-conehat"
      },
      {
        "type": "item",
        "code": "game:clothes-upperbodyover-nomad-mantle"
      },
      {
        "type": "item",
        "code": "game:clothes-lowerbody-nomad-trousers"
      },
      {
        "type": "item",
        "code": "game:clothes-foot-nomad-boots"
      },
      {
        "type": "item",
        "code": "game:clothes-hand-fur-gloves"
      },
      {
        "type": "item",
        "code": "game:clothes-waist-alchemist"
      }
    ]
  },
  {
    "code": "innkeeper",
    "enabled": true,
    "traits": [
      "butcher",
      "culinary",
      "firestarter",
      "foodsnitcher",
      "heavy",
      "tough",
      "booming",
      "heavyhanded",
      "myopic"
    ],
    "gear": [
      {
        "type": "item",
        "code": "game:clothes-hand-heavy-leather-gloves"
      },
      {
        "type": "item",
        "code": "game:clothes-shoulder-blacksmith-apron"
      },
      {
        "type": "item",
        "code": "game:clothes-lowerbody-clockmaker-pants"
      },
      {
        "type": "item",
        "code": "game:clothes-nadiya-upperbody-innkeeper"
      },
      {
        "type": "item",
        "code": "game:clothes-face-glasses"
      }
    ]
  },
  {
    "code": "handwright",
    "enabled": true,
    "traits": [
      "handwright",
      "strongarms",
      "strongshoulders",
      "hungry",
      "notimeforthat"
    ],
    "gear": [
      {
        "type": "item",
        "code": "game:clothes-nadiya-arm-peasant-bracersbrown"
      },
      {
        "type": "item",
        "code": "game:clothes-nadiya-foot-peasantbrown"
      },
      {
        "type": "item",
        "code": "game:clothes-nadiya-hand-peasant1"
      },
      {
        "type": "item",
        "code": "game:clothes-nadiya-head-peasantbrown"
      },
      {
        "type": "item",
        "code": "game:clothes-nadiya-lowerbody-peasant1"
      },
      {
        "type": "item",
        "code": "game:clothes-nadiya-upperbody-peasant1"
      },
      {
        "type": "item",
        "code": "game:clothes-nadiya-waist-peasant1"
      },
      {
        "type": "item",
        "code": "game:clothes-nadiya-shoulder-peasant1"
      }
    ]
  },
  {
    "code": "druid",
    "enabled": true,
    "traits": [
      "druid",
      "herbalist",
      "fleetfooted",
      "focused",
      "kind",
      "clumsyminer"
    ],
    "gear": [
      {
        "type": "item",
        "code": "game:clothes-face-hunter-mask"
      },
      {
        "type": "item",
        "code": "game:clothes-nadiya-arm-barber-pouch"
      },
      {
        "type": "item",
        "code": "game:clothes-shoulder-hooded-cape"
      },
      {
        "type": "item",
        "code": "game:clothes-nadiya-upperbody-beekeeper"
      },
      {
        "type": "item",
        "code": "game:clothes-waist-alchemist"
      },
      {
        "type": "item",
        "code": "game:clothes-lowerbody-marketeer"
      },
      {
        "type": "item",
        "code": "game:clothes-nadiya-foot-guard"
      }
    ]

  },
  {
    "code": "squire",
    "enabled": true,
    "traits": [
      "versatile",
      "fleetfooted",
      "healthy",
      "forager",
      "hungry",
      "clumsyminer"
    ],
    "gear": [
      {
        "type": "item",
        "code": "game:clothes-arm-leather-bracers"
      },
      {
        "type": "item",
        "code": "game:clothes-hand-forlorn-bracer"
      },
      {
        "type": "item",
        "code": "game:clothes-shoulder-squire-tunic"
      },
      {
        "type": "item",
        "code": "game:clothes-upperbody-marketeer"
      },
      {
        "type": "item",
        "code": "game:clothes-waist-squire-belt"
      },
      {
        "type": "item",
        "code": "game:clothes-lowerbody-aristocrat-leggings"
      },
      {
        "type": "item",
        "code": "game:clothes-foot-worn-leather-boots"
      }
    ]

  },
  {
    "code": "wildrunner",
    "enabled": true,
    "traits": [
      "ranger",
      "furtive",
      "flenser",
      "dexterous",
      "bowyer",
      "fragile",
      "precioushands",
      "keepthemaway"
    ],
    "gear": [
      {
        "type": "item",
        "code": "game:clothes-head-hunter-cape"
      },
      {
        "type": "item",
        "code": "game:clothes-shoulder-hunter-poncho"
      },
      {
        "type": "item",
        "code": "game:clothes-upperbody-hunter-shirt"
      },
      {
        "type": "item",
        "code": "game:clothes-upperbodyover-hunter-coat"
      },
      {
        "type": "item",
        "code": "game:clothes-lowerbody-hunter-leggings"
      },
      {
        "type": "item",
        "code": "game:clothes-foot-hunter-boots"
      },
      {
        "type": "item",
        "code": "game:clothes-face-hunter-mask"
      },
      {
        "type": "item",
        "code": "game:clothes-hand-hunter-gloves"
      },
      {
        "type": "item",
        "code": "game:clothes-nadiya-waist-hunter"
      }
    ]
  },
  {
    "code": "mercenary",
    "enabled": true,
    "traits": [
      "unstoppable",
      "greedy",
      "hardy",
      "merciless",
      "highconsumption",
      "loud",
      "keepthemnear"
    ],
    "gear": [
      {
        "type": "item",
        "code": "game:clothes-upperbody-malefactor-shirt"
      },
      {
        "type": "item",
        "code": "game:clothes-upperbodyover-malefactor-tunic"
      },
      {
        "type": "item",
        "code": "game:clothes-shoulder-malefactor-cloak"
      },
      {
        "type": "item",
        "code": "game:clothes-lowerbody-malefactor-trousers"
      },
      {
        "type": "item",
        "code": "game:clothes-foot-malefactor-boots"
      },
      {
        "type": "item",
        "code": "game:clothes-neck-malefactor-pendant"
      },
      {
        "type": "item",
        "code": "game:clothes-face-malefactor-mask"
      },
      {
        "type": "item",
        "code": "game:clothes-hand-malefactor-gloves"
      },
      {
        "type": "item",
        "code": "game:clothes-waist-malefactor-sash"
      }
    ]
  },
  {
    "code": "entropic",
    "enabled": true,
    "traits": [
      "entropy",
      "tinkerer",
      "technical",
      "precise",
      "keeneye",
      "untrained",
      "nervous"
    ],
    "gear": [
      {
        "type": "item",
        "code": "game:clothes-shoulder-clockmaker-apron"
      },
      {
        "type": "item",
        "code": "game:clothes-upperbody-clockmaker-shirt"
      },
      {
        "type": "item",
        "code": "game:clothes-upperbodyover-clockmaker-tunic"
      },
      {
        "type": "item",
        "code": "game:clothes-lowerbody-clockmaker-pants"
      },
      {
        "type": "item",
        "code": "game:clothes-foot-clockmaker-shoes"
      },
      {
        "type": "item",
        "code": "game:clothes-hand-clockmaker-wristguard"
      },
      {
        "type": "item",
        "code": "game:clothes-waist-clockmaker-belt"
      }
    ]
  },
  {
    "code": "threadweaver",
    "enabled": true,
    "traits": [
      "threadweaver",
      "sailwright",
      "clothier",
      "carefulcut",
      "mender",
      "precise",
      "frail",
      "untrained"
    ],
    "gear": [
      {
        "type": "item",
        "code": "game:clothes-face-tailor-mask"
      },
      {
        "type": "item",
        "code": "game:clothes-upperbodyover-tailor-jacket"
      },
      {
        "type": "item",
        "code": "game:clothes-upperbody-tailor-blouse"
      },
      {
        "type": "item",
        "code": "game:clothes-waist-tailor-belt"
      },
      {
        "type": "item",
        "code": "game:clothes-lowerbody-tailor-trousers"
      },
      {
        "type": "item",
        "code": "game:clothes-hand-tailor-gloves"
      },
      {
        "type": "item",
        "code": "game:clothes-foot-tailor-shoes"
      },
      {
        "type": "item",
        "code": "game:clothes-arm-tailor-needlepuff"
      }
    ]
  },
  {
    "code": "mason",
    "enabled": false,
    "traits": [
      "mason",
      "carefulstrike",
      "sturdy",
      "civil",
      "hungry"
    ],
    "gear": [
      {
        "type": "item",
        "code": "game:clothes-shoulder-woolen-scarf"
      },
      {
        "type": "item",
        "code": "game:clothes-nadiya-face-miner"
      },
      {
        "type": "item",
        "code": "game:clothes-nadiya-foot-miner"
      },
      {
        "type": "item",
        "code": "game:clothes-nadiya-hand-miner-clean"
      },
      {
        "type": "item",
        "code": "game:clothes-nadiya-head-peasanttan"
      },
      {
        "type": "item",
        "code": "game:clothes-nadiya-lowerbody-fisher"
      }
    ]

  },
  {
    "code": "earthshaper",
    "enabled": true,
    "traits": [
      "potter",
      "mason",
      "artisan",
      "carefulstrike",
      "digger",
      "sturdy",
      "civil",
      "hungry"
    ],
    "gear": [
      {
        "type": "item",
        "code": "game:clothes-shoulder-woolen-scarf"
      },
      {
        "type": "item",
        "code": "game:clothes-upperbody-hunters-green"
      },
      {
        "type": "item",
        "code": "game:clothes-nadiya-upperbodyover-coat-short"
      },
      {
        "type": "item",
        "code": "game:clothes-nadiya-waist-peasant1"
      },
      {
        "type": "item",
        "code": "game:clothes-lowerbody-pastoral-pants"
      },
      {
        "type": "item",
        "code": "game:clothes-nadiya-foot-peasantbrown"
      },
      {
        "type": "item",
        "code": "game:clothes-nadiya-face-miner"
      },
      {
        "type": "item",
        "code": "game:clothes-nadiya-head-peasanttan"
      }
    ]
  },
  {
    "code": "deepforger",
    "enabled": true,
    "traits": [
      "smith",
      "miner",
      "cokefurnacemaster",
      "prospector",
      "strongarms",
      "myopic",
      "heavyhanded"
    ],
    "gear": [
      {
        "type": "item",
        "code": "game:clothes-nadiya-waist-miner"
      },
      {
        "type": "item",
        "code": "game:clothes-nadiya-upperbody-miner"
      },
      {
        "type": "item",
        "code": "game:clothes-lowerbody-blackguard-leggings"
      },
      {
        "type": "item",
        "code": "game:clothes-nadiya-foot-miner"
      },
      {
        "type": "item",
        "code": "game:clothes-nadiya-face-blacksmith"
      },
      {
        "type": "item",
        "code": "game:clothes-hand-heavy-leather-gloves"
      }
    ]
  },
  {
    "code": "shadowstrider",
    "enabled": true,
    "traits": [
      "freeaswind",
      "getingetout",
      "highlyefficient",
      "evasive",
      "weaponshy",
      "nudist"
    ],
    "gear": [
      {
        "type": "item",
        "code": "game:clothes-nadiya-neck-feather-amulet"
      }
    ]
  },
  {
    "code": "timberborn",
    "enabled": true,
    "traits": [
      "timberborn",
      "timberwright",
      "burner",
      "woodsman",
      "naturebound",
      "kind",
      "labourofchoice"
    ],
    "gear": [
      {
        "type": "item",
        "code": "aldiclasses:clothes-upperbodyover-lumberjack-shirt"
      },
      {
        "type": "item",
        "code": "aldiclasses:clothes-lowerbody-lumberjack-pants-fancy"
      },
      {
        "type": "item",
        "code": "game:clothes-foot-metalcap-boots"
      },
      {
        "type": "item",
        "code": "game:clothes-neck-acorn-amulet"
      },
      {
        "type": "item",
        "code": "game:clothes-nadiya-arm-guard-bracers"
      },
      {
        "type": "item",
        "code": "game:clothes-waist-peasant-strap"
      },
      {
        "type": "item",
        "code": "aldiclasses:timberborn-hat"
      }
    ]
  }
]