[
  {
    "op": "addmerge",
    "path": "/dropsByType",
    "value": {
      "*-oak": [
        {
          "type": "item",
          "code": "aldiclasses:mistletoe",
          "tool": "knife",
          "dropModbyStat": "mistletoeDropRate",
          "quantity": {
            "avg": 0.25,
            "var": 0
          }
        },
        {
          "type": "item",
          "code": "stick",
          "dropModbyStat": "stickDropRate",
          "quantity": {
            "avg": 1,
            "var": 0
          }
        },
        {
          "type": "item",
          "code": "treeseed-oak",
          "quantity": {
            "avg": 0.05,
            "var": 0
          }
        }
      ]
    },
    "file": "game:blocktypes/plant/leaves/branchy.json",
    "side": "Server",
    "dependsOn": [
      {
        "modid": "wildcrafttree",
        "invert": true
      }
    ]
  }
]