[
	{
		"enabled": true,
		"code": "fatrender",
		"isFood": true,
		"perishableProps": {
			"type": "None",
			"freshHours": { "avg": 48 },
			"transitionHours": { "avg": 48 },
			"transitionRatio": 1,
			"transitionedStack": {
				"type": "item",
				"code": "game:fat"
			}
		},
		"shape": { "base": "game:block/food/meal/liquid" },
		"ingredients": [
			{
				"code": "water",
				"validStacks": [
					{
						"type": "item",
						"code": "game:waterportion",
						"shapeElement": "game:bowl/water"
					}
				],
				"minQuantity": 2,
				"maxQuantity": 2,
				"portionSizeLitres": 1
			},
			{
				"code": "meat",
				"validStacks": [
					{
						"type": "item",
						"code": "butchering:primemeat-raw"
					}
				],
				"minQuantity": 2,
				"maxQuantity": 2
			}
		],
		"cooksInto": {
			"type": "Item",
			"code": "game:fat",
			"quantity": 1
		}
	}
]