{
	"code": "compass",
	"variantgroups": [
		{"code": "tier", "states": ["primitive"]},
		{"code": "color", "states": ["blue", "fire", "black", "brown", "cream", "gray", "orange", "red", "tan"]}
	],
	"creativeinventory": {"general": ["*"], "items": ["*"]},
	"maxstacksize": 16,
	"storageFlags": 257,
	"attributes": {
		"handbook": {"groupBy": ["compass-primitive-*"]},
		"mapper": {
			"compassZoomLevel": 5
		}
	},
	"behaviors": [
		{
			"name": "GroundStorable",
			"properties": {
				"layout": "Quadrants",
				"collisionBox": {
					"x1": 0, "y1": 0, "z1": 0,
					"x2": 1, "y2": 0.15, "z2": 1
				}
			}
		},
		{
			"name": "MapperCompassNeedle",
			"properties": {
				"needleShape": {"base": "item/compass-primitive-needle"},
				"resolution": 90,
				"rotationOffset": -135,
				"springDampingRatio": 0.05,
				"springFrequency": 1
			}
		}
	],
	"shape": {"base": "item/compass-primitive"},
	"textures": {"ceramic": {"base": "game:block/clay/hardened/{color}"}},
	"heldLeftTpIdleAnimation": "holdinglanternlefthand",
	"heldRightTpIdleAnimation": "holdinglanternrighthand",
	"guiTransform": {
		"translation": { "x": 1.5, "y": 2, "z": 0 },
		"rotation": { "x": -50, "y": -15, "z": -180 },
		"origin": { "x": 0.5, "y": 0, "z": 0.45 },
		"scaleXyz": { "x": -2.8, "y": 2.8, "z": 2.8 }
	},
	"tpHandTransform": {
		"translation": {"x": -0.8, "y": -0.1, "z": -0.5},
		"rotation": {"x": -75, "y": -120, "z": 100},
		"origin": { "x": 0.5, "y": 0, "z": 0.5 },
		"scale": 0.7
	},
	"tpOffHandTransform": {
		"translation": {"x": -0.8, "y": -0.1, "z": -0.9},
		"rotation": {"x": -120, "y": -120, "z": 90},
		"origin": { "x": 0.5, "y": 0, "z": 0.5 },
		"scale": 0.7
	},
	"groundTransform": {
		"translation": { "x": 0, "y": 0, "z": 0 },
		"rotation": { "x": 0, "y": 0, "z": 0 },
		"origin": { "x": 0.5, "y": 0, "z": 0.5 },
		"scale": 4.5
	}
}
