{
	"code": "paintbrush",
	"class": "MapperPaintbrush",
	"creativeinventory": {"general": ["*"], "items": ["*"]},
	"attributes": {
		"mapper": {
			"minRange": 0,
			"maxRange": 8,
			"stepRange": 2,
			"interactionData": {
				"duration": 2,
				"animationName": "mapper:paint",
				"loopSound": "sounds/paintbrush-loop",
				"loopSoundDuration": 0.4,
				"successSound": "sounds/paintbrush-success"
			}
		}
	},
	"shape": {"base": "item/paintbrush"},
	"guiTransform": {
		"rotation": {"x": -50, "y": 25, "z": -140},
		"origin": {"x": 0, "y": 0.35, "z": 0},
		"scale": 2.4
	},
	"tpHandTransform": {
		"translation": {"x": -0.15, "y": 0.05, "z": 0.05},
		"rotation": {"x": -40, "y": 0, "z": 140},
		"origin": {"x": 0, "y": 0, "z": 0},
		"scale": 0.5
	},
	"groundTransform": {
		"translation": {"x": 0, "y": 0.04, "z": 0},
		"rotation": {"x": 90, "y": 0, "z": 0},
		"origin": {"x": 0.5, "y": 0.5, "z": 0},
		"scale": 3.3
	}
}
