[


{
    "ingredientPattern": "_HL,IBN,B__",
    "requiresTrait": "improviser",
    "ingredients": {
      "I": { "type": "item", "code": "game:cloth-plain" },
      "B": { "type": "block", "code": "game:supportbeam-*", "name": "wood", "allowedVariants": ["oak"] },
      "H": { "type": "item", "code": "game:rope", "quantity": 1 },
      "N": { "type": "item", "code": "game:metalnailsandstrips-*", "name": "metal", "allowedVariants": ["iron"], "quantity": 1  },
      "L": { "type": "item", "code": "game:leather-normal-plain", "quantity": 1 }
    },
    "width": 3,
    "height": 3,
    "output": { "type": "item", "code": "walkingstick-sling", "quantity": 1 }
  },

  {
    "ingredientPattern": "RHL,IBN,B__",
    "ingredients": {
      "I": { "type": "item", "code": "game:cloth-plain" },
      "B": { "type": "block", "code": "game:supportbeam-*", "name": "wood", "allowedVariants": ["oak"] },
      "H": { "type": "item", "code": "game:rope", "quantity": 3 },
      "N": { "type": "item", "code": "game:metalnailsandstrips-*", "name": "metal", "allowedVariants": ["iron"], "quantity": 6  },
      "R": { "type": "item", "code": "game:resin", "quantity": 2 },
      "L": { "type": "item", "code": "game:leather-normal-plain", "quantity": 2 }
    },
    "width": 3,
    "height": 3,
    "output": { "type": "item", "code": "walkingstick-sling", "quantity": 1 }
  }




]