[
  { "file": "game:blocktypes/clay/fired/crock.json",     
    "op": "addmerge", 
    "path": "/storageFlags", 
    "value": 2049 
  },
  { "file": "game:blocktypes/clay/fired/pot.json", 
    "op": "addmerge", 
    "path": "/storageFlags", 
    "value": 2049
  },
  { "file": "game:blocktypes/clay/fired/bowl.json", 
    "op": "addmerge", 
    "path": "/storageFlags", 
    "value": 2049
  },
  { "file": "game:blocktypes/clay/fired/bowl-meal.json", 
    "op": "addmerge", 
    "path": "/storageFlags", 
    "value": 2049
  }
]
