[
	{
		"ingredientPattern": "CBC,BSB,CBC",
		"comment": "Needs charcoal, not just any coal with residues like sulphur in it.",
		"enabled": false,
		"ingredients": {
			"C": { "type": "item", "code": "game:compost", "quantity": 4 },
			"S": { "type": "item", "code": "em:crushed-ore-coal", "quantity": 8 },
			"B": { "type": "item", "code": "game:bonemeal", "quantity": 2 }
		},
		"recipeGroup": 1,
		"width": 3,
		"height": 3,
		"output": { "type": "block", "code": "game:soil-high-none", "quantity": 1 }
	},
	{
		"ingredientPattern": "CBC,KSK,CBC",
		"enabled": false,
		"ingredients": {
			"C": { "type": "item", "code": "game:compost", "quantity": 4 },
			"S": { "type": "block", "code": "game:soil-compost-none" },
			"K": { "type": "item", "code": "em:crushed-ore-coal", "quantity": 4 },
			"B": { "type": "item", "code": "game:bonemeal", "quantity": 4 }
		},
		"recipeGroup": 2,
		"width": 3,
		"height": 3,
		"output": { "type": "block", "code": "game:soil-high-none", "quantity": 2 }
	},

	{
		"ingredientPattern": "CBC,BSB,CBC",
		"enabled": false,
		"ingredients": {
			"C": { "type": "item", "code": "game:compost", "quantity": 4 },
			"S": { "type": "item", "code": "em:powdered-ore-coal", "quantity": 16 },
			"B": { "type": "item", "code": "game:bonemeal", "quantity": 2 }
		},
		"recipeGroup": 1,
		"width": 3,
		"height": 3,
		"output": { "type": "block", "code": "game:soil-high-none", "quantity": 1 }
	},
	{
		"ingredientPattern": "CBC,KSK,CBC",
		"enabled": false,
		"ingredients": {
			"C": { "type": "item", "code": "game:compost", "quantity": 4 },
			"S": { "type": "block", "code": "game:soil-compost-none" },
			"K": { "type": "item", "code": "em:powdered-ore-coal", "quantity": 8 },
			"B": { "type": "item", "code": "game:bonemeal", "quantity": 4 }
		},
		"recipeGroup": 2,
		"width": 3,
		"height": 3,
		"output": { "type": "block", "code": "game:soil-high-none", "quantity": 2 }
	}
]
