{
  "code": "handbell",
  "class": "soundemitting",
  "enabled": true,
  "maxstacksize": 1,
  "attackpower": 0.3,
  "creativeinventory": {
    "general": [ "*" ],
    "items": [ "*" ],
    "tools": [ "*" ],
    "rpvoicechat": [ "*" ]
  },
  "shape": {
    "base": "item/handbell"
  },
  "attributes": {
    "soundAudibleDistance": 16,
    "soundVolume": 0.6,
    "soundDuration": 2,
    "rightClickSounds": [
      "item/handbell/handbell_ring_1",
      "item/handbell/handbell_ring_2",
      "item/handbell/handbell_ring_3"
    ],
    "breakBlockSounds": [
      "item/handbell/handbell_blockbreak_1",
      "item/handbell/handbell_blockbreak_2",
      "item/handbell/handbell_blockbreak_3"
    ],
    "attackSounds": [
      "item/handbell/handbell_hit_1",
      "item/handbell/handbell_hit_2",
      "item/handbell/handbell_hit_3"
    ],
    "handbook": {
      "extraSections": [
        {
          "title": "rpvoicechat:Handbook.Usage.item-handbell.Title",
          "text": "rpvoicechat:Handbook.Usage.item-handbell.Text"
        }
      ]
    }
  },
  "guiTransform": {
    "translation": {
      "x": 0,
      "y": 0,
      "z": 0
    },
    "rotation": {
      "x": 6,
      "y": -11,
      "z": -144
    },
    "origin": {
      "x": 0.67,
      "y": 0.42,
      "z": 0
    },
    "scale": 1.9
  },
  "fpHandTransform": {
    "translation": {
      "x": 0.05,
      "y": -0.15,
      "z": 0
    },
    "rotation": {
      "x": 130,
      "y": 92,
      "z": -30
    },
    "scale": 1.85
  }
}