{
  "code": "wirecutter",
  "enabled": true,
  "class": "wirecutter",
  "behaviors": [{ 
	"name": "GroundStorable",
	"properties": {
	  "layout": 'Halves',
	  "sprintKey": true,
	  "selectionBox": { x1: 0, y1: 0, z1: 0, x2: 1, y2: 0.1, z2: 1 },
	  "collisionBox": { x1: 0, y1: 0, z1: 0, x2: 0, y2: 0, z2: 0 },
	}
  }],
  "maxstacksize": 1,
  "creativeinventory": {
    "general": [ "*" ],
    "items": [ "*" ],
    "tools": [ "*" ],
    "rpvoicechat": [ "*" ]
  },
  "attributes": {
    "rackable": true,
    "toolrackTransform": {
      "rotation": { x: 0, y: -91, z: 0 },
	  "origin": { x: 0.5, y: -0.7, z: 0.5 },
	  "scale": 1.51
    },
    "handbook": {
      "groupBy": [ "wirecutter-*" ],
      "extraSections": [
        {
          "title": "rpvoicechat:Handbook.Usage.item-wirecutter.Title",
          "text": "rpvoicechat:Handbook.Usage.item-wirecutter.Text"
        }
      ]
    }
  },
    "variantgroups": [
    {
      "code": "metal",
      "states": [ "tinbronze" ]
    }
  ],
  "tooltierbytype": {
	"*-tinbronze": 3,
  },
  "durabilitybytype": {
    "*-tinbronze": 300,
  },
  "shape": {
    "base": "item/wirecutter"
  },
  "textures": {
    "metal": {
      "base": "game:block/metal/sheet/{metal}1"
    },
    "leather": {
      "base": "game:block/cloth/leather/normal"
    },
    "bolt": {
      "base": "game:block/metal/sheet/blackbronze1"
    },
  },
  "tpHandTransform": {
      "translation": { x: -0.7, y: 0.1, z: -0.4 },
	  "rotation": { x: 0, y: -118, z: 0 },
	  "scale": 1.2
  },
  "guiTransform": {
	"translation": { x: 0, y: 0, z: 0 },
	"rotation": { x: -46, y: 24, z: 0 },
	"origin": { x: 0.63, y: 0.4, z: 0.2 },
	"scale": 3.06
  },
}
