{
	"editor": {
		"collapsedPaths": "Root/slope-1/main/upper,Root/slope-1/main/lower,Root/slope-1/main,Root/main/upper/2,Root/main/upper/3,Root/main/lower,Root/slope-1/fill,Root/main/upper/0,Root/main/middle/0,Root/slope-1/main/middle,Root/main/upper/1,Root/main/middle/2,Root/main/lower/0,Root/main/middle/1,Root/main/lower/2,Root/main/middle/3,Root/main/lower/1,Root/main/lower/thatch1,Root/main/lower/3,Root/main/lower2",
		"allAngles": false,
		"entityTextureMode": false
	},
	"textureWidth": 16,
	"textureHeight": 16,
	"textureSizes": {
	},
	"textures": {
		"normal-top": "block/hay/normal-top",
		"normal-side": "block/plant/grassroofing/normal-side",
		"straw1": "block/plant/grassroofing/straw1"
	},
	"elements": [
		{
			"name": "main",
			"from": [ 0.0, 0.0, 0.0 ],
			"to": [ 0.0, 0.0, 0.0 ],
			"faces": {
				"north": { "texture": "#null", "uv": [ 0.0, 0.0, 0.5, 0.5 ], "enabled": false },
				"east": { "texture": "#null", "uv": [ 0.0, 0.0, 0.5, 0.5 ], "enabled": false },
				"south": { "texture": "#null", "uv": [ 0.0, 0.0, 0.5, 0.5 ], "enabled": false },
				"west": { "texture": "#null", "uv": [ 0.0, 0.0, 0.5, 0.5 ], "enabled": false },
				"up": { "texture": "#null", "uv": [ 0.0, 0.0, 0.5, 0.5 ], "enabled": false },
				"down": { "texture": "#null", "uv": [ 0.0, 0.0, 0.5, 0.5 ], "enabled": false }
			},
			"children": [
				{
					"name": "lower",
					"from": [ 0.0, 2.0, 0.0 ],
					"to": [ 0.0, 2.0, 0.0 ],
					"renderInEditor": false,
					"faces": {
						"north": { "texture": "#null", "uv": [ 0.0, 0.0, 0.5, 0.5 ], "enabled": false },
						"east": { "texture": "#null", "uv": [ 0.0, 0.0, 0.5, 0.5 ], "enabled": false },
						"south": { "texture": "#null", "uv": [ 0.0, 0.0, 0.5, 0.5 ], "enabled": false },
						"west": { "texture": "#null", "uv": [ 0.0, 0.0, 0.5, 0.5 ], "enabled": false },
						"up": { "texture": "#null", "uv": [ 0.0, 0.0, 0.5, 0.5 ], "enabled": false },
						"down": { "texture": "#null", "uv": [ 0.0, 0.0, 0.5, 0.5 ], "enabled": false }
					},
					"children": [
						{
							"name": "0",
							"from": [ 12.0, 1.5, -0.02 ],
							"to": [ 18.0, 6.5, 16.02 ],
							"rotationOrigin": [ 11.5, 1.5, 8.0 ],
							"rotationZ": 6.0,
							"faces": {
								"north": { "texture": "#normal-side", "uv": [ 2.0, 0.0, 7.0, 6.0 ], "rotation": 90 },
								"east": { "texture": "#normal-top", "uv": [ 0.0, 0.0, 16.0, 5.0 ] },
								"south": { "texture": "#normal-side", "uv": [ 0.0, 0.0, 5.0, 6.0 ], "rotation": 90 },
								"west": { "texture": "#normal-top", "uv": [ 0.0, 0.0, 16.0, 5.0 ] },
								"up": { "texture": "#normal-side", "uv": [ 0.0, 0.0, 16.0, 6.0 ], "rotation": 90 },
								"down": { "texture": "#normal-side", "uv": [ 0.0, 0.0, 16.0, 6.0 ], "rotation": 90 }
							},
							"children": [
								{
									"name": "top4",
									"from": [ -5.0, 5.0, 0.0 ],
									"to": [ 1.0, 5.0, 16.16 ],
									"rotationOrigin": [ 1.0, 5.0, 8.0 ],
									"rotationZ": -22.5,
									"faces": {
										"north": { "texture": "#null", "uv": [ 0.0, 0.0, 6.0, 0.5 ], "enabled": false },
										"east": { "texture": "#null", "uv": [ 0.0, 0.0, 16.0, 0.5 ], "enabled": false },
										"south": { "texture": "#null", "uv": [ 0.0, 0.0, 6.0, 0.5 ], "enabled": false },
										"west": { "texture": "#null", "uv": [ 0.0, 0.0, 16.0, 0.5 ], "enabled": false },
										"up": { "texture": "#straw1", "uv": [ 0.0, 1.5, 16.0, 7.5 ], "rotation": 90, "autoUv": false },
										"down": { "texture": "#null", "uv": [ 0.0, 0.0, 6.0, 16.0 ], "enabled": false }
									}
								},
								{
									"name": "right",
									"from": [ 1.0, 3.0, 7.05 ],
									"to": [ 9.0, 3.0, 13.05 ],
									"rotationOrigin": [ 9.0, 3.0, 16.05 ],
									"rotationX": 67.5,
									"rotationY": 90.0,
									"faces": {
										"north": { "texture": "#null", "uv": [ 0.0, 0.0, 8.0, 0.5 ], "enabled": false },
										"east": { "texture": "#null", "uv": [ 0.0, 0.0, 6.0, 0.5 ], "enabled": false },
										"south": { "texture": "#null", "uv": [ 0.0, 0.0, 8.0, 0.5 ], "enabled": false },
										"west": { "texture": "#null", "uv": [ 0.0, 0.0, 6.0, 0.5 ], "enabled": false },
										"up": { "texture": "#straw1", "uv": [ 10.0, 0.0, 16.0, 8.0 ], "rotation": 90, "autoUv": false, "windMode": [7,-1,-1,-1] },
										"down": { "texture": "#null", "uv": [ 0.0, 0.0, 8.0, 6.0 ], "enabled": false }
									}
								},
								{
									"name": "right1",
									"from": [ 5.0, 5.0, 7.05 ],
									"to": [ 9.0, 5.0, 13.05 ],
									"rotationOrigin": [ 9.0, 5.0, 16.05 ],
									"rotationX": 45.0,
									"rotationY": 90.0,
									"faces": {
										"north": { "texture": "#null", "uv": [ 0.0, 0.0, 4.0, 0.5 ], "enabled": false },
										"east": { "texture": "#null", "uv": [ 0.0, 0.0, 6.0, 0.5 ], "enabled": false },
										"south": { "texture": "#null", "uv": [ 0.0, 0.0, 4.0, 0.5 ], "enabled": false },
										"west": { "texture": "#null", "uv": [ 0.0, 0.0, 6.0, 0.5 ], "enabled": false },
										"up": { "texture": "#straw1", "uv": [ 10.0, 11.5, 16.0, 15.5 ], "rotation": 90, "autoUv": false, "windMode": [7,-1,-1,-1] },
										"down": { "texture": "#null", "uv": [ 0.0, 0.0, 4.0, 6.0 ], "enabled": false }
									}
								},
								{
									"name": "left",
									"from": [ 2.0, 5.0, 2.0 ],
									"to": [ 8.0, 5.0, 8.0 ],
									"rotationOrigin": [ 8.0, 5.0, 0.0 ],
									"rotationX": -45.0,
									"rotationY": -90.0,
									"faces": {
										"north": { "texture": "#null", "uv": [ 0.0, 0.0, 6.0, 0.5 ], "enabled": false },
										"east": { "texture": "#null", "uv": [ 0.0, 0.0, 6.0, 0.5 ], "enabled": false },
										"south": { "texture": "#null", "uv": [ 0.0, 0.0, 6.0, 0.5 ], "enabled": false },
										"west": { "texture": "#null", "uv": [ 0.0, 0.0, 6.0, 0.5 ], "enabled": false },
										"up": { "texture": "#straw1", "uv": [ 0.0, 10.0, 6.0, 16.0 ], "rotation": 90, "autoUv": false, "windMode": [-1,7,-1,-1] },
										"down": { "texture": "#null", "uv": [ 0.0, 0.0, 6.0, 6.0 ], "enabled": false }
									}
								},
								{
									"name": "left1",
									"from": [ 2.0, 3.0, 4.0 ],
									"to": [ 10.0, 3.0, 10.0 ],
									"rotationOrigin": [ 10.0, 3.0, 0.0 ],
									"rotationX": -45.0,
									"rotationY": -90.0,
									"rotationZ": 22.5,
									"faces": {
										"north": { "texture": "#null", "uv": [ 0.0, 0.0, 8.0, 0.5 ], "enabled": false },
										"east": { "texture": "#null", "uv": [ 0.0, 0.0, 6.0, 0.5 ], "enabled": false },
										"south": { "texture": "#null", "uv": [ 0.0, 0.0, 8.0, 0.5 ], "enabled": false },
										"west": { "texture": "#null", "uv": [ 0.0, 0.0, 6.0, 0.5 ], "enabled": false },
										"up": { "texture": "#straw1", "uv": [ 0.0, 0.0, 6.0, 8.0 ], "rotation": 90, "autoUv": false, "windMode": [-1,7,-1,-1] },
										"down": { "texture": "#null", "uv": [ 0.0, 0.0, 8.0, 6.0 ], "enabled": false }
									}
								}
							]
						},
						{
							"name": "1",
							"from": [ 6.0, 1.5, -0.02 ],
							"to": [ 12.0, 6.5, 16.02 ],
							"rotationOrigin": [ 11.5, 1.5, 8.0 ],
							"rotationZ": 6.0,
							"faces": {
								"north": { "texture": "#normal-side", "uv": [ 2.0, 0.0, 7.0, 6.0 ], "rotation": 90 },
								"east": { "texture": "#normal-top", "uv": [ 0.0, 0.0, 16.0, 5.0 ] },
								"south": { "texture": "#normal-side", "uv": [ 0.0, 0.0, 5.0, 6.0 ], "rotation": 90 },
								"west": { "texture": "#normal-top", "uv": [ 0.0, 0.0, 16.0, 5.0 ] },
								"up": { "texture": "#normal-side", "uv": [ 0.0, 6.0, 16.0, 12.0 ], "rotation": 90 },
								"down": { "texture": "#normal-side", "uv": [ 0.0, 6.0, 16.0, 12.0 ], "rotation": 90 }
							},
							"children": [
								{
									"name": "top9",
									"from": [ -4.0, 5.0, 0.0 ],
									"to": [ 0.0, 5.0, 16.16 ],
									"rotationOrigin": [ 0.0, 5.0, 8.0 ],
									"rotationZ": 22.5,
									"faces": {
										"north": { "texture": "#null", "uv": [ 0.0, 0.0, 4.0, 0.5 ], "enabled": false },
										"east": { "texture": "#null", "uv": [ 0.0, 0.0, 16.0, 0.5 ], "enabled": false },
										"south": { "texture": "#null", "uv": [ 0.0, 0.0, 4.0, 0.5 ], "enabled": false },
										"west": { "texture": "#null", "uv": [ 0.0, 0.0, 16.0, 0.5 ], "enabled": false },
										"up": { "texture": "#straw1", "uv": [ 0.0, 12.0, 16.0, 16.0 ], "rotation": 90, "autoUv": false, "windMode": [7,7,-1,-1] },
										"down": { "texture": "#null", "uv": [ 0.0, 0.0, 4.0, 16.0 ], "enabled": false }
									}
								},
								{
									"name": "right2",
									"from": [ 1.0, 3.0, 7.05 ],
									"to": [ 9.0, 3.0, 13.05 ],
									"rotationOrigin": [ 9.0, 3.0, 16.05 ],
									"rotationX": 67.5,
									"rotationY": 90.0,
									"faces": {
										"north": { "texture": "#null", "uv": [ 0.0, 0.0, 8.0, 0.5 ], "enabled": false },
										"east": { "texture": "#null", "uv": [ 0.0, 0.0, 6.0, 0.5 ], "enabled": false },
										"south": { "texture": "#null", "uv": [ 0.0, 0.0, 8.0, 0.5 ], "enabled": false },
										"west": { "texture": "#null", "uv": [ 0.0, 0.0, 6.0, 0.5 ], "enabled": false },
										"up": { "texture": "#straw1", "uv": [ 2.0, 0.0, 8.0, 8.0 ], "rotation": 90, "autoUv": false, "windMode": [7,-1,-1,-1] },
										"down": { "texture": "#null", "uv": [ 0.0, 0.0, 8.0, 6.0 ], "enabled": false }
									}
								},
								{
									"name": "right3",
									"from": [ 5.0, 5.0, 7.05 ],
									"to": [ 9.0, 5.0, 13.05 ],
									"rotationOrigin": [ 9.0, 5.0, 16.05 ],
									"rotationX": 45.0,
									"rotationY": 90.0,
									"faces": {
										"north": { "texture": "#null", "uv": [ 0.0, 0.0, 4.0, 0.5 ], "enabled": false },
										"east": { "texture": "#null", "uv": [ 0.0, 0.0, 6.0, 0.5 ], "enabled": false },
										"south": { "texture": "#null", "uv": [ 0.0, 0.0, 4.0, 0.5 ], "enabled": false },
										"west": { "texture": "#null", "uv": [ 0.0, 0.0, 6.0, 0.5 ], "enabled": false },
										"up": { "texture": "#straw1", "uv": [ 2.0, 11.5, 8.0, 15.5 ], "rotation": 90, "autoUv": false, "windMode": [7,-1,-1,-1] },
										"down": { "texture": "#null", "uv": [ 0.0, 0.0, 4.0, 6.0 ], "enabled": false }
									}
								},
								{
									"name": "left2",
									"from": [ 2.0, 5.0, 2.0 ],
									"to": [ 8.0, 5.0, 8.0 ],
									"rotationOrigin": [ 8.0, 5.0, 0.0 ],
									"rotationX": -45.0,
									"rotationY": -90.0,
									"faces": {
										"north": { "texture": "#null", "uv": [ 0.0, 0.0, 6.0, 0.5 ], "enabled": false },
										"east": { "texture": "#null", "uv": [ 0.0, 0.0, 6.0, 0.5 ], "enabled": false },
										"south": { "texture": "#null", "uv": [ 0.0, 0.0, 6.0, 0.5 ], "enabled": false },
										"west": { "texture": "#null", "uv": [ 0.0, 0.0, 6.0, 0.5 ], "enabled": false },
										"up": { "texture": "#straw1", "uv": [ 8.0, 9.5, 14.0, 15.5 ], "rotation": 90, "autoUv": false, "windMode": [-1,7,-1,-1] },
										"down": { "texture": "#null", "uv": [ 0.0, 0.0, 6.0, 6.0 ], "enabled": false }
									}
								},
								{
									"name": "left3",
									"from": [ 2.0, 3.0, 4.0 ],
									"to": [ 10.0, 3.0, 10.0 ],
									"rotationOrigin": [ 10.0, 3.0, 0.0 ],
									"rotationX": -45.0,
									"rotationY": -90.0,
									"rotationZ": 22.5,
									"faces": {
										"north": { "texture": "#null", "uv": [ 0.0, 0.0, 8.0, 0.5 ], "enabled": false },
										"east": { "texture": "#null", "uv": [ 0.0, 0.0, 6.0, 0.5 ], "enabled": false },
										"south": { "texture": "#null", "uv": [ 0.0, 0.0, 8.0, 0.5 ], "enabled": false },
										"west": { "texture": "#null", "uv": [ 0.0, 0.0, 6.0, 0.5 ], "enabled": false },
										"up": { "texture": "#straw1", "uv": [ 8.0, 0.0, 14.0, 8.0 ], "rotation": 90, "autoUv": false, "windMode": [-1,7,-1,-1] },
										"down": { "texture": "#null", "uv": [ 0.0, 0.0, 8.0, 6.0 ], "enabled": false }
									}
								}
							]
						},
						{
							"name": "2",
							"from": [ 2.0, -1.0, -0.03 ],
							"to": [ 8.0, 4.0, 16.03 ],
							"rotationOrigin": [ 6.0, -1.0, 8.0 ],
							"rotationZ": 6.0,
							"faces": {
								"north": { "texture": "#normal-side", "uv": [ 2.0, 0.0, 7.0, 6.0 ], "rotation": 90 },
								"east": { "texture": "#normal-top", "uv": [ 0.0, 6.0, 16.0, 11.0 ] },
								"south": { "texture": "#normal-side", "uv": [ 0.0, 0.0, 5.0, 6.0 ], "rotation": 90 },
								"west": { "texture": "#normal-top", "uv": [ 0.0, 0.0, 16.0, 5.0 ] },
								"up": { "texture": "#normal-side", "uv": [ 0.0, 4.0, 16.0, 10.0 ], "rotation": 90 },
								"down": { "texture": "#normal-side", "uv": [ 0.0, 4.0, 16.0, 10.0 ], "rotation": 90 }
							},
							"children": [
								{
									"name": "left4",
									"from": [ 10.0, 5.0, 10.0 ],
									"to": [ 16.0, 5.0, 16.0 ],
									"rotationOrigin": [ 16.0, 5.0, 0.0 ],
									"rotationX": -90.0,
									"rotationY": -90.0,
									"rotationZ": -22.5,
									"faces": {
										"north": { "texture": "#null", "uv": [ 0.0, 0.0, 6.0, 0.5 ], "enabled": false },
										"east": { "texture": "#null", "uv": [ 0.0, 0.0, 6.0, 0.5 ], "enabled": false },
										"south": { "texture": "#null", "uv": [ 0.0, 0.0, 6.0, 0.5 ], "enabled": false },
										"west": { "texture": "#null", "uv": [ 0.0, 0.0, 6.0, 0.5 ], "enabled": false },
										"up": { "texture": "#straw1", "uv": [ 0.0, 0.5, 6.0, 6.5 ], "rotation": 90, "autoUv": false, "windMode": [-1,7,-1,-1] },
										"down": { "texture": "#null", "uv": [ 0.0, 0.0, 6.0, 6.0 ], "enabled": false }
									}
								},
								{
									"name": "right4",
									"from": [ -6.0, 5.0, 16.0 ],
									"to": [ 0.0, 5.0, 22.0 ],
									"rotationOrigin": [ 0.0, 5.0, 16.0 ],
									"rotationX": 67.5,
									"rotationY": 90.0,
									"faces": {
										"north": { "texture": "#null", "uv": [ 0.0, 0.0, 6.0, 0.5 ], "enabled": false },
										"east": { "texture": "#null", "uv": [ 0.0, 0.0, 6.0, 0.5 ], "enabled": false },
										"south": { "texture": "#null", "uv": [ 0.0, 0.0, 6.0, 0.5 ], "enabled": false },
										"west": { "texture": "#null", "uv": [ 0.0, 0.0, 6.0, 0.5 ], "enabled": false },
										"up": { "texture": "#straw1", "uv": [ 10.0, 0.5, 16.0, 6.5 ], "rotation": 90, "autoUv": false, "windMode": [7,-1,-1,-1] },
										"down": { "texture": "#null", "uv": [ 0.0, 0.0, 6.0, 6.0 ], "enabled": false }
									}
								}
							]
						},
						{
							"name": "3",
							"from": [ -4.0, -1.0, -0.03 ],
							"to": [ 2.0, 4.0, 16.03 ],
							"rotationOrigin": [ 6.0, -1.0, 8.0 ],
							"rotationZ": 6.0,
							"faces": {
								"north": { "texture": "#normal-side", "uv": [ 2.0, 0.0, 7.0, 6.0 ], "rotation": 90 },
								"east": { "texture": "#normal-top", "uv": [ 0.0, 6.0, 16.0, 11.0 ] },
								"south": { "texture": "#normal-side", "uv": [ 0.0, 0.0, 5.0, 6.0 ], "rotation": 90 },
								"west": { "texture": "#normal-top", "uv": [ 0.0, 0.0, 16.0, 5.0 ] },
								"up": { "texture": "#normal-side", "uv": [ 0.0, 10.0, 16.0, 16.0 ], "rotation": 90 },
								"down": { "texture": "#normal-side", "uv": [ 0.0, 10.0, 16.0, 16.0 ], "rotation": 90 }
							},
							"children": [
								{
									"name": "left5",
									"from": [ 10.0, 5.0, 10.0 ],
									"to": [ 16.0, 5.0, 16.0 ],
									"rotationOrigin": [ 16.0, 5.0, 0.0 ],
									"rotationX": -90.0,
									"rotationY": -90.0,
									"rotationZ": -22.5,
									"faces": {
										"north": { "texture": "#null", "uv": [ 0.0, 0.0, 6.0, 0.5 ], "enabled": false },
										"east": { "texture": "#null", "uv": [ 0.0, 0.0, 6.0, 0.5 ], "enabled": false },
										"south": { "texture": "#null", "uv": [ 0.0, 0.0, 6.0, 0.5 ], "enabled": false },
										"west": { "texture": "#null", "uv": [ 0.0, 0.0, 6.0, 0.5 ], "enabled": false },
										"up": { "texture": "#straw1", "uv": [ 10.0, 0.5, 16.0, 6.5 ], "rotation": 90, "autoUv": false, "windMode": [-1,7,-1,-1] },
										"down": { "texture": "#null", "uv": [ 0.0, 0.0, 6.0, 6.0 ], "enabled": false }
									}
								},
								{
									"name": "top2",
									"from": [ -4.0, 0.0, 0.0 ],
									"to": [ 2.0, 0.0, 16.1 ],
									"rotationOrigin": [ -5.0, 0.0, 8.0 ],
									"rotationZ": 45.0,
									"faces": {
										"north": { "texture": "#null", "uv": [ 0.0, 0.0, 6.0, 0.5 ], "enabled": false },
										"east": { "texture": "#null", "uv": [ 0.0, 0.0, 16.0, 0.5 ], "enabled": false },
										"south": { "texture": "#null", "uv": [ 0.0, 0.0, 6.0, 0.5 ], "enabled": false },
										"west": { "texture": "#null", "uv": [ 0.0, 0.0, 16.0, 0.5 ], "enabled": false },
										"up": { "texture": "#straw1", "uv": [ 0.0, 10.0, 16.0, 16.0 ], "rotation": 90, "autoUv": false, "windMode": [7,7,-1,-1] },
										"down": { "texture": "#null", "uv": [ 0.0, 0.0, 6.0, 16.0 ], "enabled": false }
									}
								},
								{
									"name": "right5",
									"from": [ -6.0, 5.0, 16.0 ],
									"to": [ 0.0, 5.0, 22.0 ],
									"rotationOrigin": [ 0.0, 5.0, 16.0 ],
									"rotationX": 67.5,
									"rotationY": 90.0,
									"faces": {
										"north": { "texture": "#null", "uv": [ 0.0, 0.0, 6.0, 0.5 ], "enabled": false },
										"east": { "texture": "#null", "uv": [ 0.0, 0.0, 6.0, 0.5 ], "enabled": false },
										"south": { "texture": "#null", "uv": [ 0.0, 0.0, 6.0, 0.5 ], "enabled": false },
										"west": { "texture": "#null", "uv": [ 0.0, 0.0, 6.0, 0.5 ], "enabled": false },
										"up": { "texture": "#straw1", "uv": [ 0.0, 0.5, 6.0, 6.5 ], "rotation": 90, "autoUv": false, "windMode": [7,-1,-1,-1] },
										"down": { "texture": "#null", "uv": [ 0.0, 0.0, 6.0, 6.0 ], "enabled": false }
									}
								}
							]
						}
					]
				},
				{
					"name": "middle",
					"from": [ 0.0, 7.33, 0.0 ],
					"to": [ 0.0, 7.33, 0.0 ],
					"renderInEditor": false,
					"faces": {
						"north": { "texture": "#null", "uv": [ 0.0, 0.0, 0.5, 0.5 ], "enabled": false },
						"east": { "texture": "#null", "uv": [ 0.0, 0.0, 0.5, 0.5 ], "enabled": false },
						"south": { "texture": "#null", "uv": [ 0.0, 0.0, 0.5, 0.5 ], "enabled": false },
						"west": { "texture": "#null", "uv": [ 0.0, 0.0, 0.5, 0.5 ], "enabled": false },
						"up": { "texture": "#null", "uv": [ 0.0, 0.0, 0.5, 0.5 ], "enabled": false },
						"down": { "texture": "#null", "uv": [ 0.0, 0.0, 0.5, 0.5 ], "enabled": false }
					},
					"children": [
						{
							"name": "0",
							"from": [ 12.0, 1.5, -0.02 ],
							"to": [ 18.0, 6.5, 16.02 ],
							"rotationOrigin": [ 11.5, 1.5, 8.0 ],
							"rotationZ": 6.0,
							"faces": {
								"north": { "texture": "#normal-side", "uv": [ 2.0, 0.0, 7.0, 6.0 ], "rotation": 90 },
								"east": { "texture": "#normal-top", "uv": [ 0.0, 0.0, 16.0, 5.0 ] },
								"south": { "texture": "#normal-side", "uv": [ 0.0, 0.0, 5.0, 6.0 ], "rotation": 90 },
								"west": { "texture": "#normal-top", "uv": [ 0.0, 0.0, 16.0, 5.0 ] },
								"up": { "texture": "#normal-side", "uv": [ 0.0, 0.0, 16.0, 6.0 ], "rotation": 90 },
								"down": { "texture": "#normal-side", "uv": [ 0.0, 0.0, 16.0, 6.0 ], "rotation": 90 }
							},
							"children": [
								{
									"name": "top4",
									"from": [ -5.0, 5.0, 0.0 ],
									"to": [ 1.0, 5.0, 16.16 ],
									"rotationOrigin": [ 1.0, 5.0, 8.0 ],
									"rotationZ": -22.5,
									"faces": {
										"north": { "texture": "#null", "uv": [ 0.0, 0.0, 6.0, 0.5 ], "enabled": false },
										"east": { "texture": "#null", "uv": [ 0.0, 0.0, 16.0, 0.5 ], "enabled": false },
										"south": { "texture": "#null", "uv": [ 0.0, 0.0, 6.0, 0.5 ], "enabled": false },
										"west": { "texture": "#null", "uv": [ 0.0, 0.0, 16.0, 0.5 ], "enabled": false },
										"up": { "texture": "#straw1", "uv": [ 0.0, 1.5, 16.0, 7.5 ], "rotation": 90, "autoUv": false },
										"down": { "texture": "#null", "uv": [ 0.0, 0.0, 6.0, 16.0 ], "enabled": false }
									}
								},
								{
									"name": "right",
									"from": [ 1.0, 3.0, 7.05 ],
									"to": [ 9.0, 3.0, 13.05 ],
									"rotationOrigin": [ 9.0, 3.0, 16.05 ],
									"rotationX": 67.5,
									"rotationY": 90.0,
									"faces": {
										"north": { "texture": "#null", "uv": [ 0.0, 0.0, 8.0, 0.5 ], "enabled": false },
										"east": { "texture": "#null", "uv": [ 0.0, 0.0, 6.0, 0.5 ], "enabled": false },
										"south": { "texture": "#null", "uv": [ 0.0, 0.0, 8.0, 0.5 ], "enabled": false },
										"west": { "texture": "#null", "uv": [ 0.0, 0.0, 6.0, 0.5 ], "enabled": false },
										"up": { "texture": "#straw1", "uv": [ 10.0, 0.0, 16.0, 8.0 ], "rotation": 90, "autoUv": false, "windMode": [7,-1,-1,-1] },
										"down": { "texture": "#null", "uv": [ 0.0, 0.0, 8.0, 6.0 ], "enabled": false }
									}
								},
								{
									"name": "right1",
									"from": [ 5.0, 5.0, 7.05 ],
									"to": [ 9.0, 5.0, 13.05 ],
									"rotationOrigin": [ 9.0, 5.0, 16.05 ],
									"rotationX": 45.0,
									"rotationY": 90.0,
									"faces": {
										"north": { "texture": "#null", "uv": [ 0.0, 0.0, 4.0, 0.5 ], "enabled": false },
										"east": { "texture": "#null", "uv": [ 0.0, 0.0, 6.0, 0.5 ], "enabled": false },
										"south": { "texture": "#null", "uv": [ 0.0, 0.0, 4.0, 0.5 ], "enabled": false },
										"west": { "texture": "#null", "uv": [ 0.0, 0.0, 6.0, 0.5 ], "enabled": false },
										"up": { "texture": "#straw1", "uv": [ 10.0, 11.5, 16.0, 15.5 ], "rotation": 90, "autoUv": false, "windMode": [7,-1,-1,-1] },
										"down": { "texture": "#null", "uv": [ 0.0, 0.0, 4.0, 6.0 ], "enabled": false }
									}
								},
								{
									"name": "left",
									"from": [ 2.0, 5.0, 2.0 ],
									"to": [ 8.0, 5.0, 8.0 ],
									"rotationOrigin": [ 8.0, 5.0, 0.0 ],
									"rotationX": -45.0,
									"rotationY": -90.0,
									"faces": {
										"north": { "texture": "#null", "uv": [ 0.0, 0.0, 6.0, 0.5 ], "enabled": false },
										"east": { "texture": "#null", "uv": [ 0.0, 0.0, 6.0, 0.5 ], "enabled": false },
										"south": { "texture": "#null", "uv": [ 0.0, 0.0, 6.0, 0.5 ], "enabled": false },
										"west": { "texture": "#null", "uv": [ 0.0, 0.0, 6.0, 0.5 ], "enabled": false },
										"up": { "texture": "#straw1", "uv": [ 0.0, 10.0, 6.0, 16.0 ], "rotation": 90, "autoUv": false, "windMode": [-1,7,-1,-1] },
										"down": { "texture": "#null", "uv": [ 0.0, 0.0, 6.0, 6.0 ], "enabled": false }
									}
								},
								{
									"name": "left1",
									"from": [ 2.0, 3.0, 4.0 ],
									"to": [ 10.0, 3.0, 10.0 ],
									"rotationOrigin": [ 10.0, 3.0, 0.0 ],
									"rotationX": -45.0,
									"rotationY": -90.0,
									"rotationZ": 22.5,
									"faces": {
										"north": { "texture": "#null", "uv": [ 0.0, 0.0, 8.0, 0.5 ], "enabled": false },
										"east": { "texture": "#null", "uv": [ 0.0, 0.0, 6.0, 0.5 ], "enabled": false },
										"south": { "texture": "#null", "uv": [ 0.0, 0.0, 8.0, 0.5 ], "enabled": false },
										"west": { "texture": "#null", "uv": [ 0.0, 0.0, 6.0, 0.5 ], "enabled": false },
										"up": { "texture": "#straw1", "uv": [ 0.0, 0.0, 6.0, 8.0 ], "rotation": 90, "autoUv": false, "windMode": [-1,7,-1,-1] },
										"down": { "texture": "#null", "uv": [ 0.0, 0.0, 8.0, 6.0 ], "enabled": false }
									}
								}
							]
						},
						{
							"name": "1",
							"from": [ 6.0, 1.5, -0.02 ],
							"to": [ 12.0, 6.5, 16.02 ],
							"rotationOrigin": [ 11.5, 1.5, 8.0 ],
							"rotationZ": 6.0,
							"faces": {
								"north": { "texture": "#normal-side", "uv": [ 2.0, 0.0, 7.0, 6.0 ], "rotation": 90 },
								"east": { "texture": "#normal-top", "uv": [ 0.0, 0.0, 16.0, 5.0 ] },
								"south": { "texture": "#normal-side", "uv": [ 0.0, 0.0, 5.0, 6.0 ], "rotation": 90 },
								"west": { "texture": "#normal-top", "uv": [ 0.0, 0.0, 16.0, 5.0 ] },
								"up": { "texture": "#normal-side", "uv": [ 0.0, 6.0, 16.0, 12.0 ], "rotation": 90 },
								"down": { "texture": "#normal-side", "uv": [ 0.0, 6.0, 16.0, 12.0 ], "rotation": 90 }
							},
							"children": [
								{
									"name": "top9",
									"from": [ -4.0, 5.0, 0.0 ],
									"to": [ 0.0, 5.0, 16.16 ],
									"rotationOrigin": [ 0.0, 5.0, 8.0 ],
									"rotationZ": 22.5,
									"faces": {
										"north": { "texture": "#null", "uv": [ 0.0, 0.0, 4.0, 0.5 ], "enabled": false },
										"east": { "texture": "#null", "uv": [ 0.0, 0.0, 16.0, 0.5 ], "enabled": false },
										"south": { "texture": "#null", "uv": [ 0.0, 0.0, 4.0, 0.5 ], "enabled": false },
										"west": { "texture": "#null", "uv": [ 0.0, 0.0, 16.0, 0.5 ], "enabled": false },
										"up": { "texture": "#straw1", "uv": [ 0.0, 12.0, 16.0, 16.0 ], "rotation": 90, "autoUv": false, "windMode": [7,7,-1,-1] },
										"down": { "texture": "#null", "uv": [ 0.0, 0.0, 4.0, 16.0 ], "enabled": false }
									}
								},
								{
									"name": "right2",
									"from": [ 1.0, 3.0, 7.05 ],
									"to": [ 9.0, 3.0, 13.05 ],
									"rotationOrigin": [ 9.0, 3.0, 16.05 ],
									"rotationX": 67.5,
									"rotationY": 90.0,
									"faces": {
										"north": { "texture": "#null", "uv": [ 0.0, 0.0, 8.0, 0.5 ], "enabled": false },
										"east": { "texture": "#null", "uv": [ 0.0, 0.0, 6.0, 0.5 ], "enabled": false },
										"south": { "texture": "#null", "uv": [ 0.0, 0.0, 8.0, 0.5 ], "enabled": false },
										"west": { "texture": "#null", "uv": [ 0.0, 0.0, 6.0, 0.5 ], "enabled": false },
										"up": { "texture": "#straw1", "uv": [ 2.0, 0.0, 8.0, 8.0 ], "rotation": 90, "autoUv": false, "windMode": [7,-1,-1,-1] },
										"down": { "texture": "#null", "uv": [ 0.0, 0.0, 8.0, 6.0 ], "enabled": false }
									}
								},
								{
									"name": "right3",
									"from": [ 5.0, 5.0, 7.05 ],
									"to": [ 9.0, 5.0, 13.05 ],
									"rotationOrigin": [ 9.0, 5.0, 16.05 ],
									"rotationX": 45.0,
									"rotationY": 90.0,
									"faces": {
										"north": { "texture": "#null", "uv": [ 0.0, 0.0, 4.0, 0.5 ], "enabled": false },
										"east": { "texture": "#null", "uv": [ 0.0, 0.0, 6.0, 0.5 ], "enabled": false },
										"south": { "texture": "#null", "uv": [ 0.0, 0.0, 4.0, 0.5 ], "enabled": false },
										"west": { "texture": "#null", "uv": [ 0.0, 0.0, 6.0, 0.5 ], "enabled": false },
										"up": { "texture": "#straw1", "uv": [ 2.0, 11.5, 8.0, 15.5 ], "rotation": 90, "autoUv": false, "windMode": [7,-1,-1,-1] },
										"down": { "texture": "#null", "uv": [ 0.0, 0.0, 4.0, 6.0 ], "enabled": false }
									}
								},
								{
									"name": "left2",
									"from": [ 2.0, 5.0, 2.0 ],
									"to": [ 8.0, 5.0, 8.0 ],
									"rotationOrigin": [ 8.0, 5.0, 0.0 ],
									"rotationX": -45.0,
									"rotationY": -90.0,
									"faces": {
										"north": { "texture": "#null", "uv": [ 0.0, 0.0, 6.0, 0.5 ], "enabled": false },
										"east": { "texture": "#null", "uv": [ 0.0, 0.0, 6.0, 0.5 ], "enabled": false },
										"south": { "texture": "#null", "uv": [ 0.0, 0.0, 6.0, 0.5 ], "enabled": false },
										"west": { "texture": "#null", "uv": [ 0.0, 0.0, 6.0, 0.5 ], "enabled": false },
										"up": { "texture": "#straw1", "uv": [ 8.0, 9.5, 14.0, 15.5 ], "rotation": 90, "autoUv": false, "windMode": [-1,7,-1,-1] },
										"down": { "texture": "#null", "uv": [ 0.0, 0.0, 6.0, 6.0 ], "enabled": false }
									}
								},
								{
									"name": "left3",
									"from": [ 2.0, 3.0, 4.0 ],
									"to": [ 10.0, 3.0, 10.0 ],
									"rotationOrigin": [ 10.0, 3.0, 0.0 ],
									"rotationX": -45.0,
									"rotationY": -90.0,
									"rotationZ": 22.5,
									"faces": {
										"north": { "texture": "#null", "uv": [ 0.0, 0.0, 8.0, 0.5 ], "enabled": false },
										"east": { "texture": "#null", "uv": [ 0.0, 0.0, 6.0, 0.5 ], "enabled": false },
										"south": { "texture": "#null", "uv": [ 0.0, 0.0, 8.0, 0.5 ], "enabled": false },
										"west": { "texture": "#null", "uv": [ 0.0, 0.0, 6.0, 0.5 ], "enabled": false },
										"up": { "texture": "#straw1", "uv": [ 8.0, 0.0, 14.0, 8.0 ], "rotation": 90, "autoUv": false, "windMode": [-1,7,-1,-1] },
										"down": { "texture": "#null", "uv": [ 0.0, 0.0, 8.0, 6.0 ], "enabled": false }
									}
								}
							]
						},
						{
							"name": "2",
							"from": [ 2.0, -1.0, -0.03 ],
							"to": [ 8.0, 4.0, 16.03 ],
							"rotationOrigin": [ 6.0, -1.0, 8.0 ],
							"rotationZ": 6.0,
							"faces": {
								"north": { "texture": "#normal-side", "uv": [ 2.0, 0.0, 7.0, 6.0 ], "rotation": 90 },
								"east": { "texture": "#normal-top", "uv": [ 0.0, 6.0, 16.0, 11.0 ] },
								"south": { "texture": "#normal-side", "uv": [ 0.0, 0.0, 5.0, 6.0 ], "rotation": 90 },
								"west": { "texture": "#normal-top", "uv": [ 0.0, 0.0, 16.0, 5.0 ] },
								"up": { "texture": "#normal-side", "uv": [ 0.0, 4.0, 16.0, 10.0 ], "rotation": 90 },
								"down": { "texture": "#normal-side", "uv": [ 0.0, 4.0, 16.0, 10.0 ], "rotation": 90 }
							},
							"children": [
								{
									"name": "left4",
									"from": [ 10.0, 5.0, 10.0 ],
									"to": [ 16.0, 5.0, 16.0 ],
									"rotationOrigin": [ 16.0, 5.0, 0.0 ],
									"rotationX": -90.0,
									"rotationY": -90.0,
									"rotationZ": -22.5,
									"faces": {
										"north": { "texture": "#null", "uv": [ 0.0, 0.0, 6.0, 0.5 ], "enabled": false },
										"east": { "texture": "#null", "uv": [ 0.0, 0.0, 6.0, 0.5 ], "enabled": false },
										"south": { "texture": "#null", "uv": [ 0.0, 0.0, 6.0, 0.5 ], "enabled": false },
										"west": { "texture": "#null", "uv": [ 0.0, 0.0, 6.0, 0.5 ], "enabled": false },
										"up": { "texture": "#straw1", "uv": [ 0.0, 0.5, 6.0, 6.5 ], "rotation": 90, "autoUv": false, "windMode": [-1,7,-1,-1] },
										"down": { "texture": "#null", "uv": [ 0.0, 0.0, 6.0, 6.0 ], "enabled": false }
									}
								},
								{
									"name": "right4",
									"from": [ -6.0, 5.0, 16.0 ],
									"to": [ 0.0, 5.0, 22.0 ],
									"rotationOrigin": [ 0.0, 5.0, 16.0 ],
									"rotationX": 67.5,
									"rotationY": 90.0,
									"faces": {
										"north": { "texture": "#null", "uv": [ 0.0, 0.0, 6.0, 0.5 ], "enabled": false },
										"east": { "texture": "#null", "uv": [ 0.0, 0.0, 6.0, 0.5 ], "enabled": false },
										"south": { "texture": "#null", "uv": [ 0.0, 0.0, 6.0, 0.5 ], "enabled": false },
										"west": { "texture": "#null", "uv": [ 0.0, 0.0, 6.0, 0.5 ], "enabled": false },
										"up": { "texture": "#straw1", "uv": [ 10.0, 0.5, 16.0, 6.5 ], "rotation": 90, "autoUv": false, "windMode": [7,-1,-1,-1] },
										"down": { "texture": "#null", "uv": [ 0.0, 0.0, 6.0, 6.0 ], "enabled": false }
									}
								}
							]
						},
						{
							"name": "3",
							"from": [ -4.0, -1.0, -0.03 ],
							"to": [ 2.0, 4.0, 16.03 ],
							"rotationOrigin": [ 6.0, -1.0, 8.0 ],
							"rotationZ": 6.0,
							"faces": {
								"north": { "texture": "#normal-side", "uv": [ 2.0, 0.0, 7.0, 6.0 ], "rotation": 90 },
								"east": { "texture": "#normal-top", "uv": [ 0.0, 6.0, 16.0, 11.0 ] },
								"south": { "texture": "#normal-side", "uv": [ 0.0, 0.0, 5.0, 6.0 ], "rotation": 90 },
								"west": { "texture": "#normal-top", "uv": [ 0.0, 0.0, 16.0, 5.0 ] },
								"up": { "texture": "#normal-side", "uv": [ 0.0, 10.0, 16.0, 16.0 ], "rotation": 90 },
								"down": { "texture": "#normal-side", "uv": [ 0.0, 10.0, 16.0, 16.0 ], "rotation": 90 }
							},
							"children": [
								{
									"name": "left5",
									"from": [ 10.0, 5.0, 10.0 ],
									"to": [ 16.0, 5.0, 16.0 ],
									"rotationOrigin": [ 16.0, 5.0, 0.0 ],
									"rotationX": -90.0,
									"rotationY": -90.0,
									"rotationZ": -22.5,
									"faces": {
										"north": { "texture": "#null", "uv": [ 0.0, 0.0, 6.0, 0.5 ], "enabled": false },
										"east": { "texture": "#null", "uv": [ 0.0, 0.0, 6.0, 0.5 ], "enabled": false },
										"south": { "texture": "#null", "uv": [ 0.0, 0.0, 6.0, 0.5 ], "enabled": false },
										"west": { "texture": "#null", "uv": [ 0.0, 0.0, 6.0, 0.5 ], "enabled": false },
										"up": { "texture": "#straw1", "uv": [ 10.0, 0.5, 16.0, 6.5 ], "rotation": 90, "autoUv": false, "windMode": [-1,7,-1,-1] },
										"down": { "texture": "#null", "uv": [ 0.0, 0.0, 6.0, 6.0 ], "enabled": false }
									}
								},
								{
									"name": "top2",
									"from": [ -4.0, 0.0, 0.0 ],
									"to": [ 2.0, 0.0, 16.1 ],
									"rotationOrigin": [ -5.0, 0.0, 8.0 ],
									"rotationZ": 45.0,
									"faces": {
										"north": { "texture": "#null", "uv": [ 0.0, 0.0, 6.0, 0.5 ], "enabled": false },
										"east": { "texture": "#null", "uv": [ 0.0, 0.0, 16.0, 0.5 ], "enabled": false },
										"south": { "texture": "#null", "uv": [ 0.0, 0.0, 6.0, 0.5 ], "enabled": false },
										"west": { "texture": "#null", "uv": [ 0.0, 0.0, 16.0, 0.5 ], "enabled": false },
										"up": { "texture": "#straw1", "uv": [ 0.0, 10.0, 16.0, 16.0 ], "rotation": 90, "autoUv": false, "windMode": [7,7,-1,-1] },
										"down": { "texture": "#null", "uv": [ 0.0, 0.0, 6.0, 16.0 ], "enabled": false }
									}
								},
								{
									"name": "right5",
									"from": [ -6.0, 5.0, 16.0 ],
									"to": [ 0.0, 5.0, 22.0 ],
									"rotationOrigin": [ 0.0, 5.0, 16.0 ],
									"rotationX": 67.5,
									"rotationY": 90.0,
									"faces": {
										"north": { "texture": "#null", "uv": [ 0.0, 0.0, 6.0, 0.5 ], "enabled": false },
										"east": { "texture": "#null", "uv": [ 0.0, 0.0, 6.0, 0.5 ], "enabled": false },
										"south": { "texture": "#null", "uv": [ 0.0, 0.0, 6.0, 0.5 ], "enabled": false },
										"west": { "texture": "#null", "uv": [ 0.0, 0.0, 6.0, 0.5 ], "enabled": false },
										"up": { "texture": "#straw1", "uv": [ 0.0, 0.5, 6.0, 6.5 ], "rotation": 90, "autoUv": false, "windMode": [7,-1,-1,-1] },
										"down": { "texture": "#null", "uv": [ 0.0, 0.0, 6.0, 6.0 ], "enabled": false }
									}
								}
							]
						}
					]
				},
				{
					"name": "upper",
					"from": [ 0.0, 12.66, 0.0 ],
					"to": [ 0.0, 12.66, 0.0 ],
					"faces": {
						"north": { "texture": "#null", "uv": [ 0.0, 0.0, 0.5, 0.5 ], "enabled": false },
						"east": { "texture": "#null", "uv": [ 0.0, 0.0, 0.5, 0.5 ], "enabled": false },
						"south": { "texture": "#null", "uv": [ 0.0, 0.0, 0.5, 0.5 ], "enabled": false },
						"west": { "texture": "#null", "uv": [ 0.0, 0.0, 0.5, 0.5 ], "enabled": false },
						"up": { "texture": "#null", "uv": [ 0.0, 0.0, 0.5, 0.5 ], "enabled": false },
						"down": { "texture": "#null", "uv": [ 0.0, 0.0, 0.5, 0.5 ], "enabled": false }
					},
					"children": [
						{
							"name": "0",
							"from": [ 12.0, 1.5, -0.02 ],
							"to": [ 18.0, 6.5, 16.02 ],
							"rotationOrigin": [ 11.5, 1.5, 8.0 ],
							"rotationZ": 6.0,
							"faces": {
								"north": { "texture": "#normal-side", "uv": [ 2.0, 0.0, 7.0, 6.0 ], "rotation": 90 },
								"east": { "texture": "#normal-top", "uv": [ 0.0, 0.0, 16.0, 5.0 ] },
								"south": { "texture": "#normal-side", "uv": [ 0.0, 0.0, 5.0, 6.0 ], "rotation": 90 },
								"west": { "texture": "#normal-top", "uv": [ 0.0, 0.0, 16.0, 5.0 ] },
								"up": { "texture": "#normal-side", "uv": [ 0.0, 0.0, 16.0, 6.0 ], "rotation": 90 },
								"down": { "texture": "#normal-side", "uv": [ 0.0, 0.0, 16.0, 6.0 ], "rotation": 90 }
							},
							"children": [
								{
									"name": "top4",
									"from": [ -5.0, 5.0, 0.0 ],
									"to": [ 1.0, 5.0, 16.16 ],
									"rotationOrigin": [ 1.0, 5.0, 8.0 ],
									"rotationZ": -22.5,
									"faces": {
										"north": { "texture": "#null", "uv": [ 0.0, 0.0, 6.0, 0.5 ], "enabled": false },
										"east": { "texture": "#null", "uv": [ 0.0, 0.0, 16.0, 0.5 ], "enabled": false },
										"south": { "texture": "#null", "uv": [ 0.0, 0.0, 6.0, 0.5 ], "enabled": false },
										"west": { "texture": "#null", "uv": [ 0.0, 0.0, 16.0, 0.5 ], "enabled": false },
										"up": { "texture": "#straw1", "uv": [ 0.0, 1.5, 16.0, 7.5 ], "rotation": 90, "autoUv": false },
										"down": { "texture": "#null", "uv": [ 0.0, 0.0, 6.0, 16.0 ], "enabled": false }
									}
								},
								{
									"name": "right",
									"from": [ 1.0, 3.0, 7.05 ],
									"to": [ 9.0, 3.0, 13.05 ],
									"rotationOrigin": [ 9.0, 3.0, 16.05 ],
									"rotationX": 67.5,
									"rotationY": 90.0,
									"faces": {
										"north": { "texture": "#null", "uv": [ 0.0, 0.0, 8.0, 0.5 ], "enabled": false },
										"east": { "texture": "#null", "uv": [ 0.0, 0.0, 6.0, 0.5 ], "enabled": false },
										"south": { "texture": "#null", "uv": [ 0.0, 0.0, 8.0, 0.5 ], "enabled": false },
										"west": { "texture": "#null", "uv": [ 0.0, 0.0, 6.0, 0.5 ], "enabled": false },
										"up": { "texture": "#straw1", "uv": [ 10.0, 0.0, 16.0, 8.0 ], "rotation": 90, "autoUv": false, "windMode": [7,-1,-1,-1] },
										"down": { "texture": "#null", "uv": [ 0.0, 0.0, 8.0, 6.0 ], "enabled": false }
									}
								},
								{
									"name": "right1",
									"from": [ 5.0, 5.0, 7.05 ],
									"to": [ 9.0, 5.0, 13.05 ],
									"rotationOrigin": [ 9.0, 5.0, 16.05 ],
									"rotationX": 45.0,
									"rotationY": 90.0,
									"faces": {
										"north": { "texture": "#null", "uv": [ 0.0, 0.0, 4.0, 0.5 ], "enabled": false },
										"east": { "texture": "#null", "uv": [ 0.0, 0.0, 6.0, 0.5 ], "enabled": false },
										"south": { "texture": "#null", "uv": [ 0.0, 0.0, 4.0, 0.5 ], "enabled": false },
										"west": { "texture": "#null", "uv": [ 0.0, 0.0, 6.0, 0.5 ], "enabled": false },
										"up": { "texture": "#straw1", "uv": [ 10.0, 11.5, 16.0, 15.5 ], "rotation": 90, "autoUv": false, "windMode": [7,-1,-1,-1] },
										"down": { "texture": "#null", "uv": [ 0.0, 0.0, 4.0, 6.0 ], "enabled": false }
									}
								},
								{
									"name": "left",
									"from": [ 2.0, 5.0, 2.0 ],
									"to": [ 8.0, 5.0, 8.0 ],
									"rotationOrigin": [ 8.0, 5.0, 0.0 ],
									"rotationX": -45.0,
									"rotationY": -90.0,
									"faces": {
										"north": { "texture": "#null", "uv": [ 0.0, 0.0, 6.0, 0.5 ], "enabled": false },
										"east": { "texture": "#null", "uv": [ 0.0, 0.0, 6.0, 0.5 ], "enabled": false },
										"south": { "texture": "#null", "uv": [ 0.0, 0.0, 6.0, 0.5 ], "enabled": false },
										"west": { "texture": "#null", "uv": [ 0.0, 0.0, 6.0, 0.5 ], "enabled": false },
										"up": { "texture": "#straw1", "uv": [ 0.0, 10.0, 6.0, 16.0 ], "rotation": 90, "autoUv": false, "windMode": [-1,7,-1,-1] },
										"down": { "texture": "#null", "uv": [ 0.0, 0.0, 6.0, 6.0 ], "enabled": false }
									}
								},
								{
									"name": "left1",
									"from": [ 2.0, 3.0, 4.0 ],
									"to": [ 10.0, 3.0, 10.0 ],
									"rotationOrigin": [ 10.0, 3.0, 0.0 ],
									"rotationX": -45.0,
									"rotationY": -90.0,
									"rotationZ": 22.5,
									"faces": {
										"north": { "texture": "#null", "uv": [ 0.0, 0.0, 8.0, 0.5 ], "enabled": false },
										"east": { "texture": "#null", "uv": [ 0.0, 0.0, 6.0, 0.5 ], "enabled": false },
										"south": { "texture": "#null", "uv": [ 0.0, 0.0, 8.0, 0.5 ], "enabled": false },
										"west": { "texture": "#null", "uv": [ 0.0, 0.0, 6.0, 0.5 ], "enabled": false },
										"up": { "texture": "#straw1", "uv": [ 0.0, 0.0, 6.0, 8.0 ], "rotation": 90, "autoUv": false, "windMode": [-1,7,-1,-1] },
										"down": { "texture": "#null", "uv": [ 0.0, 0.0, 8.0, 6.0 ], "enabled": false }
									}
								}
							]
						},
						{
							"name": "1",
							"from": [ 6.0, 1.5, -0.02 ],
							"to": [ 12.0, 6.5, 16.02 ],
							"rotationOrigin": [ 11.5, 1.5, 8.0 ],
							"rotationZ": 6.0,
							"faces": {
								"north": { "texture": "#normal-side", "uv": [ 2.0, 0.0, 7.0, 6.0 ], "rotation": 90 },
								"east": { "texture": "#normal-top", "uv": [ 0.0, 0.0, 16.0, 5.0 ] },
								"south": { "texture": "#normal-side", "uv": [ 0.0, 0.0, 5.0, 6.0 ], "rotation": 90 },
								"west": { "texture": "#normal-top", "uv": [ 0.0, 0.0, 16.0, 5.0 ] },
								"up": { "texture": "#normal-side", "uv": [ 0.0, 6.0, 16.0, 12.0 ], "rotation": 90 },
								"down": { "texture": "#normal-side", "uv": [ 0.0, 6.0, 16.0, 12.0 ], "rotation": 90 }
							},
							"children": [
								{
									"name": "top9",
									"from": [ -4.0, 5.0, 0.0 ],
									"to": [ 0.0, 5.0, 16.16 ],
									"rotationOrigin": [ 0.0, 5.0, 8.0 ],
									"rotationZ": 22.5,
									"faces": {
										"north": { "texture": "#null", "uv": [ 0.0, 0.0, 4.0, 0.5 ], "enabled": false },
										"east": { "texture": "#null", "uv": [ 0.0, 0.0, 16.0, 0.5 ], "enabled": false },
										"south": { "texture": "#null", "uv": [ 0.0, 0.0, 4.0, 0.5 ], "enabled": false },
										"west": { "texture": "#null", "uv": [ 0.0, 0.0, 16.0, 0.5 ], "enabled": false },
										"up": { "texture": "#straw1", "uv": [ 0.0, 12.0, 16.0, 16.0 ], "rotation": 90, "autoUv": false, "windMode": [7,7,-1,-1] },
										"down": { "texture": "#null", "uv": [ 0.0, 0.0, 4.0, 16.0 ], "enabled": false }
									}
								},
								{
									"name": "right2",
									"from": [ 1.0, 3.0, 7.05 ],
									"to": [ 9.0, 3.0, 13.05 ],
									"rotationOrigin": [ 9.0, 3.0, 16.05 ],
									"rotationX": 67.5,
									"rotationY": 90.0,
									"faces": {
										"north": { "texture": "#null", "uv": [ 0.0, 0.0, 8.0, 0.5 ], "enabled": false },
										"east": { "texture": "#null", "uv": [ 0.0, 0.0, 6.0, 0.5 ], "enabled": false },
										"south": { "texture": "#null", "uv": [ 0.0, 0.0, 8.0, 0.5 ], "enabled": false },
										"west": { "texture": "#null", "uv": [ 0.0, 0.0, 6.0, 0.5 ], "enabled": false },
										"up": { "texture": "#straw1", "uv": [ 2.0, 0.0, 8.0, 8.0 ], "rotation": 90, "autoUv": false, "windMode": [7,-1,-1,-1] },
										"down": { "texture": "#null", "uv": [ 0.0, 0.0, 8.0, 6.0 ], "enabled": false }
									}
								},
								{
									"name": "right3",
									"from": [ 5.0, 5.0, 7.05 ],
									"to": [ 9.0, 5.0, 13.05 ],
									"rotationOrigin": [ 9.0, 5.0, 16.05 ],
									"rotationX": 45.0,
									"rotationY": 90.0,
									"faces": {
										"north": { "texture": "#null", "uv": [ 0.0, 0.0, 4.0, 0.5 ], "enabled": false },
										"east": { "texture": "#null", "uv": [ 0.0, 0.0, 6.0, 0.5 ], "enabled": false },
										"south": { "texture": "#null", "uv": [ 0.0, 0.0, 4.0, 0.5 ], "enabled": false },
										"west": { "texture": "#null", "uv": [ 0.0, 0.0, 6.0, 0.5 ], "enabled": false },
										"up": { "texture": "#straw1", "uv": [ 2.0, 11.5, 8.0, 15.5 ], "rotation": 90, "autoUv": false, "windMode": [7,-1,-1,-1] },
										"down": { "texture": "#null", "uv": [ 0.0, 0.0, 4.0, 6.0 ], "enabled": false }
									}
								},
								{
									"name": "left2",
									"from": [ 2.0, 5.0, 2.0 ],
									"to": [ 8.0, 5.0, 8.0 ],
									"rotationOrigin": [ 8.0, 5.0, 0.0 ],
									"rotationX": -45.0,
									"rotationY": -90.0,
									"faces": {
										"north": { "texture": "#null", "uv": [ 0.0, 0.0, 6.0, 0.5 ], "enabled": false },
										"east": { "texture": "#null", "uv": [ 0.0, 0.0, 6.0, 0.5 ], "enabled": false },
										"south": { "texture": "#null", "uv": [ 0.0, 0.0, 6.0, 0.5 ], "enabled": false },
										"west": { "texture": "#null", "uv": [ 0.0, 0.0, 6.0, 0.5 ], "enabled": false },
										"up": { "texture": "#straw1", "uv": [ 8.0, 9.5, 14.0, 15.5 ], "rotation": 90, "autoUv": false, "windMode": [-1,7,-1,-1] },
										"down": { "texture": "#null", "uv": [ 0.0, 0.0, 6.0, 6.0 ], "enabled": false }
									}
								},
								{
									"name": "left3",
									"from": [ 2.0, 3.0, 4.0 ],
									"to": [ 10.0, 3.0, 10.0 ],
									"rotationOrigin": [ 10.0, 3.0, 0.0 ],
									"rotationX": -45.0,
									"rotationY": -90.0,
									"rotationZ": 22.5,
									"faces": {
										"north": { "texture": "#null", "uv": [ 0.0, 0.0, 8.0, 0.5 ], "enabled": false },
										"east": { "texture": "#null", "uv": [ 0.0, 0.0, 6.0, 0.5 ], "enabled": false },
										"south": { "texture": "#null", "uv": [ 0.0, 0.0, 8.0, 0.5 ], "enabled": false },
										"west": { "texture": "#null", "uv": [ 0.0, 0.0, 6.0, 0.5 ], "enabled": false },
										"up": { "texture": "#straw1", "uv": [ 8.0, 0.0, 14.0, 8.0 ], "rotation": 90, "autoUv": false, "windMode": [-1,7,-1,-1] },
										"down": { "texture": "#null", "uv": [ 0.0, 0.0, 8.0, 6.0 ], "enabled": false }
									}
								}
							]
						},
						{
							"name": "2",
							"from": [ 2.0, -1.0, -0.03 ],
							"to": [ 8.0, 4.0, 16.03 ],
							"rotationOrigin": [ 6.0, -1.0, 8.0 ],
							"rotationZ": 6.0,
							"faces": {
								"north": { "texture": "#normal-side", "uv": [ 2.0, 0.0, 7.0, 6.0 ], "rotation": 90 },
								"east": { "texture": "#normal-top", "uv": [ 0.0, 6.0, 16.0, 11.0 ] },
								"south": { "texture": "#normal-side", "uv": [ 0.0, 0.0, 5.0, 6.0 ], "rotation": 90 },
								"west": { "texture": "#normal-top", "uv": [ 0.0, 0.0, 16.0, 5.0 ] },
								"up": { "texture": "#normal-side", "uv": [ 0.0, 4.0, 16.0, 10.0 ], "rotation": 90 },
								"down": { "texture": "#normal-side", "uv": [ 0.0, 4.0, 16.0, 10.0 ], "rotation": 90 }
							},
							"children": [
								{
									"name": "left4",
									"from": [ 10.0, 5.0, 10.0 ],
									"to": [ 16.0, 5.0, 16.0 ],
									"rotationOrigin": [ 16.0, 5.0, 0.0 ],
									"rotationX": -90.0,
									"rotationY": -90.0,
									"rotationZ": -22.5,
									"faces": {
										"north": { "texture": "#null", "uv": [ 0.0, 0.0, 6.0, 0.5 ], "enabled": false },
										"east": { "texture": "#null", "uv": [ 0.0, 0.0, 6.0, 0.5 ], "enabled": false },
										"south": { "texture": "#null", "uv": [ 0.0, 0.0, 6.0, 0.5 ], "enabled": false },
										"west": { "texture": "#null", "uv": [ 0.0, 0.0, 6.0, 0.5 ], "enabled": false },
										"up": { "texture": "#straw1", "uv": [ 0.0, 0.5, 6.0, 6.5 ], "rotation": 90, "autoUv": false, "windMode": [-1,7,-1,-1] },
										"down": { "texture": "#null", "uv": [ 0.0, 0.0, 6.0, 6.0 ], "enabled": false }
									}
								},
								{
									"name": "right4",
									"from": [ -6.0, 5.0, 16.0 ],
									"to": [ 0.0, 5.0, 22.0 ],
									"rotationOrigin": [ 0.0, 5.0, 16.0 ],
									"rotationX": 67.5,
									"rotationY": 90.0,
									"faces": {
										"north": { "texture": "#null", "uv": [ 0.0, 0.0, 6.0, 0.5 ], "enabled": false },
										"east": { "texture": "#null", "uv": [ 0.0, 0.0, 6.0, 0.5 ], "enabled": false },
										"south": { "texture": "#null", "uv": [ 0.0, 0.0, 6.0, 0.5 ], "enabled": false },
										"west": { "texture": "#null", "uv": [ 0.0, 0.0, 6.0, 0.5 ], "enabled": false },
										"up": { "texture": "#straw1", "uv": [ 10.0, 0.5, 16.0, 6.5 ], "rotation": 90, "autoUv": false, "windMode": [7,-1,-1,-1] },
										"down": { "texture": "#null", "uv": [ 0.0, 0.0, 6.0, 6.0 ], "enabled": false }
									}
								}
							]
						},
						{
							"name": "3",
							"from": [ -4.0, -1.0, -0.03 ],
							"to": [ 2.0, 4.0, 16.03 ],
							"rotationOrigin": [ 6.0, -1.0, 8.0 ],
							"rotationZ": 6.0,
							"faces": {
								"north": { "texture": "#normal-side", "uv": [ 2.0, 0.0, 7.0, 6.0 ], "rotation": 90 },
								"east": { "texture": "#normal-top", "uv": [ 0.0, 6.0, 16.0, 11.0 ] },
								"south": { "texture": "#normal-side", "uv": [ 0.0, 0.0, 5.0, 6.0 ], "rotation": 90 },
								"west": { "texture": "#normal-top", "uv": [ 0.0, 0.0, 16.0, 5.0 ] },
								"up": { "texture": "#normal-side", "uv": [ 0.0, 10.0, 16.0, 16.0 ], "rotation": 90 },
								"down": { "texture": "#normal-side", "uv": [ 0.0, 10.0, 16.0, 16.0 ], "rotation": 90 }
							},
							"children": [
								{
									"name": "left5",
									"from": [ 10.0, 5.0, 10.0 ],
									"to": [ 16.0, 5.0, 16.0 ],
									"rotationOrigin": [ 16.0, 5.0, 0.0 ],
									"rotationX": -90.0,
									"rotationY": -90.0,
									"rotationZ": -22.5,
									"faces": {
										"north": { "texture": "#null", "uv": [ 0.0, 0.0, 6.0, 0.5 ], "enabled": false },
										"east": { "texture": "#null", "uv": [ 0.0, 0.0, 6.0, 0.5 ], "enabled": false },
										"south": { "texture": "#null", "uv": [ 0.0, 0.0, 6.0, 0.5 ], "enabled": false },
										"west": { "texture": "#null", "uv": [ 0.0, 0.0, 6.0, 0.5 ], "enabled": false },
										"up": { "texture": "#straw1", "uv": [ 10.0, 0.5, 16.0, 6.5 ], "rotation": 90, "autoUv": false, "windMode": [-1,7,-1,-1] },
										"down": { "texture": "#null", "uv": [ 0.0, 0.0, 6.0, 6.0 ], "enabled": false }
									}
								},
								{
									"name": "top2",
									"from": [ -4.0, 0.0, 0.0 ],
									"to": [ 2.0, 0.0, 16.1 ],
									"rotationOrigin": [ -5.0, 0.0, 8.0 ],
									"rotationZ": 45.0,
									"faces": {
										"north": { "texture": "#null", "uv": [ 0.0, 0.0, 6.0, 0.5 ], "enabled": false },
										"east": { "texture": "#null", "uv": [ 0.0, 0.0, 16.0, 0.5 ], "enabled": false },
										"south": { "texture": "#null", "uv": [ 0.0, 0.0, 6.0, 0.5 ], "enabled": false },
										"west": { "texture": "#null", "uv": [ 0.0, 0.0, 16.0, 0.5 ], "enabled": false },
										"up": { "texture": "#straw1", "uv": [ 0.0, 10.0, 16.0, 16.0 ], "rotation": 90, "autoUv": false, "windMode": [7,7,-1,-1] },
										"down": { "texture": "#null", "uv": [ 0.0, 0.0, 6.0, 16.0 ], "enabled": false }
									}
								},
								{
									"name": "right5",
									"from": [ -6.0, 5.0, 16.0 ],
									"to": [ 0.0, 5.0, 22.0 ],
									"rotationOrigin": [ 0.0, 5.0, 16.0 ],
									"rotationX": 67.5,
									"rotationY": 90.0,
									"faces": {
										"north": { "texture": "#null", "uv": [ 0.0, 0.0, 6.0, 0.5 ], "enabled": false },
										"east": { "texture": "#null", "uv": [ 0.0, 0.0, 6.0, 0.5 ], "enabled": false },
										"south": { "texture": "#null", "uv": [ 0.0, 0.0, 6.0, 0.5 ], "enabled": false },
										"west": { "texture": "#null", "uv": [ 0.0, 0.0, 6.0, 0.5 ], "enabled": false },
										"up": { "texture": "#straw1", "uv": [ 0.0, 0.5, 6.0, 6.5 ], "rotation": 90, "autoUv": false, "windMode": [7,-1,-1,-1] },
										"down": { "texture": "#null", "uv": [ 0.0, 0.0, 6.0, 6.0 ], "enabled": false }
									}
								}
							]
						}
					]
				}
			]
		}
	]}