{
    "code":"bearded-dragon",
    "class":"EntityAgent",
    "canClimb":true,
    "canClimbAnywhere":true,
    "climbTouchDistance":0.1,
    "rotateModelOnClimb":true,
    "fallDamage":false,
    "hitboxSize":{
        "x":1.3,
        "y":1.4
    },
    "deadHitboxSize":{
        "x":1.3,
        "y":0.75
    },
    "eyeHeight":1.4,
    "weight":140,
  "attributes": {},
    "drops":[
        
    ],
    "client":{
        "renderer":"Shape",
        "shape":{
            "base":"wethology:entity/land/dragon/bearded-dragon"
        },
        "behaviors":[
            {
                "code":"repulseagents"
            },
            {
                "code":"controlledphysics",
                "stepHeight":1.1251
            },
            { 
                "code": "despawn", 
                "minPlayerDistance": 8, 
                "belowLightLevel": 8, 
                "minSeconds": 300 
            },
            {
                "code":"floatupwhenstuck",
                "onlyWhenDead":true
            },
            {
                "code":"interpolateposition"
            },
            {
                "code":"harvestable"
            }
        ],
        "animations":[
            {
                "code":"hurt",
                "animation":"hurt",
                "animationSpeed":2.2,
                "weight":10,
                "blendMode":"AddAverage"
            },
            {
                "code":"die",
                "animation":"death",
                "animationSpeed":1.25,
                "weight":10,
                "blendMode":"AddAverage"
            }
        ]
    },
    "server":{
        "attributes":{
            "pathfinder":{
                "minTurnAnglePerSec":90,
                "maxTurnAnglePerSec":180
            }
        },
        "behaviors":[
            {
                "code":"repulseagents"
            },
            {
                "code":"controlledphysics",
                "stepHeight":1.1251
            },
            {
                "code":"health",
                "currenthealth":17,
                "maxhealth":17
            },
            {
                "code":"deaddecay",
                "hoursToDecay":96,
                "decayedBlock":"carcass-medium"
            },
            {
                "code":"floatupwhenstuck",
                "onlyWhenDead":true
            },
            {
                "code":"harvestable",
                "drops":[
                    {
                        "type":"item",
                        "code":"bushmeat-raw",
                        "quantity":{
                            "avg":6.5,
                            "var":1.5
                        }
                    }
                ]
            },
            {
                "code":"breathe"
            },
            {
                "code":"emotionstates",
                "states":[
                    {
                        "code":"fleeondamage",
                        "duration":15,
                        "chance":0.4,
                        "slot":0,
                        "priority":1,
                        "accumType":"max",
                        "whenHealthBelow":0.2
                    },
                    { 
                        "code": "despawn", 
                        "minPlayerDistance": 8, 
                        "belowLightLevel": 8, 
                        "minSeconds": 300 
                    },
                    {
                        "code":"alarmherdondamage",
                        "chance":1,
                        "slot":1,
                        "priority":1,
                        "accumType":"max"
                    }
                ]
            },
          {
            "code": "taskai",
            "aiCreatureType": "LandCreature",
            "aitasks": [
              {
                "code": "meleeattack",
                "entityCodes": [
                  "player"
                ],
                "priority": 1,
                "damage": 13,
                "damageTier": 3,
                "mincooldown": 2500,
                "maxcooldown": 3500,
                "attackDurationMs": 900,
                "damagePlayerAtMs": 300,
                "animation": "Attack",
                "animationSpeed": 1,
                "sound": "wethology:creature/dragon/attack"
              },
              {
                "code": "seekentity",
                "entityCodes": [
                  "player"
                ],
                "priority": 1.5,
                "leapAtTarget": true,
                "leapChance": 0.01,
                "mincooldown": 1000,
                "maxcooldown": 1500,
                "seekingRange": 25,
                "movespeed": 0.035,
                "animation": "walk",
                "animationSpeed": 2.75,
                "sound": "wethology:creature/dragon/idle"
              },
              {
                "code": "fleeentity",
                "entityCodes": [
                  "player"
                ],
                "priority": 2.1,
                "movespeed": 0.035,
                "seekingRange": 25,
                "fleeingDistance": 22,
                "fleeDuration": 1500,
                "animation": "walk",
                "animationSpeed": 2.75,
                "sound": "wethology:creature/dragon/hurt",
                "whenInEmotionState": "fleeondamage"
              },
              {
                "code": "getoutofwater",
                "priority": 1.4,
                "movespeed": 0.015,
                "animation": "Walk",
                "animationSpeed": 4
              },
              {
                "code": "idle",
                "priority": 1.3,
                "priorityForCancel": 1.35,
                "minduration": 2667,
                "maxduration": 2667,
                "mincooldown": 6000,
                "maxcooldown": 20000,
                "animation": "idle",
                "animationSpeed": 1.5,
                "sound": "wethology:creature/dragon/idle"
              },
              {
                "code": "idle",
                "priority": 2.0,
                "priorityForCancel": 1.35,
                "minduration": 2500,
                "maxduration": 2500,
                "mincooldown": 6000,
                "maxcooldown": 20000,
                "animation": "idle",
                "duringDayTimeFrames": [
                  {
                    "fromHour": 1,
                    "toHour": 4
                  },
                  {
                    "fromHour": 11,
                    "toHour": 14
                  },
                  {
                    "fromHour": 19,
                    "toHour": 24
                  }
                ],
                "animationSpeed": 1.25
              },
              {
                "code": "idle",
                "priority": 1.1,
                "priorityForCancel": 1.35,
                "minduration": 1500,
                "maxduration": 1500,
                "mincooldown": 6000,
                "maxcooldown": 90000,
                "animation": "look",
                "animationSpeed": 1
              },
              {
                "code": "wander",
                "priority": 1.3,
                "minduration": 5000,
                "maxduration": 999999,
                "movespeed": 0.015,
                "animationSpeed": 1.4,
                "animation": "Walk",
                "stopOnNearbyEntityCodes": [
                  "player"
                ],
                "stopRange": 18,
                "stopOnHurt": true,
                "preferredLightLevel": 24
              },
              {
                "code": "lookaround",
                "priority": 0.5
              }
            ]
          }
        ],
        "spawnconditions":{
          "runtime": {
            "group": "neutral",
            "chance": 0.003,
            "maxQuantity": 3,
            "maxLightLevel": 4,
            "lightLevelType": "onlyBlockLight",
            "groupSize": {
              "dist": "verynarrowgaussian",
              "avg": 1,
              "var": 2
            },
            "insideBlockCodes": [ "game:air" ],
            "minY": 0.5,
            "maxY": 0.85
          }
        }
    },
    "sounds":{
        "hurt":"wethology:creature/dragon/hurt",
        "death":"wethology:creature/dragon/hurt",
        "idle":"wethology:creature/dragon/idle"
    },
    "idleSoundChance":0.001
}