{
    "code": "rainbowtrout",
    "class": "EntityFish",
    "tags": [
        "animal",
        "huntable",
        "habitat-water"
    ],
    "weight": 3,
    "hitboxSize": {
        "x": 0.5,
        "y": 0.25
    },
    "eyeHeight": 0.2,
    "drops": [],
    "attributes": {
        "handbook": {
            "groupcode": "creaturegroup-fish-freshwater"
        }
    },
    "variantgroups": [
        {
            "code": "gender",
            "states": [
                "male",
                "female"
            ]
        }
    ],
    "habitat": "Underwater",
    "client": {
        "renderer": "Shape",
        "size": 0.7,
        "shape": {
            "base": "game:entity/animal/fish/saltwater/mackerel-adult"
        },
        "texture": {
            "base": "riverfish:entity/animal/fish/rainbowtrout"
        },
        "behaviors": [
            {
                "code": "repulseagents"
            },
            {
                "code": "controlledphysics",
                "stepHeight": 0
            },
            {
                "code": "interpolateposition"
            },
            {
                "code": "floatupwhenstuck",
                "onlyWhenDead": true
            },
            {
                "code": "harvestable"
            },
            {
                "code": "despawn",
                "minPlayerDistance": 8,
                "belowLightLevel": 8,
                "minSeconds": 300
            },
            {
                "code": "despawn",
                "minPlayerDistance": 64,
                "minSeconds": 210
            }
        ],
        "animations": [
            {
                "code": "hurt",
                "animation": "hurt",
                "animationSpeed": 1,
                "weight": 10,
                "blendMode": "AddAverage"
            },
            {
                "code": "swim",
                "animation": "swim"
            },
            {
                "code": "swimfast",
                "animation": "swim"
            },
            {
                "code": "die",
                "animation": "dead"
            },
            {
                "code": "flop",
                "animation": "flopping"
            },
            {
                "code": "idle",
                "animation": "idle",
                "blendMode": "AddAverage",
                "animationSpeed": 0.33,
                "easeOutSpeed": 4,
                "triggeredBy": {
                    "defaultAnim": true
                }
            }
        ]
    },
    "server": {
        "behaviors": [
            {
                "code": "repulseagents"
            },
            {
                "code": "controlledphysics",
                "stepHeight": 1.1251
            },
            {
                "code": "despawn",
                "minPlayerDistance": 12,
                "belowLightLevel": 8,
                "minSeconds": 200
            },
            {
                "code": "health",
                "currenthealth": 2,
                "maxhealth": 2
            },
            {
                "code": "deaddecay",
                "hoursToDecay": 96,
                "decayedBlock": "game:carcass-fish"
            },
            {
                "code": "floatupwhenstuck",
                "onlyWhenDead": true
            },
            {
                "code": "harvestable",
                "drops": [
                    {
                        "type": "item",
                        "code": "game:fish-raw",
                        "quantity": {
                            "avg": 3,
                            "var": 0
                        }
                    }
                ]
            },
            {
                "code": "emotionstates",
                "states": [
                    {
                        "code": "fleeondamage",
                        "duration": 10,
                        "chance": 1,
                        "slot": 0,
                        "priority": 1,
                        "accumType": "max"
                    }
                ]
            },
            {
                "code": "taskai",
                "aitasks": [
                    {
                        "code": "fishoutofwater",
                        "priority": 2.5,
                        "priorityForCancel": 2.6,
                        "movespeed": 0.005,
                        "animation": "flop",
                        "animationSpeed": 2
                    },
                    {
                        "code": "fleeentity",
                        "entityCodes": [
                            "player"
                        ],
                        "priority": 2,
                        "whenSwimming": true,
                        "fleeDurationMs": 10000,
                        "fleeingDistance": 23,
                        "movespeed": 0.06,
                        "seekingRange": 14,
                        "animation": "swimfast",
                        "animationSpeed": 2.3
                    },
                    {
                        "code": "wander",
                        "priority": 1.2,
                        "priorityForCancel": 1.35,
                        "movespeed": 0.015,
                        "animationSpeed": 0.9,
                        "animation": "swim"
                    },
                    {
                        "code": "idle",
                        "priority": 0.9,
                        "minduration": 500,
                        "maxduration": 1000,
                        "mincooldown": 2000,
                        "maxcooldown": 30000,
                        "animation": "idle"
                    }
                ]
            },
            {
                "code": "entitystatetags"
            }
        ],
        "spawnconditions": {
            "worldgen": {
                "TriesPerChunk": {
                    "avg": 0.06,
                    "var": 0
                },
                "tryOnlySurface": true,
                "minLightLevel": 3,
                "groupSize": {
                    "dist": "verynarrowgaussian",
                    "avg": 2,
                    "var": 2
                },
                "insideBlockCodes": [
                    "game:water-still-7"
                ]
            },
            "runtime": {
                "group": "passive",
                "chance": 0.01,
                "tryOnlySurface": true,
                "minLightLevel": 3,
                "groupSize": {
                    "dist": "verynarrowgaussian",
                    "avg": 2,
                    "var": 2
                },
                "insideBlockCodes": [
                    "game:water-still-7"
                ],
                "maxQuantity": 4
            },
            "climate": {
                "minTemp": 0,
                "maxTemp": 40
            }
        }
    }
}