[
  {
    "op": "replace",
    "path": "/variants/1/rockstrata/Metamorphic/maxThickness",
    "value": 20,
    "file": "game:worldgen/geologicprovinces.json",
    "side": "Server"
  },
  {
    "op": "replace",
    "path": "/variants/2/rockstrata/Metamorphic/maxThickness",
    "value": 20,
    "file": "game:worldgen/geologicprovinces.json",
    "side": "Server"
  },
  {
    "op": "replace",
    "path": "/variants/3/rockstrata/Metamorphic/maxThickness",
    "value": 20,
    "file": "game:worldgen/geologicprovinces.json",
    "side": "Server"
  }
]