[
  {
    "op": "replace",
    "path": "/0/triesPerChunk",
    "value": 0.2,
    "file": "game:worldgen/deposits/rock/marble.json",
    "side": "Server"
  },
  {
    "op": "add",
    "path": "/1/attributes/inblock/allowedVariants",
    "value": [
      "slate",
      "limestone"
    ],
    "file": "game:worldgen/deposits/rock/marble.json",
    "side": "Server"
  },
  {
    "op": "add",
    "path": "/1/attributes/inblock/name",
    "value": "rock",
    "file": "game:worldgen/deposits/rock/marble.json",
    "side": "Server"
  },
  {
    "op": "replace",
    "path": "/1/attributes/inblock/code",
    "value": "rock-*",
    "file": "game:worldgen/deposits/rock/marble.json",
    "side": "Server"
  },
  {
    "op": "replace",
    "path": "/1/triesPerChunk",
    "value": 0.1,
    "file": "game:worldgen/deposits/rock/marble.json",
    "side": "Server"
  },
  {
    "op": "add",
    "path": "/2/attributes/inblock/allowedVariants/2",
    "value": "limestone",
    "file": "game:worldgen/deposits/rock/marble.json",
    "side": "Server"
  },
  {
    "op": "replace",
    "path": "/2/triesPerChunk",
    "value": 0.1,
    "file": "game:worldgen/deposits/rock/marble.json",
    "side": "Server"
  },
  {
    "op": "add",
    "path": "/3/attributes/inblock/allowedVariants",
    "value": [
      "slate",
      "limestone"
    ],
    "file": "game:worldgen/deposits/rock/marble.json",
    "side": "Server"
  },
  {
    "op": "add",
    "path": "/3/attributes/inblock/name",
    "value": "rock",
    "file": "game:worldgen/deposits/rock/marble.json",
    "side": "Server"
  },
  {
    "op": "replace",
    "path": "/3/attributes/inblock/code",
    "value": "rock-*",
    "file": "game:worldgen/deposits/rock/marble.json",
    "side": "Server"
  },
  {
    "op": "replace",
    "path": "/3/triesPerChunk",
    "value": 0.1,
    "file": "game:worldgen/deposits/rock/marble.json",
    "side": "Server"
  },
  {
    "op": "add",
    "path": "/4/attributes/inblock/allowedVariants",
    "value": [
      "phyllite",
      "limestone"
    ],
    "file": "game:worldgen/deposits/rock/marble.json",
    "side": "Server"
  },
  {
    "op": "add",
    "path": "/4/attributes/inblock/name",
    "value": "rock",
    "file": "game:worldgen/deposits/rock/marble.json",
    "side": "Server"
  },
  {
    "op": "replace",
    "path": "/4/attributes/inblock/code",
    "value": "rock-*",
    "file": "game:worldgen/deposits/rock/marble.json",
    "side": "Server"
  },
  {
    "op": "replace",
    "path": "/4/triesPerChunk",
    "value": 0.1,
    "file": "game:worldgen/deposits/rock/marble.json",
    "side": "Server"
  }
]