﻿{
  "ingredient": {
    "type": "item",
    "code": "game:clay-*",
    "name": "color",
    "allowedVariants": [ "blue", "fire", "red" ]
  },
  "pattern": [
    [
      "#########",
      "#########",
      "#########",
      "#########",
      "#########",
      "#########",
      "#########",
      "#########",
      "#########"
    ],
    [
        "#########",
        "#########",
        "####_####",
        "###___###",
        "##__#__##",
        "###___###",
        "####_####",
        "#########",
        "#########"
    ],
    [
        "#########",
        "#########",
        "####_####",
        "###___###",
        "##__#__##",
        "###___###",
        "####_####",
        "#########",
        "#########"
    ],
    [
        "#########",
        "#########",
        "####_####",
        "###___###",
        "##__#__##",
        "###___###",
        "####_####",
        "#########",
        "#########"
    ],
    [
        "#########",
        "#########",
        "###___###",
        "##_____##",
        "##__#__##",
        "##_____##",
        "###___###",
        "#########",
        "#########"
    ]

  ],
  "name": "Royal horn head mold",
  "output": {
    "type": "block",
    "code": "royalhornheadmold-{color}-raw-royalhornhead"
  }
}