﻿{
  "enabled": true,
  "ingredient": {
    "type": "item",
    "code": "game:clay-*",
    "name": "color",
    "allowedVariants": [ "blue", "fire", "red" ]
  },
  "pattern": [
    [
      "#########",
      "#########",
      "#########",
      "#########",
      "#########"
    ],
    [
      "#########",
      "#__#__#_#",
      "#_#_##__#",
      "##___##_#",
      "#########"
    ],
    [
      "#########",
      "#__#__#_#",
      "#_#_##__#",
      "##___##_#",
      "#########"
    ]

  ],
  "name": "Small bell parts mold",
  "output": {
    "type": "block",
    "code": "smallbellpartsmold-{color}-raw-smallbellparts"
  }
}