{
  "enabled": true,
  "ingredient": {
    "type": "item",
    "code": "game:clay-*",
    "name": "color",
    "allowedVariants": [ "blue", "fire", "red" ]
  },
  "pattern": [
    [
		"##############",
		"##############",
		"##############",
		"##############",
		"##############",
		"##############",
		"##############",
		"##############",
		"##############",
		"##############",
		"##############",
		"##############",
		"##############",
		"##############",
	],
	[
		"##############",
		"##############",
		"##############",
		"##############",
		"##############",
		"##############",
		"##__##########",
		"##_________###",
		"##############",
		"##############",
		"##############",
		"##############",
		"##############",
		"##############",
    ]
  ],
  "name": "Wirecutter jaw mold",
  "output": {
    "type": "block",
    "code": "wirecutterjawmold-{color}-raw-wirecutterjaw"
  }
}




