{
  "ingredientPattern": "HFN,NBN,NPN",
  "ingredients": {
    "F": {
      "type": "item",
      "code": "backracks:firewood-backrack-normal",
      "quantity": 1
    },
    "B": {
      "type": "item",
      "code": "game:plank-*",
      "quantity": 2
    },
    "N": {
      "type": "item",
      "code": "game:metalnailsandstrips-tinbronze",
      "quantity": 2
    },
    "P": {
      "type": "item",
      "code": "game:metalplate-tinbronze",
      "quantity": 1
    },
    "H": {
      "type": "item",
      "code": "game:hammer-*",
      "isTool": true,
      "toolDurabilityCost": 20
    }
  },
  "width": 3,
  "height": 3,
  "output": {
    "type": "item",
    "code": "backracks:backracktinbronze-normal",
    "quantity": 1
  }
}
