{
  "ingredientPattern": "_F_,CLC,CCC",
  "ingredients": {
    "F": {
      "type": "item",
      "code": "backracks:basket-backrack-normal",
      "quantity": 1
    },
    "C": {
      "type": "item",
      "code": "game:cattailtops",
      "quantity": 2
    },
    "L": {
      "type": "block",
      "code": "game:linen-normal-down", 
      "quantity": 1
    }
  },
  "width": 3,
  "height": 3,
  "output": {
    "type": "item",
    "code": "backracks:forager-backrack-normal",
    "quantity": 1
  }
}
