{
	"editor": {
		"allAngles": false,
		"entityTextureMode": false
	},
	"textureWidth": 16,
	"textureHeight": 16,
	"textureSizes": {
	},
	"textures": {
		"metal": "game:block/metal/sheet-plain/{metal}2"
	},
	"elements": [
		{
			"name": "Stem",
			"from": [ 7.9, 7.75, 10.65 ],
			"to": [ 8.4, 8.25, 11.85 ],
			"rotationOrigin": [ 8.15, 8.0, 10.4 ],
			"rotationZ": -45.0,
			"faces": {
				"north": { "texture": "#metal", "uv": [ 0.0, 0.0, 0.5, 0.5 ], "windMode": [-1,-1,-1,-1] },
				"east": { "texture": "#metal", "uv": [ 0.0, 0.0, 1.0, 0.5 ] },
				"south": { "texture": "#metal", "uv": [ 0.0, 0.0, 0.5, 0.5 ], "windMode": [-1,-1,-1,-1] },
				"west": { "texture": "#metal", "uv": [ 0.0, 0.0, 1.0, 0.5 ], "windMode": [-1,-1,-1,-1] },
				"up": { "texture": "#metal", "uv": [ 0.0, 0.0, 0.5, 1.0 ], "windMode": [-1,-1,-1,-1] },
				"down": { "texture": "#metal", "uv": [ 0.0, 0.0, 0.5, 1.0 ], "windMode": [-1,-1,-1,-1] }
			},
			"children": [
				{
					"name": "LeverBase",
					"from": [ -0.3536, 0.0, 0.5 ],
					"to": [ 0.6464, 1.0, 1.0 ],
					"rotationOrigin": [ -0.1036, 0.25, 0.0 ],
					"rotationZ": -45.0,
					"faces": {
						"north": { "texture": "#metal", "uv": [ 0.0, 0.0, 1.0, 1.0 ], "windMode": [-1,-1,-1,-1] },
						"east": { "texture": "#metal", "uv": [ 0.0, 0.0, 0.5, 1.0 ], "windMode": [-1,-1,-1,-1] },
						"south": { "texture": "#metal", "uv": [ 4.0, 4.5, 5.0, 5.5 ] },
						"west": { "texture": "#metal", "uv": [ 0.0, 0.0, 0.5, 1.0 ], "windMode": [-1,-1,-1,-1] },
						"up": { "texture": "#metal", "uv": [ 0.0, 0.0, 1.0, 0.5 ], "windMode": [-1,-1,-1,-1] },
						"down": { "texture": "#metal", "uv": [ 0.0, 0.0, 1.0, 0.5 ], "windMode": [-1,-1,-1,-1] }
					},
					"children": [
						{
							"name": "LeverMid",
							"from": [ -1.0, 0.15, 0.0 ],
							"to": [ 0.0, 0.9, 0.5 ],
							"rotationOrigin": [ -1.0, 0.0, 0.0 ],
							"faces": {
								"north": { "texture": "#metal", "uv": [ 0.0, 0.0, 1.0, 0.5 ], "windMode": [-1,-1,-1,-1] },
								"east": { "texture": "#metal", "uv": [ 0.0, 0.0, 0.5, 0.5 ], "windMode": [-1,-1,-1,-1] },
								"south": { "texture": "#metal", "uv": [ 4.5, 5.5, 5.5, 6.0 ], "windMode": [-1,-1,-1,-1] },
								"west": { "texture": "#metal", "uv": [ 0.0, 0.0, 0.5, 0.5 ], "windMode": [-1,-1,-1,-1] },
								"up": { "texture": "#metal", "uv": [ 0.0, 0.0, 1.0, 0.5 ], "windMode": [-1,-1,-1,-1] },
								"down": { "texture": "#metal", "uv": [ 0.0, 0.0, 1.0, 0.5 ], "windMode": [-1,-1,-1,-1] }
							},
							"children": [
								{
									"name": "LeverEnd",
									"from": [ -1.0, 0.15, 0.0 ],
									"to": [ 0.0, 0.6, 0.5 ],
									"rotationOrigin": [ -1.0, 0.0, 0.0 ],
									"faces": {
										"north": { "texture": "#metal", "uv": [ 0.0, 0.0, 1.0, 0.5 ], "windMode": [-1,-1,-1,-1] },
										"east": { "texture": "#metal", "uv": [ 0.0, 0.0, 0.5, 0.5 ], "windMode": [-1,-1,-1,-1] },
										"south": { "texture": "#metal", "uv": [ 4.0, 6.5, 5.0, 7.0 ] },
										"west": { "texture": "#metal", "uv": [ 0.0, 0.0, 0.5, 0.5 ], "windMode": [-1,-1,-1,-1] },
										"up": { "texture": "#metal", "uv": [ 0.0, 0.0, 1.0, 0.5 ], "windMode": [-1,-1,-1,-1] },
										"down": { "texture": "#metal", "uv": [ 0.0, 0.0, 1.0, 0.5 ], "windMode": [-1,-1,-1,-1] }
									},
									"children": [
										{
											"name": "LeverTip",
											"from": [ -1.0, 0.1, 0.0 ],
											"to": [ 0.0, 0.35, 0.5 ],
											"rotationOrigin": [ -1.0, 0.0, 0.0 ],
											"faces": {
												"north": { "texture": "#metal", "uv": [ 0.0, 0.0, 1.0, 0.5 ] },
												"east": { "texture": "#metal", "uv": [ 0.0, 0.0, 0.5, 0.5 ], "windMode": [-1,-1,-1,-1] },
												"south": { "texture": "#metal", "uv": [ 6.5, 7.0, 7.5, 7.5 ], "windMode": [-1,-1,-1,-1] },
												"west": { "texture": "#metal", "uv": [ 0.0, 0.0, 0.5, 0.5 ], "windMode": [-1,-1,-1,-1] },
												"up": { "texture": "#metal", "uv": [ 0.0, 0.0, 1.0, 0.5 ], "windMode": [-1,-1,-1,-1] },
												"down": { "texture": "#metal", "uv": [ 0.0, 0.0, 1.0, 0.5 ], "windMode": [-1,-1,-1,-1] }
											}
										}
									]
								}
							]
						},
						{
							"name": "LeverEdge1",
							"from": [ -3.0, 1.0, 0.0 ],
							"to": [ 1.0, 1.2, 0.55 ],
							"rotationOrigin": [ 1.0, 1.0, 0.0 ],
							"rotationZ": 7.0,
							"faces": {
								"north": { "texture": "#metal", "uv": [ 0.0, 0.0, 4.0, 0.5 ] },
								"east": { "texture": "#metal", "uv": [ 0.0, 0.0, 0.5, 0.5 ], "windMode": [-1,-1,-1,-1] },
								"south": { "texture": "#metal", "uv": [ 0.0, 0.0, 4.0, 0.5 ], "windMode": [-1,-1,-1,-1] },
								"west": { "texture": "#metal", "uv": [ 0.0, 0.0, 0.5, 0.5 ], "windMode": [-1,-1,-1,-1] },
								"up": { "texture": "#metal", "uv": [ 0.0, 0.0, 4.0, 0.5 ], "windMode": [-1,-1,-1,-1] },
								"down": { "texture": "#metal", "uv": [ 0.0, 0.0, 4.0, 0.5 ], "windMode": [-1,-1,-1,-1] }
							}
						},
						{
							"name": "LeverEdge2",
							"from": [ -3.0, -0.15, 0.0 ],
							"to": [ 1.0, 0.05, 0.55 ],
							"rotationOrigin": [ 1.0, 0.0, 0.0 ],
							"rotationZ": -7.0,
							"faces": {
								"north": { "texture": "#metal", "uv": [ 0.0, 0.0, 4.0, 0.5 ] },
								"east": { "texture": "#metal", "uv": [ 0.0, 0.0, 0.5, 0.5 ], "windMode": [-1,-1,-1,-1] },
								"south": { "texture": "#metal", "uv": [ 0.0, 0.0, 4.0, 0.5 ], "windMode": [-1,-1,-1,-1] },
								"west": { "texture": "#metal", "uv": [ 0.0, 0.0, 0.5, 0.5 ], "windMode": [-1,-1,-1,-1] },
								"up": { "texture": "#metal", "uv": [ 0.0, 0.0, 4.0, 0.5 ], "windMode": [-1,-1,-1,-1] },
								"down": { "texture": "#metal", "uv": [ 0.0, 0.0, 4.0, 0.5 ], "windMode": [-1,-1,-1,-1] }
							}
						},
						{
							"name": "LeverEdge3",
							"from": [ 0.9, -0.15, 0.0 ],
							"to": [ 1.1, 1.2, 0.56 ],
							"rotationOrigin": [ 1.0, 0.0, 0.0 ],
							"faces": {
								"north": { "texture": "#metal", "uv": [ 0.0, 0.0, 0.5, 1.0 ] },
								"east": { "texture": "#metal", "uv": [ 0.0, 0.0, 0.5, 1.0 ], "windMode": [-1,-1,-1,-1] },
								"south": { "texture": "#metal", "uv": [ 0.0, 0.0, 0.5, 1.0 ], "windMode": [-1,-1,-1,-1] },
								"west": { "texture": "#metal", "uv": [ 0.0, 0.0, 0.5, 1.0 ], "windMode": [-1,-1,-1,-1] },
								"up": { "texture": "#metal", "uv": [ 0.0, 0.0, 0.5, 0.5 ], "windMode": [-1,-1,-1,-1] },
								"down": { "texture": "#metal", "uv": [ 0.0, 0.0, 0.5, 0.5 ], "windMode": [-1,-1,-1,-1] }
							}
						},
						{
							"name": "LeverEdge4",
							"from": [ -3.1, 0.34, 0.0 ],
							"to": [ -2.9, 0.72, 0.56 ],
							"rotationOrigin": [ -3.0, 0.0, 0.0 ],
							"faces": {
								"north": { "texture": "#metal", "uv": [ 0.0, 0.0, 0.5, 0.5 ] },
								"east": { "texture": "#metal", "uv": [ 0.0, 0.0, 0.5, 0.5 ], "windMode": [-1,-1,-1,-1] },
								"south": { "texture": "#metal", "uv": [ 0.0, 0.0, 0.5, 0.5 ], "windMode": [-1,-1,-1,-1] },
								"west": { "texture": "#metal", "uv": [ 0.0, 0.0, 0.5, 0.5 ], "windMode": [-1,-1,-1,-1] },
								"up": { "texture": "#metal", "uv": [ 0.0, 0.0, 0.5, 0.5 ], "windMode": [-1,-1,-1,-1] },
								"down": { "texture": "#metal", "uv": [ 0.0, 0.0, 0.5, 0.5 ], "windMode": [-1,-1,-1,-1] }
							}
						}
					]
				}
			]
		}
	]}