{
  "name": "telegraph",
  "ingredientPattern": "_M_,_I_,_P_",
  "ingredients": {
    "M": {
      "type": "block",
      "code": "game:metal-parts",
      "quantity": 1
    },
    "I": {
      "type": "item",
      "code": "game:ingot-copper",
      "quantity": 1
    },
    "P": {
      "type": "item",
      "code": "game:plank-{wood}",
      "quantity": 1
    }
  },
  "width": 3,
  "height": 3,
  "output": {
    "type": "block",
    "code": "telegraph-{wood}-north"
  }
}