<?xml version="1.0"?>
<doc>
    <assembly>
        <name>HydrateOrDiedrate</name>
    </assembly>
    <members>
        <member name="P:HydrateOrDiedrate.Config.ConfigLibCompatibility.EditInstance">
            <summary>
            A copy of the ModConfig since we don't want to mutate the live config before we are sure everything is valid
            </summary>
        </member>
        <member name="P:HydrateOrDiedrate.Config.ModConfig.Thirst">
            <summary>
            The configuration for thirst mechanics
            </summary>
        </member>
        <member name="P:HydrateOrDiedrate.Config.ModConfig.Satiety">
            <summary>
            The configuration for satiety mechanics
            </summary>
        </member>
        <member name="P:HydrateOrDiedrate.Config.ModConfig.PerishRates">
            <summary>
            The configuration for the perish rates
            </summary>
        </member>
        <member name="P:HydrateOrDiedrate.Config.ModConfig.LiquidEncumbrance">
            <summary>
            The configuration for liquid encumbrance mechanics
            </summary>
        </member>
        <member name="P:HydrateOrDiedrate.Config.ModConfig.HeatAndCooling">
            <summary>
            The configuration for heat and cooling mechanics
            </summary>
        </member>
        <member name="P:HydrateOrDiedrate.Config.ModConfig.GroundWater">
            <summary>
            The configuration for ground water sources
            </summary>
        </member>
        <member name="P:HydrateOrDiedrate.Config.ModConfig.Rain">
            <summary>
            The configuration for rain mechanics
            </summary>
        </member>
        <member name="P:HydrateOrDiedrate.Config.ModConfig.Pump">
            <summary>
            The configuration for pump mechanics
            </summary>
        </member>
        <member name="P:HydrateOrDiedrate.Config.ModConfig.WorldGen">
            <summary>
            The configuration for world gen settings
            </summary>
        </member>
        <member name="P:HydrateOrDiedrate.Config.ModConfig.Containers">
            <summary>
            The configuration for the containers
            </summary>
        </member>
        <member name="P:HydrateOrDiedrate.Config.ModConfig.XLib">
            <summary>
            The configuration for the XLib integration
            </summary>
        </member>
        <member name="P:HydrateOrDiedrate.Config.ModConfig.DisableDrunkSway">
            <summary>
            Turns off the sway/distortion effect when the player is drunk
            </summary>
        </member>
        <member name="P:HydrateOrDiedrate.Config.ModConfig.SprintToDrink">
            <summary>
            Allows using the sprint key to initiate drinking instead of sneaking
            </summary>
        </member>
        <member name="P:HydrateOrDiedrate.Config.ModConfig.Advanced">
            <summary>
            The configuration for advanced user options
            </summary>
        </member>
        <member name="P:HydrateOrDiedrate.Config.SubConfigs.AdvancedConfig.IncreaseMarkDirtyThreshold">
            <summary>
            Increases mark dirty threshold for users experiencing rubber banding when pairing HoD with other mods that
            add more mark dirty calls.
            </summary>
        </member>
        <member name="P:HydrateOrDiedrate.Config.SubConfigs.AdvancedConfig.markdirtythreshold">
            <summary>The threshold value used by the Harmony patch. Higher numbers can adversely affect performance start at 10
            and keep increasing until rubber banding stops. Try to have set to lowest possible number (vanilla default is 10)
            to where you no longer experience rubber banding.</summary>
        </member>
        <member name="P:HydrateOrDiedrate.Config.SubConfigs.ContainersConfig.KegCapacityLitres">
            <summary>
            Storage capacity of a keg in litres
            </summary>
        </member>
        <member name="P:HydrateOrDiedrate.Config.SubConfigs.ContainersConfig.SpoilRateUntapped">
            <summary>
            Hourly spoilage rate when a keg is sealed
            </summary>
        </member>
        <member name="P:HydrateOrDiedrate.Config.SubConfigs.ContainersConfig.SpoilRateTapped">
            <summary>
            Hourly spoilage rate when a keg is open/tapped
            </summary>
        </member>
        <member name="P:HydrateOrDiedrate.Config.SubConfigs.ContainersConfig.KegIronHoopDropChance">
            <summary>
            Chance (0–1) of recovering the iron hoop when dismantling a keg 
            </summary>
        </member>
        <member name="P:HydrateOrDiedrate.Config.SubConfigs.ContainersConfig.KegTapDropChance">
            <summary>
            Chance of recovering the tap when dismantling
            </summary>
        </member>
        <member name="P:HydrateOrDiedrate.Config.SubConfigs.ContainersConfig.KegDropWithLiquid">
            <summary>
            If true, kegs drop with contents instead of spilling
            </summary>
        </member>
        <member name="P:HydrateOrDiedrate.Config.SubConfigs.ContainersConfig.TunCapacityLitres">
            <summary>
            Capacity of a tun barrel in litres 
            </summary>
        </member>
        <member name="P:HydrateOrDiedrate.Config.SubConfigs.ContainersConfig.TunSpoilRateMultiplier">
            <summary>
            Global spoilage multiplier for tuns
            </summary>
        </member>
        <member name="P:HydrateOrDiedrate.Config.SubConfigs.ContainersConfig.TunDropWithLiquid">
            <summary>
            If true, tuns drop with contents instead of spilling 
            </summary>
        </member>
        <member name="P:HydrateOrDiedrate.Config.SubConfigs.GroundWaterConfig.ShallowWellLitersPerDay">
            <summary>
            How much muddy water a shallow well should produce each day
            </summary>
        </member>
        <member name="P:HydrateOrDiedrate.Config.SubConfigs.GroundWaterConfig.WellSpringOutputMultiplier">
            <summary>
            Scales the flow rate of natural springs in wells
            </summary>
        </member>
        <member name="P:HydrateOrDiedrate.Config.SubConfigs.GroundWaterConfig.WellwaterDepthMaxBase">
            <summary>
            Max water retention depth (in blocks) for wells with normal shafts
            </summary>
        </member>
        <member name="P:HydrateOrDiedrate.Config.SubConfigs.GroundWaterConfig.WellwaterDepthMaxClay">
            <summary>
            Max water retention depth (in blocks) for wells with normal shafts
            </summary>
        </member>
        <member name="P:HydrateOrDiedrate.Config.SubConfigs.GroundWaterConfig.WellwaterDepthMaxStone">
            <summary>
            Max water retention depth (in blocks) for wells with stone shafts
            </summary>
        </member>
        <member name="P:HydrateOrDiedrate.Config.SubConfigs.GroundWaterConfig.WinchRaiseSpeed">
            <summary>
            Multiplier for how fast it’s raised back up 
            </summary>
        </member>
        <member name="P:HydrateOrDiedrate.Config.SubConfigs.GroundWaterConfig.WinchLowerSpeed">
            <summary>
            Multiplier for how fast the bucket lowers in a well
            </summary>
        </member>
        <member name="P:HydrateOrDiedrate.Config.SubConfigs.GroundWaterConfig.WinchOutputInfo">
            <summary>
            Displays well output info in tooltips for winches
            </summary>
        </member>
        <member name="P:HydrateOrDiedrate.Config.SubConfigs.GroundWaterConfig.AquiferRandomMultiplierChance">
            <summary>
            Chance for a random output multiplier when generating an aquifer
            </summary>
        </member>
        <member name="P:HydrateOrDiedrate.Config.SubConfigs.GroundWaterConfig.AquiferWaterBlockMultiplier">
            <summary>
            Water‑block multiplier for determining aquifer rating. Larger numbers will make aquifers stronger near regular water
            </summary>
        </member>
        <member name="P:HydrateOrDiedrate.Config.SubConfigs.GroundWaterConfig.AquiferSaltWaterMultiplier">
            <summary>
            Salt‑water multiplier for determining aquifer rating
            Larger numbers will make aquifers stronger near salt-water
            (Will also make aquifers that are further from oceans saltier)
            </summary>
        </member>
        <member name="P:HydrateOrDiedrate.Config.SubConfigs.GroundWaterConfig.AquiferBoilingWaterMultiplier">
            <summary>
            Boiling water multiplier for determining aquifer rating
            Larger numbers will make aquifers stronger near boiling water
            </summary>
        </member>
        <member name="P:HydrateOrDiedrate.Config.SubConfigs.GroundWaterConfig.AquiferRatingCeilingAboveSeaLevel">
            <summary>
            Maximum aquifer quality rating above sea level
            </summary>
        </member>
        <member name="P:HydrateOrDiedrate.Config.SubConfigs.GroundWaterConfig.AquiferDepthMultiplierScale">
            <summary>
            Scale factor for depth’s effect on aquifer rating
            </summary>
        </member>
        <member name="P:HydrateOrDiedrate.Config.SubConfigs.GroundWaterConfig.AquiferMinimumWaterBlockThreshold">
            <summary>
            Minimum number of water blocks in a chunk to qualify for an aquifer (unless a random aquifer generates)
            </summary>
        </member>
        <member name="P:HydrateOrDiedrate.Config.SubConfigs.GroundWaterConfig.CrossChunkColumnSmoothing">
            <summary>
            WWether aquifer data should be smoothed across chunk columns
            </summary>
        </member>
        <member name="P:HydrateOrDiedrate.Config.SubConfigs.GroundWaterConfig.ProspectingRadius">
            <summary>
            Block radius when prospecting within which aquifers are detected
            </summary>
        </member>
        <member name="P:HydrateOrDiedrate.Config.SubConfigs.GroundWaterConfig.AquiferDataOnProspectingNodeMode">
            <summary>
            Show aquifer prospecting on Node mode rather than density search
            </summary>
        </member>
        <member name="P:HydrateOrDiedrate.Config.SubConfigs.GroundWaterConfig.ShowAquiferProspectingDataOnMap">
            <summary>
            Toggle display of aquifer icons/overlays on the world map after prospecting
            </summary>
        </member>
        <member name="P:HydrateOrDiedrate.Config.SubConfigs.HeatAndCoolingConfig.HarshHeat">
            <summary>
            Wether Harsh Heat mechanics are enabled.
            (accelerated dehydration in high‑temperature locations)
            </summary>
        </member>
        <member name="P:HydrateOrDiedrate.Config.SubConfigs.HeatAndCoolingConfig.TemperatureThreshold">
            <summary>
            Ambient temperature above which thirst decay starts ramping up
            </summary>
        </member>
        <member name="P:HydrateOrDiedrate.Config.SubConfigs.HeatAndCoolingConfig.ThirstIncreasePerDegreeMultiplier">
            <summary>
            Additional thirst units per degree above the threshold each second
            </summary>
        </member>
        <member name="P:HydrateOrDiedrate.Config.SubConfigs.HeatAndCoolingConfig.HarshHeatExponentialGainMultiplier">
            <summary>
            Exponential scaling factor for thirst gain in extreme heat
            </summary>
        </member>
        <member name="P:HydrateOrDiedrate.Config.SubConfigs.HeatAndCoolingConfig.UnequippedSlotCooling">
            <summary>
            Cooling bonus for each empty armor/clothing slot
            </summary>
        </member>
        <member name="P:HydrateOrDiedrate.Config.SubConfigs.HeatAndCoolingConfig.WetnessCoolingBonus">
            <summary>
            Cooling effect of being wet
            </summary>
        </member>
        <member name="P:HydrateOrDiedrate.Config.SubConfigs.HeatAndCoolingConfig.RoomCoolingBonus">
            <summary>
            Cooling bonus when in a room
            </summary>
        </member>
        <member name="P:HydrateOrDiedrate.Config.SubConfigs.HeatAndCoolingConfig.ShadeCoolingBonus">
            <summary>
            How much cooling being in shade provides
            </summary>
        </member>
        <member name="P:HydrateOrDiedrate.Config.SubConfigs.HeatAndCoolingConfig.CoolingTempOffsetPerPoint">
            <summary>
            How many degrees of effective temperature are reduced per 1 point of Cooling.
            This directly shifts the temperature used by the harsh-heat equation,
            allowing cooling to matter across the entire heat range.
            </summary>
        </member>
        <member name="P:HydrateOrDiedrate.Config.SubConfigs.HeatAndCoolingConfig.LowSunlightThreshold">
            <summary>
            Sunlight level (0-22). Below this, we start giving a cooling bonus.
            </summary>
        </member>
        <member name="P:HydrateOrDiedrate.Config.SubConfigs.HeatAndCoolingConfig.LowSunlightCoolingBonus">
            <summary>
            Max extra cooling bonus when sunlight level is 0.
            This is a flat additive cooling value (like gear cooling).
            </summary>
        </member>
        <member name="P:HydrateOrDiedrate.Config.SubConfigs.LiquidEncumbranceConfig.Enabled">
            <summary>
            Wether or not the liquid encumbrance is enabled.
            </summary>
        </member>
        <member name="P:HydrateOrDiedrate.Config.SubConfigs.LiquidEncumbranceConfig.EncumbranceLimit">
            <summary>
            Litres of liquid you can carry in a single slotbefore incurring penalties
            </summary>
        </member>
        <member name="P:HydrateOrDiedrate.Config.SubConfigs.LiquidEncumbranceConfig.EncumbranceMovementSpeedDebuff">
            <summary>
            How large the penalty for being encumbered is.
            </summary>
        </member>
        <member name="P:HydrateOrDiedrate.Config.SubConfigs.PerishRatesConfig.Enabled">
            <summary>
            Wether or not water should perish over time.
            </summary>
        </member>
        <member name="P:HydrateOrDiedrate.Config.SubConfigs.PumpConfig.HandPumpEnablePriming">
            <summary>
            Whether hand pump priming strokes should be enabled
            </summary>
        </member>
        <member name="P:HydrateOrDiedrate.Config.SubConfigs.PumpConfig.HandPumpOutputInfo">
            <summary>
            Whether hand pump priming strokes should be enabled
            </summary>
        </member>
        <member name="P:HydrateOrDiedrate.Config.SubConfigs.PumpConfig.HandPumpPrimingBlocksPerStroke">
            <summary>
            How many pipe segments per priming stroke required on the hand pump.
            </summary>
        </member>
        <member name="P:HydrateOrDiedrate.Config.SubConfigs.RainConfig.EnableRainGathering">
            <summary>
            Whether rain gathering should be enabled
            (Allows containers to collect rainwater automatically)
            </summary>
        </member>
        <member name="P:HydrateOrDiedrate.Config.SubConfigs.RainConfig.RainMultiplier">
            <summary>
            Scales how much water is gathered per tick of rain
            </summary>
        </member>
        <member name="P:HydrateOrDiedrate.Config.SubConfigs.RainConfig.EnableParticleTicking">
            <summary>
            Toggles per‑tick updates for rain particles
            (performance trade‑off)
            </summary>
        </member>
        <member name="T:HydrateOrDiedrate.Config.SubConfigs.SatietyConfig">
            <summary>
            Config for modifiers on the satiety lost from drinking various types of water.
            NOTE: the modifiers are additive and the end result will not go above 0.
            </summary>
        </member>
        <member name="P:HydrateOrDiedrate.Config.SubConfigs.ThirstConfig.Enabled">
            <summary>
            Master switch for the entire thirst/dehydration system
            </summary>
        </member>
        <member name="P:HydrateOrDiedrate.Config.SubConfigs.ThirstConfig.MaxThirst">
            <summary>
            The upper bound of the player’s thirst gauge
            </summary>
        </member>
        <member name="P:HydrateOrDiedrate.Config.SubConfigs.ThirstConfig.ThirstDecayRate">
            <summary>
            Base rate (units/tick) at which thirst increases under normal conditions
            (this will be affected by other multipliers depending on the circumstances)
            </summary>
        </member>
        <member name="P:HydrateOrDiedrate.Config.SubConfigs.ThirstConfig.ThirstDecayRateMax">
            <summary>
            Maximum multiplier applied to ThirstDecayRate under extreme conditions
            (So the thirst decay rate after applying all multipliers will be capped at ThirstDecayRate * ThirstDecayRateMax)
            </summary>
        </member>
        <member name="P:HydrateOrDiedrate.Config.SubConfigs.ThirstConfig.HydrationLossDelayMultiplierNormalized">
            <summary>
            Scales the thirst reduction delay you get from drinking drinks
            Note: other parts of the equation are not configurable yet and final delay is capped at 600 seconds.
            </summary>
        </member>
        <member name="P:HydrateOrDiedrate.Config.SubConfigs.ThirstConfig.SprintThirstMultiplier">
            <summary>
            Multiplier for thirst decay when the player is sprinting.
            </summary>
        </member>
        <member name="P:HydrateOrDiedrate.Config.SubConfigs.ThirstConfig.IdleThirstModifier">
            <summary>
            Multiplier for thirst decay when the player is idle.
            </summary>
        </member>
        <member name="P:HydrateOrDiedrate.Config.SubConfigs.ThirstConfig.ThirstDamage">
            <summary>
            Damage dealt to the player each interval once fully dehydrated
            (set to 0 to disable thirst damage entirely)
            </summary>
        </member>
        <member name="P:HydrateOrDiedrate.Config.SubConfigs.ThirstConfig.BoilingWaterDamage">
            <summary>
            How much damage a player takes from drinking boiling water.
            (set to 0 to disable boiling water damage entirely)
            </summary>
        </member>
        <member name="P:HydrateOrDiedrate.Config.SubConfigs.ThirstConfig.MaxMovementSpeedPenalty">
            <summary>
            The maximum speed penalty a player can get from thirst.
            </summary>
        </member>
        <member name="P:HydrateOrDiedrate.Config.SubConfigs.ThirstConfig.MovementSpeedPenaltyThreshold">
            <summary>
            From which thirst level the player starts getting a movement speed penalty.
            Set to -1 to disable the movement speed penalty entirely.
            (penalty will increase gradually as hydration drops even further)
            </summary>
        </member>
        <member name="P:HydrateOrDiedrate.Config.SubConfigs.ThirstConfig.ThirstPercentageOnRespawn">
            <summary>
            Percentage of the thirst gauge that will be filled after the player respawns.
            </summary>
        </member>
        <member name="P:HydrateOrDiedrate.Config.SubConfigs.ThirstConfig.ThirstRateAtStoryLocations">
            <summary>
            How much thirst is effected in story locations.
            </summary>
        </member>
        <member name="P:HydrateOrDiedrate.Config.SubConfigs.ThirstConfig.NutritionDeficitMultiplier">
            <summary>
            Multiplier on nutrition penalty from drinking water, set this to 0 to disable it entirely.
            </summary>
        </member>
        <member name="P:HydrateOrDiedrate.Config.SubConfigs.ThirstConfig.AntiThirstScumming">
            <summary>
            Toggle for turning on anti thirst scumming. If on players will spawn with the same thirst as when they died,
            unless it is 0 in which case they will spawn with 0.005% satiety.
            </summary>
        </member>
        <member name="P:HydrateOrDiedrate.Config.SubConfigs.WorldGenConfig.PondChance">
            <summary>
            Multiplier for vanilla pond generation attempts.
            1.0 = vanilla, 0 = no ponds, 2 = roughly double ponds, etc.
            </summary>
        </member>
        <member name="T:HydrateOrDiedrate.HoDStats">
            <summary>
            Stat keys exposed by HydrateOrDiedrate so other mods (races, traits, classes, etc.)
            <br/>can adjust thirst rate and cooling without modifying HoD directly.
            <br/>
            <br/>Example: Desert-born race with slower thirst loss and improved cooling
            <br/>- entity.Stats.Set(HoDStats.ThirstRateMul, "desertRace", -0.6f, false); // 60% reduction
            <br/>- entity.Stats.Set(HoDStats.CoolingMul,    "desertRace", 0.5f, false); // 50% increase
            </summary>
        </member>
        <member name="M:HydrateOrDiedrate.src.Hydration.Patches.EntityBehaviorHungerPatch.ApplyDeficit(Vintagestory.API.Common.Entities.EntityBehavior,System.Single@)">
            <summary>
            Applies deficit
            </summary>
            <returns>true if saturation is negative and should skip normal logic</returns>
        </member>
        <member name="T:HydrateOrDiedrate.Thirst.IThirstRateModifier">
            <summary>
            Interface for EntityBehaviors that allowes influencing the thirst rate of an entity.
            </summary>
        </member>
        <member name="M:HydrateOrDiedrate.Util.GuardFinite(System.Single,System.Single)">
            <summary>
            Protect number against turning into NaN or Infinity.
            </summary>
            <param name="value">the value to check</param>
            <param name="defaultValue">what to return if the value was Nan or Infinity</param>
            <returns>The value if not NaN or Infinity otherwise the defaultValue</returns>
        </member>
        <member name="M:HydrateOrDiedrate.Util.TryClone``1(``0,``0@)">
            <summary>
            Helper method for cloning objects that ensures the higest clone method is called
            (in case someone overrides the method and just hides it with `new` keyword)
            </summary>
        </member>
        <member name="P:HydrateOrDiedrate.Wells.Aquifer.ModData.AquiferData.AquiferRating">
            <summary>
            The currently known aquifer rating depending on wether smoothing is enabled and has happend this will either return <see cref="P:HydrateOrDiedrate.Wells.Aquifer.ModData.AquiferData.AquiferRatingRaw"/> or <see cref="P:HydrateOrDiedrate.Wells.Aquifer.ModData.AquiferData.AquiferRatingSmoothed"/>
            </summary>
        </member>
        <member name="F:HydrateOrDiedrate.Wells.WellWater.BlockEntityWellSpring.SyncPending">
            <summary>
            True when a sync is supposed to happen but hasn't yet (most likely because neighboring chunks weren't loaded yet).
            </summary>
        </member>
    </members>
</doc>
