{
	"editor": {
		"collapsedPaths": "Root/rope,Root/rope5,Root/holz",
		"allAngles": false,
		"entityTextureMode": false
	},
	"textureWidth": 16,
	"textureHeight": 16,
	"textureSizes": {
	},
	"textures": {
		"oak": "game:block/wood/bark/oak",
		"north": "game:block/wood/firewood/north",
		"side10": "game:block/wood/firewood/side10",
		"south": "game:block/wood/firewood/south",
		"rope": "game:item/resource/rope"
	},
	"elements": [
		{
			"name": "Cube2",
			"from": [ 4.0, 0.0, 5.0 ],
			"to": [ 5.0, 12.0, 6.0 ],
			"faces": {
				"north": { "texture": "#oak", "uv": [ 7.5, 3.0, 8.5, 15.0 ], "windMode": [-1,-1,-1,-1] },
				"east": { "texture": "#oak", "uv": [ 8.5, 1.0, 9.5, 13.0 ], "windMode": [-1,-1,-1,-1] },
				"south": { "texture": "#oak", "uv": [ 6.0, 1.0, 7.0, 13.0 ], "windMode": [-1,-1,-1,-1] },
				"west": { "texture": "#oak", "uv": [ 4.5, 2.5, 5.5, 14.5 ], "windMode": [-1,-1,-1,-1] },
				"up": { "texture": "#oak", "uv": [ 3.0, 2.0, 4.0, 3.0 ], "windMode": [-1,-1,-1,-1] },
				"down": { "texture": "#oak", "uv": [ 0.0, 0.0, 1.0, 1.0 ], "windMode": [-1,-1,-1,-1] }
			},
			"children": [
				{
					"name": "Cube3",
					"from": [ 7.0, 0.0, 0.0 ],
					"to": [ 8.0, 12.0, 1.0 ],
					"rotationOrigin": [ -4.0, 0.0, -5.0 ],
					"faces": {
						"north": { "texture": "#oak", "uv": [ 4.0, 1.0, 5.0, 13.0 ] },
						"east": { "texture": "#oak", "uv": [ 6.0, 0.0, 7.0, 12.0 ], "autoUv": false, "windMode": [-1,-1,-1,-1] },
						"south": { "texture": "#oak", "uv": [ 4.5, 1.5, 5.5, 13.5 ], "windMode": [-1,-1,-1,-1] },
						"west": { "texture": "#oak", "uv": [ 4.0, 0.5, 5.0, 12.5 ], "windMode": [-1,-1,-1,-1] },
						"up": { "texture": "#oak", "uv": [ 3.5, 2.5, 4.5, 3.5 ], "windMode": [-1,-1,-1,-1] },
						"down": { "texture": "#oak", "uv": [ 0.0, 0.0, 1.0, 1.0 ], "windMode": [-1,-1,-1,-1] }
					}
				},
				{
					"name": "Cube4",
					"from": [ 1.0, 0.0, 0.0 ],
					"to": [ 7.0, 1.0, 1.0 ],
					"rotationOrigin": [ 7.0, 0.0, 0.0 ],
					"faces": {
						"north": { "texture": "#oak", "uv": [ 0.0, 0.0, 6.0, 1.0 ] },
						"east": { "texture": "#oak", "uv": [ 0.0, 0.0, 1.0, 1.0 ], "windMode": [-1,-1,-1,-1] },
						"south": { "texture": "#oak", "uv": [ 0.0, 0.0, 6.0, 1.0 ], "windMode": [-1,-1,-1,-1] },
						"west": { "texture": "#oak", "uv": [ 0.0, 0.0, 1.0, 1.0 ], "windMode": [-1,-1,-1,-1] },
						"up": { "texture": "#oak", "uv": [ 0.0, 0.0, 6.0, 1.0 ], "windMode": [-1,-1,-1,-1] },
						"down": { "texture": "#oak", "uv": [ 0.0, 0.0, 6.0, 1.0 ], "windMode": [-1,-1,-1,-1] }
					}
				},
				{
					"name": "Cube5",
					"from": [ 0.0, 0.0, 1.0 ],
					"to": [ 1.0, 1.0, 8.0 ],
					"rotationOrigin": [ 1.0, 0.0, 0.0 ],
					"faces": {
						"north": { "texture": "#oak", "uv": [ 0.0, 0.0, 1.0, 1.0 ], "windMode": [-1,-1,-1,-1] },
						"east": { "texture": "#oak", "uv": [ 0.0, 0.0, 7.0, 1.0 ], "windMode": [-1,-1,-1,-1] },
						"south": { "texture": "#oak", "uv": [ 0.0, 0.0, 1.0, 1.0 ], "windMode": [-1,-1,-1,-1] },
						"west": { "texture": "#oak", "uv": [ 0.0, 0.0, 7.0, 1.0 ] },
						"up": { "texture": "#oak", "uv": [ 0.0, 0.0, 1.0, 7.0 ], "windMode": [-1,-1,-1,-1] },
						"down": { "texture": "#oak", "uv": [ 0.0, 0.0, 1.0, 7.0 ], "windMode": [-1,-1,-1,-1] }
					}
				},
				{
					"name": "Cube9",
					"from": [ 1.0, 0.0, 7.0 ],
					"to": [ 7.0, 1.0, 8.0 ],
					"rotationOrigin": [ 7.0, 0.0, 0.0 ],
					"faces": {
						"north": { "texture": "#oak", "uv": [ 0.0, 0.0, 6.0, 1.0 ], "windMode": [-1,-1,-1,-1] },
						"east": { "texture": "#oak", "uv": [ 0.0, 0.0, 1.0, 1.0 ], "windMode": [-1,-1,-1,-1] },
						"south": { "texture": "#oak", "uv": [ 0.0, 0.0, 6.0, 1.0 ], "windMode": [-1,-1,-1,-1] },
						"west": { "texture": "#oak", "uv": [ 0.0, 0.0, 1.0, 1.0 ], "windMode": [-1,-1,-1,-1] },
						"up": { "texture": "#oak", "uv": [ 0.0, 0.0, 6.0, 1.0 ], "windMode": [-1,-1,-1,-1] },
						"down": { "texture": "#oak", "uv": [ 0.0, 0.0, 6.0, 1.0 ], "windMode": [-1,-1,-1,-1] }
					}
				},
				{
					"name": "Cube11",
					"from": [ 7.0, 0.0, 1.0 ],
					"to": [ 8.0, 1.0, 8.0 ],
					"rotationOrigin": [ 1.0, 0.0, 0.0 ],
					"faces": {
						"north": { "texture": "#oak", "uv": [ 0.0, 0.0, 1.0, 1.0 ], "windMode": [-1,-1,-1,-1] },
						"east": { "texture": "#oak", "uv": [ 0.0, 0.0, 7.0, 1.0 ], "windMode": [-1,-1,-1,-1] },
						"south": { "texture": "#oak", "uv": [ 0.0, 0.0, 1.0, 1.0 ], "windMode": [-1,-1,-1,-1] },
						"west": { "texture": "#oak", "uv": [ 0.0, 0.0, 7.0, 1.0 ], "windMode": [-1,-1,-1,-1] },
						"down": { "texture": "#oak", "uv": [ 0.0, 0.0, 1.0, 7.0 ], "windMode": [-1,-1,-1,-1] }
					}
				},
				{
					"name": "Cube6",
					"from": [ 1.0, 0.0, 0.0 ],
					"to": [ 7.0, 1.0, 1.0 ],
					"rotationOrigin": [ 7.0, 0.0, 0.0 ],
					"faces": {
						"north": { "texture": "#oak", "uv": [ 0.0, 0.0, 6.0, 1.0 ] },
						"east": { "texture": "#oak", "uv": [ 0.0, 0.0, 1.0, 1.0 ] },
						"south": { "texture": "#oak", "uv": [ 0.0, 0.0, 6.0, 1.0 ] },
						"west": { "texture": "#oak", "uv": [ 0.0, 0.0, 1.0, 1.0 ] },
						"up": { "texture": "#oak", "uv": [ 0.0, 0.0, 6.0, 1.0 ] },
						"down": { "texture": "#oak", "uv": [ 0.0, 0.0, 6.0, 1.0 ] }
					}
				},
				{
					"name": "Cube7",
					"from": [ 1.0, 11.0, 0.0 ],
					"to": [ 7.0, 12.0, 1.0 ],
					"rotationOrigin": [ 7.0, 0.0, 0.0 ],
					"faces": {
						"north": { "texture": "#oak", "uv": [ 0.0, 0.0, 6.0, 1.0 ] },
						"east": { "texture": "#oak", "uv": [ 0.0, 0.0, 1.0, 1.0 ], "windMode": [-1,-1,-1,-1] },
						"south": { "texture": "#oak", "uv": [ 0.0, 0.0, 6.0, 1.0 ], "windMode": [-1,-1,-1,-1] },
						"west": { "texture": "#oak", "uv": [ 0.0, 0.0, 1.0, 1.0 ], "windMode": [-1,-1,-1,-1] },
						"up": { "texture": "#oak", "uv": [ 0.0, 0.0, 6.0, 1.0 ], "windMode": [-1,-1,-1,-1] },
						"down": { "texture": "#oak", "uv": [ 0.0, 0.0, 6.0, 1.0 ], "windMode": [-1,-1,-1,-1] }
					}
				}
			]
		},
		{
			"name": "holz",
			"from": [ 4.5, 1.0, 6.0 ],
			"to": [ 13.1, 3.0, 8.0 ],
			"rotationOrigin": [ 10.5, 0.0, 6.0 ],
			"faces": {
				"north": { "texture": "#side10", "uv": [ 2.0, 3.5, 10.5, 5.5 ], "windMode": [-1,-1,-1,-1] },
				"east": { "texture": "#north", "uv": [ 1.0, 1.5, 3.0, 3.5 ], "windMode": [-1,-1,-1,-1] },
				"south": { "texture": "#side10", "uv": [ 5.5, 3.5, 14.0, 5.5 ], "windMode": [-1,-1,-1,-1] },
				"west": { "texture": "#south", "uv": [ 9.0, 5.0, 11.0, 7.0 ], "windMode": [-1,-1,-1,-1] },
				"up": { "texture": "#side10", "uv": [ 1.0, 3.0, 9.5, 5.0 ], "windMode": [-1,-1,-1,-1] },
				"down": { "texture": "#side10", "uv": [ 0.0, 0.0, 8.5, 2.0 ], "windMode": [-1,-1,-1,-1] }
			},
			"children": [
				{
					"name": "holz2",
					"from": [ -0.5, 2.0, 0.0 ],
					"to": [ 7.5, 4.0, 2.0 ],
					"rotationOrigin": [ 6.5, -1.0, 0.0 ],
					"faces": {
						"north": { "texture": "#side10", "uv": [ 2.0, 3.5, 10.0, 5.5 ], "windMode": [-1,-1,-1,-1] },
						"east": { "texture": "#north", "uv": [ 1.0, 1.5, 3.0, 3.5 ], "windMode": [-1,-1,-1,-1] },
						"south": { "texture": "#side10", "uv": [ 5.5, 3.5, 13.5, 5.5 ], "windMode": [-1,-1,-1,-1] },
						"west": { "texture": "#south", "uv": [ 9.0, 5.0, 11.0, 7.0 ], "windMode": [-1,-1,-1,-1] },
						"up": { "texture": "#side10", "uv": [ 1.0, 3.0, 9.0, 5.0 ], "windMode": [-1,-1,-1,-1] },
						"down": { "texture": "#side10", "uv": [ 0.0, 0.0, 8.0, 2.0 ], "windMode": [-1,-1,-1,-1] }
					}
				},
				{
					"name": "holz3",
					"from": [ -1.5, 4.0, 0.0 ],
					"to": [ 6.5, 6.0, 2.0 ],
					"rotationOrigin": [ 6.5, -1.0, 0.0 ],
					"faces": {
						"north": { "texture": "#side10", "uv": [ 2.0, 3.5, 10.0, 5.5 ], "windMode": [-1,-1,-1,-1] },
						"east": { "texture": "#north", "uv": [ 1.0, 1.5, 3.0, 3.5 ], "windMode": [-1,-1,-1,-1] },
						"south": { "texture": "#side10", "uv": [ 5.5, 3.5, 13.5, 5.5 ], "windMode": [-1,-1,-1,-1] },
						"west": { "texture": "#south", "uv": [ 9.0, 5.0, 11.0, 7.0 ], "windMode": [-1,-1,-1,-1] },
						"up": { "texture": "#side10", "uv": [ 1.0, 3.0, 9.0, 5.0 ], "windMode": [-1,-1,-1,-1] },
						"down": { "texture": "#side10", "uv": [ 0.0, 0.0, 8.0, 2.0 ], "windMode": [-1,-1,-1,-1] }
					}
				},
				{
					"name": "holz4",
					"from": [ -1.1, 6.0, 0.0 ],
					"to": [ 6.9, 8.0, 2.0 ],
					"rotationOrigin": [ 5.9, -1.0, 0.0 ],
					"faces": {
						"north": { "texture": "#side10", "uv": [ 2.0, 3.5, 10.0, 5.5 ], "windMode": [-1,-1,-1,-1] },
						"east": { "texture": "#north", "uv": [ 1.0, 1.5, 3.0, 3.5 ], "windMode": [-1,-1,-1,-1] },
						"south": { "texture": "#side10", "uv": [ 5.5, 3.5, 13.5, 5.5 ], "windMode": [-1,-1,-1,-1] },
						"west": { "texture": "#south", "uv": [ 9.0, 5.0, 11.0, 7.0 ], "windMode": [-1,-1,-1,-1] },
						"up": { "texture": "#side10", "uv": [ 1.0, 3.0, 9.0, 5.0 ], "windMode": [-1,-1,-1,-1] },
						"down": { "texture": "#side10", "uv": [ 0.0, 0.0, 8.0, 2.0 ], "windMode": [-1,-1,-1,-1] }
					}
				},
				{
					"name": "holz5",
					"from": [ -0.5, 8.0, 0.0 ],
					"to": [ 8.5, 10.0, 2.0 ],
					"rotationOrigin": [ 6.5, -1.0, 0.0 ],
					"faces": {
						"north": { "texture": "#side10", "uv": [ 2.0, 3.5, 11.0, 5.5 ], "windMode": [-1,-1,-1,-1] },
						"east": { "texture": "#north", "uv": [ 1.0, 1.5, 3.0, 3.5 ], "windMode": [-1,-1,-1,-1] },
						"south": { "texture": "#side10", "uv": [ 5.5, 3.5, 14.5, 5.5 ], "windMode": [-1,-1,-1,-1] },
						"west": { "texture": "#south", "uv": [ 9.0, 5.0, 11.0, 7.0 ], "windMode": [-1,-1,-1,-1] },
						"up": { "texture": "#side10", "uv": [ 1.0, 3.0, 10.0, 5.0 ], "windMode": [-1,-1,-1,-1] },
						"down": { "texture": "#side10", "uv": [ 0.0, 0.0, 9.0, 2.0 ], "windMode": [-1,-1,-1,-1] }
					}
				},
				{
					"name": "holz6",
					"from": [ -1.2, 0.0, 2.0 ],
					"to": [ 7.8, 2.0, 4.0 ],
					"rotationOrigin": [ 5.8, -1.0, 0.0 ],
					"faces": {
						"north": { "texture": "#side10", "uv": [ 2.0, 3.5, 11.0, 5.5 ], "windMode": [-1,-1,-1,-1] },
						"east": { "texture": "#north", "uv": [ 1.0, 1.5, 3.0, 3.5 ], "windMode": [-1,-1,-1,-1] },
						"south": { "texture": "#side10", "uv": [ 5.5, 3.5, 14.5, 5.5 ], "windMode": [-1,-1,-1,-1] },
						"west": { "texture": "#south", "uv": [ 9.0, 5.0, 11.0, 7.0 ], "windMode": [-1,-1,-1,-1] },
						"up": { "texture": "#side10", "uv": [ 1.0, 3.0, 10.0, 5.0 ], "windMode": [-1,-1,-1,-1] },
						"down": { "texture": "#side10", "uv": [ 0.0, 0.0, 9.0, 2.0 ], "windMode": [-1,-1,-1,-1] }
					}
				},
				{
					"name": "holz7",
					"from": [ -0.8, 2.0, 2.0 ],
					"to": [ 7.9, 4.0, 4.0 ],
					"rotationOrigin": [ 6.2, -1.0, 0.0 ],
					"faces": {
						"north": { "texture": "#side10", "uv": [ 2.0, 3.5, 10.5, 5.5 ], "windMode": [-1,-1,-1,-1] },
						"east": { "texture": "#north", "uv": [ 1.0, 1.5, 3.0, 3.5 ], "windMode": [-1,-1,-1,-1] },
						"south": { "texture": "#side10", "uv": [ 5.5, 3.5, 14.0, 5.5 ], "windMode": [-1,-1,-1,-1] },
						"west": { "texture": "#south", "uv": [ 9.0, 5.0, 11.0, 7.0 ], "windMode": [-1,-1,-1,-1] },
						"up": { "texture": "#side10", "uv": [ 1.0, 3.0, 9.5, 5.0 ], "windMode": [-1,-1,-1,-1] },
						"down": { "texture": "#side10", "uv": [ 0.0, 0.0, 8.5, 2.0 ], "windMode": [-1,-1,-1,-1] }
					}
				},
				{
					"name": "holz8",
					"from": [ -2.3, 4.0, 2.0 ],
					"to": [ 7.9, 6.0, 4.0 ],
					"rotationOrigin": [ 4.7, -1.0, 0.0 ],
					"faces": {
						"north": { "texture": "#side10", "uv": [ 2.0, 3.5, 12.0, 5.5 ], "windMode": [-1,-1,-1,-1] },
						"east": { "texture": "#north", "uv": [ 1.0, 1.5, 3.0, 3.5 ], "windMode": [-1,-1,-1,-1] },
						"south": { "texture": "#side10", "uv": [ 5.5, 3.5, 15.5, 5.5 ], "windMode": [-1,-1,-1,-1] },
						"west": { "texture": "#south", "uv": [ 9.0, 5.0, 11.0, 7.0 ], "windMode": [-1,-1,-1,-1] },
						"up": { "texture": "#side10", "uv": [ 1.0, 3.0, 11.0, 5.0 ], "windMode": [-1,-1,-1,-1] },
						"down": { "texture": "#side10", "uv": [ 0.0, 0.0, 10.0, 2.0 ], "windMode": [-1,-1,-1,-1] }
					}
				},
				{
					"name": "holz9",
					"from": [ -0.5, 6.0, 2.0 ],
					"to": [ 7.7, 8.4, 4.0 ],
					"rotationOrigin": [ 6.5, -1.0, 0.0 ],
					"faces": {
						"north": { "texture": "#side10", "uv": [ 2.0, 3.5, 10.0, 5.5 ], "windMode": [-1,-1,-1,-1] },
						"east": { "texture": "#north", "uv": [ 1.0, 1.5, 3.0, 3.5 ], "windMode": [-1,-1,-1,-1] },
						"south": { "texture": "#side10", "uv": [ 5.5, 3.5, 13.5, 5.5 ], "windMode": [-1,-1,-1,-1] },
						"west": { "texture": "#south", "uv": [ 9.0, 5.0, 11.0, 7.0 ], "windMode": [-1,-1,-1,-1] },
						"up": { "texture": "#side10", "uv": [ 1.0, 3.0, 9.0, 5.0 ], "windMode": [-1,-1,-1,-1] },
						"down": { "texture": "#side10", "uv": [ 0.0, 0.0, 8.0, 2.0 ], "windMode": [-1,-1,-1,-1] }
					}
				},
				{
					"name": "holz10",
					"from": [ -1.0, 0.0, 4.0 ],
					"to": [ 8.1, 2.0, 6.0 ],
					"rotationOrigin": [ 6.0, -1.0, 0.0 ],
					"faces": {
						"north": { "texture": "#side10", "uv": [ 2.0, 3.5, 11.0, 5.5 ], "windMode": [-1,-1,-1,-1] },
						"east": { "texture": "#north", "uv": [ 1.0, 1.5, 3.0, 3.5 ], "windMode": [-1,-1,-1,-1] },
						"south": { "texture": "#side10", "uv": [ 5.5, 3.5, 14.5, 5.5 ], "windMode": [-1,-1,-1,-1] },
						"west": { "texture": "#south", "uv": [ 9.0, 5.0, 11.0, 7.0 ], "windMode": [-1,-1,-1,-1] },
						"up": { "texture": "#side10", "uv": [ 1.0, 3.0, 10.0, 5.0 ], "windMode": [-1,-1,-1,-1] },
						"down": { "texture": "#side10", "uv": [ 0.0, 0.0, 9.0, 2.0 ], "windMode": [-1,-1,-1,-1] }
					}
				},
				{
					"name": "holz11",
					"from": [ -0.8, 2.0, 4.0 ],
					"to": [ 7.6, 4.0, 6.0 ],
					"rotationOrigin": [ 5.2, -1.0, 0.0 ],
					"faces": {
						"north": { "texture": "#side10", "uv": [ 2.0, 3.5, 10.0, 5.5 ], "windMode": [-1,-1,-1,-1] },
						"east": { "texture": "#north", "uv": [ 1.0, 1.5, 3.0, 3.5 ], "windMode": [-1,-1,-1,-1] },
						"south": { "texture": "#side10", "uv": [ 5.5, 3.5, 13.5, 5.5 ], "windMode": [-1,-1,-1,-1] },
						"west": { "texture": "#south", "uv": [ 9.0, 5.0, 11.0, 7.0 ], "windMode": [-1,-1,-1,-1] },
						"up": { "texture": "#side10", "uv": [ 1.0, 3.0, 9.0, 5.0 ], "windMode": [-1,-1,-1,-1] },
						"down": { "texture": "#side10", "uv": [ 0.0, 0.0, 8.0, 2.0 ], "windMode": [-1,-1,-1,-1] }
					}
				},
				{
					"name": "holz12",
					"from": [ -0.8, 4.0, 4.0 ],
					"to": [ 7.6, 6.0, 5.2 ],
					"rotationOrigin": [ 5.2, -1.0, 0.0 ],
					"faces": {
						"north": { "texture": "#side10", "uv": [ 2.0, 3.5, 10.0, 5.5 ], "windMode": [-1,-1,-1,-1] },
						"east": { "texture": "#north", "uv": [ 1.0, 1.5, 2.0, 3.5 ], "windMode": [-1,-1,-1,-1] },
						"south": { "texture": "#side10", "uv": [ 5.5, 3.5, 13.5, 5.5 ], "windMode": [-1,-1,-1,-1] },
						"west": { "texture": "#south", "uv": [ 9.0, 5.0, 10.0, 7.0 ], "windMode": [-1,-1,-1,-1] },
						"up": { "texture": "#side10", "uv": [ 1.0, 3.0, 9.0, 4.0 ], "windMode": [-1,-1,-1,-1] },
						"down": { "texture": "#side10", "uv": [ 0.0, 0.0, 8.0, 1.0 ], "windMode": [-1,-1,-1,-1] }
					}
				}
			]
		},
		{
			"name": "rope",
			"from": [ 5.5, 1.0, 12.0 ],
			"to": [ 6.5, 5.0, 13.0 ],
			"rotationOrigin": [ 1.0, 0.0, 0.0 ],
			"faces": {
				"north": { "texture": "#rope", "uv": [ 0.0, 0.0, 1.0, 4.0 ] },
				"east": { "texture": "#rope", "uv": [ 0.0, 0.0, 1.0, 4.0 ], "windMode": [-1,-1,-1,-1] },
				"south": { "texture": "#rope", "uv": [ 0.0, 0.0, 1.0, 4.0 ], "windMode": [-1,-1,-1,-1] },
				"west": { "texture": "#rope", "uv": [ 0.0, 0.0, 1.0, 4.0 ], "windMode": [-1,-1,-1,-1] },
				"up": { "texture": "#rope", "uv": [ 0.0, 0.0, 1.0, 1.0 ], "windMode": [-1,-1,-1,-1] },
				"down": { "texture": "#rope", "uv": [ 0.0, 0.0, 1.0, 1.0 ], "windMode": [-1,-1,-1,-1] }
			},
			"children": [
				{
					"name": "rope2",
					"from": [ 0.0, 3.4, -0.7 ],
					"to": [ 1.0, 8.6, 0.3 ],
					"rotationOrigin": [ 0.0, 5.4, -0.7 ],
					"rotationX": -22.5,
					"faces": {
						"north": { "texture": "#rope", "uv": [ 0.0, 0.0, 1.0, 5.0 ] },
						"east": { "texture": "#rope", "uv": [ 0.0, 0.0, 1.0, 5.0 ], "windMode": [-1,-1,-1,-1] },
						"south": { "texture": "#rope", "uv": [ 0.0, 0.0, 1.0, 5.0 ], "windMode": [-1,-1,-1,-1] },
						"west": { "texture": "#rope", "uv": [ 0.0, 0.0, 1.0, 5.0 ], "windMode": [-1,-1,-1,-1] },
						"up": { "texture": "#rope", "uv": [ 0.0, 0.0, 1.0, 1.0 ], "windMode": [-1,-1,-1,-1] },
						"down": { "texture": "#rope", "uv": [ 0.0, 0.0, 1.0, 1.0 ], "windMode": [-1,-1,-1,-1] }
					}
				},
				{
					"name": "rope3",
					"from": [ 0.0, 8.8, -1.0 ],
					"to": [ 1.0, 9.8, 1.9 ],
					"rotationOrigin": [ 0.0, 8.8, -1.0 ],
					"rotationX": -135.0,
					"faces": {
						"north": { "texture": "#rope", "uv": [ 0.0, 0.0, 1.0, 1.0 ] },
						"east": { "texture": "#rope", "uv": [ 0.0, 0.0, 2.5, 1.0 ], "windMode": [-1,-1,-1,-1] },
						"south": { "texture": "#rope", "uv": [ 0.0, 0.0, 1.0, 1.0 ], "windMode": [-1,-1,-1,-1] },
						"west": { "texture": "#rope", "uv": [ 0.0, 0.0, 2.5, 1.0 ], "windMode": [-1,-1,-1,-1] },
						"up": { "texture": "#rope", "uv": [ 0.0, 0.0, 1.0, 2.5 ], "windMode": [-1,-1,-1,-1] },
						"down": { "texture": "#rope", "uv": [ 0.0, 0.0, 1.0, 2.5 ], "windMode": [-1,-1,-1,-1] }
					}
				},
				{
					"name": "rope4",
					"from": [ 0.0, 10.0, -6.0 ],
					"to": [ 1.0, 11.0, -3.1 ],
					"rotationOrigin": [ 0.0, 11.0, -1.0 ],
					"faces": {
						"north": { "texture": "#rope", "uv": [ 0.0, 0.0, 1.0, 1.0 ] },
						"east": { "texture": "#rope", "uv": [ 0.0, 0.0, 2.5, 1.0 ], "windMode": [-1,-1,-1,-1] },
						"south": { "texture": "#rope", "uv": [ 0.0, 0.0, 1.0, 1.0 ], "windMode": [-1,-1,-1,-1] },
						"west": { "texture": "#rope", "uv": [ 0.0, 0.0, 2.5, 1.0 ], "windMode": [-1,-1,-1,-1] },
						"up": { "texture": "#rope", "uv": [ 0.0, 0.0, 1.0, 2.5 ], "windMode": [-1,-1,-1,-1] },
						"down": { "texture": "#rope", "uv": [ 0.0, 0.0, 1.0, 2.5 ], "windMode": [-1,-1,-1,-1] }
					}
				}
			]
		},
		{
			"name": "rope5",
			"from": [ 9.5, 1.0, 12.0 ],
			"to": [ 10.5, 5.0, 13.0 ],
			"rotationOrigin": [ -1.0, 0.0, 0.0 ],
			"faces": {
				"north": { "texture": "#rope", "uv": [ 0.0, 0.0, 1.0, 4.0 ] },
				"east": { "texture": "#rope", "uv": [ 0.0, 0.0, 1.0, 4.0 ], "windMode": [-1,-1,-1,-1] },
				"south": { "texture": "#rope", "uv": [ 0.0, 0.0, 1.0, 4.0 ], "windMode": [-1,-1,-1,-1] },
				"west": { "texture": "#rope", "uv": [ 0.0, 0.0, 1.0, 4.0 ], "windMode": [-1,-1,-1,-1] },
				"up": { "texture": "#rope", "uv": [ 0.0, 0.0, 1.0, 1.0 ], "windMode": [-1,-1,-1,-1] },
				"down": { "texture": "#rope", "uv": [ 0.0, 0.0, 1.0, 1.0 ], "windMode": [-1,-1,-1,-1] }
			},
			"children": [
				{
					"name": "rope6",
					"from": [ 0.0, 3.4, -0.7 ],
					"to": [ 1.0, 8.6, 0.3 ],
					"rotationOrigin": [ 0.0, 5.4, -0.7 ],
					"rotationX": -22.5,
					"faces": {
						"north": { "texture": "#rope", "uv": [ 0.0, 0.0, 1.0, 5.0 ] },
						"east": { "texture": "#rope", "uv": [ 0.0, 0.0, 1.0, 5.0 ], "windMode": [-1,-1,-1,-1] },
						"south": { "texture": "#rope", "uv": [ 0.0, 0.0, 1.0, 5.0 ], "windMode": [-1,-1,-1,-1] },
						"west": { "texture": "#rope", "uv": [ 0.0, 0.0, 1.0, 5.0 ], "windMode": [-1,-1,-1,-1] },
						"up": { "texture": "#rope", "uv": [ 0.0, 0.0, 1.0, 1.0 ], "windMode": [-1,-1,-1,-1] },
						"down": { "texture": "#rope", "uv": [ 0.0, 0.0, 1.0, 1.0 ], "windMode": [-1,-1,-1,-1] }
					}
				},
				{
					"name": "rope7",
					"from": [ 0.0, 8.8, -1.0 ],
					"to": [ 1.0, 9.8, 1.9 ],
					"rotationOrigin": [ 0.0, 8.8, -1.0 ],
					"rotationX": -135.0,
					"faces": {
						"north": { "texture": "#rope", "uv": [ 0.0, 0.0, 1.0, 1.0 ] },
						"east": { "texture": "#rope", "uv": [ 0.0, 0.0, 2.5, 1.0 ], "windMode": [-1,-1,-1,-1] },
						"south": { "texture": "#rope", "uv": [ 0.0, 0.0, 1.0, 1.0 ], "windMode": [-1,-1,-1,-1] },
						"west": { "texture": "#rope", "uv": [ 0.0, 0.0, 2.5, 1.0 ], "windMode": [-1,-1,-1,-1] },
						"up": { "texture": "#rope", "uv": [ 0.0, 0.0, 1.0, 2.5 ], "windMode": [-1,-1,-1,-1] },
						"down": { "texture": "#rope", "uv": [ 0.0, 0.0, 1.0, 2.5 ], "windMode": [-1,-1,-1,-1] }
					}
				},
				{
					"name": "rope8",
					"from": [ 0.0, 10.0, -6.0 ],
					"to": [ 1.0, 11.0, -3.1 ],
					"rotationOrigin": [ 0.0, 11.0, -1.0 ],
					"faces": {
						"north": { "texture": "#rope", "uv": [ 0.0, 0.0, 1.0, 1.0 ] },
						"east": { "texture": "#rope", "uv": [ 0.0, 0.0, 2.5, 1.0 ], "windMode": [-1,-1,-1,-1] },
						"south": { "texture": "#rope", "uv": [ 0.0, 0.0, 1.0, 1.0 ], "windMode": [-1,-1,-1,-1] },
						"west": { "texture": "#rope", "uv": [ 0.0, 0.0, 2.5, 1.0 ], "windMode": [-1,-1,-1,-1] },
						"up": { "texture": "#rope", "uv": [ 0.0, 0.0, 1.0, 2.5 ], "windMode": [-1,-1,-1,-1] },
						"down": { "texture": "#rope", "uv": [ 0.0, 0.0, 1.0, 2.5 ], "windMode": [-1,-1,-1,-1] }
					}
				}
			]
		}
	]}