[
	{
		"code": "mordantclothcopper",
		"sealHours": 6,
		"ingredients": [
			{ "type": "item", "code": "game:sulfate-full-copper", "litres": 1, "consumeLitres": 1 },
			{ "type": "item", "code": "game:cloth-plain", "quantity": 1 }
		],
		"output": { "type": "item", "code": "game:cloth-mordant", "stackSize": 1 }
	},

	{
		"code": "mordantclothiron",
		"sealHours": 6,
		"ingredients": [
			{ "type": "item", "code": "game:sulfate-full-iron", "litres": 1, "consumeLitres": 1 },
			{ "type": "item", "code": "game:cloth-plain", "quantity": 1 }
		],
		"output": { "type": "item", "code": "game:cloth-mordant", "stackSize": 1 }
	},

	{
		"code": "mordantclothzinc",
		"sealHours": 6,
		"ingredients": [
			{ "type": "item", "code": "game:sulfate-full-zinc", "litres": 1, "consumeLitres": 1 },
			{ "type": "item", "code": "game:cloth-plain", "quantity": 1 }
		],
		"output": { "type": "item", "code": "game:cloth-mordant", "stackSize": 1 }
	}
]
