{
  "code": "hpflyshuttleloombeater",
  "variantgroups": [
    {
      "code": "wood",
      "states": ["birch", "oak", "maple", "pine", "acacia", "kapok", "baldcypress", "larch", "redwood", "ebony", "walnut", "purpleheart"]
    }
  ],
  "skipVariants": [
    "aged", "veryaged"
  ],
  "shape": {
    "base": "item/flyshuttleloombeater"
  },
  "creativeinventory": { "general":  [ "*" ]},
  "attributes": {
    "handbook": {
      "groupBy": [
        "hpflyshuttleloombeater-*"
      ]
    }
  },
  "textures": {
    "plain": { "base": "game:block/cloth/linen/plain" },
    "reeddents": { "base": "block/flyshuttleloom/reeddents" },
    "rope": { "base": "game:item/resource/rope" },
    "ebony": { "base": "game:block/wood/debarked/ebony" },
    "oak1": { "base": "game:block/wood/planks/oak1" }
  },
  "texturesByType": {
    "*-birch": { "ebony": { "base": "game:block/wood/debarked/birch" } },
    "*-oak": { "ebony": { "base": "game:block/wood/debarked/oak" } },
    "*-maple": { "ebony": { "base": "game:block/wood/debarked/maple" } },
    "*-pine": { "ebony": { "base": "game:block/wood/debarked/pine" } },
    "*-acacia": { "ebony": { "base": "game:block/wood/debarked/acacia" } },
    "*-kapok": { "ebony": { "base": "game:block/wood/debarked/kapok" } },
    "*-baldcypress": { "ebony": { "base": "game:block/wood/debarked/baldcypress" } },
    "*-larch": { "ebony": { "base": "game:block/wood/debarked/larch" } },
    "*-redwood": { "ebony": { "base": "game:block/wood/debarked/redwood" } },
    "*-ebony": { "ebony": { "base": "game:block/wood/debarked/ebony" } },
    "*-walnut": { "ebony": { "base": "game:block/wood/debarked/walnut" } },
    "*-purpleheart": { "ebony": { "base": "game:block/wood/debarked/purpleheart" } }
  },
  "heldTpIdleAnimation": "holdbothhandslarge",
  "heldRightReadyAnimation": "heldblockready",
  "heldTpUseAnimation": "twohandplaceblock",
  "guiTransform": {
    "translation": { "x": 0, "y": 22, "z": 0 },
    "rotation": { "x": 0, "y": 0, "z": 180 },
    "scale": 0.9
  },
  "tpHandTransform": {
    "translation": { "x": 0.5, "y": -1.3, "z": -1 },
    "rotation": { "x": -83, "y": 19, "z": -98 },
    "scale": 0.4
  }
}
