{
	"editor": {
		"collapsedPaths": "Root/Wire,Root/Tube,Root/Bottom,Root/Top",
		"allAngles": false,
		"entityTextureMode": false
	},
	"textureWidth": 16,
	"textureHeight": 16,
	"textureSizes": {
	},
	"textures": {
	},
	"elements": [
		{
			"name": "Bottom",
			"from": [ 4.0, 0.0, 6.0 ],
			"to": [ 7.0, 1.0, 10.0 ],
			"rotationOrigin": [ 4.0, 0.0, 6.0 ],
			"faces": {
				"north": { "texture": "#wood", "uv": [ 0.0, 0.0, 3.0, 1.0 ] },
				"east": { "texture": "#wood", "uv": [ 0.0, 0.0, 4.0, 1.0 ] },
				"south": { "texture": "#wood", "uv": [ 0.0, 0.0, 3.0, 1.0 ] },
				"west": { "texture": "#wood", "uv": [ 0.0, 0.0, 4.0, 1.0 ] },
				"up": { "texture": "#wood", "uv": [ 0.0, 0.0, 3.0, 4.0 ] },
				"down": { "texture": "#wood", "uv": [ 0.0, 0.0, 3.0, 4.0 ] }
			},
			"children": [
				{
					"name": "Bottom2",
					"from": [ 1.0, 0.0, -1.0 ],
					"to": [ 7.0, 1.0, 0.0 ],
					"rotationOrigin": [ 1.0, 0.0, -1.0 ],
					"faces": {
						"north": { "texture": "#wood", "uv": [ 0.0, 0.0, 6.0, 1.0 ] },
						"east": { "texture": "#wood", "uv": [ 0.0, 0.0, 1.0, 1.0 ] },
						"south": { "texture": "#wood", "uv": [ 0.0, 0.0, 6.0, 1.0 ] },
						"west": { "texture": "#wood", "uv": [ 0.0, 0.0, 1.0, 1.0 ] },
						"up": { "texture": "#wood", "uv": [ 0.0, 0.0, 6.0, 1.0 ] },
						"down": { "texture": "#wood", "uv": [ 0.0, 0.0, 6.0, 1.0 ] }
					}
				},
				{
					"name": "Bottom3",
					"from": [ 2.0, 0.0, -2.0 ],
					"to": [ 6.0, 1.0, -1.0 ],
					"rotationOrigin": [ 2.0, 0.0, -2.0 ],
					"faces": {
						"north": { "texture": "#wood", "uv": [ 0.0, 0.0, 4.0, 1.0 ] },
						"east": { "texture": "#wood", "uv": [ 0.0, 0.0, 1.0, 1.0 ] },
						"south": { "texture": "#wood", "uv": [ 0.0, 0.0, 4.0, 1.0 ] },
						"west": { "texture": "#wood", "uv": [ 0.0, 0.0, 1.0, 1.0 ] },
						"up": { "texture": "#wood", "uv": [ 0.0, 0.0, 4.0, 1.0 ] },
						"down": { "texture": "#wood", "uv": [ 0.0, 0.0, 4.0, 1.0 ] }
					}
				},
				{
					"name": "Bottom4",
					"from": [ 1.0, 0.0, 4.0 ],
					"to": [ 7.0, 1.0, 5.0 ],
					"rotationOrigin": [ 1.0, 0.0, 4.0 ],
					"faces": {
						"north": { "texture": "#wood", "uv": [ 0.0, 0.0, 6.0, 1.0 ] },
						"east": { "texture": "#wood", "uv": [ 0.0, 0.0, 1.0, 1.0 ] },
						"south": { "texture": "#wood", "uv": [ 0.0, 0.0, 6.0, 1.0 ] },
						"west": { "texture": "#wood", "uv": [ 0.0, 0.0, 1.0, 1.0 ] },
						"up": { "texture": "#wood", "uv": [ 0.0, 0.0, 6.0, 1.0 ] },
						"down": { "texture": "#wood", "uv": [ 0.0, 0.0, 6.0, 1.0 ] }
					}
				},
				{
					"name": "Bottom5",
					"from": [ 2.0, 0.0, 5.0 ],
					"to": [ 6.0, 1.0, 6.0 ],
					"rotationOrigin": [ 2.0, 0.0, 5.0 ],
					"faces": {
						"north": { "texture": "#wood", "uv": [ 0.0, 0.0, 4.0, 1.0 ] },
						"east": { "texture": "#wood", "uv": [ 0.0, 0.0, 1.0, 1.0 ] },
						"south": { "texture": "#wood", "uv": [ 0.0, 0.0, 4.0, 1.0 ] },
						"west": { "texture": "#wood", "uv": [ 0.0, 0.0, 1.0, 1.0 ] },
						"up": { "texture": "#wood", "uv": [ 0.0, 0.0, 4.0, 1.0 ] },
						"down": { "texture": "#wood", "uv": [ 0.0, 0.0, 4.0, 1.0 ] }
					}
				},
				{
					"name": "Bottom10",
					"from": [ 3.0, 0.0, 3.0 ],
					"to": [ 8.0, 1.0, 4.0 ],
					"rotationOrigin": [ 3.0, 0.0, 3.0 ],
					"faces": {
						"north": { "texture": "#wood", "uv": [ 0.0, 0.0, 5.0, 1.0 ] },
						"east": { "texture": "#wood", "uv": [ 0.0, 0.0, 1.0, 1.0 ] },
						"south": { "texture": "#wood", "uv": [ 0.0, 0.0, 5.0, 1.0 ] },
						"west": { "texture": "#wood", "uv": [ 0.0, 0.0, 1.0, 1.0 ] },
						"up": { "texture": "#wood", "uv": [ 0.0, 0.0, 5.0, 1.0 ] },
						"down": { "texture": "#wood", "uv": [ 0.0, 0.0, 5.0, 1.0 ] }
					}
				},
				{
					"name": "Bottom11",
					"from": [ 3.0, 0.0, 0.0 ],
					"to": [ 8.0, 1.0, 1.0 ],
					"rotationOrigin": [ 3.0, 0.0, 0.0 ],
					"faces": {
						"north": { "texture": "#wood", "uv": [ 0.0, 0.0, 5.0, 1.0 ] },
						"east": { "texture": "#wood", "uv": [ 0.0, 0.0, 1.0, 1.0 ] },
						"south": { "texture": "#wood", "uv": [ 0.0, 0.0, 5.0, 1.0 ] },
						"west": { "texture": "#wood", "uv": [ 0.0, 0.0, 1.0, 1.0 ] },
						"up": { "texture": "#wood", "uv": [ 0.0, 0.0, 5.0, 1.0 ] },
						"down": { "texture": "#wood", "uv": [ 0.0, 0.0, 5.0, 1.0 ] }
					}
				},
				{
					"name": "Bottom12",
					"from": [ 5.0, 0.0, 1.0 ],
					"to": [ 8.0, 1.0, 3.0 ],
					"rotationOrigin": [ 5.0, 0.0, 1.0 ],
					"faces": {
						"north": { "texture": "#wood", "uv": [ 0.0, 0.0, 3.0, 1.0 ] },
						"east": { "texture": "#wood", "uv": [ 0.0, 0.0, 2.0, 1.0 ] },
						"south": { "texture": "#wood", "uv": [ 0.0, 0.0, 3.0, 1.0 ] },
						"west": { "texture": "#wood", "uv": [ 0.0, 0.0, 2.0, 1.0 ] },
						"up": { "texture": "#wood", "uv": [ 0.0, 0.0, 3.0, 2.0 ] },
						"down": { "texture": "#wood", "uv": [ 0.0, 0.0, 3.0, 2.0 ] }
					}
				}
			]
		},
		{
			"name": "Tube",
			"from": [ 6.0, 1.0, 7.0 ],
			"to": [ 7.0, 7.0, 9.0 ],
			"rotationOrigin": [ 6.0, 1.0, 7.0 ],
			"faces": {
				"north": { "texture": "#wood", "uv": [ 0.0, 0.0, 1.0, 6.0 ] },
				"east": { "texture": "#wood", "uv": [ 0.0, 0.0, 2.0, 6.0 ] },
				"south": { "texture": "#wood", "uv": [ 0.0, 0.0, 1.0, 6.0 ] },
				"west": { "texture": "#wood", "uv": [ 0.0, 0.0, 2.0, 6.0 ] },
				"up": { "texture": "#wood", "uv": [ 0.0, 0.0, 1.0, 2.0 ] },
				"down": { "texture": "#wood", "uv": [ 0.0, 0.0, 1.0, 2.0 ] }
			},
			"children": [
				{
					"name": "Tube2",
					"from": [ 3.0, 0.0, 0.0 ],
					"to": [ 4.0, 6.0, 2.0 ],
					"rotationOrigin": [ 3.0, 0.0, 0.0 ],
					"faces": {
						"north": { "texture": "#wood", "uv": [ 0.0, 0.0, 1.0, 6.0 ] },
						"east": { "texture": "#wood", "uv": [ 0.0, 0.0, 2.0, 6.0 ] },
						"south": { "texture": "#wood", "uv": [ 0.0, 0.0, 1.0, 6.0 ] },
						"west": { "texture": "#wood", "uv": [ 0.0, 0.0, 2.0, 6.0 ] },
						"up": { "texture": "#wood", "uv": [ 0.0, 0.0, 1.0, 2.0 ] },
						"down": { "texture": "#wood", "uv": [ 0.0, 0.0, 1.0, 2.0 ] }
					}
				},
				{
					"name": "Tube3",
					"from": [ 1.0, 0.0, -1.0 ],
					"to": [ 3.0, 6.0, 0.0 ],
					"rotationOrigin": [ 1.0, 0.0, -1.0 ],
					"faces": {
						"north": { "texture": "#wood", "uv": [ 0.0, 0.0, 2.0, 6.0 ] },
						"east": { "texture": "#wood", "uv": [ 0.0, 0.0, 1.0, 6.0 ] },
						"south": { "texture": "#wood", "uv": [ 0.0, 0.0, 2.0, 6.0 ] },
						"west": { "texture": "#wood", "uv": [ 0.0, 0.0, 1.0, 6.0 ] },
						"up": { "texture": "#wood", "uv": [ 0.0, 0.0, 2.0, 1.0 ] },
						"down": { "texture": "#wood", "uv": [ 0.0, 0.0, 2.0, 1.0 ] }
					}
				},
				{
					"name": "Tube4",
					"from": [ 1.0, 0.0, 2.0 ],
					"to": [ 3.0, 6.0, 3.0 ],
					"rotationOrigin": [ 1.0, 0.0, 2.0 ],
					"faces": {
						"north": { "texture": "#wood", "uv": [ 0.0, 0.0, 2.0, 6.0 ] },
						"east": { "texture": "#wood", "uv": [ 0.0, 0.0, 1.0, 6.0 ] },
						"south": { "texture": "#wood", "uv": [ 0.0, 0.0, 2.0, 6.0 ] },
						"west": { "texture": "#wood", "uv": [ 0.0, 0.0, 1.0, 6.0 ] },
						"up": { "texture": "#wood", "uv": [ 0.0, 0.0, 2.0, 1.0 ] },
						"down": { "texture": "#wood", "uv": [ 0.0, 0.0, 2.0, 1.0 ] }
					}
				}
			]
		},
		{
			"name": "Top",
			"from": [ 4.0, 7.0, 6.0 ],
			"to": [ 7.0, 8.0, 10.0 ],
			"rotationOrigin": [ 4.0, 7.0, 6.0 ],
			"faces": {
				"north": { "texture": "#wood", "uv": [ 0.0, 0.0, 3.0, 1.0 ] },
				"east": { "texture": "#wood", "uv": [ 0.0, 0.0, 4.0, 1.0 ] },
				"south": { "texture": "#wood", "uv": [ 0.0, 0.0, 3.0, 1.0 ] },
				"west": { "texture": "#wood", "uv": [ 0.0, 0.0, 4.0, 1.0 ] },
				"up": { "texture": "#wood", "uv": [ 0.0, 0.0, 3.0, 4.0 ] },
				"down": { "texture": "#wood", "uv": [ 0.0, 0.0, 3.0, 4.0 ] }
			},
			"children": [
				{
					"name": "Top6",
					"from": [ 1.0, 0.0, -1.0 ],
					"to": [ 7.0, 1.0, 0.0 ],
					"rotationOrigin": [ 1.0, 0.0, -1.0 ],
					"faces": {
						"north": { "texture": "#wood", "uv": [ 0.0, 0.0, 6.0, 1.0 ] },
						"east": { "texture": "#wood", "uv": [ 0.0, 0.0, 1.0, 1.0 ] },
						"south": { "texture": "#wood", "uv": [ 0.0, 0.0, 6.0, 1.0 ] },
						"west": { "texture": "#wood", "uv": [ 0.0, 0.0, 1.0, 1.0 ] },
						"up": { "texture": "#wood", "uv": [ 0.0, 0.0, 6.0, 1.0 ] },
						"down": { "texture": "#wood", "uv": [ 0.0, 0.0, 6.0, 1.0 ] }
					}
				},
				{
					"name": "Top7",
					"from": [ 2.0, 0.0, -2.0 ],
					"to": [ 6.0, 1.0, -1.0 ],
					"rotationOrigin": [ 2.0, 0.0, -2.0 ],
					"faces": {
						"north": { "texture": "#wood", "uv": [ 0.0, 0.0, 4.0, 1.0 ] },
						"east": { "texture": "#wood", "uv": [ 0.0, 0.0, 1.0, 1.0 ] },
						"south": { "texture": "#wood", "uv": [ 0.0, 0.0, 4.0, 1.0 ] },
						"west": { "texture": "#wood", "uv": [ 0.0, 0.0, 1.0, 1.0 ] },
						"up": { "texture": "#wood", "uv": [ 0.0, 0.0, 4.0, 1.0 ] },
						"down": { "texture": "#wood", "uv": [ 0.0, 0.0, 4.0, 1.0 ] }
					}
				},
				{
					"name": "Top8",
					"from": [ 1.0, 0.0, 4.0 ],
					"to": [ 7.0, 1.0, 5.0 ],
					"rotationOrigin": [ 1.0, 0.0, 4.0 ],
					"faces": {
						"north": { "texture": "#wood", "uv": [ 0.0, 0.0, 6.0, 1.0 ] },
						"east": { "texture": "#wood", "uv": [ 0.0, 0.0, 1.0, 1.0 ] },
						"south": { "texture": "#wood", "uv": [ 0.0, 0.0, 6.0, 1.0 ] },
						"west": { "texture": "#wood", "uv": [ 0.0, 0.0, 1.0, 1.0 ] },
						"up": { "texture": "#wood", "uv": [ 0.0, 0.0, 6.0, 1.0 ] },
						"down": { "texture": "#wood", "uv": [ 0.0, 0.0, 6.0, 1.0 ] }
					}
				},
				{
					"name": "Top9",
					"from": [ 2.0, 0.0, 5.0 ],
					"to": [ 6.0, 1.0, 6.0 ],
					"rotationOrigin": [ 2.0, 0.0, 5.0 ],
					"faces": {
						"north": { "texture": "#wood", "uv": [ 0.0, 0.0, 4.0, 1.0 ] },
						"east": { "texture": "#wood", "uv": [ 0.0, 0.0, 1.0, 1.0 ] },
						"south": { "texture": "#wood", "uv": [ 0.0, 0.0, 4.0, 1.0 ] },
						"west": { "texture": "#wood", "uv": [ 0.0, 0.0, 1.0, 1.0 ] },
						"up": { "texture": "#wood", "uv": [ 0.0, 0.0, 4.0, 1.0 ] },
						"down": { "texture": "#wood", "uv": [ 0.0, 0.0, 4.0, 1.0 ] }
					}
				},
				{
					"name": "Top13",
					"from": [ 3.0, 0.0, 3.0 ],
					"to": [ 8.0, 1.0, 4.0 ],
					"rotationOrigin": [ 3.0, 0.0, 3.0 ],
					"faces": {
						"north": { "texture": "#wood", "uv": [ 0.0, 0.0, 5.0, 1.0 ] },
						"east": { "texture": "#wood", "uv": [ 0.0, 0.0, 1.0, 1.0 ] },
						"south": { "texture": "#wood", "uv": [ 0.0, 0.0, 5.0, 1.0 ] },
						"west": { "texture": "#wood", "uv": [ 0.0, 0.0, 1.0, 1.0 ] },
						"up": { "texture": "#wood", "uv": [ 0.0, 0.0, 5.0, 1.0 ] },
						"down": { "texture": "#wood", "uv": [ 0.0, 0.0, 5.0, 1.0 ] }
					}
				},
				{
					"name": "Top14",
					"from": [ 3.0, 0.0, 0.0 ],
					"to": [ 8.0, 1.0, 1.0 ],
					"rotationOrigin": [ 3.0, 0.0, 0.0 ],
					"faces": {
						"north": { "texture": "#wood", "uv": [ 0.0, 0.0, 5.0, 1.0 ] },
						"east": { "texture": "#wood", "uv": [ 0.0, 0.0, 1.0, 1.0 ] },
						"south": { "texture": "#wood", "uv": [ 0.0, 0.0, 5.0, 1.0 ] },
						"west": { "texture": "#wood", "uv": [ 0.0, 0.0, 1.0, 1.0 ] },
						"up": { "texture": "#wood", "uv": [ 0.0, 0.0, 5.0, 1.0 ] },
						"down": { "texture": "#wood", "uv": [ 0.0, 0.0, 5.0, 1.0 ] }
					}
				},
				{
					"name": "Top15",
					"from": [ 5.0, 0.0, 1.0 ],
					"to": [ 8.0, 1.0, 3.0 ],
					"rotationOrigin": [ 5.0, 0.0, 1.0 ],
					"faces": {
						"north": { "texture": "#wood", "uv": [ 0.0, 0.0, 3.0, 1.0 ] },
						"east": { "texture": "#wood", "uv": [ 0.0, 0.0, 2.0, 1.0 ] },
						"south": { "texture": "#wood", "uv": [ 0.0, 0.0, 3.0, 1.0 ] },
						"west": { "texture": "#wood", "uv": [ 0.0, 0.0, 2.0, 1.0 ] },
						"up": { "texture": "#wood", "uv": [ 0.0, 0.0, 3.0, 2.0 ] },
						"down": { "texture": "#wood", "uv": [ 0.0, 0.0, 3.0, 2.0 ] }
					}
				}
			]
		},
		{
			"name": "Wire",
			"from": [ 6.0, 1.0, 6.0 ],
			"to": [ 7.0, 7.0, 7.0 ],
			"rotationOrigin": [ 6.0, 1.0, 6.0 ],
			"faces": {
				"north": { "texture": "#metal", "uv": [ 0.0, 0.0, 1.0, 6.0 ] },
				"east": { "texture": "#metal", "uv": [ 0.0, 0.0, 1.0, 6.0 ] },
				"south": { "texture": "#metal", "uv": [ 0.0, 0.0, 1.0, 6.0 ] },
				"west": { "texture": "#metal", "uv": [ 0.0, 0.0, 1.0, 6.0 ] },
				"up": { "texture": "#metal", "uv": [ 0.0, 0.0, 1.0, 1.0 ] },
				"down": { "texture": "#metal", "uv": [ 0.0, 0.0, 1.0, 1.0 ] }
			},
			"children": [
				{
					"name": "Wire2",
					"from": [ 0.0, 0.0, 3.0 ],
					"to": [ 1.0, 6.0, 4.0 ],
					"rotationOrigin": [ 0.0, 0.0, 3.0 ],
					"faces": {
						"north": { "texture": "#metal", "uv": [ 0.0, 0.0, 1.0, 6.0 ] },
						"east": { "texture": "#metal", "uv": [ 0.0, 0.0, 1.0, 6.0 ] },
						"south": { "texture": "#metal", "uv": [ 0.0, 0.0, 1.0, 6.0 ] },
						"west": { "texture": "#metal", "uv": [ 0.0, 0.0, 1.0, 6.0 ] },
						"up": { "texture": "#metal", "uv": [ 0.0, 0.0, 1.0, 1.0 ] },
						"down": { "texture": "#metal", "uv": [ 0.0, 0.0, 1.0, 1.0 ] }
					}
				},
				{
					"name": "Wire3",
					"from": [ 3.0, 0.0, 3.0 ],
					"to": [ 4.0, 6.0, 4.0 ],
					"rotationOrigin": [ 3.0, 0.0, 3.0 ],
					"faces": {
						"north": { "texture": "#metal", "uv": [ 0.0, 0.0, 1.0, 6.0 ] },
						"east": { "texture": "#metal", "uv": [ 0.0, 0.0, 1.0, 6.0 ] },
						"south": { "texture": "#metal", "uv": [ 0.0, 0.0, 1.0, 6.0 ] },
						"west": { "texture": "#metal", "uv": [ 0.0, 0.0, 1.0, 6.0 ] },
						"up": { "texture": "#metal", "uv": [ 0.0, 0.0, 1.0, 1.0 ] },
						"down": { "texture": "#metal", "uv": [ 0.0, 0.0, 1.0, 1.0 ] }
					}
				},
				{
					"name": "Wire4",
					"from": [ 3.0, 0.0, 0.0 ],
					"to": [ 4.0, 6.0, 1.0 ],
					"rotationOrigin": [ 3.0, 0.0, 0.0 ],
					"faces": {
						"north": { "texture": "#metal", "uv": [ 0.0, 0.0, 1.0, 6.0 ] },
						"east": { "texture": "#metal", "uv": [ 0.0, 0.0, 1.0, 6.0 ] },
						"south": { "texture": "#metal", "uv": [ 0.0, 0.0, 1.0, 6.0 ] },
						"west": { "texture": "#metal", "uv": [ 0.0, 0.0, 1.0, 6.0 ] },
						"up": { "texture": "#metal", "uv": [ 0.0, 0.0, 1.0, 1.0 ] },
						"down": { "texture": "#metal", "uv": [ 0.0, 0.0, 1.0, 1.0 ] }
					}
				},
				{
					"name": "Wire5",
					"from": [ 1.0, 0.0, -1.0 ],
					"to": [ 3.0, 6.0, 0.0 ],
					"rotationOrigin": [ 1.0, 0.0, -1.0 ],
					"faces": {
						"north": { "texture": "#metal", "uv": [ 0.0, 0.0, 2.0, 6.0 ] },
						"east": { "texture": "#metal", "uv": [ 0.0, 0.0, 1.0, 6.0 ] },
						"south": { "texture": "#metal", "uv": [ 0.0, 0.0, 2.0, 6.0 ] },
						"west": { "texture": "#metal", "uv": [ 0.0, 0.0, 1.0, 6.0 ] },
						"up": { "texture": "#metal", "uv": [ 0.0, 0.0, 2.0, 1.0 ] },
						"down": { "texture": "#metal", "uv": [ 0.0, 0.0, 2.0, 1.0 ] }
					}
				},
				{
					"name": "Wire6",
					"from": [ 1.0, 0.0, 4.0 ],
					"to": [ 3.0, 6.0, 5.0 ],
					"rotationOrigin": [ 1.0, 0.0, 4.0 ],
					"faces": {
						"north": { "texture": "#metal", "uv": [ 0.0, 0.0, 2.0, 6.0 ] },
						"east": { "texture": "#metal", "uv": [ 0.0, 0.0, 1.0, 6.0 ] },
						"south": { "texture": "#metal", "uv": [ 0.0, 0.0, 2.0, 6.0 ] },
						"west": { "texture": "#metal", "uv": [ 0.0, 0.0, 1.0, 6.0 ] },
						"up": { "texture": "#metal", "uv": [ 0.0, 0.0, 2.0, 1.0 ] },
						"down": { "texture": "#metal", "uv": [ 0.0, 0.0, 2.0, 1.0 ] }
					}
				},
				{
					"name": "Wire7",
					"from": [ -1.0, 0.0, 1.0 ],
					"to": [ 0.0, 6.0, 3.0 ],
					"rotationOrigin": [ -1.0, 0.0, 1.0 ],
					"faces": {
						"north": { "texture": "#metal", "uv": [ 0.0, 0.0, 1.0, 6.0 ] },
						"east": { "texture": "#metal", "uv": [ 0.0, 0.0, 2.0, 6.0 ] },
						"south": { "texture": "#metal", "uv": [ 0.0, 0.0, 1.0, 6.0 ] },
						"west": { "texture": "#metal", "uv": [ 0.0, 0.0, 2.0, 6.0 ] },
						"up": { "texture": "#metal", "uv": [ 0.0, 0.0, 1.0, 2.0 ] },
						"down": { "texture": "#metal", "uv": [ 0.0, 0.0, 1.0, 2.0 ] }
					}
				},
				{
					"name": "Wire8",
					"from": [ 4.0, 0.0, 1.0 ],
					"to": [ 5.0, 6.0, 3.0 ],
					"rotationOrigin": [ 4.0, 0.0, 1.0 ],
					"faces": {
						"north": { "texture": "#metal", "uv": [ 0.0, 0.0, 1.0, 6.0 ] },
						"east": { "texture": "#metal", "uv": [ 0.0, 0.0, 2.0, 6.0 ] },
						"south": { "texture": "#metal", "uv": [ 0.0, 0.0, 1.0, 6.0 ] },
						"west": { "texture": "#metal", "uv": [ 0.0, 0.0, 2.0, 6.0 ] },
						"up": { "texture": "#metal", "uv": [ 0.0, 0.0, 1.0, 2.0 ] },
						"down": { "texture": "#metal", "uv": [ 0.0, 0.0, 1.0, 2.0 ] }
					}
				}
			]
		}
	]}