{
	"editor": {
		"allAngles": false,
		"entityTextureMode": false
	},
	"textureWidth": 16,
	"textureHeight": 16,
	"textureSizes": {
	},
	"textures": {
	},
	"elements": [
		{
			"name": "Cube2",
			"from": [ 7.0, 0.0, 6.0 ],
			"to": [ 8.0, 1.0, 9.0 ],
			"rotationOrigin": [ 7.0, 0.0, 6.0 ],
			"faces": {
				"north": { "texture": "#metal", "uv": [ 0.0, 0.0, 1.0, 1.0 ] },
				"east": { "texture": "#metal", "uv": [ 0.0, 0.0, 3.0, 1.0 ] },
				"south": { "texture": "#metal", "uv": [ 0.0, 0.0, 1.0, 1.0 ] },
				"west": { "texture": "#metal", "uv": [ 0.0, 0.0, 3.0, 1.0 ] },
				"up": { "texture": "#metal", "uv": [ 0.0, 0.0, 1.0, 3.0 ] },
				"down": { "texture": "#metal", "uv": [ 0.0, 0.0, 1.0, 3.0 ] }
			},
			"children": [
				{
					"name": "Cube3",
					"from": [ -0.5, 0.0, 3.0 ],
					"to": [ 0.5, 1.0, 6.0 ],
					"rotationOrigin": [ 0.0, 0.0, 3.0 ],
					"faces": {
						"north": { "texture": "#metal", "uv": [ 0.0, 0.0, 1.0, 1.0 ] },
						"east": { "texture": "#metal", "uv": [ 0.0, 0.0, 3.0, 1.0 ] },
						"south": { "texture": "#metal", "uv": [ 0.0, 0.0, 1.0, 1.0 ] },
						"west": { "texture": "#metal", "uv": [ 0.0, 0.0, 3.0, 1.0 ] },
						"up": { "texture": "#metal", "uv": [ 0.0, 0.0, 1.0, 3.0 ] },
						"down": { "texture": "#metal", "uv": [ 0.0, 0.0, 1.0, 3.0 ] }
					}
				},
				{
					"name": "Cube4",
					"from": [ 0.5, 0.0, -2.0 ],
					"to": [ 1.5, 1.0, 0.0 ],
					"rotationOrigin": [ 1.0, 0.0, -2.0 ],
					"faces": {
						"north": { "texture": "#metal", "uv": [ 0.0, 0.0, 1.0, 1.0 ] },
						"east": { "texture": "#metal", "uv": [ 0.0, 0.0, 2.0, 1.0 ] },
						"south": { "texture": "#metal", "uv": [ 0.0, 0.0, 1.0, 1.0 ] },
						"west": { "texture": "#metal", "uv": [ 0.0, 0.0, 2.0, 1.0 ] },
						"up": { "texture": "#metal", "uv": [ 0.0, 0.0, 1.0, 2.0 ] },
						"down": { "texture": "#metal", "uv": [ 0.0, 0.0, 1.0, 2.0 ] }
					}
				},
				{
					"name": "Cube5",
					"from": [ 0.0, 0.0, -2.0 ],
					"to": [ 0.5, 1.0, -1.5 ],
					"rotationOrigin": [ -0.5, 0.0, -2.0 ],
					"faces": {
						"north": { "texture": "#metal", "uv": [ 0.0, 0.0, 0.5, 1.0 ] },
						"east": { "texture": "#metal", "uv": [ 0.0, 0.0, 0.5, 1.0 ] },
						"south": { "texture": "#metal", "uv": [ 0.0, 0.0, 0.5, 1.0 ] },
						"west": { "texture": "#metal", "uv": [ 0.0, 0.0, 0.5, 1.0 ] },
						"up": { "texture": "#metal", "uv": [ 0.0, 0.0, 0.5, 0.5 ] },
						"down": { "texture": "#metal", "uv": [ 0.0, 0.0, 0.5, 0.5 ] }
					}
				}
			]
		}
	]}