[
    {
        "file": "millwright:recipes/grid/brake",
        "op": "addmerge",
        "path": "/-",
        "side": "server",
        "value": {
            "ingredientPattern": "H__,CM_,SFR",
            "requiresTrait": "tinkerer",
            "ingredients": {
                "H": {
                    "type": "item",
                    "code": "game:hammer-*",
                    "isTool": true,
                    "toolDurabilityCost": 45
                },
                "C": {
                    "type": "item",
                    "code": "game:chisel-*",
                    "isTool": true,
                    "toolDurabilityCost": 30
                },
                "M": {
                    "type": "item",
                    "code": "game:metalplate-iron"
                },
                "S": {
                    "type": "block",
                    "code": "game:log-placed-*-ud",
                    "name": "wood",
                    "quantity": 2
                },
                "F": {
                    "type": "block",
                    "code": "game:woodenaxle-ud"
                },
                "R": {
                    "type": "item",
                    "code": "game:resin",
                    "quantity": 3
                }
            },
            "width": 3,
            "height": 3,
            "recipeGroup": 2,
            "output": {
                "type": "block",
                "code": "millwright:brake-north",
                "quantity": 2
            }
        },

        "dependsOn": [
            {
                "modid": "millwright"
            }
        ]
    }
]
