{
	"editor": {
		"allAngles": false,
		"entityTextureMode": false
	},
	"textureWidth": 16,
	"textureHeight": 16,
	"textureSizes": {
	},
	"textures": {
		"deathcap": "aldiclasses:item/shrooms/washed/deathcap/deathcap",
		"pores": "game:block/plant/mushroom/pores"
	},
	"elements": [
		{
			"name": "origin",
			"from": [ 8.0, 0.0, 8.0 ],
			"to": [ 8.0, 0.0, 8.0 ],
			"rotationOrigin": [ 8.0, 0.0, 8.0 ],
			"faces": {
				"north": {
					"texture": "#cap",
					"uv": [ 0.0, 0.0, 0.5, 0.5 ]
				},
				"east": {
					"texture": "#cap",
					"uv": [ 0.0, 0.0, 0.5, 0.5 ]
				},
				"south": {
					"texture": "#cap",
					"uv": [ 0.0, 0.0, 0.5, 0.5 ]
				},
				"west": {
					"texture": "#cap",
					"uv": [ 0.0, 0.0, 0.5, 0.5 ]
				},
				"up": {
					"texture": "#cap",
					"uv": [ 0.0, 0.0, 0.5, 0.5 ]
				},
				"down": {
					"texture": "#cap",
					"uv": [ 0.0, 0.0, 0.5, 0.5 ]
				}
			},
			"children": [
				{
					"name": "stem3",
					"from": [ -0.8, 0.0, -0.8 ],
					"to": [ 0.7, 3.5, 0.7 ],
					"faces": {
						"north": {
							"texture": "#deathcap",
							"uv": [ 0.5, 7.0, 2.0, 10.5 ]
						},
						"east": {
							"texture": "#deathcap",
							"uv": [ 1.0, 9.0, 2.5, 12.5 ]
						},
						"south": {
							"texture": "#deathcap",
							"uv": [ 1.0, 9.5, 2.5, 13.0 ]
						},
						"west": {
							"texture": "#deathcap",
							"uv": [ 1.0, 8.0, 2.5, 11.5 ]
						},
						"up": {
							"texture": "#deathcap",
							"uv": [ 0.0, 0.0, 1.5, 1.5 ],
							"enabled": false
						},
						"down": {
							"texture": "#deathcap",
							"uv": [ 1.5, 6.0, 3.0, 7.5 ],
							"enabled": false
						}
					},
					"children": [
						{
							"name": "foot",
							"from": [ -0.4, -0.1, -0.4 ],
							"to": [ 1.8, 2.9, 1.8 ],
							"rotationOrigin": [ 0.8, -0.1, 0.8 ],
							"faces": {
								"north": {
									"texture": "#deathcap",
									"uv": [ 4.5, 12.5, 6.5, 15.5 ]
								},
								"east": {
									"texture": "#deathcap",
									"uv": [ 6.0, 12.5, 8.0, 15.5 ]
								},
								"south": {
									"texture": "#deathcap",
									"uv": [ 3.5, 12.5, 5.5, 15.5 ]
								},
								"west": {
									"texture": "#deathcap",
									"uv": [ 5.0, 12.5, 7.0, 15.5 ]
								},
								"up": {
									"texture": "#deathcap",
									"uv": [ 0.0, 0.0, 2.0, 2.0 ],
									"enabled": false
								},
								"down": {
									"texture": "#deathcap",
									"uv": [ 0.0, 13.5, 2.0, 15.5 ]
								}
							}
						},
						{
							"name": "cap4",
							"from": [ -1.5, 3.5, -1.5 ],
							"to": [ 3.0, 5.0, 3.0 ],
							"rotationOrigin": [ 0.8, 0.0, 0.8 ],
							"faces": {
								"north": {
									"texture": "#deathcap",
									"uv": [ 11.0, 7.0, 15.5, 8.5 ]
								},
								"east": {
									"texture": "#deathcap",
									"uv": [ 11.5, 7.0, 16.0, 8.5 ]
								},
								"south": {
									"texture": "#deathcap",
									"uv": [ 11.0, 7.0, 15.5, 8.5 ]
								},
								"west": {
									"texture": "#deathcap",
									"uv": [ 9.5, 7.0, 14.0, 8.5 ]
								},
								"up": {
									"texture": "#deathcap",
									"uv": [ 5.5, 4.5, 10.0, 9.0 ]
								},
								"down": {
									"texture": "#pores",
									"uv": [ 1.5, 10.5, 6.0, 15.0 ]
								}
							},
							"children": [
								{
									"name": "cap5",
									"from": [ 0.5, 1.5, 0.5 ],
									"to": [ 4.0, 2.5, 4.0 ],
									"rotationOrigin": [ 0.0, 0.5, 0.0 ],
									"faces": {
										"north": {
											"texture": "#deathcap",
											"uv": [ 11.0, 4.5, 14.5, 5.5 ]
										},
										"east": {
											"texture": "#deathcap",
											"uv": [ 11.0, 5.0, 14.5, 6.0 ]
										},
										"south": {
											"texture": "#deathcap",
											"uv": [ 11.0, 4.5, 14.5, 5.5 ]
										},
										"west": {
											"texture": "#deathcap",
											"uv": [ 10.5, 4.5, 14.0, 5.5 ]
										},
										"up": {
											"texture": "#deathcap",
											"uv": [ 11.0, 1.5, 14.5, 5.0 ]
										},
										"down": {
											"texture": "#deathcap",
											"uv": [ 7.0, 12.0, 10.5, 15.5 ],
											"enabled": false
										}
									}
								}
							]
						}
					]
				}
			]
		}
	]
}