{
	"editor": {
		"allAngles": false,
		"entityTextureMode": false
	},
	"textureWidth": 16,
	"textureHeight": 16,
	"textureSizes": {
	},
	"textures": {
		"elfinsaddle": "aldiclasses:item/shrooms/washed/elfinsaddle/elfinsaddle"
	},
	"elements": [
		{
			"name": "origin",
			"from": [ 8.0, 0.0, 8.0 ], 
			"to": [ 8.0, 0.0, 8.0 ], 
			"rotationOrigin": [ 8.0, 0.0, 8.0 ],
			"faces": {
				"north": { "texture": "#null", "uv": [ 0.0, 0.0, 0.5, 0.5 ], "enabled": false },
				"east": { "texture": "#null", "uv": [ 0.0, 0.0, 0.5, 0.5 ], "enabled": false },
				"south": { "texture": "#null", "uv": [ 0.0, 0.0, 0.5, 0.5 ], "enabled": false },
				"west": { "texture": "#null", "uv": [ 0.0, 0.0, 0.5, 0.5 ], "enabled": false },
				"up": { "texture": "#null", "uv": [ 0.0, 0.0, 0.5, 0.5 ], "enabled": false },
				"down": { "texture": "#null", "uv": [ 0.0, 0.0, 0.5, 0.5 ], "enabled": false }
			},
			"children": [
				{
					"name": "stem1",
					"from": [ -0.7, 0.0, -0.7 ], 
					"to": [ 0.8, 1.5, 0.8 ], 
					"rotationOrigin": [ 0.0, 0.1, 0.0 ],
					"faces": {
						"north": { "texture": "#elfinsaddle", "uv": [ 0.5, 13.0, 2.0, 14.5 ] },
						"east": { "texture": "#elfinsaddle", "uv": [ 0.5, 12.5, 2.0, 14.0 ] },
						"south": { "texture": "#elfinsaddle", "uv": [ 0.5, 11.5, 2.0, 13.0 ] },
						"west": { "texture": "#elfinsaddle", "uv": [ 0.5, 13.0, 2.0, 14.5 ] },
						"up": { "texture": "#elfinsaddle", "uv": [ 0.0, 0.0, 1.5, 1.5 ], "enabled": false },
						"down": { "texture": "#elfinsaddle", "uv": [ 1.0, 14.0, 2.5, 15.5 ] }
					},
					"children": [
						{
							"name": "cap1",
							"from": [ -0.5, 1.5, -0.5 ], 
							"to": [ 2.0, 3.5, 2.0 ], 
							"rotationOrigin": [ 0.5, 1.5, 0.5 ],
							"faces": {
								"north": { "texture": "#elfinsaddle", "uv": [ 6.5, 4.0, 9.0, 6.0 ] },
								"east": { "texture": "#elfinsaddle", "uv": [ 6.5, 2.5, 9.0, 4.5 ] },
								"south": { "texture": "#elfinsaddle", "uv": [ 6.0, 1.5, 8.5, 3.5 ] },
								"west": { "texture": "#elfinsaddle", "uv": [ 6.0, 2.5, 8.5, 4.5 ] },
								"up": { "texture": "#elfinsaddle", "uv": [ 6.5, 4.5, 9.0, 7.0 ] },
								"down": { "texture": "#elfinsaddle", "uv": [ 7.5, 2.0, 10.0, 4.5 ] }
							},
							"children": [
								{
									"name": "tip1",
									"from": [ -0.5, 1.0, 1.5 ], 
									"to": [ 1.0, 2.5, 3.0 ], 
									"rotationOrigin": [ -0.5, 1.0, 1.5 ],
									"faces": {
										"north": { "texture": "#elfinsaddle", "uv": [ 6.0, 0.5, 7.5, 2.0 ] },
										"east": { "texture": "#elfinsaddle", "uv": [ 6.5, 1.5, 8.0, 3.0 ] },
										"south": { "texture": "#elfinsaddle", "uv": [ 7.5, 0.5, 9.0, 2.0 ] },
										"west": { "texture": "#elfinsaddle", "uv": [ 7.0, 1.0, 8.5, 2.5 ] },
										"up": { "texture": "#elfinsaddle", "uv": [ 6.5, 0.0, 8.0, 1.5 ] },
										"down": { "texture": "#elfinsaddle", "uv": [ 7.5, 1.5, 9.0, 3.0 ] }
									}
								}
							]
						},
						{
							"name": "bulb1",
							"from": [ 0.5, 1.0, 0.5 ], 
							"to": [ 2.5, 3.0, 2.5 ], 
							"rotationOrigin": [ 1.2, 1.0, 0.8 ],
							"faces": {
								"north": { "texture": "#elfinsaddle", "uv": [ 6.5, 3.0, 8.5, 5.0 ] },
								"east": { "texture": "#elfinsaddle", "uv": [ 8.5, 4.0, 10.5, 6.0 ] },
								"south": { "texture": "#elfinsaddle", "uv": [ 7.0, 3.5, 9.0, 5.5 ] },
								"west": { "texture": "#elfinsaddle", "uv": [ 6.5, 4.0, 8.5, 6.0 ] },
								"up": { "texture": "#elfinsaddle", "uv": [ 7.5, 2.5, 9.5, 4.5 ] },
								"down": { "texture": "#elfinsaddle", "uv": [ 7.5, 1.5, 9.5, 3.5 ] }
							}
						},
						{
							"name": "bulb2",
							"from": [ -1.0, 1.0, -1.0 ], 
							"to": [ 0.5, 3.0, 1.0 ], 
							"rotationOrigin": [ -0.8, 1.0, -0.8 ],
							"faces": {
								"north": { "texture": "#elfinsaddle", "uv": [ 6.0, 0.0, 7.5, 2.0 ] },
								"east": { "texture": "#elfinsaddle", "uv": [ 6.5, 0.0, 8.5, 2.0 ] },
								"south": { "texture": "#elfinsaddle", "uv": [ 7.0, 0.0, 8.5, 2.0 ] },
								"west": { "texture": "#elfinsaddle", "uv": [ 5.5, 5.5, 7.5, 7.5 ] },
								"up": { "texture": "#elfinsaddle", "uv": [ 5.0, 2.0, 6.5, 4.0 ] },
								"down": { "texture": "#elfinsaddle", "uv": [ 7.0, 3.5, 8.5, 5.5 ] }
							}
						}
					]
				}
			]
		}
	]}