{
	"code": "landforms",
	"variants": 
	[
		{
			"code":  "largeislands",
			"comment": "lots of water, large island and a few tiny islands",
			"hexcolor": "#79E02E",
			"weight": 12,
			"terrainOctaves":          [  0, 0, 0.5, 0.2, 0.5, 0.8,  1, 0, 0],
			"terrainOctaveThresholds": [  0, 0, 0,   0,   0,   0.4,  0.4, 0, 0],
			"terrainYKeyPositions":    [0.271, 0.400, 0.438, 0.455, 0.541],
			"terrainYKeyThresholds":   [0.884, 0.712, 0.614, 0.444, 0.000]
		},
		{
			"code":  "realisticflatlands",
			"comment": "Very large scale flat lands",
			"hexcolor": "#79E02E",
			"weight": 4,
			"terrainOctaves":          [1, 1, 1, 1, 0, 0.2, 0, 0, 0.1],
			"terrainOctaveThresholds": [0, 0, 0, 0, 0, 0, 0, 0, 0.05],
			"terrainYKeyPositions":    [0.410, 0.500],
			"terrainYKeyThresholds":   [1.000, 0.000]
		},
		{
			"code":  "realisticmountains-ledged",
			"comment": "Very large scale mountains with ledges",
			"hexcolor": "#79E02E",
			"weight": 8,
			"terrainOctaves":          [1, 1, 1, 1, 0, 0.1, 0.15, 0.15, 0.1],
			"terrainOctaveThresholds": [0, 0, 0, 0, 0, 0, 0.03, 0.03, 0.05],
			"terrainYKeyPositions":    [0.400, 0.445, 0.452, 0.470, 0.528, 0.657, 0.692, 0.778, 0.880, 0.920],
			"terrainYKeyThresholds":   [1.000, 0.962, 0.887, 0.818, 0.778, 0.685, 0.463, 0.270, 0.133, 0.000],
			"mutations": [
				{
					"code":  "realisticmountains-ledged-cavemut",
					"comment": "Cave mutation",
					"chance": 0.10,
					"hexcolor": "#AAAA00",
						"terrainYKeyPositions":    [0.400, 0.445, 0.452, 0.470, 0.487, 0.528, 0.657, 0.692, 0.725, 0.778, 0.880, 0.920],
						"terrainYKeyThresholds":   [1.000, 0.962, 0.887, 0.818, 0.340, 0.778, 0.685, 0.463, 0.128, 0.270, 0.133, 0.000]
					}
			]
		},
		{
			"code":  "realisticmountains-quintupleledged",
			"comment": "Very large scale mountains with ledges",
			"hexcolor": "#79E02E",
			"weight": 4,
			"terrainOctaves":          [1, 1, 1, 1, 0, 0.1, 0.15, 0.15, 0.1],
			"terrainOctaveThresholds": [0, 0, 0, 0, 0, 0, 0.03, 0.03, 0.05],
			"terrainYKeyPositions":    [0.410, 0.442, 0.450, 0.513, 0.540, 0.632, 0.668, 0.708, 0.722, 0.822, 0.835, 0.920],
			"terrainYKeyThresholds":   [1.000, 0.943, 0.878, 0.862, 0.757, 0.708, 0.532, 0.518, 0.320, 0.292, 0.052, 0.000]
		},	
		{
			"code":  "steppedsinkholes",
			"comment": "Stepped sink holes",
			"hexcolor": "#AAAA00",
			"weight": 2,
			"terrainOctaves":          [0, 0, 0, 0, 0, 1, 1, 0.8, 0],
			"terrainOctaveThresholds": [0, 0, 0, 0, 0, 0.6, 0.6, 0.6, 0],
			"terrainYKeyPositions":    [0.431, 0.436, 0.457, 0.462, 0.484, 0.489, 0.513, 0.518, 0.525],
			"terrainYKeyThresholds":   [0.999, 0.814, 0.816, 0.761, 0.760, 0.719, 0.718, 0.688, 0.000],
			"mutations": [
				{
					"code":  "steppedsinkhold-cavemut",
					"comment": "Cave mutation",
					"chance": 0.20,
					"hexcolor": "#AAAA00",
						"terrainYKeyPositions":    [0.399, 0.419, 0.427, 0.437, 0.457, 0.462, 0.484, 0.489, 0.513, 0.518, 0.525],
						"terrainYKeyThresholds":   [1.000, 0.816, 0.035, 0.808, 0.816, 0.761, 0.760, 0.719, 0.718, 0.688, 0.000]
					}
			]
		},
		{
			"code":  "islandchess",
			"comment": "checkboard of land and water",
			"hexcolor": "#79E02E",
			"weight": 4,
			"minTemp": -4,
			"minRain": 50,
			"useClimateMap": true,
			"terrainOctaves":          [0, 0, 0, 0, 0, 0, 0, 0.9, 0.4],
			"terrainOctaveThresholds": [0, 0, 0, 0, 0, 0, 0, 0.3, 0.2],
			"terrainYKeyPositions":    [0.386, 0.422, 0.495, 0.518],
			"terrainYKeyThresholds":   [1.000, 0.488, 0.648, 0.000]
		},
		{
			"code":  "needledflatlands",
			"comment": "Flat lands with very thin small hills",
			"hexcolor": "#79E02E",
			"weight": 2,
			"terrainOctaves":          [0, 0, 0, 0, 0.1, 0.5, 0.75, 1, 0.4],
			"terrainOctaveThresholds": [0, 0, 0, 0, 0,   0,   0.4,  0.8, 0.2],
			"terrainYKeyPositions":    [0.476, 0.490, 0.545, 0.559],
			"terrainYKeyThresholds":   [1.000, 0.261, 0.167, 0.000]
		},
		{
			"code":  "Realistic mountains",
			"comment": "Very large scale mountains",
			"hexcolor": "#84A878",
			"weight": 8,
			"terrainOctaves":          [1, 1, 1, 1, 0, 0.1, 0.1, 0.1, 0.1],
			"terrainOctaveThresholds": [0, 0, 0, 0, 0, 0, 0.03, 0.03, 0.05],
			"terrainYKeyPositions":    [0.332, 0.402, 0.455, 0.467, 0.560, 0.580, 0.653, 0.747, 0.860, 0.920],
			"terrainYKeyThresholds":   [1.000, 0.938, 0.827, 0.667, 0.455, 0.327, 0.217, 0.157, 0.078, 0.000]
		},
		{
			"code":  "siberiansinkholes",
			"comment": "Siberian sink holes",
			"hexcolor": "#AAAA00",
			"weight": 3,
			"terrainOctaves":          [0, 0, 0, 0, 0, 0.9,   1.0,   0.5, 0.3],
			"terrainOctaveThresholds": [0, 0, 0, 0, 0, 0.3, 0.6, 0.35, 0.1],
			"terrainYKeyPositions":    [0.335, 0.468, 0.525, 0.545],
			"terrainYKeyThresholds":   [1.000, 0.978, 0.692, 0.000]
		},
		{
			"code":  "shallowmillionstepmountains",
			"comment": "More shallow Million steps mountain",
			"hexcolor": "#333333",
			"weight": 4,
			"terrainOctaves":          [0, 0, 0, 0, 1, 0, 0, 0.5, 0.2],
			"terrainOctaveThresholds": [0, 0, 0, 0, 0, 0, 0, 0, 0],
			"terrainYKeyPositions":    [0.418, 0.449, 0.474, 0.502, 0.507, 0.526, 0.539, 0.556, 0.563, 0.583, 0.589, 0.605, 0.610, 0.623, 0.630, 0.647, 0.652, 0.669],
			"terrainYKeyThresholds":   [1.000, 0.493, 0.439, 0.430, 0.397, 0.395, 0.360, 0.359, 0.319, 0.314, 0.287, 0.284, 0.257, 0.255, 0.224, 0.220, 0.187, 0.000]
		},
		{
			"code":  "mediummillionstepmountains",
			"comment": "More shallow Million steps mountain",
			"hexcolor": "#333333",
			"weight": 4,
			"terrainOctaves":          [0, 0, 0, 0, 1, 0, 0, 0.5, 0.2],
			"terrainOctaveThresholds": [0, 0, 0, 0, 0, 0, 0, 0, 0],
			"terrainYKeyPositions":    [0.417, 0.458, 0.483, 0.514, 0.523, 0.542, 0.548, 0.590, 0.595, 0.617, 0.623, 0.639, 0.644, 0.657, 0.662, 0.686, 0.701, 0.711],
			"terrainYKeyThresholds":   [1.000, 0.487, 0.439, 0.441, 0.400, 0.401, 0.363, 0.359, 0.317, 0.314, 0.287, 0.284, 0.257, 0.255, 0.222, 0.218, 0.190, 0.000]
		},
		{
			"code":  "tallmillionstepmountains",
			"comment": "Million steps mountain",
			"hexcolor": "#333333",
			"weight": 4,
			"terrainOctaves":          [0, 0, 0, 0, 1, 0, 0, 0.5, 0],
			"terrainOctaveThresholds": [0, 0, 0, 0, 0, 0, 0, 0, 0],
			"terrainYKeyPositions":    [0.413, 0.498, 0.547, 0.552, 0.582, 0.592, 0.620, 0.630, 0.657, 0.665, 0.687, 0.692, 0.715, 0.722, 0.745, 0.752, 0.782, 0.843, 0.892],
			"terrainYKeyThresholds":   [1.000, 0.532, 0.530, 0.482, 0.480, 0.442, 0.442, 0.402, 0.402, 0.370, 0.370, 0.340, 0.340, 0.307, 0.303, 0.270, 0.270, 0.007, 0.000]
		},
		{
			"code":  "roughflatlands",
			"comment": "midflatlands",
			"hexcolor": "#333333",
			"weight": 4,
			"terrainOctaves":          [0, 0, 0, 0.5, 1, 0.5, 0.5, 0.5, 0],
			"terrainOctaveThresholds": [0, 0, 0, 0, 0, 0, 0.2, 0.2, 0],
			"terrainYKeyPositions":    [0.438, 0.500, 0.600],
			"terrainYKeyThresholds":   [1.000, 0.267, 0.000]
		},
		{
			"code":  "roughlabyrinth",
			"comment": "highflatlands",
			"hexcolor": "#A9810F",
			"weight": 4,
			"terrainOctaves":          [0, 0.4, 0.8, 1, 1, 0.8, 1, 0.3, 0.7],
			"terrainOctaveThresholds": [0,   0,   0, 0, 0, 0.2, 0.2, 0, 0.4],
			"terrainYKeyPositions":    [0.124, 0.352, 0.422, 0.428, 0.435, 0.449, 0.454, 0.461, 0.498, 0.580],
			"terrainYKeyThresholds":   [1.000, 1.000, 0.967, 0.865, 0.797, 0.825, 0.717, 0.627, 0.668, 0.000]
		},
		{
			"code":  "supersmoothills",
			"comment": "Super Smooth mediumhills",
			"hexcolor": "#333333",
			"weight": 2,
			"terrainOctaves":          [0, 0, 0, 0, 1, 0, 0.4, 0.2, 0.1],
			"terrainOctaveThresholds": [0, 0, 0, 0, 0, 0, 0, 0, 0],
			"terrainYKeyPositions":    [0, 0.43, 0.5, 0.6],
			"terrainYKeyThresholds":   [1,    1, 0.4, 0]
		},	
		{
			"code":  "largelake",
			"comment": "Just water :P",
			"hexcolor": "#0000FF",
			"weight": 6,
			"minTemp": -20,
			"maxTemp": 50,
			"useClimateMap": true,
			"terrainOctaves":          [0, 0, 0, 0, 1, 0.1, 0.25, 0.3, 0.2],
			"terrainOctaveThresholds": [0, 0, 0, 0, 0,   0,    0,   0,   0],
			"terrainYKeyPositions":    [0, 0.36,  0.4, 0.43],
			"terrainYKeyThresholds":   [1,    1,  0.6,  0],
			"mutations": [
				{
					"code":  "largelake-sinkhole",
					"comment": "Deep lake",
					"chance": 0.20,
					"hexcolor": "#AAAA00",
						"terrainYKeyPositions":    [0.000, 0.213, 0.218, 0.287, 0.400, 0.430],
						"terrainYKeyThresholds":   [1.000, 1.000, 0.860, 0.477, 0.600, 0.000]
					}
			]
		},	
		{
			"code":  "cold glaciers",
			"comment": "",
			"hexcolor": "#000099",
			"weight": 20000,
			"minTemp": -20,
			"maxTemp": -19.5,
			"useClimateMap": true,
			"terrainOctaves":          [0, 0, 0, 1,   1, 1, 0.25, 0, 0.3],
			"terrainOctaveThresholds": [0, 0, 0, 0.5, 0, 0,   0,   0, 0],
			"terrainYKeyPositions":    [0.426, 0.431, 0.588, 0.601, 0.643],
			"terrainYKeyThresholds":   [1.000, 0.957, 0.962, 0.022, 0.000]
		},	
		{
			"code":  "cold mountain range",
			"comment": "",
			"hexcolor": "#000099",
			"weight": 1000,
			"minTemp": -20,
			"maxTemp": -19.5,
			"useClimateMap": true,
			"terrainOctaves":          [1, 1, 1, 1, 0, 0.1, 0.1, 0.1, 0.1],
			"terrainOctaveThresholds": [0, 0, 0, 0, 0, 0, 0.03, 0.03, 0.05],
			"terrainYKeyPositions":    [0.345, 0.405, 1.000],
			"terrainYKeyThresholds":   [1.000, 0.593, 0.000]
		},
		{
			"code":  "humongous mountain",
			"comment": "humongous mountains with caverns in them",
			"hexcolor": "#5BC184",
			"weight": 6,
			"terrainOctaves":          [0, 0, 0, 2,   1, 1, 0, 0.0, 0.1],
			"terrainOctaveThresholds": [0, 0, 0, 0.5, 0, 0,   0,   0, 0.03],
			"terrainYKeyPositions":    [0.000, 0.423, 0.608, 0.700, 0.920],
			"terrainYKeyThresholds":   [1.000, 1.000, 0.940, 0.820, 0.000],
			"mutations": [
				{
					"chance": 0.25,
					"code":  "humongous mountain with caverns",
					"hexcolor": "#79E02E",
					"terrainYKeyPositions":    [0.000, 0.330, 0.370, 0.410, 0.422, 0.475, 0.500, 0.683, 0.920],
					"terrainYKeyThresholds":   [1.000, 1.000, 0.870, 0.842, 0.643, 0.493, 0.988, 0.870, 0.000]
				}
			]
		},
		{
			"code":  "hillplateu",
			"comment": "high plateu with hills on top",
			"hexcolor": "#5BC184",
			"weight": 1,
			"terrainOctaves":          [0, 1, 1, 1,   1, 0, 0.25, 0.1, 0.1],
			"terrainOctaveThresholds": [0, 0, 0, 0.5, 0, 0,   0,   0.03, 0.03],
			"terrainYKeyPositions":    [0.432, 0.611, 0.712, 0.735, 0.747, 0.868, 0.885],
			"terrainYKeyThresholds":   [1.000, 0.952, 0.660, 0.629, 0.445, 0.252, 0.000]
		},
		{
			"code":  "smallshallowislands",
			"comment": "Small shallow islands with very small hills and lots of water",
			"hexcolor": "#79E02E",
			"weight": 7,
			"terrainOctaves":          [  0, 0, 0, 0, 1, 0.1,  0.3, 0.6, 0.3],
			"terrainOctaveThresholds": [  0, 0, 0,   0, 0,  0, 0, 0, 0.1],
			"terrainYKeyPositions":    [0.000, 0.360, 0.402, 0.455, 0.463, 0.545],
			"terrainYKeyThresholds":   [1.000, 1.000, 0.623, 0.389, 0.155, 0.000]
		},
		{
			"code":  "shallowislands",
			"comment": "Medium sized shallow islands with small bumps and lots of water",
			"hexcolor": "#79E02E",
			"weight": 12,
			"terrainOctaves":          [  0, 0, 0, 0.2, 1, 0.1,  0.6, 0.3, 0.3],
			"terrainOctaveThresholds": [  0, 0, 0,   0, 0,  0, 0, 0, 0.1],
			"terrainYKeyPositions":    [0.000, 0.360, 0.400, 0.417, 0.505],
			"terrainYKeyThresholds":   [1.000, 1.000, 0.792, 0.479, 0.000]
		},
		{
			"code":  "cliffy rolling hills",
			"comment": "cliffy rolling hills",
			"hexcolor": "#5BC184",
			"weight": 1,
			"terrainOctaves":          [0.9, 0.81, 0.729, 0.6561, 0, 0, 0.5, 0.3, 0.1],
			"terrainOctaveThresholds": [  0,    0,     0,      0, 0, 0,   0,   0, 0],
			"terrainYKeyPositions":    [0, 0.43, 0.45, 0.74, 0.75],
			"terrainYKeyThresholds":   [1,    1,  0.8,  0.2, 0]
		},
		{
			"code":  "superflatrarebumps",
			"comment": "very flat lands with occasional bumps",
			"hexcolor": "#79E02E",
			"weight": 6,
			"terrainOctaves":          [  0, 0, 0, 0.2, 0.3, 0,  1, 0.25, 0],
			"terrainOctaveThresholds": [  0,    0,     0,   0,   0, 0,0.4, 0.1, 0],
			"terrainYKeyPositions":    [0, 0.425, 0.45, 0.56, 0.6],
			"terrainYKeyThresholds":   [1,    1, 0.4, 0.3, 0]
		},
		{
			"code":  "veryflat",
			"comment": "Very flat lands near sea level",
			"hexcolor": "#79E02E",
			"weight": 6,
			"terrainOctaves":          [0, 0, 0, 0.2, 0.3, 0,  1, 0.01, 0.01],
			"terrainOctaveThresholds": [0, 0, 0,   0,   0, 0,0.4, 0.0, 0],
			"terrainYKeyPositions":    [0.000, 0.425, 0.450, 0.455],
			"terrainYKeyThresholds":   [1.000, 1.000, 0.400, 0.000]
		},
		{
			"code":  "elevatedveryflat",
			"comment": "Very flat lands above sea level",
			"hexcolor": "#79002E",
			"weight": 6,
			"terrainOctaves":          [0, 0, 0, 0.2, 0.4, 0.3,  0.5, 0.1, 0.1],
			"terrainOctaveThresholds": [0, 0, 0,   0,   0, 0,0.4, 0.03, 0.03],
			"terrainYKeyPositions":    [0.000, 0.442, 0.495, 0.568],
			"terrainYKeyThresholds":   [1.000, 1.000, 0.198, 0.000]
		},
		{
			"code":  "flatmanybumps",
			"comment": "Flat land with many bumps",
			"hexcolor": "#5BC184",
			"weight": 8,
			"terrainOctaves": [0, 0, 0, 0, 0.59049, 0.531441, 0.4, 0.6, 0.25],
			"terrainOctaveThresholds": [  0,    0,     0,   0,   0, 0, 0, 0.2, 0.2],
			"terrainYKeyPositions":    [0.000, 0.400, 0.427, 0.435, 0.572],
			"terrainYKeyThresholds":   [1.000, 1.000, 0.838, 0.710, 0.000],
			"mutations": [
					{
						"chance": 0.25,
						"code":  "rollinghillssubstract",
						"hexcolor": "#79E02E",
						"terrainYKeyPositions":    [0, 0.4, 0.43, 0.45],
						"terrainYKeyThresholds": [1,      1, 0.8, 0]
					}
			]
		},
		{
			"code":  "veryflatmanybumps",
			"comment": "Very flat land with many bumps",
			"hexcolor": "#5BC184",
			"weight": 4,
			"terrainOctaves": [0, 0, 0, 0, 0.59049, 0.531441, 0.4, 0.6, 0.25],
			"terrainOctaveThresholds": [  0,    0,     0,   0,   0, 0, 0, 0.2, 0.2],
			"terrainYKeyPositions":    [0.000, 0.400, 0.430, 0.498],
			"terrainYKeyThresholds":   [1.000, 1.000, 0.800, 0.000],
			"mutations": [
					{
						"chance": 0.3,
						"code":  "rollinghillssubstract",
						"hexcolor": "#79E02E",
						"terrainYKeyPositions":    [0, 0.4, 0.43, 0.45],
						"terrainYKeyThresholds": [1,      1, 0.8, 0]
					}
			]
		},
		{
			"code":  "above sealevel flat grasslands",
			"comment": "above sealevel flat grasslands with a single step",
			"hexcolor": "#79E02E",
			"weight": 4,
			"terrainOctaves":          [  1, 0.81, 0.729, 0.5, 0.3, 0,  0.5, 0.4, 0.4],
			"terrainOctaveThresholds": [  0,    0,     0,   0, 0.1, 0,0.2, 0.2, 0.2],
			"terrainYKeyPositions":    [0, 0.44, 0.5, 0.52,   0.6, 0.7],
			"terrainYKeyThresholds":   [1,    1, 0.5, 0.48,  0.15, 0.0]
		},
		{
			"code":  "rollinghills",
			"comment": "near sealevel rolling hills",
			"hexcolor": "#5BC184",
			"weight": 2,
			"terrainOctaves": [0.9, 0.8, 0.7, 0.6, 0.5, 0.3, 0.1, 0.1, 0.1],
			"terrainOctaveThresholds": [  0,    0,     0,   0,   0, 0, 0, 0, 0],
			"terrainYKeyPositions":    [0, 0.41, 0.42, 0.5, 0.65],
			"terrainYKeyThresholds": [1,      1, 0.8, 0.8, 0]
		},
		{
			"code":  "lowrollinghills",
			"comment": "near sealevel low rolling hills",
			"hexcolor": "#5BC184",
			"weight": 10,
			"terrainOctaves": [0.9, 0.8, 0.7, 0.6, 0.5, 0.3, 0.1, 0.3, 0.3],
			"terrainOctaveThresholds": [  0,    0,     0,   0,   0, 0, 0, 0.2, 0.2],
			"terrainYKeyPositions":    [0, 0.41, 0.43, 0.48, 0.56],
			"terrainYKeyThresholds": [1,      1, 0.8, 0.3, 0],
			"mutations": [
					{
						"chance": 0.15,
						"code":  "rollinghillssubstract",
						"hexcolor": "#79E02E",
						"terrainYKeyPositions":    [0, 0.41, 0.43, 0.50, 0.57],
						"terrainYKeyThresholds": [1,      1, 0.8, 0.25, 0]
					}
			]
		},
		{
			"code":  "cliffislands",
			"comment": "Islands with tall cliffs",
			"hexcolor": "#5BC184",
			"weight": 3,
			"terrainOctaves": [0.2, 0.81, 0.73, 0.65, 0.59, 0.53, 1, 0.2, 0.1],
			"terrainOctaveThresholds": [  0,    0,     0,   0,   0, 0, 0.4, 0.1, 0],
			"terrainYKeyPositions":    [0.000, 0.410, 0.432, 0.440, 0.456, 0.500, 0.560],
			"terrainYKeyThresholds":   [1.000, 1.000, 0.432, 0.402, 0.393, 0.150, 0.000],
			"mutations": [
				{
					"chance": 0.2,
					"code":  "sharp cliff islands",
					"hexcolor": "#79E02E",
		
					"terrainOctaves": [0.9, 0.81, 1, 0.8, 0.6, 0.531, 1, 0.3, 0.3]
				}
			]
		},
		{
			"code":  "smallcliffislands",
			"comment": "Islands with many small cliffs",
			"hexcolor": "#5BC184",
			"weight": 6,
			"terrainOctaves": [0.05, 0.7, 1, 0.7, 0.6, 0.5, 0.8, 0.2, 0.1],
			"terrainOctaveThresholds": [  0,    0.2,     0.2,   0.2,   0.2, 0.2, 0.2, 0.1, 0.03],
			"terrainYKeyPositions":    [0.188, 0.355, 0.391, 0.427, 0.433, 0.460, 0.476, 0.500],
			"terrainYKeyThresholds":   [1.000, 1.000, 0.900, 0.527, 0.398, 0.393, 0.167, 0.000]
		},
		{
			"code":  "bumplands",
			"comment": "flat with small and big bumps",
			"hexcolor": "#5BC184",
			"weight": 16,
			"terrainOctaves":          [0, 0.7, 1, 1, 1, 1, 0.3, 0.2, 0.1],
			"terrainOctaveThresholds": [0, 0, 0, 0, 0.2, 0.5, 0, 0, 0],
			"terrainYKeyPositions":    [0, 0.43, 0.45, 0.5, 0.56],
			"terrainYKeyThresholds":   [1,  0.7, 0.5, 0.2, 0.00]
		},
		{
			"code":  "roundclifflandshilly",
			"comment": "round clifflands (more hilly, less easily traversable)",
			"hexcolor": "#5BC184",
			"weight": 4,
			"terrainOctaves":          [0, 0.8, 1, 1, 0.3, 1.0, 0, 0.2, 0],
			"terrainOctaveThresholds": [0, 0, 0.2, 0.3, 0, 0.3, 0, 0, 0],
			"terrainYKeyPositions":    [0, 0.40, 0.45, 0.48, 0.52, 0.60, 0.65],
			"terrainYKeyThresholds":   [1,  0.9, 0.7, 0.5, 0.4, 0.20, 0]
		},
		{
			"code":  "sparsecliffyswamplands",
			"comment": "Swamp lands with sparse short 2-stepped cliffs",
			"hexcolor": "#5BC184",
			"weight": 9,
			"terrainOctaves":          [0.1, 0.8, 1, 0.9, 1.0, 0.4, 0.4, 0.4, 0.3],
			"terrainOctaveThresholds": [0.1, 0, 0, 0, 0.3, 0.2, 0, 0.2, 0.1],
			"terrainYKeyPositions":    [0.154, 0.401, 0.430, 0.446, 0.465, 0.470, 0.488, 0.520],
			"terrainYKeyThresholds":   [1.000, 0.990, 0.682, 0.303, 0.297, 0.225, 0.080, 0.000]
		},
		{
			"code":  "densecliffyswamplands",
			"comment": "Swamp lands with dense tall cliffs",
			"hexcolor": "#5BC184",
			"weight": 5,
			"terrainOctaves":          [0.1, 0.6, 0.9, 0.7, 1, 0.6, 0.5, 0.2, 0],
			"terrainOctaveThresholds": [0, 0, 0, 0, 0.3, 0, 0, 0, 0.1, 0],
			"terrainYKeyPositions":    [0.154, 0.401, 0.430, 0.446, 0.465, 0.470, 0.488, 0.550],
			"terrainYKeyThresholds":   [1.000, 0.990, 0.682, 0.303, 0.297, 0.225, 0.120, 0.000]
		},
		{
			"code":  "deep water step mountains",
			"comment": "Step mountains in deep water",
			"hexcolor": "#84A878",
			"weight": 1,
			"terrainOctaves":          [0.05, 0.81, 0.73, 0.64, 0.54, 0.52, 0.4, 0.25, 0.1],
			"terrainOctaveThresholds": [0.1, 0.2, 0.1, 0, 0.3, 0, 0, 0.2, 0.1],
			"terrainYKeyPositions":    [0, 0.45,   0.5,   0.6, 0.62,  0.68,  0.7],
			"terrainYKeyThresholds":   [1,  0.65,  0.43,   0.25, 0.18,   0.05, 0.0]
		},
		{
			"code":  "step mountains",
			"comment": "Raised terrain with mountains that have several steps in them",
			"hexcolor": "#84A878",
			"weight": 2,
			"terrainOctaves":          [0,2, 0.7, 0.8, 0.65, 0.6, 0.3, 0.3, 0.25, 0.2],
			"terrainOctaveThresholds": [0.1, 0.2, 0.1, 0, 0.3, 0, 0, 0.2, 0.1],
			"terrainYKeyPositions":    [0, 0.43,   0.5,   0.6, 0.62,  0.68,  0.7,  0.8, 0.82, 0.85],
			"terrainYKeyThresholds":   [1,  1,  0.55,   0.45, 0.40,   0.35, 0.26, 0.10, 0.08, 0.0]
		},
		{
			"code":  "flathillvalley",
			"comment": "Flat lands with occasional hills and valleys",
			"hexcolor": "#84A878",
			"weight": 8,
			"terrainOctaves":          [0.1, 1, 1, 1, 0.6, 0.2,  1, 0.3, 0.3],
			"terrainOctaveThresholds": [0, 0, 0, 0.3, 0.3, 0.3, 0.3, 0.1, 0.1],
			"terrainYKeyPositions":    [0.443, 0.463, 0.508, 0.548, 0.556, 0.620, 0.65],
			"terrainYKeyThresholds":   [1.000, 0.573, 0.373, 0.300, 0.270, 0.240, 0.00]
		},
		{
			"code":  "hillsflatsandislands",
			"comment": "A colorful mix of flats, hillgroups and islands",
			"hexcolor": "#84A878",
			"weight": 10,
			"terrainOctaves": [0.1, 0.81, 1, 1, 1, 0.5, 0.2, 0.3, 0.1],
			"terrainOctaveThresholds": [0, 0, 0, 0, 0, 0, 0.5, 0, 0, 0],
			"terrainYKeyPositions":    [0.397, 0.415, 0.438, 0.459, 0.548, 0.602, 0.650],
			"terrainYKeyThresholds":   [1.000, 0.770, 0.517, 0.284, 0.190, 0.110, 0.000]
		},
		{
			"code":  "smallsealevelplateus",
			"comment": "Small many near sea level plateus",
			"hexcolor": "#84A878",
			"weight": 6,
			"terrainOctaves":          [0, 0, 0, 0.4, 1, 1, 0.6, 0.6, 0.4],
			"terrainOctaveThresholds": [0, 0, 0, 0, 0, 0, 0, 0.3, 0.2],
			"terrainYKeyPositions":    [0.000, 0.393, 0.437, 0.450, 0.455, 0.495, 0.505, 0.525, 0.535],
			"terrainYKeyThresholds":   [1.000, 1.000, 0.932, 0.630, 0.270, 0.270, 0.090, 0.090, 0.000]
		},
		{
			"code":  "mediumseapillars",
			"comment": "medium stepped pillars in the sea",
			"hexcolor": "#79E02E",
			"weight": 3,
			"terrainOctaves":          [0, 0, 0, 0, 1, 0.7, 0.4, 0.3, 0.2],
			"terrainOctaveThresholds": [0, 0, 0, 0, 0,   0, 0,   0.2, 0.1],
			"terrainYKeyPositions":    [0.063, 0.352, 0.429, 0.451, 0.469, 0.475, 0.503, 0.509, 0.540, 0.554, 0.590, 0.617],
			"terrainYKeyThresholds":   [1.000, 1.000, 0.875, 0.614, 0.205, 0.177, 0.165, 0.135, 0.127, 0.028, 0.017, 0.000],
			"mutations": [
				{
					"chance": 0.25,
					"code":  "mediumseapillarswatery",
					"comment": "medium stepped pillars with more water",
					"hexcolor": "#79E02E",
					"terrainYKeyPositions":    [0.063, 0.352, 0.424, 0.436, 0.469, 0.475, 0.503, 0.507, 0.540, 0.546, 0.563, 0.567],
					"terrainYKeyThresholds":   [1.000, 1.000, 0.607, 0.212, 0.205, 0.170, 0.165, 0.132, 0.127, 0.018, 0.017, 0.000]
				}
			]
		},
		{
			"code":  "mediumlandpillars",
			"comment": "medium stepped pillars on flat land",
			"hexcolor": "#79E02E",
			"weight": 4,
			"terrainOctaves":          [0, 0, 0, 0.2, 0.4, 1, 0.7, 0, 0],
			"terrainOctaveThresholds": [0, 0, 0, 0, 0, 0, 0, 0.3, 0],
			"terrainYKeyPositions":    [0.000, 0.435, 0.450, 0.500, 0.540, 0.550, 0.590, 0.600, 0.640, 0.647],
			"terrainYKeyThresholds":   [1.000, 1.000, 0.400, 0.220, 0.210, 0.180, 0.170, 0.140, 0.130, 0.000]
		},
		{
			"code":  "marsh",
			"comment": "very flat lands with small rough hills",
			"hexcolor": "#79E02E",
			"weight": 8,
			"terrainOctaves":          [  0, 0, 0, 0, 0.2, 0.2,  1, 0.5, 0],
			"terrainOctaveThresholds": [  0, 0, 0, 0, 0, 0, 0.6, 0.3, 0],
			"terrainYKeyPositions":    [0.000, 0.400, 0.440, 0.510, 0.700],
			"terrainYKeyThresholds":   [1.000, 1.000, 0.400, 0.200, 0.000]
		},
		{
			"code":  "bumpy marsh",
			"comment": "Near sea lavel lakes with small round hills",
			"hexcolor": "#79E02E",
			"weight": 6,
			"terrainOctaves":          [0, 0, 0, 0.2, 0.2,  1, 0.5, 0, 0],
			"terrainOctaveThresholds": [0, 0, 0,   0,   0,0.4, 0.1, 0, 0],
			"terrainYKeyPositions":    [0, 0.4, 0.44, 0.51, 0.7],
			"terrainYKeyThresholds":   [1,   1, 0.4, 0.2, 0]
		},
		{
			"code":  "flatmarsh",
			"comment": "very flat lands with rare small bumps",
			"hexcolor": "#79E02E",
			"weight": 6,
			"terrainOctaves":          [  0, 0, 0, 0.2, 0.2,  1, 0.5, 0, 0],
			"terrainOctaveThresholds": [  0, 0, 0, 0, 0,0.4, 0.1, 0, 0],
			"terrainYKeyPositions":    [0.000, 0.410, 0.445, 0.490, 0.505, 0.670, 0.700],
			"terrainYKeyThresholds":   [1.000, 1.000, 0.325, 0.267, 0.160, 0.077, 0.000]
		},
		{
			"code":  "deathmarsh",
			"comment": "some strange pool here",
			"hexcolor": "#79E02E",
			"weight": 3,
			"terrainOctaves":          [  0, 0, 0, 0, 0.2, 0.2,  1, 0.5, 0],
			"terrainOctaveThresholds": [  0, 0, 0, 0, 0, 0,0.4, 0.1, 0],
			"terrainYKeyPositions":    [0, 0.08, 0.4, 0.425, 0.43, 0.44, 0.51, 0.7],
			"terrainYKeyThresholds":   [1, 0.66, 0.55, 0.7, 0.55, 0.35, 0.15, 0],
			"mutations": [
				{
					"chance": 0.5,
					"code":  "deathmarsh hill",
					"hexcolor": "#79E02E",
		
					"terrainOctaves":          [  0, 0, 0, 0, 0.2, 0.2,  1, 0.5, 0],
					"terrainOctaveThresholds": [  0, 0, 0, 0, 0, 0,0.4, 0.1, 0],
					"terrainYKeyPositions":    [0, 0.08, 0.4, 0.42, 0.43, 0.44, 0.51, 0.7],
					"terrainYKeyThresholds":   [1, 0.66, 0.55, 0.7, 0.55, 0.5, 0.4, 0],
				}
			]
		}
	]
}