{
  "code": "stewpotfull",
  "behaviors": [
    {
      "name": "GroundStorable",
      "properties": {
        "layout": "SingleCenter",
        "placeRemoveSound": "game:sounds/player/build",
        "collisionBox": {
          "x1": 0,
          "y1": 0,
          "z1": 0,
          "x2": 1,
          "y2": 0.7,
          "z2": 1
        }
      }
    },
    { "name": "Unplaceable" }, // The ground storable obsoletes this being a block. Should be an item, but is kept a block for backwards compatibility
    { "name": "RightClickPickup" }
  ],
  "heldTpIdleAnimation": "holdbothhandslarge",
  "heldTpUseAnimation": "twohandplaceblock",
  "class": "BlockCrock",
  "entityClass": "Crock",
  "variantgroups": [
    {
      "code": "color",
      "states": [ "blue", "fire", "black", "brown", "cream", "gray", "orange", "red", "tan" ]
    },
    {
      "code": "type",
      "states": [ "fired" ]
    }
  ],
  "shape": { "base": "aldiclasses:block/clay/stewpotfull/base" },
  "textures": {
    "ceramic": {
      "base": "game:block/clay/hardened/{color}",
      "overlays": [ "game:block/clay/overlay/crock" ]
    },
    "seal": { "base": "game:item/resource/ungraded/sulfur" },
    "label": { "base": "game:block/clay/crock/label" }
  },
  "attributes": {
    "mealContainer": true,
    "mealBlockCode": "aldiclasses:stewpotfull-{color}-fired",
    "servingCapacity": 32,
    "bowlContents": null,
    "emptiedBlockCode": "aldiclasses:stewpot-{color}-fired",
    "groundStorageTransform": {
      "translation": {
        "x": 0,
        "y": 0.15,
        "z": 0
      },
      "scale": 1.28
    },
    "handbook": {
      "groupBy": [ "stewpotfull-*-{type}" ]
    }
  },
  "doNotRenderAtLod2": true,
  "blockmaterial": "Ceramic",
  "replaceable": 400,
  "resistance": 1.5,
  "maxStackSize": 1,
  "lightAbsorption": 0,
  "sounds": {
    "walk": "game:walk/stone"
  },
  "sideopaque": {
    "all": false
  },
  "sidesolid": {
    "all": false
  },
  "emitsideao": {
    "all": false
  },
  "collisionbox": {
    "x1": 0,
    "y1": 0,
    "z1": 0,
    "x2": 1,
    "y2": 1,
    "z2": 1
  },
  "selectionbox": {
    "x1": 0,
    "y1": 0,
    "z1": 0,
    "x2": 1,
    "y2": 0.5,
    "z2": 1
  },
  "guiTransform": {
    "rotation": {
      "x": -22.6,
      "y": -125,
      "z": 0
    },
    "origin": {
      "x": 0.5,
      "y": 0.38,
      "z": 0.5
    },
    "scale": 1.53
  },
  "groundTransform": {
    "scale": 3
  },
  "fpHandTransform": {
    "translation": {
      "x": 0,
      "y": 0,
      "z": 0.5
    },
    "origin": {
      "x": 0.5,
      "y": 0,
      "z": 0.5
    },
    "scale": 2
  },
  "tpHandTransform": {
    "translation": {
      "x": -0.6,
      "y": -0.03,
      "z": -0.3899
    },
    "rotation": {
      "x": -168,
      "y": -13,
      "z": -106
    },
    "origin": {
      "x": 0.5,
      "y": 0.01,
      "z": 0.1
    },
    "scale": 0.68
  }
}