{
	"editor": {
		"collapsedPaths": ",Root/food,Root/Cube2/feet,Root/large",
		"allAngles": false,
		"entityTextureMode": true
	},
	"textureWidth": 16,
	"textureHeight": 16,
	"textureSizes": {
		"fat": [8,8],
		"animalfat": [16,16],
		"potato": [8,8]
	},
	"textures": {
		"ceramic": "game:block/clay/crock/ceramic",
		"group6-spelt-onion-redcurrant-egg-redmeatstew": "game:block/food/meal/group6-spelt-onion-redcurrant-egg-redmeatstew",
		"iron2": "game:block/metal/sheet/iron2",
		"bulb": "game:block/plant/crop/carrot/bulb",
		"item": "game:block/plant/crop/turnip/bulb",
		"cap": "game:block/plant/mushroom/fieldmushroom/cap",
		"pores": "game:block/plant/mushroom/fieldmushroom/pores",
		"stipe": "game:block/plant/mushroom/fieldmushroom/stipe",
		"gills": "game:block/plant/mushroom/gills",
		"witchhat": "game:block/plant/mushroom/witchhat/witchhat",
		"meat": "game:item/food/meat/raw",
		"vintage": "game:item/food/meat/vintage",
		"potash": "game:item/resource/crushed/potash",
		"animalfat": "game:item/resource/fat"
	},
	"elements": [
		{
			"name": "Cube2",
			"from": [ 3.0, 1.0, 3.0 ],
			"to": [ 13.0, 1.5, 13.0 ],
			"autoUnwrap": false,
			"uv": [ 0.0, 0.0 ],
			"rotationOrigin": [ 3.0, 1.0, 3.0 ],
			"faces": {
				"north": { "texture": "#ceramic", "uv": [ 0.0, 8.0, 10.0, 8.5 ] },
				"east": { "texture": "#ceramic", "uv": [ 5.0, 8.0, 15.0, 8.5 ] },
				"south": { "texture": "#ceramic", "uv": [ 5.0, 4.0, 15.0, 4.5 ] },
				"west": { "texture": "#ceramic", "uv": [ 2.0, 8.0, 12.0, 8.5 ] },
				"up": { "texture": "#ceramic", "uv": [ 0.0, 0.0, 10.0, 10.0 ], "windMode": [-1,-1,-1,-1], "enabled": false },
				"down": { "texture": "#ceramic", "uv": [ 3.0, 0.0, 13.0, 10.0 ] }
			},
			"children": [
				{
					"name": "Cube3",
					"from": [ -0.5, 0.5, -0.5 ],
					"to": [ 0.0, 6.5, 10.5 ],
					"autoUnwrap": false,
					"uv": [ 0.0, 0.0 ],
					"rotationOrigin": [ -0.5, 0.5, -0.5 ],
					"faces": {
						"north": { "texture": "#ceramic", "uv": [ 1.5, 3.5, 2.0, 9.5 ] },
						"east": { "texture": "#ceramic", "uv": [ 1.0, 2.0, 12.0, 8.0 ], "windMode": [-1,-1,-1,-1] },
						"south": { "texture": "#ceramic", "uv": [ 8.5, 4.5, 9.0, 10.5 ] },
						"west": { "texture": "#ceramic", "uv": [ 5.0, 1.0, 16.0, 7.0 ] },
						"up": { "texture": "#ceramic", "uv": [ 0.0, 0.0, 0.5, 11.0 ] },
						"down": { "texture": "#ceramic", "uv": [ 0.5, 0.0, 1.0, 11.0 ] }
					}
				},
				{
					"name": "Cube4",
					"from": [ 10.0, 0.5, -0.5 ],
					"to": [ 10.5, 6.5, 10.5 ],
					"autoUnwrap": false,
					"uv": [ 0.0, 0.0 ],
					"rotationOrigin": [ 10.0, 0.5, -0.5 ],
					"faces": {
						"north": { "texture": "#ceramic", "uv": [ 1.5, 2.0, 2.0, 8.0 ] },
						"east": { "texture": "#ceramic", "uv": [ 0.5, 2.0, 11.5, 8.0 ] },
						"south": { "texture": "#ceramic", "uv": [ 7.5, 2.5, 8.0, 8.5 ] },
						"west": { "texture": "#ceramic", "uv": [ 5.0, 2.5, 16.0, 8.5 ], "windMode": [-1,-1,-1,-1] },
						"up": { "texture": "#ceramic", "uv": [ 0.0, 0.0, 0.5, 11.0 ] },
						"down": { "texture": "#ceramic", "uv": [ 0.5, 0.0, 1.0, 11.0 ] }
					}
				},
				{
					"name": "Cube5",
					"from": [ 0.0, 0.5, -0.5 ],
					"to": [ 10.0, 6.5, 0.0 ],
					"autoUnwrap": false,
					"uv": [ 0.0, 0.0 ],
					"rotationOrigin": [ 0.0, 0.5, -0.5 ],
					"faces": {
						"north": { "texture": "#ceramic", "uv": [ 0.0, 0.5, 10.0, 6.5 ] },
						"east": { "texture": "#ceramic", "uv": [ 9.0, 0.5, 9.5, 6.5 ] },
						"south": { "texture": "#ceramic", "uv": [ 5.0, 0.5, 15.0, 6.5 ], "windMode": [-1,-1,-1,-1] },
						"west": { "texture": "#ceramic", "uv": [ 10.5, 0.5, 11.0, 6.5 ] },
						"up": { "texture": "#ceramic", "uv": [ 0.0, 0.0, 10.0, 0.5 ] },
						"down": { "texture": "#ceramic", "uv": [ 6.0, 0.0, 16.0, 0.5 ] }
					}
				},
				{
					"name": "Cube6",
					"from": [ 0.0, 0.5, 10.0 ],
					"to": [ 10.0, 6.5, 10.5 ],
					"autoUnwrap": false,
					"uv": [ 0.0, 0.0 ],
					"rotationOrigin": [ 0.0, 0.5, 10.0 ],
					"faces": {
						"north": { "texture": "#ceramic", "uv": [ 0.0, 0.5, 10.0, 6.5 ], "windMode": [-1,-1,-1,-1] },
						"east": { "texture": "#ceramic", "uv": [ 9.0, 0.5, 9.5, 6.5 ] },
						"south": { "texture": "#ceramic", "uv": [ 4.5, 0.5, 14.5, 6.5 ] },
						"west": { "texture": "#ceramic", "uv": [ 13.5, 0.5, 14.0, 6.5 ] },
						"up": { "texture": "#ceramic", "uv": [ 0.0, 0.0, 10.0, 0.5 ] },
						"down": { "texture": "#ceramic", "uv": [ 5.0, 0.0, 15.0, 0.5 ] }
					}
				},
				{
					"name": "Cube7",
					"from": [ 0.0, 6.5, 0.5 ],
					"to": [ 0.5, 7.2, 9.5 ],
					"uv": [ 0.0, 0.0 ],
					"rotationOrigin": [ 0.0, 6.5, 0.5 ],
					"faces": {
						"north": { "texture": "#ceramic", "uv": [ 0.0, 9.0, 0.5, 9.5 ] },
						"east": { "texture": "#ceramic", "uv": [ 0.5, 7.0, 9.5, 7.5 ], "windMode": [-1,-1,-1,-1] },
						"south": { "texture": "#ceramic", "uv": [ 0.5, 9.0, 1.0, 9.5 ] },
						"west": { "texture": "#ceramic", "uv": [ 1.0, 9.0, 10.0, 9.5 ] },
						"up": { "texture": "#ceramic", "uv": [ 0.0, 0.0, 0.5, 9.0 ] },
						"down": { "texture": "#ceramic", "uv": [ 0.5, 0.0, 1.0, 9.0 ] }
					}
				},
				{
					"name": "Cube11",
					"from": [ 0.0, 6.5, 9.5 ],
					"to": [ 10.0, 7.2, 10.0 ],
					"autoUnwrap": false,
					"uv": [ 0.0, 0.0 ],
					"rotationOrigin": [ 0.0, 6.5, 9.5 ],
					"faces": {
						"north": { "texture": "#ceramic", "uv": [ 0.0, 0.5, 10.0, 1.0 ], "windMode": [-1,-1,-1,-1] },
						"east": { "texture": "#ceramic", "uv": [ 8.0, 0.5, 8.5, 1.0 ] },
						"south": { "texture": "#ceramic", "uv": [ 4.5, 2.5, 14.5, 3.0 ] },
						"west": { "texture": "#ceramic", "uv": [ 11.5, 0.5, 12.0, 1.0 ] },
						"up": { "texture": "#ceramic", "uv": [ 0.0, 0.0, 10.0, 0.5 ] },
						"down": { "texture": "#ceramic", "uv": [ 5.0, 0.0, 15.0, 0.5 ] }
					}
				},
				{
					"name": "Cube12",
					"from": [ 0.0, 6.5, 0.0 ],
					"to": [ 10.0, 7.2, 0.5 ],
					"autoUnwrap": false,
					"uv": [ 0.0, 0.0 ],
					"rotationOrigin": [ 0.0, 6.5, 0.0 ],
					"faces": {
						"north": { "texture": "#ceramic", "uv": [ 0.0, 0.5, 10.0, 1.0 ] },
						"east": { "texture": "#ceramic", "uv": [ 8.0, 0.5, 8.5, 1.0 ] },
						"south": { "texture": "#ceramic", "uv": [ 4.5, 0.5, 14.5, 1.0 ], "windMode": [-1,-1,-1,-1] },
						"west": { "texture": "#ceramic", "uv": [ 12.5, 0.5, 13.0, 1.0 ] },
						"up": { "texture": "#ceramic", "uv": [ 0.0, 0.0, 10.0, 0.5 ] },
						"down": { "texture": "#ceramic", "uv": [ 5.0, 0.0, 15.0, 0.5 ] }
					}
				},
				{
					"name": "Cube13",
					"from": [ 9.5, 6.5, 0.5 ],
					"to": [ 10.0, 7.2, 9.5 ],
					"uv": [ 0.0, 0.0 ],
					"rotationOrigin": [ 9.5, 6.5, 0.5 ],
					"faces": {
						"north": { "texture": "#ceramic", "uv": [ 0.0, 9.0, 0.5, 9.5 ] },
						"east": { "texture": "#ceramic", "uv": [ 0.5, 9.0, 9.5, 9.5 ] },
						"south": { "texture": "#ceramic", "uv": [ 9.5, 9.0, 10.0, 9.5 ] },
						"west": { "texture": "#ceramic", "uv": [ 8.0, 7.0, 15.0, 7.5 ], "autoUv": false, "windMode": [-1,-1,-1,-1] },
						"up": { "texture": "#ceramic", "uv": [ 0.0, 0.0, 0.5, 9.0 ] },
						"down": { "texture": "#ceramic", "uv": [ 0.5, 0.0, 1.0, 9.0 ] }
					}
				},
				{
					"name": "food",
					"from": [ 1.5, 5.0, 2.5 ],
					"to": [ 9.5, 5.5, 9.5 ],
					"autoUnwrap": false,
					"uv": [ 0.0, 0.0 ],
					"rotationOrigin": [ 1.5, 5.0, 2.5 ],
					"faces": {
						"north": { "texture": "#ceramic", "uv": [ 0.0, 8.0, 8.0, 8.5 ] },
						"east": { "texture": "#ceramic", "uv": [ 5.0, 8.0, 12.0, 8.5 ] },
						"south": { "texture": "#ceramic", "uv": [ 5.0, 4.0, 13.0, 4.5 ] },
						"west": { "texture": "#ceramic", "uv": [ 2.0, 8.0, 9.0, 8.5 ] },
						"up": { "texture": "#group6-spelt-onion-redcurrant-egg-redmeatstew", "uv": [ 0.0, 9.0, 8.0, 16.0 ], "windMode": [-1,-1,-1,-1] },
						"down": { "texture": "#potash", "uv": [ 3.0, 0.0, 11.0, 7.0 ], "windMode": [-1,-1,-1,-1], "enabled": false }
					},
					"children": [
						{
							"name": "Cube19",
							"from": [ -1.0, 0.0, 0.0 ],
							"to": [ 0.0, 0.5, 7.0 ],
							"autoUnwrap": false,
							"uv": [ 0.0, 0.0 ],
							"rotationOrigin": [ -1.0, 0.0, 0.0 ],
							"faces": {
								"north": { "texture": "#ceramic", "uv": [ 0.0, 8.0, 1.0, 8.5 ] },
								"east": { "texture": "#ceramic", "uv": [ 5.0, 8.0, 12.0, 8.5 ] },
								"south": { "texture": "#ceramic", "uv": [ 5.0, 4.0, 6.0, 4.5 ] },
								"west": { "texture": "#ceramic", "uv": [ 2.0, 8.0, 9.0, 8.5 ] },
								"up": { "texture": "#group6-spelt-onion-redcurrant-egg-redmeatstew", "uv": [ 0.5, 8.5, 1.5, 15.5 ], "windMode": [-1,-1,-1,-1] },
								"down": { "texture": "#potash", "uv": [ 3.0, 0.0, 4.0, 7.0 ], "windMode": [-1,-1,-1,-1], "enabled": false }
							}
						},
						{
							"name": "Cube23",
							"from": [ -1.0, 0.0, -2.0 ],
							"to": [ 8.0, 0.5, 0.0 ],
							"autoUnwrap": false,
							"uv": [ 0.0, 0.0 ],
							"rotationOrigin": [ -1.0, 0.0, -2.0 ],
							"faces": {
								"north": { "texture": "#ceramic", "uv": [ 0.0, 8.0, 9.0, 8.5 ] },
								"east": { "texture": "#ceramic", "uv": [ 5.0, 8.0, 7.0, 8.5 ] },
								"south": { "texture": "#ceramic", "uv": [ 5.0, 4.0, 14.0, 4.5 ] },
								"west": { "texture": "#ceramic", "uv": [ 2.0, 8.0, 4.0, 8.5 ] },
								"up": { "texture": "#group6-spelt-onion-redcurrant-egg-redmeatstew", "uv": [ 2.0, 8.5, 11.0, 10.5 ], "windMode": [-1,-1,-1,-1] },
								"down": { "texture": "#potash", "uv": [ 3.0, 0.0, 12.0, 2.0 ], "windMode": [-1,-1,-1,-1], "enabled": false }
							}
						},
						{
							"name": "origin",
							"from": [ 3.6, -2.0, 5.3 ],
							"to": [ 3.6, -2.0, 5.3 ],
							"uv": [ 999.0, 999.0 ],
							"rotationOrigin": [ 3.6, -2.0, 5.3 ],
							"rotationZ": -45.0,
							"faces": {
								"north": { "texture": "#null", "uv": [ 2.5, 3.5, 3.0, 4.0 ], "enabled": false },
								"east": { "texture": "#null", "uv": [ 0.5, 5.0, 1.0, 5.5 ], "enabled": false },
								"south": { "texture": "#null", "uv": [ 3.5, 6.5, 4.0, 7.0 ], "enabled": false },
								"west": { "texture": "#null", "uv": [ 1.0, 5.5, 1.5, 6.0 ], "enabled": false },
								"up": { "texture": "#null", "uv": [ 6.5, 6.5, 7.0, 7.0 ], "enabled": false },
								"down": { "texture": "#null", "uv": [ 3.0, 3.0, 3.5, 3.5 ], "enabled": false }
							},
							"children": [
								{
									"name": "main",
									"from": [ -1.5, 0.0, -2.5 ],
									"to": [ 1.5, 2.0, 2.5 ],
									"uv": [ 0.0, 0.0 ],
									"rotationOrigin": [ 0.0, 1.0, 0.0 ],
									"rotationY": -90.0,
									"faces": {
										"north": { "texture": "#vintage", "uv": [ 1.5, 2.5, 4.5, 4.5 ] },
										"east": { "texture": "#vintage", "uv": [ 0.0, 3.5, 5.0, 5.5 ] },
										"south": { "texture": "#vintage", "uv": [ 1.5, 0.0, 4.5, 2.0 ] },
										"west": { "texture": "#vintage", "uv": [ 0.0, 0.0, 5.0, 2.0 ] },
										"up": { "texture": "#vintage", "uv": [ 1.5, 0.0, 4.5, 5.0 ] },
										"down": { "texture": "#vintage", "uv": [ 1.0, 0.0, 4.0, 5.0 ] }
									},
									"children": [
										{
											"name": "W",
											"from": [ -0.5, 0.5, 0.0 ],
											"to": [ 0.0, 1.5, 5.0 ],
											"uv": [ 0.0, 0.0 ],
											"rotationOrigin": [ 0.0, 1.0, 4.0 ],
											"faces": {
												"north": { "texture": "#vintage", "uv": [ 3.0, 6.5, 3.5, 7.5 ] },
												"east": { "texture": "#vintage", "uv": [ 0.0, 5.5, 5.0, 6.5 ], "enabled": false },
												"south": { "texture": "#vintage", "uv": [ 2.5, 6.5, 3.0, 7.5 ] },
												"west": { "texture": "#vintage", "uv": [ 0.0, 1.0, 5.0, 2.0 ] },
												"up": { "texture": "#vintage", "uv": [ 0.0, 0.0, 0.5, 5.0 ] },
												"down": { "texture": "#vintage", "uv": [ 7.0, 0.0, 7.5, 5.0 ] }
											}
										},
										{
											"name": "E",
											"from": [ 3.0, 0.5, 0.0 ],
											"to": [ 3.5, 1.5, 5.0 ],
											"uv": [ 0.0, 0.0 ],
											"rotationOrigin": [ 3.0, 1.0, 4.0 ],
											"faces": {
												"north": { "texture": "#vintage", "uv": [ 6.5, 2.5, 7.0, 3.5 ] },
												"east": { "texture": "#vintage", "uv": [ 0.0, 4.5, 5.0, 5.5 ] },
												"south": { "texture": "#vintage", "uv": [ 4.0, 3.5, 4.5, 4.5 ] },
												"west": { "texture": "#vintage", "uv": [ 0.0, 0.5, 5.0, 1.5 ], "enabled": false },
												"up": { "texture": "#vintage", "uv": [ 3.5, 0.0, 4.0, 5.0 ] },
												"down": { "texture": "#vintage", "uv": [ 5.0, 0.0, 5.5, 5.0 ] }
											}
										},
										{
											"name": "Top1",
											"from": [ 2.5, 2.0, -0.5 ],
											"to": [ 3.0, 2.5, 4.5 ],
											"uv": [ 0.0, 0.0 ],
											"rotationOrigin": [ 2.5, 2.0, -0.5 ],
											"faces": {
												"north": { "texture": "#vintage", "uv": [ 7.0, 0.5, 7.5, 1.0 ] },
												"east": { "texture": "#vintage", "uv": [ 0.0, 1.0, 5.0, 1.5 ] },
												"south": { "texture": "#vintage", "uv": [ 2.0, 1.5, 2.5, 2.0 ] },
												"west": { "texture": "#vintage", "uv": [ 0.0, 5.0, 5.0, 5.5 ] },
												"up": { "texture": "#vintage", "uv": [ 2.0, 0.0, 2.5, 5.0 ] },
												"down": { "texture": "#vintage", "uv": [ 4.5, 0.0, 5.0, 5.0 ], "enabled": false }
											}
										},
										{
											"name": "S2",
											"from": [ 0.5, 0.0, 5.0 ],
											"to": [ 1.0, 0.5, 6.5 ],
											"uv": [ 1.0, 1.0 ],
											"rotationOrigin": [ 0.5, 0.0, 5.0 ],
											"faces": {
												"north": { "texture": "#vintage", "uv": [ 4.0, 0.5, 4.5, 1.0 ], "enabled": false },
												"east": { "texture": "#vintage", "uv": [ 3.0, 1.0, 4.5, 1.5 ] },
												"south": { "texture": "#vintage", "uv": [ 2.5, 3.5, 3.0, 4.0 ] },
												"west": { "texture": "#vintage", "uv": [ 1.0, 4.5, 2.5, 5.0 ] },
												"up": { "texture": "#vintage", "uv": [ 2.5, 2.0, 3.0, 3.5 ] },
												"down": { "texture": "#vintage", "uv": [ 5.0, 5.0, 5.5, 6.5 ] }
											}
										},
										{
											"name": "S1",
											"from": [ -0.5, 0.5, 5.0 ],
											"to": [ 0.0, 1.0, 6.5 ],
											"uv": [ 1.0, 0.5 ],
											"rotationOrigin": [ -0.5, 0.5, 5.0 ],
											"faces": {
												"north": { "texture": "#vintage", "uv": [ 5.5, 0.5, 6.0, 1.0 ], "enabled": false },
												"east": { "texture": "#vintage", "uv": [ 4.0, 4.0, 5.5, 4.5 ], "windMode": [-1,-1,-1,-1] },
												"south": { "texture": "#vintage", "uv": [ 1.0, 5.5, 1.5, 6.0 ] },
												"west": { "texture": "#vintage", "uv": [ 3.0, 3.5, 4.5, 4.0 ] },
												"up": { "texture": "#vintage", "uv": [ 6.5, 0.5, 7.0, 2.0 ] },
												"down": { "texture": "#vintage", "uv": [ 5.0, 3.0, 5.5, 4.5 ] }
											}
										},
										{
											"name": "S3",
											"from": [ 1.0, 1.0, 5.0 ],
											"to": [ 1.5, 2.0, 6.5 ],
											"uv": [ 2.0, 0.5 ],
											"rotationOrigin": [ 1.0, 1.0, 5.0 ],
											"faces": {
												"north": { "texture": "#vintage", "uv": [ 0.0, 4.5, 0.5, 5.5 ], "enabled": false },
												"east": { "texture": "#vintage", "uv": [ 4.0, 1.5, 5.5, 2.5 ] },
												"south": { "texture": "#vintage", "uv": [ 4.5, 0.5, 5.0, 1.5 ] },
												"west": { "texture": "#vintage", "uv": [ 4.5, 6.0, 6.0, 7.0 ], "windMode": [-1,-1,-1,-1] },
												"up": { "texture": "#vintage", "uv": [ 3.0, 0.5, 3.5, 2.0 ] },
												"down": { "texture": "#vintage", "uv": [ 2.0, 4.5, 2.5, 6.0 ] }
											}
										},
										{
											"name": "S4",
											"from": [ 2.0, 0.0, 5.0 ],
											"to": [ 3.0, 0.5, 6.5 ],
											"uv": [ 0.0, 1.0 ],
											"rotationOrigin": [ 2.0, 0.0, 5.0 ],
											"faces": {
												"north": { "texture": "#vintage", "uv": [ 6.0, 2.0, 7.0, 2.5 ], "enabled": false },
												"east": { "texture": "#vintage", "uv": [ 0.0, 4.5, 1.5, 5.0 ] },
												"south": { "texture": "#vintage", "uv": [ 2.0, 2.5, 3.0, 3.0 ] },
												"west": { "texture": "#vintage", "uv": [ 2.5, 1.0, 4.0, 1.5 ], "windMode": [-1,-1,-1,-1] },
												"up": { "texture": "#vintage", "uv": [ 2.0, 2.0, 3.0, 3.5 ] },
												"down": { "texture": "#vintage", "uv": [ 3.5, 3.5, 4.5, 5.0 ] }
											}
										},
										{
											"name": "S5",
											"from": [ 1.5, 0.5, 5.0 ],
											"to": [ 2.5, 1.5, 6.0 ],
											"uv": [ 0.5, 0.0 ],
											"rotationOrigin": [ 1.5, 0.5, 5.0 ],
											"faces": {
												"north": { "texture": "#vintage", "uv": [ 6.0, 3.5, 7.0, 4.5 ], "enabled": false },
												"east": { "texture": "#vintage", "uv": [ 0.5, 5.5, 1.5, 6.5 ] },
												"south": { "texture": "#vintage", "uv": [ 1.5, 4.5, 2.5, 5.5 ] },
												"west": { "texture": "#vintage", "uv": [ 0.5, 4.0, 1.5, 5.0 ], "windMode": [-1,-1,-1,-1] },
												"up": { "texture": "#vintage", "uv": [ 3.5, 0.0, 4.5, 1.0 ] },
												"down": { "texture": "#vintage", "uv": [ 6.5, 3.5, 7.5, 4.5 ] }
											}
										},
										{
											"name": "S6",
											"from": [ 2.5, 1.0, 5.0 ],
											"to": [ 3.0, 2.0, 5.5 ],
											"uv": [ 4.5, 0.5 ],
											"rotationOrigin": [ 2.5, 1.0, 5.0 ],
											"faces": {
												"north": { "texture": "#vintage", "uv": [ 3.0, 1.5, 3.5, 2.5 ], "enabled": false },
												"east": { "texture": "#vintage", "uv": [ 5.5, 5.5, 6.0, 6.5 ] },
												"south": { "texture": "#vintage", "uv": [ 4.5, 3.5, 5.0, 4.5 ] },
												"west": { "texture": "#vintage", "uv": [ 4.5, 3.0, 5.0, 4.0 ] },
												"up": { "texture": "#vintage", "uv": [ 5.5, 1.5, 6.0, 2.0 ] },
												"down": { "texture": "#vintage", "uv": [ 5.5, 0.5, 6.0, 1.0 ] }
											}
										},
										{
											"name": "S7",
											"from": [ 0.0, 0.5, 5.0 ],
											"to": [ 1.0, 1.5, 6.0 ],
											"uv": [ 0.5, 0.0 ],
											"rotationOrigin": [ 0.0, 0.5, 5.0 ],
											"faces": {
												"north": { "texture": "#vintage", "uv": [ 1.5, 0.0, 2.5, 1.0 ], "enabled": false },
												"east": { "texture": "#vintage", "uv": [ 0.5, 5.0, 1.5, 6.0 ] },
												"south": { "texture": "#vintage", "uv": [ 3.0, 3.5, 4.0, 4.5 ] },
												"west": { "texture": "#vintage", "uv": [ 1.5, 1.0, 2.5, 2.0 ] },
												"up": { "texture": "#vintage", "uv": [ 5.0, 4.0, 6.0, 5.0 ] },
												"down": { "texture": "#vintage", "uv": [ 5.0, 0.0, 6.0, 1.0 ] }
											}
										},
										{
											"name": "Top2",
											"from": [ 1.0, 2.0, 0.5 ],
											"to": [ 1.5, 2.5, 5.5 ],
											"uv": [ 0.0, 0.5 ],
											"rotationOrigin": [ 1.0, 2.0, 0.5 ],
											"faces": {
												"north": { "texture": "#vintage", "uv": [ 6.5, 3.5, 7.0, 4.0 ] },
												"east": { "texture": "#vintage", "uv": [ 0.0, 0.5, 5.0, 1.0 ] },
												"south": { "texture": "#vintage", "uv": [ 0.5, 4.5, 1.0, 5.0 ] },
												"west": { "texture": "#vintage", "uv": [ 1.0, 7.0, 6.0, 7.5 ] },
												"up": { "texture": "#vintage", "uv": [ 4.5, 2.5, 5.0, 7.5 ] },
												"down": { "texture": "#vintage", "uv": [ 4.0, 1.5, 4.5, 6.5 ], "enabled": false }
											}
										},
										{
											"name": "Top3",
											"from": [ 1.5, 2.0, -1.0 ],
											"to": [ 2.0, 2.5, 1.0 ],
											"uv": [ 0.0, 0.0 ],
											"rotationOrigin": [ 1.5, 2.0, -1.0 ],
											"faces": {
												"north": { "texture": "#vintage", "uv": [ 6.0, 6.5, 6.5, 7.0 ] },
												"east": { "texture": "#vintage", "uv": [ 1.0, 6.0, 3.0, 6.5 ] },
												"south": { "texture": "#vintage", "uv": [ 1.5, 0.0, 2.0, 0.5 ] },
												"west": { "texture": "#vintage", "uv": [ 0.0, 1.0, 2.0, 1.5 ] },
												"up": { "texture": "#vintage", "uv": [ 6.0, 0.5, 6.5, 2.5 ] },
												"down": { "texture": "#vintage", "uv": [ 0.5, 0.5, 1.0, 2.5 ], "enabled": false }
											}
										},
										{
											"name": "Top4",
											"from": [ 0.5, 2.0, 0.0 ],
											"to": [ 1.0, 2.5, 4.0 ],
											"uv": [ 0.0, 0.5 ],
											"rotationOrigin": [ 0.5, 2.0, 0.0 ],
											"faces": {
												"north": { "texture": "#vintage", "uv": [ 3.5, 5.0, 4.0, 5.5 ] },
												"east": { "texture": "#vintage", "uv": [ 1.5, 3.0, 5.5, 3.5 ] },
												"south": { "texture": "#vintage", "uv": [ 1.5, 0.5, 2.0, 1.0 ] },
												"west": { "texture": "#vintage", "uv": [ 0.0, 4.5, 4.0, 5.0 ] },
												"up": { "texture": "#vintage", "uv": [ 4.5, 1.5, 5.0, 5.5 ] },
												"down": { "texture": "#vintage", "uv": [ 2.5, 0.5, 3.0, 4.5 ], "enabled": false }
											}
										},
										{
											"name": "N1",
											"from": [ 0.0, 1.0, -1.5 ],
											"to": [ 0.5, 2.0, 0.0 ],
											"uv": [ 0.5, 0.0 ],
											"rotationOrigin": [ 0.5, 1.0, 0.0 ],
											"faces": {
												"north": { "texture": "#vintage", "uv": [ 0.5, 0.0, 1.0, 1.0 ] },
												"east": { "texture": "#vintage", "uv": [ 4.0, 2.5, 5.5, 3.5 ] },
												"south": { "texture": "#vintage", "uv": [ 3.5, 1.0, 4.0, 2.0 ] },
												"west": { "texture": "#vintage", "uv": [ 2.5, 5.0, 4.0, 6.0 ] },
												"up": { "texture": "#vintage", "uv": [ 2.5, 0.0, 3.0, 1.5 ] },
												"down": { "texture": "#vintage", "uv": [ 2.0, 3.0, 2.5, 4.5 ] }
											}
										},
										{
											"name": "N2",
											"from": [ 0.5, 0.0, -2.0 ],
											"to": [ 1.0, 0.5, 0.0 ],
											"uv": [ 0.5, 0.0 ],
											"rotationOrigin": [ 1.0, 0.0, 0.0 ],
											"faces": {
												"north": { "texture": "#vintage", "uv": [ 2.5, 3.0, 3.0, 3.5 ], "windMode": [-1,-1,-1,-1] },
												"east": { "texture": "#vintage", "uv": [ 0.5, 4.5, 2.5, 5.0 ] },
												"south": { "texture": "#vintage", "uv": [ 6.0, 1.0, 6.5, 1.5 ], "enabled": false },
												"west": { "texture": "#vintage", "uv": [ 1.5, 0.0, 3.5, 0.5 ] },
												"up": { "texture": "#vintage", "uv": [ 2.0, 3.0, 2.5, 5.0 ] },
												"down": { "texture": "#vintage", "uv": [ 5.5, 1.5, 6.0, 3.5 ] }
											}
										},
										{
											"name": "N3",
											"from": [ 0.5, 0.5, -1.0 ],
											"to": [ 1.5, 1.5, 0.0 ],
											"uv": [ 1.0, 0.5 ],
											"rotationOrigin": [ 1.5, 0.5, 0.0 ],
											"faces": {
												"north": { "texture": "#vintage", "uv": [ 5.0, 3.5, 6.0, 4.5 ] },
												"east": { "texture": "#vintage", "uv": [ 1.0, 1.0, 2.0, 2.0 ] },
												"south": { "texture": "#vintage", "uv": [ 5.0, 1.0, 6.0, 2.0 ], "enabled": false },
												"west": { "texture": "#vintage", "uv": [ 1.5, 3.0, 2.5, 4.0 ] },
												"up": { "texture": "#vintage", "uv": [ 6.5, 1.0, 7.5, 2.0 ] },
												"down": { "texture": "#vintage", "uv": [ 3.0, 0.5, 4.0, 1.5 ] }
											}
										},
										{
											"name": "N4",
											"from": [ 2.0, 1.0, -1.0 ],
											"to": [ 3.0, 2.0, 0.0 ],
											"uv": [ 0.0, 0.0 ],
											"rotationOrigin": [ 2.5, 1.0, 0.0 ],
											"faces": {
												"north": { "texture": "#vintage", "uv": [ 5.0, 6.5, 6.0, 7.5 ] },
												"east": { "texture": "#vintage", "uv": [ 4.5, 3.5, 5.5, 4.5 ] },
												"south": { "texture": "#vintage", "uv": [ 0.5, 1.0, 1.5, 2.0 ], "enabled": false },
												"west": { "texture": "#vintage", "uv": [ 5.5, 0.0, 6.5, 1.0 ] },
												"up": { "texture": "#vintage", "uv": [ 0.0, 3.5, 1.0, 4.5 ] },
												"down": { "texture": "#vintage", "uv": [ 4.0, 2.0, 5.0, 3.0 ] }
											}
										},
										{
											"name": "N5",
											"from": [ 1.5, 0.0, -1.5 ],
											"to": [ 2.5, 1.0, 0.0 ],
											"uv": [ 0.0, 2.0 ],
											"rotationOrigin": [ 2.5, 0.0, 0.5 ],
											"faces": {
												"north": { "texture": "#vintage", "uv": [ 3.5, 4.5, 4.5, 5.5 ] },
												"east": { "texture": "#vintage", "uv": [ 3.5, 4.0, 5.0, 5.0 ] },
												"south": { "texture": "#vintage", "uv": [ 2.5, 2.0, 3.5, 3.0 ], "enabled": false },
												"west": { "texture": "#vintage", "uv": [ 0.0, 3.0, 1.5, 4.0 ] },
												"up": { "texture": "#vintage", "uv": [ 0.5, 2.5, 1.5, 4.0 ] },
												"down": { "texture": "#vintage", "uv": [ 5.0, 2.0, 6.0, 3.5 ] }
											}
										},
										{
											"name": "N6",
											"from": [ 1.5, 1.5, -1.5 ],
											"to": [ 2.0, 2.0, 0.0 ],
											"uv": [ 0.0, 1.0 ],
											"rotationOrigin": [ 2.5, 1.5, 0.5 ],
											"faces": {
												"north": { "texture": "#vintage", "uv": [ 4.5, 5.5, 5.0, 6.0 ] },
												"east": { "texture": "#vintage", "uv": [ 1.5, 2.0, 3.0, 2.5 ] },
												"south": { "texture": "#vintage", "uv": [ 4.5, 3.5, 5.0, 4.0 ], "enabled": false },
												"west": { "texture": "#vintage", "uv": [ 4.5, 1.0, 6.0, 1.5 ] },
												"up": { "texture": "#vintage", "uv": [ 0.0, 4.5, 0.5, 6.0 ] },
												"down": { "texture": "#vintage", "uv": [ 1.5, 4.0, 2.0, 5.5 ] }
											}
										},
										{
											"name": "N7",
											"from": [ 1.0, 1.5, -0.5 ],
											"to": [ 1.5, 2.0, 0.0 ],
											"uv": [ 0.0, 0.5 ],
											"rotationOrigin": [ 0.9, 1.5, 0.5 ],
											"faces": {
												"north": { "texture": "#vintage", "uv": [ 0.0, 0.5, 0.5, 1.0 ] },
												"east": { "texture": "#vintage", "uv": [ 5.5, 1.5, 6.0, 2.0 ], "enabled": false },
												"south": { "texture": "#vintage", "uv": [ 4.0, 5.5, 4.5, 6.0 ], "enabled": false },
												"west": { "texture": "#vintage", "uv": [ 1.0, 6.5, 1.5, 7.0 ] },
												"up": { "texture": "#vintage", "uv": [ 5.0, 5.0, 5.5, 5.5 ] },
												"down": { "texture": "#vintage", "uv": [ 1.0, 6.5, 1.5, 7.0 ], "enabled": false }
											}
										}
									]
								}
							]
						},
						{
							"name": "large",
							"from": [ 2.6, -1.9, 4.2 ],
							"to": [ 2.6, -1.9, 4.2 ],
							"uv": [ 999.0, 999.0 ],
							"rotationOrigin": [ 3.9, -1.9, 5.5 ],
							"rotationX": -22.5,
							"rotationY": 45.0,
							"rotationZ": -45.0,
							"faces": {
								"north": { "texture": "#stipe", "uv": [ 13.0, 14.0, 13.0, 14.0 ], "enabled": false },
								"east": { "texture": "#stipe", "uv": [ 2.0, 14.0, 2.0, 14.0 ], "enabled": false },
								"south": { "texture": "#stipe", "uv": [ 11.0, 14.0, 11.0, 14.0 ], "enabled": false },
								"west": { "texture": "#stipe", "uv": [ 2.0, 14.0, 2.0, 14.0 ], "enabled": false },
								"up": { "texture": "#stipe", "uv": [ 4.0, 5.0, 4.0, 5.0 ], "enabled": false },
								"down": { "texture": "#stipe", "uv": [ 2.0, 14.0, 2.0, 14.0 ], "enabled": false }
							},
							"children": [
								{
									"name": "cap4",
									"from": [ -1.0, 3.5, -1.0 ],
									"to": [ 3.5, 4.5, 3.5 ],
									"uv": [ 2.0, 4.0 ],
									"faces": {
										"north": { "texture": "#cap", "uv": [ 6.0, 10.0, 10.5, 11.0 ] },
										"east": { "texture": "#cap", "uv": [ 9.0, 4.0, 13.5, 5.0 ] },
										"south": { "texture": "#cap", "uv": [ 11.0, 14.0, 15.5, 15.0 ] },
										"west": { "texture": "#cap", "uv": [ 8.0, 12.0, 12.5, 13.0 ] },
										"up": { "texture": "#cap", "uv": [ 3.0, 4.0, 7.5, 8.5 ] },
										"down": { "texture": "#pores", "uv": [ 2.0, 11.0, 6.5, 15.5 ] }
									},
									"children": [
										{
											"name": "cap5",
											"from": [ 4.0, 1.0, 4.0 ],
											"to": [ 0.5, 1.5, 0.5 ],
											"uv": [ 5.0, 8.0 ],
											"faces": {
												"north": { "texture": "#cap", "uv": [ 12.0, 14.0, 8.5, 14.5 ] },
												"east": { "texture": "#cap", "uv": [ 5.0, 8.0, 1.5, 8.5 ] },
												"south": { "texture": "#cap", "uv": [ 7.0, 10.0, 3.5, 10.5 ] },
												"west": { "texture": "#cap", "uv": [ 14.0, 10.0, 10.5, 10.5 ] },
												"up": { "texture": "#cap", "uv": [ 5.0, 10.0, 1.5, 6.5 ] },
												"down": { "texture": "#cap", "uv": [ 7.0, 12.0, 3.5, 8.5 ], "enabled": false }
											}
										}
									]
								},
								{
									"name": "stem3",
									"from": [ 0.5, 0.0, 0.5 ],
									"to": [ 2.0, 3.5, 2.0 ],
									"uv": [ 1.0, 4.0 ],
									"rotationOrigin": [ 0.0, 0.5, 0.0 ],
									"faces": {
										"north": { "texture": "#stipe", "uv": [ 6.0, 12.0, 7.5, 15.5 ] },
										"east": { "texture": "#stipe", "uv": [ 1.0, 7.0, 2.5, 10.5 ] },
										"south": { "texture": "#stipe", "uv": [ 4.0, 12.0, 5.5, 15.5 ] },
										"west": { "texture": "#stipe", "uv": [ 3.0, 4.0, 4.5, 7.5 ] },
										"up": { "texture": "#stipe", "uv": [ 0.0, 0.0, 1.5, 1.5 ], "enabled": false },
										"down": { "texture": "#stipe", "uv": [ 3.0, 4.0, 4.5, 5.5 ] }
									}
								}
							]
						},
						{
							"name": "origin",
							"from": [ 2.5, -0.5, 4.5 ],
							"to": [ 2.5, -0.5, 4.5 ],
							"uv": [ 999.0, 999.0 ],
							"rotationOrigin": [ 2.5, -0.5, 4.5 ],
							"rotationX": -90.0,
							"rotationY": 45.0,
							"rotationZ": 22.5,
							"faces": {
								"north": { "texture": "#null", "uv": [ 0.0, 0.0, 0.5, 0.5 ], "enabled": false },
								"east": { "texture": "#null", "uv": [ 0.0, 0.0, 0.5, 0.5 ], "enabled": false },
								"south": { "texture": "#null", "uv": [ 0.0, 0.0, 0.5, 0.5 ], "enabled": false },
								"west": { "texture": "#null", "uv": [ 0.0, 0.0, 0.5, 0.5 ], "enabled": false },
								"up": { "texture": "#null", "uv": [ 0.0, 0.0, 0.5, 0.5 ], "enabled": false },
								"down": { "texture": "#null", "uv": [ 0.0, 0.0, 0.5, 0.5 ], "enabled": false }
							},
							"children": [
								{
									"name": "stem1",
									"from": [ -0.6, -0.3, -0.5 ],
									"to": [ 0.4, 2.7, 0.5 ],
									"uv": [ 8.0, 8.0 ],
									"rotationOrigin": [ -0.6, -0.2, 0.0 ],
									"rotationY": 28.0,
									"rotationZ": 14.0,
									"faces": {
										"north": { "texture": "#witchhat", "uv": [ 9.0, 9.0, 10.0, 12.0 ] },
										"east": { "texture": "#witchhat", "uv": [ 9.0, 9.5, 10.0, 12.5 ] },
										"south": { "texture": "#witchhat", "uv": [ 9.0, 8.0, 10.0, 11.0 ] },
										"west": { "texture": "#witchhat", "uv": [ 8.5, 9.0, 9.5, 12.0 ] },
										"up": { "texture": "#witchhat", "uv": [ 14.5, 14.0, 15.5, 15.0 ], "windMode": [-1,-1,-1,-1], "enabled": false },
										"down": { "texture": "#witchhat", "uv": [ 8.0, 10.5, 9.0, 11.5 ] }
									},
									"children": [
										{
											"name": "cap1",
											"from": [ -0.5, 2.8, -0.5 ],
											"to": [ 1.5, 4.8, 1.5 ],
											"uv": [ 5.0, 1.0 ],
											"rotationOrigin": [ 0.5, 2.8, 0.5 ],
											"rotationZ": -19.0,
											"faces": {
												"north": { "texture": "#witchhat", "uv": [ 8.5, 3.5, 10.5, 5.5 ] },
												"east": { "texture": "#witchhat", "uv": [ 9.0, 1.5, 11.0, 3.5 ] },
												"south": { "texture": "#witchhat", "uv": [ 6.0, 1.0, 8.0, 3.0 ] },
												"west": { "texture": "#witchhat", "uv": [ 8.0, 5.0, 10.0, 7.0 ] },
												"up": { "texture": "#witchhat", "uv": [ 5.0, 4.5, 7.0, 6.5 ] },
												"down": { "texture": "#gills", "uv": [ 12.0, 10.5, 14.0, 12.5 ] }
											},
											"children": [
												{
													"name": "tip1",
													"from": [ 0.3, 2.0, 0.3 ],
													"to": [ 1.7, 4.0, 1.7 ],
													"uv": [ 4.0, 0.5 ],
													"rotationOrigin": [ 1.0, 2.0, 1.0 ],
													"faces": {
														"north": { "texture": "#witchhat", "uv": [ 4.0, 1.5, 5.0, 3.5 ] },
														"east": { "texture": "#witchhat", "uv": [ 5.0, 1.5, 6.0, 3.5 ] },
														"south": { "texture": "#witchhat", "uv": [ 6.0, 1.5, 7.0, 3.5 ] },
														"west": { "texture": "#witchhat", "uv": [ 7.0, 1.5, 8.0, 3.5 ] },
														"up": { "texture": "#witchhat", "uv": [ 4.0, 0.5, 5.0, 1.5 ] },
														"down": { "texture": "#witchhat", "uv": [ 0.0, 0.0, 1.0, 1.0 ], "enabled": false }
													}
												}
											]
										}
									]
								}
							]
						},
						{
							"name": "carrot",
							"from": [ 7.55, 4.9, -0.25 ],
							"to": [ 9.05, 7.9, 1.25 ],
							"uv": [ 0.0, 4.0 ],
							"rotationOrigin": [ 8.3, 2.4, 0.6 ],
							"rotationZ": 112.5,
							"faces": {
								"north": { "texture": "#bulb", "uv": [ 0.0, 5.5, 1.5, 8.5 ], "rotation": 180 },
								"east": { "texture": "#bulb", "uv": [ 1.5, 5.5, 3.0, 8.5 ], "rotation": 180 },
								"south": { "texture": "#bulb", "uv": [ 3.0, 5.5, 4.5, 8.5 ], "rotation": 180 },
								"west": { "texture": "#bulb", "uv": [ 4.5, 5.5, 6.0, 8.5 ], "rotation": 180 },
								"up": { "texture": "#bulb", "uv": [ 0.0, 4.0, 1.5, 5.5 ] },
								"down": { "texture": "#bulb", "uv": [ 1.5, 4.0, 3.0, 5.5 ], "windMode": [-1,-1,-1,-1] }
							},
							"children": [
								{
									"name": "carrot top",
									"from": [ 0.3, 3.0, 0.3 ],
									"to": [ 1.3, 3.5, 1.3 ],
									"uv": [ 2.0, 7.0 ],
									"faces": {
										"north": { "texture": "#bulb", "uv": [ 13.0, 7.0, 14.0, 7.5 ] },
										"east": { "texture": "#bulb", "uv": [ 2.0, 7.0, 3.0, 7.5 ] },
										"south": { "texture": "#bulb", "uv": [ 8.5, 7.0, 9.5, 7.5 ] },
										"west": { "texture": "#bulb", "uv": [ 3.0, 7.0, 4.0, 7.5 ] },
										"up": { "texture": "#bulb", "uv": [ 7.0, 7.0, 8.0, 8.0 ] },
										"down": { "texture": "#null", "uv": [ 1.0, 0.0, 2.0, 1.0 ], "enabled": false }
									}
								},
								{
									"name": "carrot middle",
									"from": [ 0.3, -1.5, 0.3 ],
									"to": [ 1.3, 0.0, 1.3 ],
									"uv": [ 3.0, 4.0 ],
									"faces": {
										"north": { "texture": "#bulb", "uv": [ 12.0, 6.0, 13.5, 7.0 ], "rotation": 90 },
										"east": { "texture": "#bulb", "uv": [ 5.0, 6.0, 6.5, 7.0 ], "rotation": 90 },
										"south": { "texture": "#bulb", "uv": [ 4.0, 4.0, 5.5, 5.0 ], "rotation": 90 },
										"west": { "texture": "#bulb", "uv": [ 3.0, 6.0, 4.5, 7.0 ], "rotation": 90 },
										"up": { "texture": "#null", "uv": [ 0.0, 0.0, 1.0, 1.0 ], "enabled": false },
										"down": { "texture": "#bulb", "uv": [ 8.5, 6.0, 9.5, 7.0 ], "windMode": [-1,-1,-1,-1] }
									}
								},
								{
									"name": "carrot tip",
									"from": [ 0.5, -2.5, 0.5 ],
									"to": [ 1.0, -1.5, 1.0 ],
									"uv": [ 3.0, 4.0 ],
									"faces": {
										"north": { "texture": "#bulb", "uv": [ 12.0, 6.0, 12.5, 7.0 ] },
										"east": { "texture": "#bulb", "uv": [ 5.0, 6.0, 5.5, 7.0 ] },
										"south": { "texture": "#bulb", "uv": [ 4.0, 4.0, 4.5, 5.0 ] },
										"west": { "texture": "#bulb", "uv": [ 3.0, 6.0, 3.5, 7.0 ] },
										"up": { "texture": "#null", "uv": [ 0.0, 0.0, 0.5, 0.5 ], "enabled": false },
										"down": { "texture": "#bulb", "uv": [ 9.0, 7.0, 9.5, 7.5 ], "windMode": [-1,-1,-1,-1] }
									}
								}
							]
						},
						{
							"name": "turnip 1",
							"from": [ 5.8, 4.4, 5.8 ],
							"to": [ 8.8, 6.9, 8.8 ],
							"uv": [ 1.0, 2.0 ],
							"rotationOrigin": [ 7.3, 2.4, 7.3 ],
							"rotationY": -67.5,
							"rotationZ": 135.0,
							"faces": {
								"north": { "texture": "#item", "uv": [ 1.0, 5.0, 4.0, 7.5 ] },
								"east": { "texture": "#item", "uv": [ 4.0, 5.0, 7.0, 7.5 ] },
								"south": { "texture": "#item", "uv": [ 7.0, 5.0, 10.0, 7.5 ] },
								"west": { "texture": "#item", "uv": [ 10.0, 5.0, 13.0, 7.5 ] },
								"up": { "texture": "#item", "uv": [ 1.0, 2.0, 4.0, 5.0 ] },
								"down": { "texture": "#item", "uv": [ 4.0, 2.0, 7.0, 5.0 ] }
							},
							"children": [
								{
									"name": "turnip 1 top",
									"from": [ 0.5, 2.5, 0.5 ],
									"to": [ 2.5, 3.0, 2.5 ],
									"uv": [ 1.5, 2.5 ],
									"faces": {
										"north": { "texture": "#item", "uv": [ 1.5, 5.0, 3.5, 5.5 ] },
										"east": { "texture": "#item", "uv": [ 11.5, 5.0, 13.5, 5.5 ] },
										"south": { "texture": "#item", "uv": [ 13.5, 5.0, 15.5, 5.5 ] },
										"west": { "texture": "#item", "uv": [ 8.0, 5.0, 10.0, 5.5 ] },
										"up": { "texture": "#item", "uv": [ 5.0, 2.5, 7.0, 4.5 ] },
										"down": { "texture": "#item", "uv": [ 9.0, 7.0, 11.0, 9.0 ], "enabled": false }
									}
								},
								{
									"name": "root",
									"from": [ 0.5, -0.5, 0.5 ],
									"to": [ 2.5, 0.0, 2.5 ],
									"uv": [ 4.0, 14.0 ],
									"faces": {
										"north": { "texture": "#item", "uv": [ 8.0, 15.5, 10.0, 16.0 ] },
										"east": { "texture": "#item", "uv": [ 5.0, 15.0, 7.0, 15.5 ] },
										"south": { "texture": "#item", "uv": [ 12.0, 15.0, 14.0, 15.5 ] },
										"west": { "texture": "#item", "uv": [ 4.0, 15.0, 6.0, 15.5 ] },
										"up": { "texture": "#item", "uv": [ 6.0, 9.5, 8.0, 11.5 ], "enabled": false },
										"down": { "texture": "#item", "uv": [ 10.5, 14.0, 12.5, 16.0 ] }
									}
								},
								{
									"name": "tip",
									"from": [ 1.3, -2.0, 1.2 ],
									"to": [ 1.8, -0.5, 1.7 ],
									"uv": [ 6.0, 14.5 ],
									"rotationOrigin": [ 0.3, 1.0, 0.2 ],
									"faces": {
										"north": { "texture": "#item", "uv": [ 9.0, 14.5, 9.5, 16.0 ] },
										"east": { "texture": "#item", "uv": [ 6.0, 14.5, 6.5, 16.0 ] },
										"south": { "texture": "#item", "uv": [ 13.5, 14.5, 14.0, 16.0 ] },
										"west": { "texture": "#item", "uv": [ 6.0, 14.5, 6.5, 16.0 ] },
										"up": { "texture": "#item", "uv": [ 6.0, 9.5, 6.5, 10.0 ], "enabled": false },
										"down": { "texture": "#item", "uv": [ 9.0, 15.0, 9.5, 15.5 ] }
									}
								}
							]
						}
					]
				},
				{
					"name": "Cube20",
					"from": [ 3.0, 5.1, 10.5 ],
					"to": [ 7.0, 5.3, 10.6 ],
					"uv": [ 0.0, 0.0 ],
					"rotationOrigin": [ 4.0, 5.1, 10.5 ],
					"faces": {
						"north": { "texture": "#ceramic", "uv": [ 0.0, 0.5, 4.0, 1.0 ] },
						"east": { "texture": "#ceramic", "uv": [ 4.0, 0.5, 4.5, 1.0 ] },
						"south": { "texture": "#ceramic", "uv": [ 4.5, 0.5, 8.5, 1.0 ] },
						"west": { "texture": "#ceramic", "uv": [ 8.5, 0.5, 9.0, 1.0 ] },
						"up": { "texture": "#ceramic", "uv": [ 0.0, 0.0, 4.0, 0.5 ] },
						"down": { "texture": "#ceramic", "uv": [ 4.0, 0.0, 8.0, 0.5 ] }
					}
				},
				{
					"name": "Cube21",
					"from": [ 3.0, 2.4, 10.5 ],
					"to": [ 7.0, 2.6, 10.6 ],
					"uv": [ 0.0, 0.0 ],
					"rotationOrigin": [ 4.0, 2.4, 10.5 ],
					"faces": {
						"north": { "texture": "#ceramic", "uv": [ 0.0, 0.5, 4.0, 1.0 ] },
						"east": { "texture": "#ceramic", "uv": [ 4.0, 0.5, 4.5, 1.0 ] },
						"south": { "texture": "#ceramic", "uv": [ 4.5, 0.5, 8.5, 1.0 ] },
						"west": { "texture": "#ceramic", "uv": [ 8.5, 0.5, 9.0, 1.0 ] },
						"up": { "texture": "#ceramic", "uv": [ 0.0, 0.0, 4.0, 0.5 ] },
						"down": { "texture": "#ceramic", "uv": [ 4.0, 0.0, 8.0, 0.5 ] }
					}
				},
				{
					"name": "Cube22",
					"from": [ 2.8, 2.4, 10.5 ],
					"to": [ 3.0, 5.3, 10.6 ],
					"uv": [ 0.0, 0.0 ],
					"rotationOrigin": [ 3.8, 2.4, 10.5 ],
					"faces": {
						"north": { "texture": "#ceramic", "uv": [ 0.0, 0.5, 0.5, 3.0 ] },
						"east": { "texture": "#ceramic", "uv": [ 0.5, 0.5, 1.0, 3.0 ] },
						"south": { "texture": "#ceramic", "uv": [ 1.0, 0.5, 1.5, 3.0 ] },
						"west": { "texture": "#ceramic", "uv": [ 1.5, 0.5, 2.0, 3.0 ] },
						"up": { "texture": "#ceramic", "uv": [ 0.0, 0.0, 0.5, 0.5 ] },
						"down": { "texture": "#ceramic", "uv": [ 0.5, 0.0, 1.0, 0.5 ] }
					}
				},
				{
					"name": "Cube24",
					"from": [ 7.0, 2.4, 10.5 ],
					"to": [ 7.2, 5.3, 10.6 ],
					"uv": [ 0.0, 0.0 ],
					"rotationOrigin": [ 8.0, 2.4, 10.5 ],
					"faces": {
						"north": { "texture": "#ceramic", "uv": [ 0.0, 0.5, 0.5, 3.0 ] },
						"east": { "texture": "#ceramic", "uv": [ 0.5, 0.5, 1.0, 3.0 ] },
						"south": { "texture": "#ceramic", "uv": [ 1.0, 0.5, 1.5, 3.0 ] },
						"west": { "texture": "#ceramic", "uv": [ 1.5, 0.5, 2.0, 3.0 ] },
						"up": { "texture": "#ceramic", "uv": [ 0.0, 0.0, 0.5, 0.5 ] },
						"down": { "texture": "#ceramic", "uv": [ 0.5, 0.0, 1.0, 0.5 ] }
					}
				},
				{
					"name": "feet",
					"from": [ 0.0, -1.4, 0.0 ],
					"to": [ 1.0, 1.6, 1.0 ],
					"uv": [ 0.0, 0.0 ],
					"rotationOrigin": [ 0.0, -1.4, 0.0 ],
					"rotationX": 15.0,
					"rotationZ": -15.0,
					"faces": {
						"north": { "texture": "#iron2", "uv": [ 0.0, 1.0, 1.0, 4.0 ] },
						"east": { "texture": "#ceramic", "uv": [ 1.0, 1.0, 2.0, 4.0 ] },
						"south": { "texture": "#ceramic", "uv": [ 2.0, 1.0, 3.0, 4.0 ] },
						"west": { "texture": "#ceramic", "uv": [ 3.0, 1.0, 4.0, 4.0 ] },
						"up": { "texture": "#ceramic", "uv": [ 0.0, 0.0, 1.0, 1.0 ] },
						"down": { "texture": "#ceramic", "uv": [ 1.0, 0.0, 2.0, 1.0 ] }
					},
					"children": [
						{
							"name": "Cube9",
							"from": [ -0.6029, 2.25, 8.6933 ],
							"to": [ 0.3971, 4.25, 9.6933 ],
							"uv": [ 0.0, 0.0 ],
							"rotationOrigin": [ -0.6029, 2.25, 8.6933 ],
							"rotationX": -29.1474,
							"rotationY": -7.4355,
							"rotationZ": -1.9357,
							"faces": {
								"north": { "texture": "#iron2", "uv": [ 0.0, 1.0, 1.0, 3.0 ] },
								"east": { "texture": "#ceramic", "uv": [ 1.0, 1.0, 2.0, 3.0 ] },
								"south": { "texture": "#ceramic", "uv": [ 2.0, 1.0, 3.0, 3.0 ] },
								"west": { "texture": "#ceramic", "uv": [ 3.0, 1.0, 4.0, 3.0 ] },
								"up": { "texture": "#ceramic", "uv": [ 0.0, 0.0, 1.0, 1.0 ] },
								"down": { "texture": "#ceramic", "uv": [ 1.0, 0.0, 2.0, 1.0 ] }
							}
						},
						{
							"name": "Cube10",
							"from": [ 8.6933, 2.3294, 0.0 ],
							"to": [ 9.6933, 4.3294, 1.0 ],
							"uv": [ 0.0, 0.0 ],
							"rotationOrigin": [ 8.6933, 2.3294, 0.0 ],
							"rotationZ": 30.0,
							"faces": {
								"north": { "texture": "#iron2", "uv": [ 0.0, 1.0, 1.0, 3.0 ] },
								"east": { "texture": "#ceramic", "uv": [ 1.0, 1.0, 2.0, 3.0 ] },
								"south": { "texture": "#ceramic", "uv": [ 2.0, 1.0, 3.0, 3.0 ] },
								"west": { "texture": "#ceramic", "uv": [ 3.0, 1.0, 4.0, 3.0 ] },
								"up": { "texture": "#ceramic", "uv": [ 0.0, 0.0, 1.0, 1.0 ] },
								"down": { "texture": "#ceramic", "uv": [ 1.0, 0.0, 2.0, 1.0 ] }
							}
						},
						{
							"name": "Cube8",
							"from": [ 8.1404, 4.3928, 8.7451 ],
							"to": [ 9.1404, 6.3928, 9.7451 ],
							"uv": [ 0.0, 0.0 ],
							"rotationOrigin": [ 8.1404, 4.3928, 8.7451 ],
							"rotationX": -29.1474,
							"rotationY": -7.4355,
							"rotationZ": 28.0643,
							"faces": {
								"north": { "texture": "#ceramic", "uv": [ 0.0, 1.0, 1.0, 3.0 ] },
								"east": { "texture": "#ceramic", "uv": [ 1.0, 1.0, 2.0, 3.0 ] },
								"south": { "texture": "#ceramic", "uv": [ 2.0, 1.0, 3.0, 3.0 ] },
								"west": { "texture": "#ceramic", "uv": [ 3.0, 1.0, 4.0, 3.0 ] },
								"up": { "texture": "#ceramic", "uv": [ 0.0, 0.0, 1.0, 1.0 ] },
								"down": { "texture": "#ceramic", "uv": [ 1.0, 0.0, 2.0, 1.0 ] }
							}
						}
					]
				}
			]
		}
	]}