{
	"code": "rawdecoratedflowerpot",
	"classByType": {
		"*": "Block"
	},
	"behaviorsByType": {
		"*": [
			{
				"name": "GroundStorable",
				"properties": {
					"layout": "Quadrants",
					"collisionBox": {
						"x1": 0,
						"y1": 0,
						"z1": 0,
						"x2": 1,
						"y2": 0.4375,
						"z2": 1
					}
				}
			},
			{
				"name": "Unplaceable",
				"__comment": "The ground storable obsoletes this being a block. Should be an item, but is kept a block for backwards compatibility"
			},
			{ "name": "RightClickPickup" }
		]
	},
	"behaviors": [],
	"attributes": {
		"sitHeight": 0.75,
		"filledShape": { "base": "game:block/clay/flowerpot/full" },
		"fillHeight": 0.375
	},
	"variantgroups": [
		{
			"code": "type",
			"states": [ "amber", "boneash", "celadon", "copper", "earthern", "moss", "ochre", "rutile", "seasalt", "tenmoku" ]
		}
	],
	"shape": { "base": "aldiclasses:block/clay/flowerpot/empty" },
	"doNotRenderAtLod2": true,
	"creativeinventory": {
		"general": [ "*" ],
		"decorative": [ "*" ]
	},
	"blockmaterial": "Ceramic",
	"replaceable": 900,
	"resistance": 1.5,
	"lightAbsorption": 1,
	"maxStackSize": 8,
	"texturesByType": {
		"*": {
			"sides": { "base": "aldiclasses:block/clay/flowerpot/sides/{type}" },
			"topbottom": { "base": "aldiclasses:block/clay/flowerpot/topbottom/{type}" },
			"soil": { "base": "game:block/clay/planter/soil" }
		}
	},
	"sidesolid": {
		"all": false
	},
	"sideopaque": {
		"all": false
	},
	"emitsideao": {
		"all": false
	},
	"sounds": {
		"walk": "game:walk/stone",
		"break": "game:block/ceramicplace",
		"hit": "game:block/ceramichit",
		"place": "game:block/ceramicplace"
	},
	"combustiblePropsByType": {
		"rawdecoratedflowerpot-*": {
			"meltingPoint": 600,
			"meltingDuration": 30,
			"smeltedRatio": 1,
			"smeltingType": "fire",
			"smeltedStack": {
				"type": "block",
				"code": "game:flowerpot-{type}"
			},
			"requiresContainer": false
		}
	},
	"collisionbox": {
		"x1": 0.3125,
		"y1": 0,
		"z1": 0.3125,
		"x2": 0.6875,
		"y2": 0.4375,
		"z2": 0.6875
	},
	"selectionbox": {
		"x1": 0.3125,
		"y1": 0,
		"z1": 0.3125,
		"x2": 0.6875,
		"y2": 0.4375,
		"z2": 0.6875
	},
	"tpHandTransform": {
		"translation": {
			"x": -1.25,
			"y": -0.56,
			"z": -1.16
		},
		"rotation": {
			"x": -111,
			"y": 65,
			"z": -95
		},
		"origin": {
			"x": 0.5,
			"y": 0.2,
			"z": 0.5
		},
		"scale": 0.45
	},
	"guiTransform": {
		"origin": {
			"x": 0.5,
			"y": 0.3,
			"z": 0.5
		},
		"scale": 1.5
	}



}
