[
	{
    "side": "Server",
	"file": "game:entities/animal/bird/chicken-adult.json",
    "op": "replace",	
	"path": "/server/behaviors/3",
	"value": {
		"code": "health",
		"currenthealthByType": {
			"chicken-rooster": 3,
			"chicken-hen": 2,
			"chicken-henpoult": 1,
			"chicken-roosterpoult": 1,
					},
			"maxhealthByType": {
			"chicken-rooster": 3,
			"chicken-hen": 2,
			"chicken-henpoult": 1.5,
			"chicken-roosterpoult": 1.5,
					},
			},


	
	},
	{
	"side": "Server",
    "file": "game:entities/animal/bird/chicken-baby.json",
    "op": "replace",	
	"path": "/server/behaviors/3",
	"value": {
		"code": "health",
		"currenthealth": 1,
		"maxhealth": 1,
			},
	},
							
	{
    "side": "Server",
    "file": "game:entities/animal/bird/chicken-adult.json",
    "op": "replace",
    "path": "/server/behaviors/5/drops",
    "value": [
				{ 
					"type": "item",
					"code": "feather",
					"quantityByType": {
						"chicken-rooster": {"avg": 15,"var": 5},
						"chicken-hen": {"avg": 10,"var": 3},
						"chicken-henpoult": {"avg": 5,"var": 2},
						"chicken-roosterpoult": {"avg": 5,"var": 2},
										},
				},						
				{
					"type": "item", 
					"code": "poultry-raw",
						"quantityByType": {
						"chicken-rooster": {"avg": 5,"var": 3},
						"chicken-hen": {"avg": 4,"var": 2},
						"chicken-henpoult": {"avg": 3,"var": 1.5},
						"chicken-roosterpoult": {"avg": 3,"var": 1.5},
											},
				},							
				{
					"type": "item", 
					"code": "redmeat-raw",
					"quantityByType": {
						"chicken-rooster": {"avg": 3,"var": 0},
						"chicken-hen": {"avg": 2,"var": 0},
						"chicken-henpoult": {"avg": 1,"var": 0.5},
						"chicken-roosterpoult": {"avg": 1,"var": 0.5},					
										}
				},						
			],
	},

  {
    "side": "Server",
    "file": "game:entities/animal/bird/chicken-adult.json",
    "op": "replace",
    "path": "/client/sizeByType",
    "value": { 
		"*-roosterpoult": 0.72, 
		"*-rooster":1.2, 
		"*": 1 
				},
  },

  {
    "side": "Server",
    "op": "replace",
    "file": "game:entities/animal/bird/chicken-baby.json",
    "path": "/server/behaviors/6/drops",
    "value": [
				{
					"type": "item", 
					"code": "feather", 
					"quantity": {"avg":2,"var":1},
				},
				{
					"type": "item", 
					"code": "redmeat-raw", 
					"quantity": { "avg": 1, "var": 0 }, 
				}
			],
	},

]
