[
  {
    "side": "Server",
    "file": "game:entities/animal/mammal/hyena-adult.json",
    "op": "replace",
    "path": "/server/behaviors/4",
		"value": {
			"code": "health",
         	"currenthealthByType": {
							"*-adult-male": 16,
							"*-adult-female": 20,
								},
			"maxhealthByType": {
							"*-adult-male": 16,
							"*-adult-female": 20,
							},
        		},
  },
  {
    "side": "Server",
    "file": "game:entities/animal/mammal/hyena-adult.json",
    "op": "replace",
    "path": "/server/behaviors/7/drops",
    "value": [
				{ 
					"type": "item",
					"code": "hide-raw-large",
					"quantityByType": {
							"*-adult-male": {"avg":1,"var":0},
							"*-adult-female": {"avg":1,"var":0},
										},
				},
				{ 
					"type": "item",
					"code": "fat",
					"quantityByType": {
							"*-adult-male": {"avg":2,"var":1},
							"*-adult-female": {"avg":4,"var":1.5},
										},
				},
				{
					"type": "item", 
					"code": "bushmeat-raw",
					"quantityByType": {
							"*-adult-male": {"avg":15,"var":5},
							"*-adult-female": {"avg":17,"var":6},
										},
				},
				{
					"type": "item", 
					"code": "redmeat-raw",
					"quantityByType": {
							"*-adult-male": {"avg":16,"var":0},
							"*-adult-female": {"avg":20,"var":0},
										},
				},
			],
  },
    {
    "side": "Server",
    "file": "game:entities/animal/mammal/hyena-baby.json",
    "op": "replace",
    "path": "/server/behaviors/4",
		"value": {
			"code": "health",
         	"currenthealthByType": {
							"*-baby-*": 4,
								},
		"maxhealthByType": {
							"*-baby-*": 4,
							},
        		},
  },
  {
    "side": "Server",
    "file": "game:entities/animal/mammal/hyena-baby.json",
    "op": "replace",
    "path": "/server/behaviors/7/drops",
    "value": [
				{ 
					"type": "item",
					"code": "hide-raw-small",
					"quantityByType": {
							"*-baby-*": {"avg":1,"var":0},
										},
				},
				{ 
					"type": "item",
					"code": "fat",
					"quantityByType": {
							"*-baby-*": {"avg":1.5,"var":1},
										},
				},
				{
					"type": "item", 
					"code": "bushmeat-raw", 
					"quantityByType": {
							"*-baby-*": { "avg": 3, "var": 1 }, 
										},
				},
				{
					"type": "item", 
					"code": "redmeat-raw", 
					"quantityByType": {
							"*-baby-*": { "avg": 4, "var": 0 } ,
										},
				},
			],
  }
]