[
  {
    "side": "Server",
    "file": "game:entities/animal/mammal/hare-adult.json",
    "op": "replace",
    "path": "/server/behaviors/4",
		"value": {
			"code": "health",
         	"currenthealthByType": {
							"*-adult-male": 3,
							"*-adult-female": 2,
								},
			"maxhealthByType": {
							"*-adult-male": 3,
							"*-adult-female": 2,
							},
        		},
  },
  {
    "side": "Server",
    "file": "game:entities/animal/mammal/hare-adult.json",
    "op": "replace",
    "path": "/server/behaviors/7/drops",
    "value": [
				{ 
					"type": "item",
					"code": "hide-raw-small",
					"quantityByType": {
							"*-adult-male": {"avg":1,"var":0},
							"*-adult-female": {"avg":1,"var":0},
										},
				},
				{ 
					"type": "item",
					"code": "fat",
					"quantityByType": {
							"*": {"avg":0,"var":0},
										},
				},
				{
					"type": "item", 
					"code": "bushmeat-raw",
					"quantityByType": {
							"*-adult-male": {"avg":4,"var":2},
							"*-adult-female": {"avg":2,"var":2},
										},
				},
				{
					"type": "item", 
					"code": "redmeat-raw",
					"quantityByType": {
							"*-adult-male": {"avg":3,"var":0},
							"*-adult-female": {"avg":2,"var":0},
										},
				},
			],

  },
  {
    "side": "Server",
    "file": "game:entities/animal/mammal/hare-baby.json",
    "op": "replace",
    "path": "/server/behaviors/3",
		"value": {
			"code": "health",
         	"currenthealthByType": {
							"*-baby-*": 1,
								},
			"maxhealthByType": {
							"*-baby-*": 1,
							},
        		},
  },
  {
    "side": "Server",
    "file": "game:entities/animal/mammal/hare-baby.json",
    "op": "replace",
    "path": "/server/behaviors/6/drops",
    "value": [
				{
					"type": "item", 
					"code": "redmeat-raw",
					"quantityByType": {
							"*-baby-*": {"avg":1,"var":0},
										},
				},
			],
  },
]
