[
  {
    "side": "Server",
    "file": "game:entities/animal/mammal/hooved/pig-adult.json",
    "op": "replace",
    "path": "/server/behaviors/3",
		"value": {
			"code": "health",
         	"currenthealthByType": {
							"*-adult-male": 25,
							"*-adult-female": 20,
								},
			"maxhealthByType": {
							"*-adult-male": 25,
							"*-adult-female": 20,
							},
        		},
  },

  {
    "side": "Server",
    "file": "game:entities/animal/mammal/hooved/pig-adult.json",
    "op": "replace",
    "path": "/server/behaviors/6/drops",
    "value": [
				{ 
					"type": "item",
					"code": "hide-raw-large",
					"quantityByType": {
							"*-adult-male": {"avg": 1,"var": 0},
							"*-adult-female": {"avg": 1,"var": 0},
										},
				},
				{ 
					"type": "item",
					"code": "fat",
					"quantityByType": {
							"*-adult-male": {"avg": 8,"var": 3},
							"*-adult-female": {"avg": 12,"var": 6},
										},
				},
				{
					"type": "item", 
					"code": "bushmeat-raw",
					"quantityByType": {
							"*-adult-male": {"avg": 28,"var": 10},
							"*-adult-female": {"avg": 16,"var": 6},
										},
				},
				{
					"type": "item", 
					"code": "redmeat-raw",
					"quantityByType": {
							"*-adult-male": {"avg": 25,"var": 0},
							"*-adult-female": {"avg": 20,"var": 0},
										},
				},
			],
  },
    {
    "side": "Server",
    "file": "game:entities/animal/mammal/hooved/pig-baby.json",
    "op": "replace",
    "path": "/server/behaviors/2",
		"value": {
			"code": "health",
         	"currenthealthByType": {
							"*-baby-*": 4,
								},
		"maxhealthByType": {
							"*-baby-*": 4,
							},
        		},
  },
  {
    "side": "Server",
    "file": "game:entities/animal/mammal/hooved/pig-baby.json",
    "op": "replace",
    "path": "/server/behaviors/6/drops",
    "value": [
				{ 
					"type": "item",
					"code": "hide-raw-small",
					"quantityByType": {
							"*-baby-*": {"avg": 1,"var": 0},
										},
				},
				{ 
					"type": "item",
					"code": "fat",
					"quantityByType": {
							"*-baby-*": {"avg": 2,"var": 2},
										},
				},
				{
					"type": "item", 
					"code": "bushmeat-raw", 
					"quantityByType": {
							"*-baby-*": { "avg": 2, "var": 2 }, 
										},
				},
				{
					"type": "item", 
					"code": "redmeat-raw", 
					"quantityByType": {
							"*-baby-*": { "avg": 4, "var": 0 },
										},
				},
			],
  },
]