[
  {
    "side": "Server",
    "file": "game:entities/animal/mammal/fox-adult.json",
    "op": "replace",
    "path": "/server/behaviors/4",
		"value": {
			"code": "health",
         	"currenthealthByType": {
							"*-adult-male": 4,
							"*-adult-female": 3,
								},
			"maxhealthByType": {
							"*-adult-male": 4,
							"*-adult-female": 3,
							},
        		},
  },
  {
    "side": "Server",
    "file": "game:entities/animal/mammal/fox-adult.json",
    "op": "replace",
    "path": "/server/behaviors/7/drops",
    "value": [
				{ 
					"type": "item",
					"code": "hide-raw-small",
					"quantityByType": {
							"*-adult-male": {"avg":1,"var":0},
							"*-adult-female": {"avg":1,"var":0},
										},
				},
				{ 
					"type": "item",
					"code": "fat",
					"quantityByType": {
							"*-adult-male": {"avg":1,"var":0.5},
							"*-adult-female": {"avg":2,"var":1},
										},
				},
				{
					"type": "item", 
					"code": "bushmeat-raw",
					"quantityByType": {
							"*-adult-male": {"avg":3,"var":2},
							"*-adult-female": {"avg":2,"var":2},
										},
				},
				{
					"type": "item", 
					"code": "redmeat-raw",
					"quantityByType": {
							"*-adult-male": {"avg":4,"var":0},
							"*-adult-female": {"avg":3,"var":0},
										},
				},
			],

  },
    {
    "side": "Server",
    "file": "game:entities/animal/mammal/fox-baby.json",
    "op": "replace",
    "path": "/server/behaviors/4",
		"value": {
			"code": "health",
         	"currenthealthByType": {
							"*-baby-*": 1,
								},
		"maxhealthByType": {
							"*-baby-*": 1,
							},
        		},
  },
  {
    "side": "Server",
    "file": "game:entities/animal/mammal/fox-baby.json",
    "op": "replace",
    "path": "/server/behaviors/7/drops",
    "value": [
				{ 
					"type": "item",
					"code": "fat",
					"quantityByType": {
							"*-baby-*": {"avg":0.5,"var":0.5},
										},
				},
				{
					"type": "item", 
					"code": "bushmeat-raw", 
					"quantityByType": {
							"*-baby-*": { "avg": 0.5, "var": 0.5 }, 
										},
				},
				{
					"type": "item", 
					"code": "redmeat-raw", 
					"quantityByType": {
							"*-baby-*": { "avg": 1, "var": 0 },
										},
				},
			],
  },

]

