[
  {
    "side": "Server",
    "file": "game:entities/animal/mammal/hooved/gazelle-adult.json",
    "op": "replace",
    "path": "/server/behaviors/3",
		"value": {
			"code": "health",
         	"currenthealthByType": {
							"*-adult-male": 10,
							"*-adult-female": 8,
								},
			"maxhealthByType": {
							"*-adult-male": 10,
							"*-adult-female": 8,
							},
        		},
  },
  {
    "side": "Server",
    "file": "game:entities/animal/mammal/hooved/gazelle-adult.json",
    "op": "replace",
    "path": "/server/behaviors/6/drops",
    "value": [
				{ 
					"type": "item",
					"code": "hide-raw-medium",
					"quantityByType": {
							"*-adult-male": {"avg": 1,"var": 0},
							"*-adult-female": {"avg": 1,"var": 0},
										},
				},
				{ 
					"type": "item",
					"code": "fat",
					"quantityByType": {
							"*-adult-male": {"avg": 0.5,"var": 1},
							"*-adult-female": {"avg": 2,"var": 2},
										},
				},
				{
					"type": "item", 
					"code": "bushmeat-raw",
					"quantityByType": {
							"*-adult-male": {"avg": 7,"var": 3},
							"*-adult-female": {"avg": 5,"var": 2},
										},
				},
				{
					"type": "item", 
					"code": "redmeat-raw",
					"quantityByType": {
							"*-adult-male": {"avg": 10,"var": 0},
							"*-adult-female": {"avg": 8,"var": 0},
										},
				},
			],
  },
    {
    "side": "Server",
    "file": "game:entities/animal/mammal/hooved/gazelle-baby.json",
    "op": "replace",
    "path": "/server/behaviors/3",
		"value": {
			"code": "health",
         	"currenthealthByType": {
							"*-baby-*": 3,
								},
			"maxhealthByType": {
							"*-baby-*": 3,
							},
        		},
  },
  {
    "side": "Server",
    "file": "game:entities/animal/mammal/hooved/gazelle-baby.json",
    "op": "replace",
    "path": "/server/behaviors/6/drops",
    "value": [
				{ 
					"type": "item",
					"code": "hide-raw-small",
					"quantityByType": {
							"*-baby-*": {"avg": 1,"var": 0},
										},
				},
				{ 
					"type": "item",
					"code": "fat",
					"quantityByType": {
							"*-baby-*": {"avg": 1,"var": 1},
										},
				},
				{
					"type": "item", 
					"code": "bushmeat-raw", 
					"quantityByType": {
							"*-baby-*": { "avg": 1, "var": 1 }, 
										},
				},
				{
					"type": "item", 
					"code": "redmeat-raw", 
					"quantityByType": {
							"*-baby-*": { "avg": 3, "var": 0 } ,
										},
				},
			],
  },
]