[
  {
    "side": "Server",
    "file": "game:entities/animal/mammal/wolf-adult.json",
    "op": "replace",
    "path": "/server/behaviors/3",
		"value": {
			"code": "health",
         	"currenthealthByType": {
							"*-adult-male": 20,
							"*-adult-female": 15,
								},
			"maxhealthByType": {
							"*-adult-male": 20,
							"*-adult-female": 15,
							},
        		},
  },
    {
    "side": "Server",
    "file": "game:entities/animal/mammal/wolf-adult.json",
    "op": "replace",
    "path": "/server/behaviors/6/drops",
    "value": [
				{ 
					"type": "item",
					"code": "hide-raw-large",
					"quantityByType": {
							"*-adult-male": {"avg":1,"var":0},
							"*-adult-female": {"avg":1,"var":0},
										},
				},
				{ 
					"type": "item",
					"code": "fat",
					"quantityByType": {
							"*-adult-male": {"avg":5,"var":1},
							"*-adult-female": {"avg":8,"var":3},
										},
				},
				{
					"type": "item", 
					"code": "bushmeat-raw",
					"quantityByType": {
							"*-adult-male": {"avg":12,"var":5},
							"*-adult-female": {"avg":10,"var":5},
										},
				},
				{
					"type": "item", 
					"code": "redmeat-raw",
					"quantityByType": {
							"*-adult-male": {"avg":20,"var":0},
							"*-adult-female": {"avg":15,"var":0},
										},
				},
			],
  },
  {
	"side": "Server",
    "file": "game:entities/animal/mammal/wolf-baby.json",
    "op": "replace",
    "path": "/server/behaviors/3",
		"value": {
			"code": "health",
         	"currenthealthByType": {
							"*-baby-*": 4,
								},
		"maxhealthByType": {
							"*-baby-*": 4,
							},
        		},
  },
  {
    "side": "Server",
    "file": "game:entities/animal/mammal/wolf-baby.json",
    "op": "replace",
    "path": "/server/behaviors/6/drops",
    "value": [
				{ 
					"type": "item",
					"code": "hide-raw-small",
					"quantityByType": {
							"*-baby-*": {"avg":1,"var":0},
										},
				},
				{ 
					"type": "item",
					"code": "fat",
					"quantityByType": {
							"*-baby-*": {"avg":1.5,"var":1},
										},
				},
				{
					"type": "item", 
					"code": "bushmeat-raw", 
					"quantityByType": {
							"*-baby-*": { "avg": 3, "var": 2 }, 
										},
				},
				{
					"type": "item", 
					"code": "redmeat-raw", 
					"quantityByType": {
							"*-baby-*": { "avg": 4, "var": 0 },
										},
				},
			],
  },
]