[
	{	
		"side": "Server",
		"file": "game:entities/animal/mammal/hooved/deer-adult.json",
		"op": "replace",
		"path": "/server/behaviors/4",
		"value": {
			"code": "health",
         	"currenthealthByType": {
					"deer-guemal-adult-male": 20,
					"deer-guemal-adult-female": 16,
					"deer-taruca-adult-male": 19,
					"deer-taruca-adult-female": 14,
					"deer-chital-adult-male": 21,
					"deer-chital-adult-female": 12,
					"deer-redbrocket-adult-male": 10,
					"deer-redbrocket-adult-female": 6,
					"deer-water-adult-male": 6,
					"deer-water-adult-female": 4,
					"deer-pudu-adult-male": 6,
					"deer-pudu-adult-female": 4,
					"deer-elk-adult-male": 35,
					"deer-elk-adult-female": 30,
					"deer-caribou-adult-male": 25,
					"deer-caribou-adult-female": 20,
					"deer-pampas-adult-male": 8,
					"deer-pampas-adult-female": 6,
					"*-adult-male": 21,
					"*-adult-female": 15,
				},
		"maxhealthByType": {
					"deer-guemal-adult-male": 20,
					"deer-guemal-adult-female": 16,
					"deer-taruca-adult-male": 19,
					"deer-taruca-adult-female": 14,
					"deer-chital-adult-male": 21,
					"deer-chital-adult-female": 12,
					"deer-redbrocket-adult-male": 10,
					"deer-redbrocket-adult-female": 6,
					"deer-water-adult-male": 6,
					"deer-water-adult-female": 4,
					"deer-pudu-adult-male": 6,
					"deer-pudu-adult-female": 4,
					"deer-elk-adult-male": 35,
					"deer-elk-adult-female": 30,
					"deer-caribou-adult-male": 25,
					"deer-caribou-adult-female": 20,
					"deer-pampas-adult-male": 8,
					"deer-pampas-adult-female": 6,
					"*-adult-male": 21,
					"*-adult-female": 15,
							},
        		},
	},
	{	
		"side": "Server",
		"file": "game:entities/animal/mammal/hooved/deer-adult.json",
		"op": "replace",
		"path": "/server/behaviors/7/drops",
		"value": [
                {
                    "type": "item",
                    "code": "hide-raw-huge",
                    "quantityByType": {
                            "deer-elk-adult-*": {"avg": 1, "var": 0},
                            "*":  {"avg": 0, "var": 0},
                        		},
                },
                {
                    "type": "item",
                    "code": "hide-raw-large",
                    "quantityByType": {
                            "deer-guemal-adult-*": {"avg": 1, "var": 0},
                            "deer-chital-adult-*": {"avg": 1, "var": 0},
							"deer-caribou-adult-*": {"avg": 1, "var": 0},							
							"deer-whitetail-adult-*": {"avg": 1, "var": 0},
							"deer-marsh-adult-*": {"avg": 1, "var": 0}, 
							"deer-fallow-adult-*": {"avg": 1, "var": 0},     							
							"*":  {"avg": 0, "var": 0},
                        		},
                },
                {
                    "type": "item",
                    "code": "hide-raw-medium",
                    "quantityByType": {
						"deer-redbrocket-adult-*": {"avg": 1, "var": 0},
						"deer-pampas-adult-*": {"avg": 1, "var": 0},
						"*": {"avg": 0, "var": 0},
					},
                },
				                {
                    "type": "item",
                    "code": "hide-raw-small",
                    "quantityByType": {
						"deer-water-adult-*": {"avg": 1, "var": 0},
						"deer-pudu-adult-*": {"avg": 1, "var": 0},
						"*": {"avg": 0, "var": 0},
					},
                },
				                {
                    "type": "item",
                    "code": "fat",
                    "quantityByType": {
					"deer-guemal-adult-male": {"avg": 4, "var": 1.5},
					"deer-guemal-adult-female": {"avg": 7, "var": 5},
					"deer-taruca-adult-male": {"avg": 3, "var": 1.5},
					"deer-taruca-adult-female": {"avg": 5, "var": 3},
					"deer-chital-adult-male": {"avg": 3, "var": 1.5},
					"deer-chital-adult-female": {"avg": 5, "var": 3},
					"deer-redbrocket-adult-male": {"avg": 0.8, "var": 0.5},
					"deer-redbrocket-adult-female": {"avg": 2, "var": 1},
					"deer-water-adult-male": {"avg": 0.8, "var": 0.5},
					"deer-water-adult-female": {"avg": 1.5, "var": 1},
					"deer-pudu-adult-male": {"avg": 0.8, "var": 0.5},
					"deer-pudu-adult-female": {"avg": 1.5, "var": 1},
					"deer-elk-adult-male": {"avg": 10, "var": 5},
					"deer-elk-adult-female": {"avg": 20, "var": 10},
					"deer-caribou-adult-male": {"avg": 7, "var": 5},
					"deer-caribou-adult-female": {"avg": 10, "var": 8},
					"deer-pampas-adult-male": {"avg": 0.8, "var": 0.5},
					"deer-pampas-adult-female": {"avg": 2, "var": 1},
					"*-adult-male": {"avg": 5, "var": 2},
					"*-adult-female": {"avg": 7, "var": 5},
                    			},
                },
                {
                    "type": "item",
                    "code": "bushmeat-raw",
                    "quantityByType": {
					"deer-guemal-adult-male": {"avg": 22, "var": 9},
					"deer-guemal-adult-female": {"avg": 12, "var": 7},
					"deer-taruca-adult-male": {"avg": 21, "var": 9},
					"deer-taruca-adult-female": {"avg":11, "var": 7},
					"deer-chital-adult-male": {"avg": 23, "var": 8},
					"deer-chital-adult-female": {"avg": 10, "var": 6},
					"deer-redbrocket-adult-male": {"avg": 12, "var": 7},
					"deer-redbrocket-adult-female": {"avg": 5, "var": 4},
					"deer-water-adult-male": {"avg": 6, "var": 5},
					"deer-water-adult-female": {"avg": 4, "var": 3},
					"deer-pudu-adult-male": {"avg": 6, "var": 5},
					"deer-pudu-adult-female": {"avg": 4, "var": 3},
					"deer-elk-adult-male": {"avg": 37, "var": 14},
					"deer-elk-adult-female": {"avg": 25, "var": 11},
					"deer-caribou-adult-male": {"avg": 27, "var": 12},
					"deer-caribou-adult-female": {"avg": 16, "var": 8},
					"deer-pampas-adult-male": {"avg": 6, "var": 5},
					"deer-pampas-adult-female": {"avg": 4, "var": 3},
					"*-adult-male": {"avg": 22, "var": 9},
					"*-adult-female": {"avg": 11, "var": 7},
                    			},
                },
                {
                    "type": "item",
                    "code": "redmeat-raw",
                    "quantityByType": {
					"deer-guemal-adult-male": {"avg": 20, "var": 0},
					"deer-guemal-adult-female": {"avg": 16, "var": 0},
					"deer-taruca-adult-male": {"avg": 19, "var": 0},
					"deer-taruca-adult-female": {"avg": 14, "var": 0},
					"deer-chital-adult-male": {"avg": 21, "var": 0},
					"deer-chital-adult-female": {"avg": 12, "var": 0},
					"deer-redbrocket-adult-male": {"avg": 10, "var": 0},
					"deer-redbrocket-adult-female": {"avg": 6, "var": 0},
					"deer-water-adult-male": {"avg": 6, "var": 0},
					"deer-water-adult-female": {"avg": 4, "var": 0},
					"deer-pudu-adult-male": {"avg": 6, "var": 0},
					"deer-pudu-adult-female": {"avg": 4, "var": 0},
					"deer-elk-adult-male": {"avg": 35, "var": 0},
					"deer-elk-adult-female": {"avg": 30, "var": 0},
					"deer-caribou-adult-male": {"avg": 25, "var": 0},
					"deer-caribou-adult-female": {"avg": 20, "var": 0},
					"deer-pampas-adult-male": {"avg": 8, "var": 0},
					"deer-pampas-adult-female": {"avg": 6, "var": 0},
					"*-adult-male": {"avg": 21, "var": 0},
					"*-adult-female": {"avg": 15, "var": 0},
                    			},
                },				
			],
	},
    {
    "side": "Server",
    "file": "game:entities/animal/mammal/hooved/deer-baby.json",
    "op": "replace",
    "path": "/server/behaviors/4",
		"value": {
			"code": "health",
         	"currenthealthByType": {
					"deer-elk-*": 8,
					"deer-caribou-*": 6,										
					"deer-pampas-*": 2,
					"deer-redbrocket-*": 2,
					"deer-pudu-*": 1,
					"deer-water-*": 1,
					"*-baby-*": 5,
								},
		"maxhealthByType": {
					"deer-elk-*": 9,
					"deer-caribou-*": 7,										
					"deer-pampas-*": 2,
					"deer-redbrocket-*": 2,
					"deer-pudu-*": 1,
					"deer-water-*": 1,
					"*-baby-*": 5,
							},
        		},
  },
  {
    "side": "Server",
    "file": "game:entities/animal/mammal/hooved/deer-baby.json",
    "op": "replace",
    "path": "/server/behaviors/7/drops",
    "value": [
				    {
                    "type": "item",
                    "code": "hide-raw-medium",
                    "quantityByType": {
							"deer-elk-*": {"avg": 1, "var": 0},
							"deer-caribou-*": {"avg": 1, "var": 0},
						"*": {"avg": 0, "var": 0},
					},
                },
				{ 
					"type": "item",
					"code": "hide-raw-small",
					"quantityByType": {									
							"deer-pampas-*": {"avg": 1, "var": 0},
							"deer-pudu-*": {"avg": 1, "var": 0},
							"deer-water-*": {"avg": 1, "var": 0},
							"*-baby-*": {"avg": 1, "var": 0},
							"deer-elk-*": {"avg": 0, "var": 0},
							"deer-caribou-*": {"avg": 0, "var": 0},
										},
				},
				{ 
					"type": "item",
					"code": "fat",
					"quantityByType": {
							"deer-elk-*": {"avg": 3, "var": 0.8},
							"deer-caribou-*": {"avg": 2, "var": 0.8},
							"deer-pampas-*": {"avg": 1, "var": 0.5},
							"deer-redbrocket-*": {"avg": 1, "var": 0.5},
							"deer-pudu-*": {"avg": 0.8, "var": 0.3},
							"deer-water-*": {"avg": 0.8, "var": 0.3},
							"*": {"avg": 1.5,"var": 1},
										},
				},
				{
					"type": "item", 
					"code": "bushmeat-raw", 
					"quantityByType": {
							"deer-elk-*": {"avg": 5, "var": 3},
							"deer-caribou-*": {"avg": 4, "var": 3},
							"deer-pampas-*": {"avg": 2, "var": 1},
							"deer-redbrocket-*": {"avg": 2, "var": 1},
							"deer-pudu-*": {"avg": 1, "var": 0.5},
							"deer-water-*": {"avg": 1, "var": 0.5},
							"*": {"avg": 3,"var": 1.5},
										},
				},
				{
					"type": "item", 
					"code": "redmeat-raw", 
					"quantityByType": {
					"deer-elk-*": {"avg": 9, "var": 0},
					"deer-caribou-*": {"avg": 7, "var": 0},			
					"deer-pampas-*": {"avg": 2, "var": 0},
					"deer-redbrocket-*": {"avg": 2, "var": 0},
					"deer-pudu-*": {"avg": 1, "var": 0},
					"deer-water-*": {"avg": 1, "var": 0},
					"*": {"avg": 5, "var": 0},
										},
				},
			],
  },
]