{
    "ingredientPattern": "_MC,LSW,SB_",
    "ingredients": {
      "S": { "type": "block", "code": "game:supportbeam-*", "name": "wood", "allowedVariants": ["oak"] },
      "M": { "type": "item", "code": "game:metalbit-*", "name": "metal", "allowedVariants": ["brass"], "quantity": 1 },
      "W": { "type": "item", "code": "game:wrench-*", "name": "metal", "allowedVariants": ["blackbronze"], "quantity": 1 },
      "B": { "type": "item", "code": "game:metalnailsandstrips-*", "name": "metal", "allowedVariants": ["blackbronze"], "quantity": 1 },
      "L": { "type": "item", "code": "game:leather-normal-plain", "quantity": 1 },
      "C": { "type": "item", "code": "game:clearquartz", "quantity": 1 }
    },
    "width": 3,
    "height": 3,
    "output": { "type": "item", "code": "walkingstick-architect", "quantity": 1 }
  }