{
    "code": "creature",
    "class": "ItemCreature",
    "maxstacksize": 64,
    "variantgroups": [
        {
            "code": "type",
            "states": [
                "riversturgeon-male",
                "riversturgeon-female",
                "brooktrout-male",
                "brooktrout-female",
                "europeanperch-male",
                "europeanperch-female",
                "pike-male",
                "pike-female",
                "blackbass-male",
                "blackbass-female",
                "commoncarp-male",
                "commoncarp-female",
                "rainbowtrout-male",
                "rainbowtrout-female",
                "walleye-male",
                "walleye-female"
            ]
        }
    ],
    "shapeByType": {
        "creature-riversturgeon-*": {
            "base": "game:entity/animal/fish/saltwater/sturgeon-adult"
        },
        "creature-brooktrout-*": {
            "base": "game:entity/animal/fish/saltwater/salmon-adult"
        },
        "creature-europeanperch-*": {
            "base": "game:entity/animal/fish/saltwater/wreckfish-adult"
        },
        "creature-pike-*": {
            "base": "game:entity/animal/fish/saltwater/barracuda-adult"
        },
        "creature-blackbass-*": {
            "base": "game:entity/animal/fish/saltwater/grouper-adult"
        },
        "creature-commoncarp-*": {
            "base": "game:entity/animal/fish/saltwater/bream-adult"
        },
        "creature-rainbowtrout-*": {
            "base": "game:entity/animal/fish/saltwater/mackerel-adult"
        },
        "creature-walleye-*": {
            "base": "game:entity/animal/fish/saltwater/hake-adult"
        }
    },
    "texturesByType": {
        "creature-riversturgeon-*": {
            "skin": {
                "base": "riverfish:entity/animal/fish/riversturgeon"
            }
        },
        "creature-brooktrout-*": {
            "skin": {
                "base": "riverfish:entity/animal/fish/brooktrout"
            }
        },
        "creature-europeanperch-*": {
            "skin": {
                "base": "riverfish:entity/animal/fish/europeanperch"
            }
        },
        "creature-pike-*": {
            "skin": {
                "base": "riverfish:entity/animal/fish/pike"
            }
        },
        "creature-blackbass-*": {
            "skin": {
                "base": "riverfish:entity/animal/fish/blackbass"
            }
        },
        "creature-commoncarp-*": {
            "skin": {
                "base": "riverfish:entity/animal/fish/commoncarp"
            }
        },
        "creature-rainbowtrout-*": {
            "mackerel1": {
                "base": "riverfish:entity/animal/fish/rainbowtrout"
            }
        },
        "creature-walleye-*": {
            "skin": {
                "base": "riverfish:entity/animal/fish/walleye"
            }
        }
    },
    "creativeinventory": {
        "general": [
            "*"
        ],
        "items": [
            "*"
        ],
        "creatures": [
            "*"
        ]
    },
    "guiTransform": {
        "rotation": {
            "x": 180,
            "y": -57,
            "z": 24
        },
        "origin": {
            "x": 0.3,
            "y": 0.2,
            "z": 0.45
        },
        "scale": 2.46
    },
    "tpHandTransform": {
        "translation": {
            "x": -1,
            "y": -0.2,
            "z": -0.6
        },
        "rotation": {
            "x": -66,
            "y": -158,
            "z": 116
        },
        "origin": {
            "x": 0.5,
            "y": 0.2,
            "z": 0.5
        },
        "scale": 0.61
    },
    "groundTransform": {
        "translation": {
            "x": 0.2,
            "y": 0,
            "z": 0
        },
        "rotation": {
            "x": -8,
            "y": -63,
            "z": -7
        }
    }
}