{
	"editor": {
		"collapsedPaths": "Root/main/middle/2,Root/main/middle/1,Root/main/middle/3,Root/main/middle/0",
		"allAngles": false,
		"entityTextureMode": false
	},
	"textureWidth": 16,
	"textureHeight": 16,
	"textureSizes": {
		"material": [16,16]
	},
	"textures": {
	},
	"elements": [
		{
			"name": "main",
			"from": [ 6.0, 2.0, 8.0 ],
			"to": [ 6.0, 2.0, 8.0 ],
			"rotationOrigin": [ 6.0, 2.0, 8.0 ],
			"faces": {
				"north": { "texture": "#null", "uv": [ 0.0, 0.0, 0.5, 0.5 ], "enabled": false },
				"east": { "texture": "#null", "uv": [ 0.0, 0.0, 0.5, 0.5 ], "enabled": false },
				"south": { "texture": "#null", "uv": [ 0.0, 0.0, 0.5, 0.5 ], "enabled": false },
				"west": { "texture": "#null", "uv": [ 0.0, 0.0, 0.5, 0.5 ], "enabled": false },
				"up": { "texture": "#null", "uv": [ 0.0, 0.0, 0.5, 0.5 ], "enabled": false },
				"down": { "texture": "#null", "uv": [ 0.0, 0.0, 0.5, 0.5 ], "enabled": false }
			},
			"children": [
				{
					"name": "middle",
					"from": [ 0.0, 0.0, 0.0 ],
					"to": [ 0.0, 0.0, 0.0 ],
					"rotationOrigin": [ -1.0, 2.0, -0.2 ],
					"faces": {
						"north": { "texture": "#null", "uv": [ 0.0, 0.0, 0.5, 0.5 ], "enabled": false },
						"east": { "texture": "#null", "uv": [ 0.0, 0.0, 0.5, 0.5 ], "enabled": false },
						"south": { "texture": "#null", "uv": [ 0.0, 0.0, 0.5, 0.5 ], "enabled": false },
						"west": { "texture": "#null", "uv": [ 0.0, 0.0, 0.5, 0.5 ], "enabled": false },
						"up": { "texture": "#null", "uv": [ 0.0, 0.0, 0.5, 0.5 ], "enabled": false },
						"down": { "texture": "#null", "uv": [ 0.0, 0.0, 0.5, 0.5 ], "enabled": false }
					},
					"children": [
						{
							"name": "1",
							"from": [ 0.0, 0.0, 0.0 ],
							"to": [ 0.0, 0.0, 0.0 ],
							"rotationOrigin": [ 0.0, 0.0, 0.0 ],
							"rotationZ": 45.0,
							"faces": {
								"north": { "texture": "#null", "uv": [ 0.0, 0.0, 0.5, 0.5 ], "enabled": false },
								"east": { "texture": "#null", "uv": [ 0.0, 0.0, 0.5, 0.5 ], "enabled": false },
								"south": { "texture": "#null", "uv": [ 0.0, 0.0, 0.5, 0.5 ], "enabled": false },
								"west": { "texture": "#null", "uv": [ 0.0, 0.0, 0.5, 0.5 ], "enabled": false },
								"up": { "texture": "#null", "uv": [ 0.0, 0.0, 0.5, 0.5 ], "enabled": false },
								"down": { "texture": "#null", "uv": [ 0.0, 0.0, 0.5, 0.5 ], "enabled": false }
							},
							"children": [
								{
									"name": "0",
									"from": [ 5.4, 4.66, -7.8 ],
									"to": [ 11.76, 5.66, -6.8 ],
									"rotationOrigin": [ 5.4, 4.66, -7.7 ],
									"rotationX": 2.0,
									"rotationY": 1.0,
									"faces": {
										"north": { "texture": "#material", "uv": [ 6.0, 2.0, 10.5, 3.0 ], "autoUv": false, "snapUv": false },
										"east": { "texture": "#material", "uv": [ 0.5, 14.5, 1.5, 15.5 ], "autoUv": false, "snapUv": false },
										"south": { "texture": "#material", "uv": [ 7.0, 3.0, 11.5, 4.0 ], "autoUv": false, "snapUv": false },
										"west": { "texture": "#material", "uv": [ 0.0, 6.0, 1.0, 7.0 ], "autoUv": false, "snapUv": false },
										"up": { "texture": "#material", "uv": [ 4.0, 3.0, 8.5, 4.0 ], "autoUv": false, "snapUv": false },
										"down": { "texture": "#material", "uv": [ 6.0, 0.5, 10.5, 1.5 ], "autoUv": false, "snapUv": false }
									}
								},
								{
									"name": "1",
									"from": [ 11.2552, 6.2294, -6.75 ],
									"to": [ 17.0952, 7.2294, -5.75 ],
									"rotationOrigin": [ 11.3552, 6.2294, -7.0 ],
									"rotationX": -4.0,
									"rotationY": -3.0,
									"rotationZ": 180.0,
									"faces": {
										"north": { "texture": "#material", "uv": [ 6.0, 0.0, 12.0, 1.0 ], "autoUv": false, "snapUv": false },
										"east": { "texture": "#material", "uv": [ 0.0, 0.0, 1.0, 1.0 ], "autoUv": false, "snapUv": false },
										"south": { "texture": "#material", "uv": [ 6.0, 0.0, 12.0, 1.0 ], "autoUv": false, "snapUv": false },
										"west": { "texture": "#material", "uv": [ 0.0, 0.0, 1.0, 1.0 ], "autoUv": false, "snapUv": false },
										"up": { "texture": "#material", "uv": [ 6.0, 0.0, 12.0, 1.0 ], "autoUv": false, "snapUv": false },
										"down": { "texture": "#material", "uv": [ 6.0, 0.0, 12.0, 1.0 ], "autoUv": false, "snapUv": false }
									}
								},
								{
									"name": "2",
									"from": [ 5.7, 4.66, -5.8 ],
									"to": [ 11.9, 5.76, -4.8 ],
									"rotationOrigin": [ 5.7, 4.66, -5.8 ],
									"rotationX": 5.0,
									"rotationY": 2.0,
									"faces": {
										"north": { "texture": "#material", "uv": [ 0.0, 2.0, 5.0, 3.0 ], "autoUv": false, "snapUv": false },
										"east": { "texture": "#material", "uv": [ 0.5, 14.0, 1.5, 15.0 ], "autoUv": false, "snapUv": false },
										"south": { "texture": "#material", "uv": [ 0.0, 2.0, 5.0, 3.0 ], "autoUv": false, "snapUv": false },
										"west": { "texture": "#material", "uv": [ 0.0, 2.0, 1.0, 3.0 ], "autoUv": false, "snapUv": false },
										"up": { "texture": "#material", "uv": [ 0.0, 2.0, 5.0, 3.0 ], "autoUv": false, "snapUv": false },
										"down": { "texture": "#material", "uv": [ 0.0, 2.0, 5.0, 3.0 ], "autoUv": false, "snapUv": false }
									}
								},
								{
									"name": "3",
									"from": [ 11.6251, 6.1295, -5.2 ],
									"to": [ 17.6251, 7.2295, -4.2 ],
									"rotationOrigin": [ 11.6551, 6.2295, -5.2 ],
									"rotationX": 3.0,
									"rotationY": 2.0,
									"rotationZ": 180.0,
									"faces": {
										"north": { "texture": "#material", "uv": [ 5.0, 2.0, 11.0, 3.0 ], "autoUv": false, "snapUv": false },
										"east": { "texture": "#material", "uv": [ 0.0, 2.0, 1.0, 3.0 ], "autoUv": false, "snapUv": false },
										"south": { "texture": "#material", "uv": [ 5.0, 2.0, 11.0, 3.0 ], "autoUv": false, "snapUv": false },
										"west": { "texture": "#material", "uv": [ 0.0, 2.0, 1.0, 3.0 ], "autoUv": false, "snapUv": false },
										"up": { "texture": "#material", "uv": [ 5.0, 2.0, 11.0, 3.0 ], "autoUv": false, "snapUv": false },
										"down": { "texture": "#material", "uv": [ 5.0, 2.0, 11.0, 3.0 ], "autoUv": false, "snapUv": false }
									}
								},
								{
									"name": "4",
									"from": [ 6.2, 4.66, -4.0 ],
									"to": [ 12.8, 5.66, -3.0 ],
									"rotationOrigin": [ 6.8, 4.66, -4.0 ],
									"rotationX": 12.0,
									"rotationY": -1.0,
									"faces": {
										"north": { "texture": "#material", "uv": [ 0.0, 4.0, 5.5, 5.0 ], "autoUv": false, "snapUv": false },
										"east": { "texture": "#material", "uv": [ 1.0, 14.5, 2.0, 15.5 ], "autoUv": false, "snapUv": false },
										"south": { "texture": "#material", "uv": [ 0.0, 4.0, 5.5, 5.0 ], "autoUv": false, "snapUv": false },
										"west": { "texture": "#material", "uv": [ 0.0, 4.0, 1.0, 5.0 ], "autoUv": false, "snapUv": false },
										"up": { "texture": "#material", "uv": [ 0.0, 4.0, 5.5, 5.0 ], "autoUv": false, "snapUv": false },
										"down": { "texture": "#material", "uv": [ 0.0, 4.0, 5.5, 5.0 ], "autoUv": false, "snapUv": false }
									}
								},
								{
									"name": "5",
									"from": [ 12.0552, 6.1295, -2.85 ],
									"to": [ 18.0552, 7.1295, -1.85 ],
									"rotationOrigin": [ 11.6552, 6.2295, -3.2 ],
									"rotationX": 9.0,
									"rotationY": -3.0,
									"rotationZ": -180.0,
									"faces": {
										"north": { "texture": "#material", "uv": [ 5.0, 4.0, 11.0, 5.0 ], "autoUv": false, "snapUv": false },
										"east": { "texture": "#material", "uv": [ 0.0, 4.0, 1.0, 5.0 ], "autoUv": false, "snapUv": false },
										"south": { "texture": "#material", "uv": [ 5.0, 4.0, 11.0, 5.0 ], "autoUv": false, "snapUv": false },
										"west": { "texture": "#material", "uv": [ 0.0, 4.0, 1.0, 5.0 ], "autoUv": false, "snapUv": false },
										"up": { "texture": "#material", "uv": [ 4.5, 5.0, 10.5, 6.0 ], "autoUv": false, "snapUv": false },
										"down": { "texture": "#material", "uv": [ 5.0, 4.0, 11.0, 5.0 ], "autoUv": false, "snapUv": false }
									}
								},
								{
									"name": "6",
									"from": [ 5.4, 4.66, -2.1 ],
									"to": [ 12.2, 5.66, -1.06 ],
									"rotationOrigin": [ 5.8, 4.66, -2.1 ],
									"rotationX": 2.0,
									"rotationY": -2.0,
									"faces": {
										"north": { "texture": "#material", "uv": [ 2.0, 12.5, 5.5, 13.5 ], "autoUv": false, "snapUv": false },
										"east": { "texture": "#material", "uv": [ 0.0, 14.0, 1.0, 15.0 ], "autoUv": false, "snapUv": false },
										"south": { "texture": "#material", "uv": [ 2.5, 12.0, 6.0, 13.0 ], "autoUv": false, "snapUv": false },
										"west": { "texture": "#material", "uv": [ 0.0, 14.0, 1.0, 15.0 ], "autoUv": false, "snapUv": false },
										"up": { "texture": "#material", "uv": [ 2.5, 8.5, 6.0, 9.5 ], "autoUv": false, "snapUv": false },
										"down": { "texture": "#material", "uv": [ 5.5, 12.5, 9.0, 13.5 ], "autoUv": false, "snapUv": false }
									}
								},
								{
									"name": "7",
									"from": [ 10.2552, 6.2294, -1.5 ],
									"to": [ 16.2552, 7.2294, -0.46 ],
									"rotationOrigin": [ 10.6552, 6.2294, -1.3 ],
									"rotationX": -12.0,
									"rotationZ": 180.0,
									"faces": {
										"north": { "texture": "#material", "uv": [ 6.5, 6.0, 12.5, 7.0 ], "autoUv": false, "snapUv": false },
										"east": { "texture": "#material", "uv": [ 0.0, 6.0, 1.0, 7.0 ], "autoUv": false, "snapUv": false },
										"south": { "texture": "#material", "uv": [ 6.5, 6.0, 12.5, 7.0 ], "autoUv": false, "snapUv": false },
										"west": { "texture": "#material", "uv": [ 0.0, 6.0, 1.0, 7.0 ], "autoUv": false, "snapUv": false },
										"up": { "texture": "#material", "uv": [ 6.5, 6.0, 12.5, 7.0 ], "autoUv": false, "snapUv": false },
										"down": { "texture": "#material", "uv": [ 2.5, 6.0, 8.5, 7.0 ], "autoUv": false, "snapUv": false }
									}
								},
								{
									"name": "8",
									"from": [ 5.3, 4.66, -0.1 ],
									"to": [ 12.8, 5.66, 0.4 ],
									"rotationOrigin": [ 5.3, 4.66, -0.1 ],
									"rotationX": -2.0,
									"rotationY": -2.0,
									"faces": {
										"north": { "texture": "#material", "uv": [ 0.0, 8.0, 7.5, 9.0 ], "autoUv": false, "snapUv": false },
										"east": { "texture": "#material", "uv": [ 1.0, 15.0, 1.5, 16.0 ], "autoUv": false, "snapUv": false },
										"south": { "texture": "#material", "uv": [ 0.0, 8.0, 7.5, 9.0 ], "autoUv": false, "snapUv": false },
										"west": { "texture": "#material", "uv": [ 0.0, 14.5, 0.5, 15.5 ], "autoUv": false, "snapUv": false },
										"up": { "texture": "#material", "uv": [ 0.0, 8.0, 7.5, 8.5 ], "autoUv": false, "snapUv": false },
										"down": { "texture": "#material", "uv": [ 0.0, 8.0, 7.5, 8.5 ], "autoUv": false, "snapUv": false }
									}
								},
								{
									"name": "9",
									"from": [ 10.0552, 6.2295, 0.5 ],
									"to": [ 15.8052, 7.2295, 1.1 ],
									"rotationOrigin": [ 10.6552, 6.2295, 0.9 ],
									"rotationX": -6.0,
									"rotationZ": -180.0,
									"faces": {
										"north": { "texture": "#material", "uv": [ 6.0, 8.0, 10.0, 9.0 ], "autoUv": false, "snapUv": false },
										"east": { "texture": "#material", "uv": [ 0.0, 8.0, 0.5, 9.0 ], "autoUv": false, "snapUv": false },
										"south": { "texture": "#material", "uv": [ 6.0, 8.0, 10.0, 9.0 ], "autoUv": false, "snapUv": false },
										"west": { "texture": "#material", "uv": [ 0.0, 8.0, 0.5, 9.0 ], "autoUv": false, "snapUv": false },
										"up": { "texture": "#material", "uv": [ 4.0, 6.0, 8.0, 6.5 ], "autoUv": false, "snapUv": false },
										"down": { "texture": "#material", "uv": [ 6.0, 8.0, 10.0, 8.5 ], "autoUv": false, "snapUv": false }
									}
								},
								{
									"name": "10",
									"from": [ 5.77, 4.56, 1.7 ],
									"to": [ 12.3, 5.56, 2.73 ],
									"rotationOrigin": [ 5.8, 4.56, 2.1 ],
									"rotationX": -4.0,
									"rotationY": 2.0,
									"faces": {
										"north": { "texture": "#material", "uv": [ 0.0, 10.0, 5.5, 11.0 ], "autoUv": false, "snapUv": false },
										"east": { "texture": "#material", "uv": [ 0.5, 15.0, 1.5, 16.0 ], "autoUv": false, "snapUv": false },
										"south": { "texture": "#material", "uv": [ 0.0, 10.0, 5.5, 11.0 ], "autoUv": false, "snapUv": false },
										"west": { "texture": "#material", "uv": [ 0.0, 10.0, 1.0, 11.0 ], "autoUv": false, "snapUv": false },
										"up": { "texture": "#material", "uv": [ 0.0, 10.0, 5.5, 11.0 ], "autoUv": false, "snapUv": false },
										"down": { "texture": "#material", "uv": [ 0.0, 10.0, 5.5, 11.0 ], "autoUv": false, "snapUv": false }
									}
								},
								{
									"name": "11",
									"from": [ 11.6152, 6.1295, 2.4 ],
									"to": [ 17.6552, 7.1295, 3.44 ],
									"rotationOrigin": [ 11.6552, 6.2295, 2.5 ],
									"rotationX": 4.0,
									"rotationZ": -179.9999,
									"faces": {
										"north": { "texture": "#material", "uv": [ 5.0, 10.0, 11.0, 11.0 ], "autoUv": false, "snapUv": false },
										"east": { "texture": "#material", "uv": [ 0.0, 10.0, 1.0, 11.0 ], "autoUv": false, "snapUv": false },
										"south": { "texture": "#material", "uv": [ 5.0, 10.0, 11.0, 11.0 ], "autoUv": false, "snapUv": false },
										"west": { "texture": "#material", "uv": [ 0.0, 10.0, 1.0, 11.0 ], "autoUv": false, "snapUv": false },
										"up": { "texture": "#material", "uv": [ 5.0, 10.0, 11.0, 11.0 ], "autoUv": false, "snapUv": false },
										"down": { "texture": "#material", "uv": [ 5.0, 10.0, 11.0, 11.0 ], "autoUv": false, "snapUv": false }
									}
								},
								{
									"name": "12",
									"from": [ 6.8, 4.61, 3.45 ],
									"to": [ 12.3, 5.61, 4.45 ],
									"rotationOrigin": [ 6.8, 4.56, 3.4 ],
									"rotationX": 3.0,
									"rotationY": -3.0,
									"faces": {
										"north": { "texture": "#material", "uv": [ 0.0, 12.0, 4.0, 13.0 ], "autoUv": false, "snapUv": false },
										"east": { "texture": "#material", "uv": [ 0.0, 14.5, 1.0, 15.5 ], "autoUv": false, "snapUv": false },
										"south": { "texture": "#material", "uv": [ 0.0, 12.0, 4.0, 13.0 ], "autoUv": false, "snapUv": false },
										"west": { "texture": "#material", "uv": [ 1.0, 14.5, 2.0, 15.5 ], "autoUv": false, "snapUv": false },
										"up": { "texture": "#material", "uv": [ 0.0, 12.0, 4.0, 13.0 ], "autoUv": false, "snapUv": false },
										"down": { "texture": "#material", "uv": [ 0.0, 12.0, 4.0, 13.0 ], "autoUv": false, "snapUv": false }
									}
								},
								{
									"name": "13",
									"from": [ 10.6551, 6.2295, 4.1 ],
									"to": [ 16.6551, 7.2295, 5.1 ],
									"rotationOrigin": [ 10.6551, 6.2295, 4.4 ],
									"rotationX": -8.0,
									"rotationZ": 180.0,
									"faces": {
										"north": { "texture": "#material", "uv": [ 7.5, 12.0, 13.5, 13.0 ], "autoUv": false, "snapUv": false },
										"east": { "texture": "#material", "uv": [ 0.0, 14.0, 1.0, 15.0 ], "autoUv": false, "snapUv": false },
										"south": { "texture": "#material", "uv": [ 7.5, 12.0, 13.5, 13.0 ], "autoUv": false, "snapUv": false },
										"west": { "texture": "#material", "uv": [ 0.0, 12.0, 0.5, 12.5 ], "autoUv": false, "snapUv": false },
										"up": { "texture": "#material", "uv": [ 7.5, 12.0, 13.5, 13.0 ], "autoUv": false, "snapUv": false },
										"down": { "texture": "#material", "uv": [ 7.5, 12.0, 13.5, 13.0 ], "autoUv": false, "snapUv": false }
									}
								},
								{
									"name": "14",
									"from": [ 7.12, 4.66, 5.1 ],
									"to": [ 13.12, 5.33, 5.7 ],
									"rotationOrigin": [ 7.0, 4.66, 5.2 ],
									"rotationX": 3.0,
									"rotationY": 2.0,
									"faces": {
										"north": { "texture": "#material", "uv": [ 0.0, 12.0, 5.0, 12.5 ], "autoUv": false, "snapUv": false },
										"east": { "texture": "#material", "uv": [ 0.0, 14.5, 0.5, 15.0 ], "autoUv": false, "snapUv": false },
										"south": { "texture": "#material", "uv": [ 0.0, 12.0, 5.0, 12.5 ], "autoUv": false, "snapUv": false },
										"west": { "texture": "#material", "uv": [ 0.0, 15.5, 0.5, 16.0 ], "autoUv": false, "snapUv": false },
										"up": { "texture": "#material", "uv": [ 0.0, 12.0, 5.0, 12.5 ], "autoUv": false, "snapUv": false },
										"down": { "texture": "#material", "uv": [ 0.0, 12.0, 5.0, 12.5 ], "autoUv": false, "snapUv": false }
									}
								},
								{
									"name": "15",
									"from": [ 11.1552, 6.2295, 5.54 ],
									"to": [ 17.6552, 6.8995, 6.14 ],
									"rotationOrigin": [ 10.9552, 6.2295, 5.7 ],
									"rotationX": -3.0,
									"rotationY": 2.0001,
									"rotationZ": -180.0,
									"faces": {
										"north": { "texture": "#material", "uv": [ 0.0, 12.0, 6.5, 12.5 ], "autoUv": false, "snapUv": false },
										"east": { "texture": "#material", "uv": [ 0.0, 12.0, 0.5, 12.5 ], "autoUv": false, "snapUv": false },
										"south": { "texture": "#material", "uv": [ 0.0, 12.0, 6.5, 12.5 ], "autoUv": false, "snapUv": false },
										"west": { "texture": "#material", "uv": [ 0.0, 12.0, 0.5, 12.5 ], "autoUv": false, "snapUv": false },
										"up": { "texture": "#material", "uv": [ 0.0, 12.0, 6.5, 12.5 ], "autoUv": false, "snapUv": false },
										"down": { "texture": "#material", "uv": [ 0.0, 12.0, 6.5, 12.5 ], "autoUv": false, "snapUv": false }
									}
								},
								{
									"name": "17",
									"from": [ 10.6551, 6.1494, 7.1 ],
									"to": [ 16.6551, 7.1494, 8.1 ],
									"rotationOrigin": [ 10.6551, 6.2294, 7.1 ],
									"rotationX": 3.0,
									"rotationZ": 180.0,
									"faces": {
										"north": { "texture": "#material", "uv": [ 6.0, 14.0, 12.0, 15.0 ], "autoUv": false, "snapUv": false },
										"east": { "texture": "#material", "uv": [ 0.0, 14.0, 1.0, 15.0 ], "autoUv": false, "snapUv": false },
										"south": { "texture": "#material", "uv": [ 6.0, 14.0, 12.0, 15.0 ], "autoUv": false, "snapUv": false },
										"west": { "texture": "#material", "uv": [ 4.0, 11.0, 5.0, 12.0 ], "autoUv": false, "snapUv": false },
										"up": { "texture": "#material", "uv": [ 7.5, 13.0, 13.5, 14.0 ], "autoUv": false, "snapUv": false },
										"down": { "texture": "#material", "uv": [ 6.0, 14.0, 12.0, 15.0 ], "autoUv": false, "snapUv": false }
									}
								},
								{
									"name": "16",
									"from": [ 6.15, 4.66, 6.4 ],
									"to": [ 11.6, 5.66, 7.4 ],
									"rotationOrigin": [ 6.2, 4.66, 6.4 ],
									"rotationX": 3.0,
									"rotationY": 1.0,
									"faces": {
										"north": { "texture": "#material", "uv": [ 0.0, 0.0, 4.0, 1.0 ], "autoUv": false, "snapUv": false },
										"east": { "texture": "#material", "uv": [ 0.0, 14.5, 1.0, 15.5 ], "autoUv": false, "snapUv": false },
										"south": { "texture": "#material", "uv": [ 0.0, 0.0, 4.0, 1.0 ], "autoUv": false, "snapUv": false },
										"west": { "texture": "#material", "uv": [ 0.0, 0.0, 1.0, 1.0 ], "autoUv": false, "snapUv": false },
										"up": { "texture": "#material", "uv": [ 1.5, 0.0, 5.5, 1.0 ], "autoUv": false, "snapUv": false },
										"down": { "texture": "#material", "uv": [ 0.0, 0.0, 4.0, 1.0 ], "autoUv": false, "snapUv": false }
									}
								}
							]
						},
						{
							"name": "3",
							"from": [ 0.0, 0.0, 0.0 ],
							"to": [ 0.0, 0.0, 0.0 ],
							"rotationOrigin": [ 0.0, 0.0, 0.0 ],
							"rotationZ": 45.0,
							"faces": {
								"north": { "texture": "#null", "uv": [ 0.0, 0.0, 0.5, 0.5 ], "enabled": false },
								"east": { "texture": "#null", "uv": [ 0.0, 0.0, 0.5, 0.5 ], "enabled": false },
								"south": { "texture": "#null", "uv": [ 0.0, 0.0, 0.5, 0.5 ], "enabled": false },
								"west": { "texture": "#null", "uv": [ 0.0, 0.0, 0.5, 0.5 ], "enabled": false },
								"up": { "texture": "#null", "uv": [ 0.0, 0.0, 0.5, 0.5 ], "enabled": false },
								"down": { "texture": "#null", "uv": [ 0.0, 0.0, 0.5, 0.5 ], "enabled": false }
							},
							"children": [
								{
									"name": "0",
									"from": [ -5.6, 4.66, -7.8 ],
									"to": [ 0.42, 5.66, -6.8 ],
									"rotationOrigin": [ -5.1, 4.66, -8.1 ],
									"rotationX": 5.0,
									"rotationY": -2.0,
									"faces": {
										"north": { "texture": "#material", "uv": [ 0.0, 0.0, 6.5, 1.0 ], "autoUv": false, "snapUv": false },
										"east": { "texture": "#material", "uv": [ 0.0, 0.0, 1.0, 1.0 ], "autoUv": false, "snapUv": false },
										"south": { "texture": "#material", "uv": [ 0.0, 0.0, 6.5, 1.0 ], "autoUv": false, "snapUv": false },
										"west": { "texture": "#material", "uv": [ 0.5, 14.0, 1.5, 15.0 ], "autoUv": false, "snapUv": false },
										"up": { "texture": "#material", "uv": [ 0.0, 0.0, 6.5, 1.0 ], "autoUv": false, "snapUv": false },
										"down": { "texture": "#material", "uv": [ 0.0, 0.0, 6.5, 1.0 ], "autoUv": false, "snapUv": false }
									}
								},
								{
									"name": "1",
									"from": [ 0.6551, 6.2294, -7.05 ],
									"to": [ 7.1851, 7.2294, -6.05 ],
									"rotationOrigin": [ 0.7551, 6.2295, -7.3 ],
									"rotationX": 6.0,
									"rotationY": -0.5,
									"rotationZ": -180.0,
									"faces": {
										"north": { "texture": "#material", "uv": [ 6.0, 0.0, 12.0, 1.0 ], "autoUv": false, "snapUv": false },
										"east": { "texture": "#material", "uv": [ 0.0, 0.0, 1.0, 1.0 ], "autoUv": false, "snapUv": false },
										"south": { "texture": "#material", "uv": [ 6.0, 0.0, 12.0, 1.0 ], "autoUv": false, "snapUv": false },
										"west": { "texture": "#material", "uv": [ 0.0, 0.0, 1.0, 1.0 ], "autoUv": false, "snapUv": false },
										"up": { "texture": "#material", "uv": [ 6.0, 0.0, 12.0, 1.0 ], "autoUv": false, "snapUv": false },
										"down": { "texture": "#material", "uv": [ 6.0, 0.0, 12.0, 1.0 ], "autoUv": false, "snapUv": false }
									}
								},
								{
									"name": "2",
									"from": [ -5.5, 4.66, -5.9 ],
									"to": [ -0.1, 5.76, -4.9 ],
									"rotationOrigin": [ -4.9, 4.66, -5.9 ],
									"rotationX": 12.0,
									"rotationY": 2.0,
									"faces": {
										"north": { "texture": "#material", "uv": [ 0.0, 2.0, 5.0, 3.0 ], "autoUv": false, "snapUv": false },
										"east": { "texture": "#material", "uv": [ 0.0, 2.0, 1.0, 3.0 ], "autoUv": false, "snapUv": false },
										"south": { "texture": "#material", "uv": [ 0.0, 2.0, 5.0, 3.0 ], "autoUv": false, "snapUv": false },
										"west": { "texture": "#material", "uv": [ 1.0, 14.0, 2.0, 15.0 ], "autoUv": false, "snapUv": false },
										"up": { "texture": "#material", "uv": [ 0.0, 2.0, 5.0, 3.0 ], "autoUv": false, "snapUv": false },
										"down": { "texture": "#material", "uv": [ 0.0, 2.0, 5.0, 3.0 ], "autoUv": false, "snapUv": false }
									}
								},
								{
									"name": "3",
									"from": [ 0.7552, 6.2295, -5.2 ],
									"to": [ 7.1552, 7.3295, -4.2 ],
									"rotationOrigin": [ 0.7552, 6.2295, -5.2 ],
									"rotationX": -5.0,
									"rotationY": -2.0,
									"rotationZ": -180.0,
									"faces": {
										"north": { "texture": "#material", "uv": [ 0.0, 2.0, 5.0, 3.0 ], "autoUv": false, "snapUv": false },
										"east": { "texture": "#material", "uv": [ 0.5, 14.0, 1.5, 15.0 ], "autoUv": false, "snapUv": false },
										"south": { "texture": "#material", "uv": [ 0.0, 2.0, 5.0, 3.0 ], "autoUv": false, "snapUv": false },
										"west": { "texture": "#material", "uv": [ 0.0, 2.0, 1.0, 3.0 ], "autoUv": false, "snapUv": false },
										"up": { "texture": "#material", "uv": [ 0.0, 2.0, 5.0, 3.0 ], "autoUv": false, "snapUv": false },
										"down": { "texture": "#material", "uv": [ 0.0, 2.0, 5.0, 3.0 ], "autoUv": false, "snapUv": false }
									}
								},
								{
									"name": "4",
									"from": [ -5.7, 4.66, -3.9 ],
									"to": [ 0.45, 5.66, -2.9 ],
									"rotationOrigin": [ -5.2, 4.66, -3.9 ],
									"rotationX": -2.0,
									"rotationY": -3.0,
									"faces": {
										"north": { "texture": "#material", "uv": [ 0.0, 4.0, 6.0, 5.0 ], "autoUv": false, "snapUv": false },
										"east": { "texture": "#material", "uv": [ 0.0, 4.0, 1.0, 5.0 ], "autoUv": false, "snapUv": false },
										"south": { "texture": "#material", "uv": [ 0.0, 4.0, 6.0, 5.0 ], "autoUv": false, "snapUv": false },
										"west": { "texture": "#material", "uv": [ 0.5, 14.5, 1.5, 15.5 ], "autoUv": false, "snapUv": false },
										"up": { "texture": "#material", "uv": [ 0.0, 4.0, 6.0, 5.0 ], "autoUv": false, "snapUv": false },
										"down": { "texture": "#material", "uv": [ 0.0, 4.0, 6.0, 5.0 ], "autoUv": false, "snapUv": false }
									}
								},
								{
									"name": "5",
									"from": [ -0.9449, 6.0295, -3.2 ],
									"to": [ 4.8551, 7.0295, -2.2 ],
									"rotationOrigin": [ -0.3449, 6.0295, -3.2 ],
									"rotationX": -27.0,
									"rotationY": -1.5,
									"rotationZ": -180.0,
									"faces": {
										"north": { "texture": "#material", "uv": [ 0.0, 4.0, 5.5, 5.0 ], "autoUv": false, "snapUv": false },
										"east": { "texture": "#material", "uv": [ 1.0, 14.5, 2.0, 15.5 ], "autoUv": false, "snapUv": false },
										"south": { "texture": "#material", "uv": [ 0.0, 4.0, 5.5, 5.0 ], "autoUv": false, "snapUv": false },
										"west": { "texture": "#material", "uv": [ 0.0, 4.0, 1.0, 5.0 ], "autoUv": false, "snapUv": false },
										"up": { "texture": "#material", "uv": [ 0.0, 4.0, 5.5, 5.0 ], "autoUv": false, "snapUv": false },
										"down": { "texture": "#material", "uv": [ 0.0, 4.0, 5.5, 5.0 ], "autoUv": false, "snapUv": false }
									}
								},
								{
									"name": "6",
									"from": [ -5.6, 4.66, -2.0 ],
									"to": [ 0.6, 5.66, -0.96 ],
									"rotationOrigin": [ -5.0, 4.66, -2.0 ],
									"rotationX": 14.0,
									"rotationY": 2.0,
									"faces": {
										"north": { "texture": "#material", "uv": [ 0.0, 6.0, 7.0, 7.0 ], "autoUv": false, "snapUv": false },
										"east": { "texture": "#material", "uv": [ 0.0, 6.0, 1.0, 7.0 ], "autoUv": false, "snapUv": false },
										"south": { "texture": "#material", "uv": [ 0.0, 6.0, 7.0, 7.0 ], "autoUv": false, "snapUv": false },
										"west": { "texture": "#material", "uv": [ 0.0, 14.0, 1.0, 15.0 ], "autoUv": false, "snapUv": false },
										"up": { "texture": "#material", "uv": [ 0.0, 6.0, 7.0, 7.0 ], "autoUv": false, "snapUv": false },
										"down": { "texture": "#material", "uv": [ 1.0, 4.0, 8.0, 5.0 ], "autoUv": false, "snapUv": false }
									}
								},
								{
									"name": "8",
									"from": [ -5.9, 4.66, 0.2 ],
									"to": [ 0.2, 5.66, 0.7 ],
									"rotationOrigin": [ -5.4, 4.66, 0.2 ],
									"rotationX": 3.0,
									"rotationY": 4.0,
									"faces": {
										"north": { "texture": "#material", "uv": [ 0.0, 8.0, 6.0, 9.0 ], "autoUv": false, "snapUv": false },
										"east": { "texture": "#material", "uv": [ 0.0, 9.0, 0.5, 10.0 ], "autoUv": false, "snapUv": false },
										"south": { "texture": "#material", "uv": [ 0.0, 8.0, 6.0, 9.0 ], "autoUv": false, "snapUv": false },
										"west": { "texture": "#material", "uv": [ 1.0, 15.0, 1.5, 16.0 ], "autoUv": false, "snapUv": false },
										"up": { "texture": "#material", "uv": [ 0.0, 8.0, 6.0, 8.5 ], "autoUv": false, "snapUv": false },
										"down": { "texture": "#material", "uv": [ 0.0, 8.0, 6.0, 8.5 ], "autoUv": false, "snapUv": false }
									}
								},
								{
									"name": "7",
									"from": [ -0.4449, 6.2295, -1.1 ],
									"to": [ 5.5551, 7.2295, -0.06 ],
									"rotationOrigin": [ -0.0449, 6.2295, -1.1 ],
									"rotationX": 3.0,
									"rotationY": -1.5,
									"rotationZ": 179.9999,
									"faces": {
										"north": { "texture": "#material", "uv": [ 2.0, 12.5, 5.5, 13.5 ], "autoUv": false, "snapUv": false },
										"east": { "texture": "#material", "uv": [ 0.0, 14.0, 1.0, 15.0 ], "autoUv": false, "snapUv": false },
										"south": { "texture": "#material", "uv": [ 2.5, 12.0, 6.0, 13.0 ], "autoUv": false, "snapUv": false },
										"west": { "texture": "#material", "uv": [ 0.0, 14.0, 1.0, 15.0 ], "autoUv": false, "snapUv": false },
										"up": { "texture": "#material", "uv": [ 2.5, 8.5, 6.0, 9.5 ], "autoUv": false, "snapUv": false },
										"down": { "texture": "#material", "uv": [ 5.5, 12.5, 9.0, 13.5 ], "autoUv": false, "snapUv": false }
									}
								},
								{
									"name": "9",
									"from": [ 0.1551, 8.1294, 0.7 ],
									"to": [ 5.9551, 9.1294, 1.2 ],
									"rotationOrigin": [ 0.1551, 7.1294, 0.7 ],
									"rotationX": -5.5,
									"rotationZ": 180.0,
									"faces": {
										"north": { "texture": "#material", "uv": [ 0.0, 8.0, 7.5, 9.0 ], "autoUv": false, "snapUv": false },
										"east": { "texture": "#material", "uv": [ 1.0, 15.0, 1.5, 16.0 ], "autoUv": false, "snapUv": false },
										"south": { "texture": "#material", "uv": [ 0.0, 8.0, 7.5, 9.0 ], "autoUv": false, "snapUv": false },
										"west": { "texture": "#material", "uv": [ 0.0, 14.5, 0.5, 15.5 ], "autoUv": false, "snapUv": false },
										"up": { "texture": "#material", "uv": [ 0.0, 8.0, 7.5, 8.5 ], "autoUv": false, "snapUv": false },
										"down": { "texture": "#material", "uv": [ 0.0, 8.0, 7.5, 8.5 ], "autoUv": false, "snapUv": false }
									}
								},
								{
									"name": "10",
									"from": [ -5.5, 4.66, 1.4 ],
									"to": [ -0.1, 5.66, 2.4 ],
									"rotationOrigin": [ -5.0, 4.66, 1.8 ],
									"rotationX": 18.0,
									"rotationY": -1.0,
									"faces": {
										"north": { "texture": "#material", "uv": [ 0.0, 10.0, 5.0, 11.0 ], "autoUv": false, "snapUv": false },
										"east": { "texture": "#material", "uv": [ 0.0, 10.0, 1.0, 11.0 ], "autoUv": false, "snapUv": false },
										"south": { "texture": "#material", "uv": [ 0.0, 10.0, 5.0, 11.0 ], "autoUv": false, "snapUv": false },
										"west": { "texture": "#material", "uv": [ 0.0, 15.0, 1.0, 16.0 ], "autoUv": false, "snapUv": false },
										"up": { "texture": "#material", "uv": [ 0.0, 10.0, 5.0, 11.0 ], "autoUv": false, "snapUv": false },
										"down": { "texture": "#material", "uv": [ 0.0, 10.0, 5.0, 11.0 ], "autoUv": false, "snapUv": false }
									}
								},
								{
									"name": "11",
									"from": [ 0.1252, 6.3294, 2.3 ],
									"to": [ 6.0552, 7.3294, 3.33 ],
									"rotationOrigin": [ 0.1552, 6.3295, 2.7 ],
									"rotationX": 1.5,
									"rotationY": 3.0,
									"rotationZ": -180.0,
									"faces": {
										"north": { "texture": "#material", "uv": [ 0.0, 10.0, 5.5, 11.0 ], "autoUv": false, "snapUv": false },
										"east": { "texture": "#material", "uv": [ 0.5, 15.0, 1.5, 16.0 ], "autoUv": false, "snapUv": false },
										"south": { "texture": "#material", "uv": [ 0.0, 10.0, 5.5, 11.0 ], "autoUv": false, "snapUv": false },
										"west": { "texture": "#material", "uv": [ 0.0, 10.0, 1.0, 11.0 ], "autoUv": false, "snapUv": false },
										"up": { "texture": "#material", "uv": [ 0.0, 10.0, 5.5, 11.0 ], "autoUv": false, "snapUv": false },
										"down": { "texture": "#material", "uv": [ 0.0, 10.0, 5.5, 11.0 ], "autoUv": false, "snapUv": false }
									}
								},
								{
									"name": "12",
									"from": [ -5.7, 4.66, 3.7 ],
									"to": [ 1.0, 5.66, 4.7 ],
									"rotationOrigin": [ -5.2, 4.66, 3.7 ],
									"rotationX": -6.0,
									"rotationY": 2.0,
									"faces": {
										"north": { "texture": "#material", "uv": [ 0.0, 12.0, 7.5, 13.0 ], "autoUv": false, "snapUv": false },
										"east": { "texture": "#material", "uv": [ 0.0, 12.0, 1.0, 13.0 ], "autoUv": false, "snapUv": false },
										"south": { "texture": "#material", "uv": [ 0.0, 12.0, 7.5, 13.0 ], "autoUv": false, "snapUv": false },
										"west": { "texture": "#material", "uv": [ 0.5, 15.0, 1.5, 16.0 ], "autoUv": false, "snapUv": false },
										"up": { "texture": "#material", "uv": [ 0.0, 12.0, 7.5, 13.0 ], "autoUv": false, "snapUv": false },
										"down": { "texture": "#material", "uv": [ 0.0, 12.0, 7.5, 13.0 ], "autoUv": false, "snapUv": false }
									}
								},
								{
									"name": "13",
									"from": [ 1.1552, 6.2294, 4.5 ],
									"to": [ 7.8552, 7.2294, 5.5 ],
									"rotationOrigin": [ 1.1552, 6.2294, 4.5 ],
									"rotationX": 4.0,
									"rotationY": -2.0,
									"rotationZ": -179.9999,
									"faces": {
										"north": { "texture": "#material", "uv": [ 0.0, 12.0, 7.5, 13.0 ], "autoUv": false, "snapUv": false },
										"east": { "texture": "#material", "uv": [ 0.0, 12.0, 1.0, 13.0 ], "autoUv": false, "snapUv": false },
										"south": { "texture": "#material", "uv": [ 0.0, 12.0, 7.5, 13.0 ], "autoUv": false, "snapUv": false },
										"west": { "texture": "#material", "uv": [ 0.5, 15.0, 1.5, 16.0 ], "autoUv": false, "snapUv": false },
										"up": { "texture": "#material", "uv": [ 0.0, 12.0, 7.5, 13.0 ], "autoUv": false, "snapUv": false },
										"down": { "texture": "#material", "uv": [ 0.0, 12.0, 7.5, 13.0 ], "autoUv": false, "snapUv": false }
									}
								},
								{
									"name": "14",
									"from": [ -5.8, 4.66, 5.1 ],
									"to": [ 0.8, 5.33, 5.7 ],
									"rotationOrigin": [ -5.2, 4.66, 5.0 ],
									"rotationX": -1.0,
									"rotationY": 2.0,
									"faces": {
										"north": { "texture": "#material", "uv": [ 0.0, 12.0, 6.5, 12.5 ], "autoUv": false, "snapUv": false },
										"east": { "texture": "#material", "uv": [ 0.0, 14.5, 0.5, 15.0 ], "autoUv": false, "snapUv": false },
										"south": { "texture": "#material", "uv": [ 0.0, 12.0, 6.5, 12.5 ], "autoUv": false, "snapUv": false },
										"west": { "texture": "#material", "uv": [ 0.5, 15.0, 1.0, 15.5 ], "autoUv": false, "snapUv": false },
										"up": { "texture": "#material", "uv": [ 0.0, 12.0, 6.5, 12.5 ], "autoUv": false, "snapUv": false },
										"down": { "texture": "#material", "uv": [ 0.0, 12.0, 6.5, 12.5 ], "autoUv": false, "snapUv": false }
									}
								},
								{
									"name": "15",
									"from": [ -0.4249, 6.2294, 5.7 ],
									"to": [ 4.5751, 6.8994, 6.3 ],
									"rotationOrigin": [ -0.5449, 6.2294, 5.8 ],
									"rotationX": -5.5,
									"rotationZ": 180.0,
									"faces": {
										"north": { "texture": "#material", "uv": [ 0.0, 12.0, 5.0, 12.5 ], "autoUv": false, "snapUv": false },
										"east": { "texture": "#material", "uv": [ 0.0, 14.5, 0.5, 15.0 ], "autoUv": false, "snapUv": false },
										"south": { "texture": "#material", "uv": [ 0.0, 12.0, 5.0, 12.5 ], "autoUv": false, "snapUv": false },
										"west": { "texture": "#material", "uv": [ 0.0, 15.5, 0.5, 16.0 ], "autoUv": false, "snapUv": false },
										"up": { "texture": "#material", "uv": [ 0.0, 12.0, 5.0, 12.5 ], "autoUv": false, "snapUv": false },
										"down": { "texture": "#material", "uv": [ 0.0, 12.0, 5.0, 12.5 ], "autoUv": false, "snapUv": false }
									}
								},
								{
									"name": "17",
									"from": [ 0.9551, 6.0495, 7.1 ],
									"to": [ 6.9551, 7.0495, 8.1 ],
									"rotationOrigin": [ 0.6551, 6.1295, 7.1 ],
									"rotationX": -3.0,
									"rotationZ": 179.9999,
									"faces": {
										"north": { "texture": "#material", "uv": [ 6.0, 14.0, 12.0, 15.0 ], "autoUv": false, "snapUv": false },
										"east": { "texture": "#material", "uv": [ 0.0, 14.0, 1.0, 15.0 ], "autoUv": false, "snapUv": false },
										"south": { "texture": "#material", "uv": [ 6.0, 14.0, 12.0, 15.0 ], "autoUv": false, "snapUv": false },
										"west": { "texture": "#material", "uv": [ 4.0, 11.0, 5.0, 12.0 ], "autoUv": false, "snapUv": false },
										"up": { "texture": "#material", "uv": [ 7.5, 13.0, 13.5, 14.0 ], "autoUv": false, "snapUv": false },
										"down": { "texture": "#material", "uv": [ 6.0, 14.0, 12.0, 15.0 ], "autoUv": false, "snapUv": false }
									}
								},
								{
									"name": "16",
									"from": [ -5.5, 4.66, 6.4 ],
									"to": [ 0.9, 5.66, 7.4 ],
									"rotationOrigin": [ -4.9, 4.66, 6.4 ],
									"rotationX": 6.0,
									"rotationY": 1.0,
									"faces": {
										"north": { "texture": "#material", "uv": [ 2.5, 12.5, 8.5, 13.5 ], "autoUv": false, "snapUv": false },
										"east": { "texture": "#material", "uv": [ 0.0, 14.0, 1.0, 15.0 ], "autoUv": false, "snapUv": false },
										"south": { "texture": "#material", "uv": [ 4.0, 13.0, 10.0, 14.0 ], "autoUv": false, "snapUv": false },
										"west": { "texture": "#material", "uv": [ 0.0, 14.0, 1.0, 15.0 ], "autoUv": false, "snapUv": false },
										"up": { "texture": "#material", "uv": [ 3.5, 9.5, 9.5, 10.5 ], "autoUv": false, "snapUv": false },
										"down": { "texture": "#material", "uv": [ 5.5, 8.5, 11.5, 9.5 ], "autoUv": false, "snapUv": false }
									}
								}
							]
						},
						{
							"name": "2",
							"from": [ 0.0, 0.0, 0.0 ],
							"to": [ 0.0, 0.0, 0.0 ],
							"rotationOrigin": [ 0.0, 0.0, 0.0 ],
							"rotationZ": 45.0,
							"faces": {
								"north": { "texture": "#null", "uv": [ 0.0, 0.0, 0.5, 0.5 ], "enabled": false },
								"east": { "texture": "#null", "uv": [ 0.0, 0.0, 0.5, 0.5 ], "enabled": false },
								"south": { "texture": "#null", "uv": [ 0.0, 0.0, 0.5, 0.5 ], "enabled": false },
								"west": { "texture": "#null", "uv": [ 0.0, 0.0, 0.5, 0.5 ], "enabled": false },
								"up": { "texture": "#null", "uv": [ 0.0, 0.0, 0.5, 0.5 ], "enabled": false },
								"down": { "texture": "#null", "uv": [ 0.0, 0.0, 0.5, 0.5 ], "enabled": false }
							},
							"children": [
								{
									"name": "0",
									"from": [ 0.0, 4.66, -7.55 ],
									"to": [ 5.84, 5.66, -6.55 ],
									"rotationOrigin": [ 0.1, 4.66, -7.8 ],
									"rotationX": 4.0,
									"rotationY": 3.0,
									"faces": {
										"north": { "texture": "#material", "uv": [ 6.0, 0.0, 12.0, 1.0 ], "autoUv": false, "snapUv": false },
										"east": { "texture": "#material", "uv": [ 0.0, 0.0, 1.0, 1.0 ], "autoUv": false, "snapUv": false },
										"south": { "texture": "#material", "uv": [ 6.0, 0.0, 12.0, 1.0 ], "autoUv": false, "snapUv": false },
										"west": { "texture": "#material", "uv": [ 0.0, 0.0, 1.0, 1.0 ], "autoUv": false, "snapUv": false },
										"up": { "texture": "#material", "uv": [ 6.0, 0.0, 12.0, 1.0 ], "autoUv": false, "snapUv": false },
										"down": { "texture": "#material", "uv": [ 6.0, 0.0, 12.0, 1.0 ], "autoUv": false, "snapUv": false }
									}
								},
								{
									"name": "1",
									"from": [ 6.0551, 6.2294, -7.0 ],
									"to": [ 12.4151, 7.2294, -6.0 ],
									"rotationOrigin": [ 6.0551, 6.2294, -6.9 ],
									"rotationX": -2.0,
									"rotationY": -1.0,
									"rotationZ": -180.0,
									"faces": {
										"north": { "texture": "#material", "uv": [ 6.0, 2.0, 10.5, 3.0 ], "autoUv": false, "snapUv": false },
										"east": { "texture": "#material", "uv": [ 0.5, 14.5, 1.5, 15.5 ], "autoUv": false, "snapUv": false },
										"south": { "texture": "#material", "uv": [ 7.0, 3.0, 11.5, 4.0 ], "autoUv": false, "snapUv": false },
										"west": { "texture": "#material", "uv": [ 0.0, 6.0, 1.0, 7.0 ], "autoUv": false, "snapUv": false },
										"up": { "texture": "#material", "uv": [ 4.0, 3.0, 8.5, 4.0 ], "autoUv": false, "snapUv": false },
										"down": { "texture": "#material", "uv": [ 6.0, 0.5, 10.5, 1.5 ], "autoUv": false, "snapUv": false }
									}
								},
								{
									"name": "2",
									"from": [ -0.23, 4.56, -6.0 ],
									"to": [ 5.77, 5.66, -5.0 ],
									"rotationOrigin": [ -0.2, 4.66, -6.0 ],
									"rotationX": -3.0,
									"rotationY": -2.0,
									"faces": {
										"north": { "texture": "#material", "uv": [ 5.0, 2.0, 11.0, 3.0 ], "autoUv": false, "snapUv": false },
										"east": { "texture": "#material", "uv": [ 0.0, 2.0, 1.0, 3.0 ], "autoUv": false, "snapUv": false },
										"south": { "texture": "#material", "uv": [ 5.0, 2.0, 11.0, 3.0 ], "autoUv": false, "snapUv": false },
										"west": { "texture": "#material", "uv": [ 0.0, 2.0, 1.0, 3.0 ], "autoUv": false, "snapUv": false },
										"up": { "texture": "#material", "uv": [ 5.0, 2.0, 11.0, 3.0 ], "autoUv": false, "snapUv": false },
										"down": { "texture": "#material", "uv": [ 5.0, 2.0, 11.0, 3.0 ], "autoUv": false, "snapUv": false }
									}
								},
								{
									"name": "3",
									"from": [ 5.7551, 6.2295, -5.0 ],
									"to": [ 11.9551, 7.3295, -4.0 ],
									"rotationOrigin": [ 5.7551, 6.2295, -5.0 ],
									"rotationX": -5.0,
									"rotationY": -2.0,
									"rotationZ": -180.0,
									"faces": {
										"north": { "texture": "#material", "uv": [ 0.0, 2.0, 5.0, 3.0 ], "autoUv": false, "snapUv": false },
										"east": { "texture": "#material", "uv": [ 0.5, 14.0, 1.5, 15.0 ], "autoUv": false, "snapUv": false },
										"south": { "texture": "#material", "uv": [ 0.0, 2.0, 5.0, 3.0 ], "autoUv": false, "snapUv": false },
										"west": { "texture": "#material", "uv": [ 0.0, 2.0, 1.0, 3.0 ], "autoUv": false, "snapUv": false },
										"up": { "texture": "#material", "uv": [ 0.0, 2.0, 5.0, 3.0 ], "autoUv": false, "snapUv": false },
										"down": { "texture": "#material", "uv": [ 0.0, 2.0, 5.0, 3.0 ], "autoUv": false, "snapUv": false }
									}
								},
								{
									"name": "4",
									"from": [ 0.2, 4.56, -3.65 ],
									"to": [ 6.2, 5.56, -2.65 ],
									"rotationOrigin": [ -0.2, 4.66, -4.0 ],
									"rotationX": -9.0,
									"rotationY": 3.0,
									"faces": {
										"north": { "texture": "#material", "uv": [ 5.0, 4.0, 11.0, 5.0 ], "autoUv": false, "snapUv": false },
										"east": { "texture": "#material", "uv": [ 0.0, 4.0, 1.0, 5.0 ], "autoUv": false, "snapUv": false },
										"south": { "texture": "#material", "uv": [ 5.0, 4.0, 11.0, 5.0 ], "autoUv": false, "snapUv": false },
										"west": { "texture": "#material", "uv": [ 0.0, 4.0, 1.0, 5.0 ], "autoUv": false, "snapUv": false },
										"up": { "texture": "#material", "uv": [ 4.5, 5.0, 10.5, 6.0 ], "autoUv": false, "snapUv": false },
										"down": { "texture": "#material", "uv": [ 5.0, 4.0, 11.0, 5.0 ], "autoUv": false, "snapUv": false }
									}
								},
								{
									"name": "5",
									"from": [ 4.0552, 6.2295, -3.2001 ],
									"to": [ 10.6552, 7.2295, -2.2001 ],
									"rotationOrigin": [ 4.6552, 6.2295, -3.2001 ],
									"rotationX": -12.0,
									"rotationY": 1.0,
									"rotationZ": -180.0,
									"faces": {
										"north": { "texture": "#material", "uv": [ 0.0, 4.0, 5.5, 5.0 ], "autoUv": false, "snapUv": false },
										"east": { "texture": "#material", "uv": [ 1.0, 14.5, 2.0, 15.5 ], "autoUv": false, "snapUv": false },
										"south": { "texture": "#material", "uv": [ 0.0, 4.0, 5.5, 5.0 ], "autoUv": false, "snapUv": false },
										"west": { "texture": "#material", "uv": [ 0.0, 4.0, 1.0, 5.0 ], "autoUv": false, "snapUv": false },
										"up": { "texture": "#material", "uv": [ 0.0, 4.0, 5.5, 5.0 ], "autoUv": false, "snapUv": false },
										"down": { "texture": "#material", "uv": [ 0.0, 4.0, 5.5, 5.0 ], "autoUv": false, "snapUv": false }
									}
								},
								{
									"name": "6",
									"from": [ 0.4, 4.66, -2.3 ],
									"to": [ 6.4, 5.66, -1.26 ],
									"rotationOrigin": [ 0.8, 4.66, -2.1 ],
									"rotationX": 12.0,
									"faces": {
										"north": { "texture": "#material", "uv": [ 6.5, 6.0, 12.5, 7.0 ], "autoUv": false, "snapUv": false },
										"east": { "texture": "#material", "uv": [ 0.0, 6.0, 1.0, 7.0 ], "autoUv": false, "snapUv": false },
										"south": { "texture": "#material", "uv": [ 6.5, 6.0, 12.5, 7.0 ], "autoUv": false, "snapUv": false },
										"west": { "texture": "#material", "uv": [ 0.0, 6.0, 1.0, 7.0 ], "autoUv": false, "snapUv": false },
										"up": { "texture": "#material", "uv": [ 6.5, 6.0, 12.5, 7.0 ], "autoUv": false, "snapUv": false },
										"down": { "texture": "#material", "uv": [ 2.5, 6.0, 8.5, 7.0 ], "autoUv": false, "snapUv": false }
									}
								},
								{
									"name": "7",
									"from": [ 5.2551, 6.2295, -1.3 ],
									"to": [ 12.0551, 7.2295, -0.26 ],
									"rotationOrigin": [ 5.6551, 6.2295, -1.3 ],
									"rotationX": -2.0,
									"rotationY": 2.0,
									"rotationZ": 180.0,
									"faces": {
										"north": { "texture": "#material", "uv": [ 2.0, 12.5, 5.5, 13.5 ], "autoUv": false, "snapUv": false },
										"east": { "texture": "#material", "uv": [ 0.0, 14.0, 1.0, 15.0 ], "autoUv": false, "snapUv": false },
										"south": { "texture": "#material", "uv": [ 2.5, 12.0, 6.0, 13.0 ], "autoUv": false, "snapUv": false },
										"west": { "texture": "#material", "uv": [ 0.0, 14.0, 1.0, 15.0 ], "autoUv": false, "snapUv": false },
										"up": { "texture": "#material", "uv": [ 2.5, 8.5, 6.0, 9.5 ], "autoUv": false, "snapUv": false },
										"down": { "texture": "#material", "uv": [ 5.5, 12.5, 9.0, 13.5 ], "autoUv": false, "snapUv": false }
									}
								},
								{
									"name": "8",
									"from": [ 0.2, 4.66, -0.3 ],
									"to": [ 5.95, 5.66, 0.3 ],
									"rotationOrigin": [ 0.8, 4.66, 0.1 ],
									"rotationX": 6.0,
									"faces": {
										"north": { "texture": "#material", "uv": [ 6.0, 8.0, 10.0, 9.0 ], "autoUv": false, "snapUv": false },
										"east": { "texture": "#material", "uv": [ 0.0, 8.0, 0.5, 9.0 ], "autoUv": false, "snapUv": false },
										"south": { "texture": "#material", "uv": [ 6.0, 8.0, 10.0, 9.0 ], "autoUv": false, "snapUv": false },
										"west": { "texture": "#material", "uv": [ 0.0, 8.0, 0.5, 9.0 ], "autoUv": false, "snapUv": false },
										"up": { "texture": "#material", "uv": [ 4.0, 6.0, 8.0, 6.5 ], "autoUv": false, "snapUv": false },
										"down": { "texture": "#material", "uv": [ 6.0, 8.0, 10.0, 8.5 ], "autoUv": false, "snapUv": false }
									}
								},
								{
									"name": "9",
									"from": [ 6.1551, 6.2295, 0.7 ],
									"to": [ 13.6551, 7.2295, 1.2 ],
									"rotationOrigin": [ 6.1551, 6.2295, 0.7 ],
									"rotationX": 2.0,
									"rotationY": 2.0,
									"rotationZ": 180.0,
									"faces": {
										"north": { "texture": "#material", "uv": [ 0.0, 8.0, 7.5, 9.0 ], "autoUv": false, "snapUv": false },
										"east": { "texture": "#material", "uv": [ 1.0, 15.0, 1.5, 16.0 ], "autoUv": false, "snapUv": false },
										"south": { "texture": "#material", "uv": [ 0.0, 8.0, 7.5, 9.0 ], "autoUv": false, "snapUv": false },
										"west": { "texture": "#material", "uv": [ 0.0, 14.5, 0.5, 15.5 ], "autoUv": false, "snapUv": false },
										"up": { "texture": "#material", "uv": [ 0.0, 8.0, 7.5, 8.5 ], "autoUv": false, "snapUv": false },
										"down": { "texture": "#material", "uv": [ 0.0, 8.0, 7.5, 8.5 ], "autoUv": false, "snapUv": false }
									}
								},
								{
									"name": "10",
									"from": [ -0.24, 4.56, 1.6 ],
									"to": [ 5.8, 5.56, 2.64 ],
									"rotationOrigin": [ -0.2, 4.66, 1.7 ],
									"rotationX": -4.0,
									"faces": {
										"north": { "texture": "#material", "uv": [ 5.0, 10.0, 11.0, 11.0 ], "autoUv": false, "snapUv": false },
										"east": { "texture": "#material", "uv": [ 0.0, 10.0, 1.0, 11.0 ], "autoUv": false, "snapUv": false },
										"south": { "texture": "#material", "uv": [ 5.0, 10.0, 11.0, 11.0 ], "autoUv": false, "snapUv": false },
										"west": { "texture": "#material", "uv": [ 0.0, 10.0, 1.0, 11.0 ], "autoUv": false, "snapUv": false },
										"up": { "texture": "#material", "uv": [ 5.0, 10.0, 11.0, 11.0 ], "autoUv": false, "snapUv": false },
										"down": { "texture": "#material", "uv": [ 5.0, 10.0, 11.0, 11.0 ], "autoUv": false, "snapUv": false }
									}
								},
								{
									"name": "11",
									"from": [ 5.6251, 6.3295, 2.5 ],
									"to": [ 12.1551, 7.3295, 3.53 ],
									"rotationOrigin": [ 5.6551, 6.3295, 2.9 ],
									"rotationX": 4.0,
									"rotationY": -2.0,
									"rotationZ": -180.0,
									"faces": {
										"north": { "texture": "#material", "uv": [ 0.0, 10.0, 5.5, 11.0 ], "autoUv": false, "snapUv": false },
										"east": { "texture": "#material", "uv": [ 0.5, 15.0, 1.5, 16.0 ], "autoUv": false, "snapUv": false },
										"south": { "texture": "#material", "uv": [ 0.0, 10.0, 5.5, 11.0 ], "autoUv": false, "snapUv": false },
										"west": { "texture": "#material", "uv": [ 0.0, 10.0, 1.0, 11.0 ], "autoUv": false, "snapUv": false },
										"up": { "texture": "#material", "uv": [ 0.0, 10.0, 5.5, 11.0 ], "autoUv": false, "snapUv": false },
										"down": { "texture": "#material", "uv": [ 0.0, 10.0, 5.5, 11.0 ], "autoUv": false, "snapUv": false }
									}
								},
								{
									"name": "12",
									"from": [ 0.8, 4.66, 3.3 ],
									"to": [ 6.8, 5.66, 4.3 ],
									"rotationOrigin": [ 0.8, 4.66, 3.6 ],
									"rotationX": 8.0,
									"faces": {
										"north": { "texture": "#material", "uv": [ 7.5, 12.0, 13.5, 13.0 ], "autoUv": false, "snapUv": false },
										"east": { "texture": "#material", "uv": [ 0.0, 14.0, 1.0, 15.0 ], "autoUv": false, "snapUv": false },
										"south": { "texture": "#material", "uv": [ 7.5, 12.0, 13.5, 13.0 ], "autoUv": false, "snapUv": false },
										"west": { "texture": "#material", "uv": [ 0.0, 12.0, 0.5, 12.5 ], "autoUv": false, "snapUv": false },
										"up": { "texture": "#material", "uv": [ 7.5, 12.0, 13.5, 13.0 ], "autoUv": false, "snapUv": false },
										"down": { "texture": "#material", "uv": [ 7.5, 12.0, 13.5, 13.0 ], "autoUv": false, "snapUv": false }
									}
								},
								{
									"name": "13",
									"from": [ 4.6551, 6.3794, 4.25 ],
									"to": [ 10.1551, 7.3794, 5.25 ],
									"rotationOrigin": [ 4.6551, 6.3294, 4.2 ],
									"rotationX": -3.0,
									"rotationY": 3.0,
									"rotationZ": 180.0,
									"faces": {
										"north": { "texture": "#material", "uv": [ 0.0, 12.0, 4.0, 13.0 ], "autoUv": false, "snapUv": false },
										"east": { "texture": "#material", "uv": [ 0.0, 14.5, 1.0, 15.5 ], "autoUv": false, "snapUv": false },
										"south": { "texture": "#material", "uv": [ 0.0, 12.0, 4.0, 13.0 ], "autoUv": false, "snapUv": false },
										"west": { "texture": "#material", "uv": [ 1.0, 14.5, 2.0, 15.5 ], "autoUv": false, "snapUv": false },
										"up": { "texture": "#material", "uv": [ 0.0, 12.0, 4.0, 13.0 ], "autoUv": false, "snapUv": false },
										"down": { "texture": "#material", "uv": [ 0.0, 12.0, 4.0, 13.0 ], "autoUv": false, "snapUv": false }
									}
								},
								{
									"name": "14",
									"from": [ 0.7, 4.66, 4.74 ],
									"to": [ 7.2, 5.33, 5.34 ],
									"rotationOrigin": [ 0.5, 4.66, 4.9 ],
									"rotationX": 3.0,
									"rotationY": -2.0,
									"faces": {
										"north": { "texture": "#material", "uv": [ 0.0, 12.0, 6.5, 12.5 ], "autoUv": false, "snapUv": false },
										"east": { "texture": "#material", "uv": [ 0.0, 12.0, 0.5, 12.5 ], "autoUv": false, "snapUv": false },
										"south": { "texture": "#material", "uv": [ 0.0, 12.0, 6.5, 12.5 ], "autoUv": false, "snapUv": false },
										"west": { "texture": "#material", "uv": [ 0.0, 12.0, 0.5, 12.5 ], "autoUv": false, "snapUv": false },
										"up": { "texture": "#material", "uv": [ 0.0, 12.0, 6.5, 12.5 ], "autoUv": false, "snapUv": false },
										"down": { "texture": "#material", "uv": [ 0.0, 12.0, 6.5, 12.5 ], "autoUv": false, "snapUv": false }
									}
								},
								{
									"name": "15",
									"from": [ 4.5751, 6.2295, 5.9 ],
									"to": [ 10.5751, 6.8995, 6.5 ],
									"rotationOrigin": [ 4.4551, 6.2295, 6.0 ],
									"rotationX": -3.0,
									"rotationY": -2.0,
									"rotationZ": 180.0,
									"faces": {
										"north": { "texture": "#material", "uv": [ 0.0, 12.0, 5.0, 12.5 ], "autoUv": false, "snapUv": false },
										"east": { "texture": "#material", "uv": [ 0.0, 14.5, 0.5, 15.0 ], "autoUv": false, "snapUv": false },
										"south": { "texture": "#material", "uv": [ 0.0, 12.0, 5.0, 12.5 ], "autoUv": false, "snapUv": false },
										"west": { "texture": "#material", "uv": [ 0.0, 15.5, 0.5, 16.0 ], "autoUv": false, "snapUv": false },
										"up": { "texture": "#material", "uv": [ 0.0, 12.0, 5.0, 12.5 ], "autoUv": false, "snapUv": false },
										"down": { "texture": "#material", "uv": [ 0.0, 12.0, 5.0, 12.5 ], "autoUv": false, "snapUv": false }
									}
								},
								{
									"name": "17",
									"from": [ 5.2051, 6.2295, 7.2 ],
									"to": [ 10.6551, 7.2295, 8.2 ],
									"rotationOrigin": [ 5.2551, 6.2295, 7.2 ],
									"rotationX": -3.0,
									"rotationY": -1.0,
									"rotationZ": 180.0,
									"faces": {
										"north": { "texture": "#material", "uv": [ 0.0, 0.0, 4.0, 1.0 ], "autoUv": false, "snapUv": false },
										"east": { "texture": "#material", "uv": [ 0.0, 14.5, 1.0, 15.5 ], "autoUv": false, "snapUv": false },
										"south": { "texture": "#material", "uv": [ 0.0, 0.0, 4.0, 1.0 ], "autoUv": false, "snapUv": false },
										"west": { "texture": "#material", "uv": [ 0.0, 0.0, 1.0, 1.0 ], "autoUv": false, "snapUv": false },
										"up": { "texture": "#material", "uv": [ 1.5, 0.0, 5.5, 1.0 ], "autoUv": false, "snapUv": false },
										"down": { "texture": "#material", "uv": [ 0.0, 0.0, 4.0, 1.0 ], "autoUv": false, "snapUv": false }
									}
								},
								{
									"name": "16",
									"from": [ 0.8, 4.58, 6.3 ],
									"to": [ 6.8, 5.58, 7.3 ],
									"rotationOrigin": [ 0.8, 4.66, 6.3 ],
									"rotationX": -3.0,
									"faces": {
										"north": { "texture": "#material", "uv": [ 6.0, 14.0, 12.0, 15.0 ], "autoUv": false, "snapUv": false },
										"east": { "texture": "#material", "uv": [ 0.0, 14.0, 1.0, 15.0 ], "autoUv": false, "snapUv": false },
										"south": { "texture": "#material", "uv": [ 6.0, 14.0, 12.0, 15.0 ], "autoUv": false, "snapUv": false },
										"west": { "texture": "#material", "uv": [ 4.0, 11.0, 5.0, 12.0 ], "autoUv": false, "snapUv": false },
										"up": { "texture": "#material", "uv": [ 7.5, 13.0, 13.5, 14.0 ], "autoUv": false, "snapUv": false },
										"down": { "texture": "#material", "uv": [ 6.0, 14.0, 12.0, 15.0 ], "autoUv": false, "snapUv": false }
									}
								}
							]
						},
						{
							"name": "0",
							"from": [ 0.0, 0.0, 0.0 ],
							"to": [ 0.0, 0.0, 0.0 ],
							"rotationOrigin": [ 0.0, 0.0, 0.0 ],
							"rotationZ": 45.0,
							"faces": {
								"north": { "texture": "#null", "uv": [ 0.0, 0.0, 0.5, 0.5 ], "enabled": false },
								"east": { "texture": "#null", "uv": [ 0.0, 0.0, 0.5, 0.5 ], "enabled": false },
								"south": { "texture": "#null", "uv": [ 0.0, 0.0, 0.5, 0.5 ], "enabled": false },
								"west": { "texture": "#null", "uv": [ 0.0, 0.0, 0.5, 0.5 ], "enabled": false },
								"up": { "texture": "#null", "uv": [ 0.0, 0.0, 0.5, 0.5 ], "enabled": false },
								"down": { "texture": "#null", "uv": [ 0.0, 0.0, 0.5, 0.5 ], "enabled": false }
							},
							"children": [
								{
									"name": "0",
									"from": [ 10.6, 4.66, -7.85 ],
									"to": [ 17.13, 5.66, -6.85 ],
									"rotationOrigin": [ 10.7, 4.66, -8.1 ],
									"rotationX": -6.0,
									"rotationY": 0.5,
									"faces": {
										"north": { "texture": "#material", "uv": [ 6.0, 0.0, 12.0, 1.0 ], "autoUv": false, "snapUv": false },
										"east": { "texture": "#material", "uv": [ 0.0, 0.0, 1.0, 1.0 ], "autoUv": false, "snapUv": false },
										"south": { "texture": "#material", "uv": [ 6.0, 0.0, 12.0, 1.0 ], "autoUv": false, "snapUv": false },
										"west": { "texture": "#material", "uv": [ 0.0, 0.0, 1.0, 1.0 ], "autoUv": false, "snapUv": false },
										"up": { "texture": "#material", "uv": [ 6.0, 0.0, 12.0, 1.0 ], "autoUv": false, "snapUv": false },
										"down": { "texture": "#material", "uv": [ 6.0, 0.0, 12.0, 1.0 ], "autoUv": false, "snapUv": false }
									}
								},
								{
									"name": "1",
									"from": [ 16.0551, 6.2294, -7.0 ],
									"to": [ 22.0751, 7.2294, -6.0 ],
									"rotationOrigin": [ 16.5551, 6.2294, -7.3 ],
									"rotationX": -5.0,
									"rotationY": 2.0,
									"rotationZ": 180.0,
									"faces": {
										"north": { "texture": "#material", "uv": [ 0.0, 0.0, 6.5, 1.0 ], "autoUv": false, "snapUv": false },
										"east": { "texture": "#material", "uv": [ 0.0, 0.0, 1.0, 1.0 ], "autoUv": false, "snapUv": false },
										"south": { "texture": "#material", "uv": [ 0.0, 0.0, 6.5, 1.0 ], "autoUv": false, "snapUv": false },
										"west": { "texture": "#material", "uv": [ 0.5, 14.0, 1.5, 15.0 ], "autoUv": false, "snapUv": false },
										"up": { "texture": "#material", "uv": [ 0.0, 0.0, 6.5, 1.0 ], "autoUv": false, "snapUv": false },
										"down": { "texture": "#material", "uv": [ 0.0, 0.0, 6.5, 1.0 ], "autoUv": false, "snapUv": false }
									}
								},
								{
									"name": "2",
									"from": [ 10.7, 4.66, -6.0 ],
									"to": [ 17.1, 5.76, -5.0 ],
									"rotationOrigin": [ 10.7, 4.66, -6.0 ],
									"rotationX": 5.0,
									"rotationY": 2.0,
									"faces": {
										"north": { "texture": "#material", "uv": [ 0.0, 2.0, 5.0, 3.0 ], "autoUv": false, "snapUv": false },
										"east": { "texture": "#material", "uv": [ 0.5, 14.0, 1.5, 15.0 ], "autoUv": false, "snapUv": false },
										"south": { "texture": "#material", "uv": [ 0.0, 2.0, 5.0, 3.0 ], "autoUv": false, "snapUv": false },
										"west": { "texture": "#material", "uv": [ 0.0, 2.0, 1.0, 3.0 ], "autoUv": false, "snapUv": false },
										"up": { "texture": "#material", "uv": [ 0.0, 2.0, 5.0, 3.0 ], "autoUv": false, "snapUv": false },
										"down": { "texture": "#material", "uv": [ 0.0, 2.0, 5.0, 3.0 ], "autoUv": false, "snapUv": false }
									}
								},
								{
									"name": "3",
									"from": [ 15.7552, 6.2294, -5.1 ],
									"to": [ 21.1552, 7.3294, -4.1 ],
									"rotationOrigin": [ 16.3552, 6.2294, -5.1 ],
									"rotationX": -12.0,
									"rotationY": -2.0,
									"rotationZ": -180.0,
									"faces": {
										"north": { "texture": "#material", "uv": [ 0.0, 2.0, 5.0, 3.0 ], "autoUv": false, "snapUv": false },
										"east": { "texture": "#material", "uv": [ 0.0, 2.0, 1.0, 3.0 ], "autoUv": false, "snapUv": false },
										"south": { "texture": "#material", "uv": [ 0.0, 2.0, 5.0, 3.0 ], "autoUv": false, "snapUv": false },
										"west": { "texture": "#material", "uv": [ 1.0, 14.0, 2.0, 15.0 ], "autoUv": false, "snapUv": false },
										"up": { "texture": "#material", "uv": [ 0.0, 2.0, 5.0, 3.0 ], "autoUv": false, "snapUv": false },
										"down": { "texture": "#material", "uv": [ 0.0, 2.0, 5.0, 3.0 ], "autoUv": false, "snapUv": false }
									}
								},
								{
									"name": "4",
									"from": [ 11.2, 4.86, -4.0 ],
									"to": [ 17.0, 5.86, -3.0 ],
									"rotationOrigin": [ 11.8, 4.86, -4.0 ],
									"rotationX": 27.0,
									"rotationY": 1.5,
									"faces": {
										"north": { "texture": "#material", "uv": [ 0.0, 4.0, 5.5, 5.0 ], "autoUv": false, "snapUv": false },
										"east": { "texture": "#material", "uv": [ 1.0, 14.5, 2.0, 15.5 ], "autoUv": false, "snapUv": false },
										"south": { "texture": "#material", "uv": [ 0.0, 4.0, 5.5, 5.0 ], "autoUv": false, "snapUv": false },
										"west": { "texture": "#material", "uv": [ 0.0, 4.0, 1.0, 5.0 ], "autoUv": false, "snapUv": false },
										"up": { "texture": "#material", "uv": [ 0.0, 4.0, 5.5, 5.0 ], "autoUv": false, "snapUv": false },
										"down": { "texture": "#material", "uv": [ 0.0, 4.0, 5.5, 5.0 ], "autoUv": false, "snapUv": false }
									}
								},
								{
									"name": "5",
									"from": [ 16.1551, 6.2295, -3.1 ],
									"to": [ 22.3051, 7.2295, -2.1 ],
									"rotationOrigin": [ 16.6551, 6.2295, -3.1 ],
									"rotationX": 2.0,
									"rotationY": 3.0,
									"rotationZ": -179.9999,
									"faces": {
										"north": { "texture": "#material", "uv": [ 0.0, 4.0, 6.0, 5.0 ], "autoUv": false, "snapUv": false },
										"east": { "texture": "#material", "uv": [ 0.0, 4.0, 1.0, 5.0 ], "autoUv": false, "snapUv": false },
										"south": { "texture": "#material", "uv": [ 0.0, 4.0, 6.0, 5.0 ], "autoUv": false, "snapUv": false },
										"west": { "texture": "#material", "uv": [ 0.5, 14.5, 1.5, 15.5 ], "autoUv": false, "snapUv": false },
										"up": { "texture": "#material", "uv": [ 0.0, 4.0, 6.0, 5.0 ], "autoUv": false, "snapUv": false },
										"down": { "texture": "#material", "uv": [ 0.0, 4.0, 6.0, 5.0 ], "autoUv": false, "snapUv": false }
									}
								},
								{
									"name": "6",
									"from": [ 11.1, 4.66, -1.9 ],
									"to": [ 17.1, 5.66, -0.86 ],
									"rotationOrigin": [ 11.5, 4.66, -1.9 ],
									"rotationX": -3.0,
									"rotationY": 1.5,
									"faces": {
										"north": { "texture": "#material", "uv": [ 2.0, 12.5, 5.5, 13.5 ], "autoUv": false, "snapUv": false },
										"east": { "texture": "#material", "uv": [ 0.0, 14.0, 1.0, 15.0 ], "autoUv": false, "snapUv": false },
										"south": { "texture": "#material", "uv": [ 2.5, 12.0, 6.0, 13.0 ], "autoUv": false, "snapUv": false },
										"west": { "texture": "#material", "uv": [ 0.0, 14.0, 1.0, 15.0 ], "autoUv": false, "snapUv": false },
										"up": { "texture": "#material", "uv": [ 2.5, 8.5, 6.0, 9.5 ], "autoUv": false, "snapUv": false },
										"down": { "texture": "#material", "uv": [ 5.5, 12.5, 9.0, 13.5 ], "autoUv": false, "snapUv": false }
									}
								},
								{
									"name": "7",
									"from": [ 15.8551, 6.2295, -1.2 ],
									"to": [ 22.0551, 7.2295, -0.16 ],
									"rotationOrigin": [ 16.4551, 6.2295, -1.2 ],
									"rotationX": -14.0,
									"rotationY": -2.0,
									"rotationZ": -180.0,
									"faces": {
										"north": { "texture": "#material", "uv": [ 0.0, 6.0, 7.0, 7.0 ], "autoUv": false, "snapUv": false },
										"east": { "texture": "#material", "uv": [ 0.0, 6.0, 1.0, 7.0 ], "autoUv": false, "snapUv": false },
										"south": { "texture": "#material", "uv": [ 0.0, 6.0, 7.0, 7.0 ], "autoUv": false, "snapUv": false },
										"west": { "texture": "#material", "uv": [ 0.0, 14.0, 1.0, 15.0 ], "autoUv": false, "snapUv": false },
										"up": { "texture": "#material", "uv": [ 0.0, 6.0, 7.0, 7.0 ], "autoUv": false, "snapUv": false },
										"down": { "texture": "#material", "uv": [ 1.0, 4.0, 8.0, 5.0 ], "autoUv": false, "snapUv": false }
									}
								},
								{
									"name": "8",
									"from": [ 11.3, 4.76, -0.1 ],
									"to": [ 17.1, 5.76, 0.4 ],
									"rotationOrigin": [ 11.3, 3.76, -0.1 ],
									"rotationX": 5.5,
									"faces": {
										"north": { "texture": "#material", "uv": [ 0.0, 8.0, 7.5, 9.0 ], "autoUv": false, "snapUv": false },
										"east": { "texture": "#material", "uv": [ 1.0, 15.0, 1.5, 16.0 ], "autoUv": false, "snapUv": false },
										"south": { "texture": "#material", "uv": [ 0.0, 8.0, 7.5, 9.0 ], "autoUv": false, "snapUv": false },
										"west": { "texture": "#material", "uv": [ 0.0, 14.5, 0.5, 15.5 ], "autoUv": false, "snapUv": false },
										"up": { "texture": "#material", "uv": [ 0.0, 8.0, 7.5, 8.5 ], "autoUv": false, "snapUv": false },
										"down": { "texture": "#material", "uv": [ 0.0, 8.0, 7.5, 8.5 ], "autoUv": false, "snapUv": false }
									}
								},
								{
									"name": "9",
									"from": [ 16.3551, 6.2294, 0.9999 ],
									"to": [ 22.4551, 7.2294, 1.4999 ],
									"rotationOrigin": [ 16.8551, 6.2294, 0.9999 ],
									"rotationX": -3.0,
									"rotationY": -4.0,
									"rotationZ": 180.0,
									"faces": {
										"north": { "texture": "#material", "uv": [ 0.0, 8.0, 6.0, 9.0 ], "autoUv": false, "snapUv": false },
										"east": { "texture": "#material", "uv": [ 0.0, 9.0, 0.5, 10.0 ], "autoUv": false, "snapUv": false },
										"south": { "texture": "#material", "uv": [ 0.0, 8.0, 6.0, 9.0 ], "autoUv": false, "snapUv": false },
										"west": { "texture": "#material", "uv": [ 1.0, 15.0, 1.5, 16.0 ], "autoUv": false, "snapUv": false },
										"up": { "texture": "#material", "uv": [ 0.0, 8.0, 6.0, 8.5 ], "autoUv": false, "snapUv": false },
										"down": { "texture": "#material", "uv": [ 0.0, 8.0, 6.0, 8.5 ], "autoUv": false, "snapUv": false }
									}
								},
								{
									"name": "10",
									"from": [ 11.27, 4.56, 1.5 ],
									"to": [ 17.2, 5.56, 2.53 ],
									"rotationOrigin": [ 11.3, 4.56, 1.9 ],
									"rotationX": -1.5,
									"rotationY": -3.0,
									"faces": {
										"north": { "texture": "#material", "uv": [ 0.0, 10.0, 5.5, 11.0 ], "autoUv": false, "snapUv": false },
										"east": { "texture": "#material", "uv": [ 0.5, 15.0, 1.5, 16.0 ], "autoUv": false, "snapUv": false },
										"south": { "texture": "#material", "uv": [ 0.0, 10.0, 5.5, 11.0 ], "autoUv": false, "snapUv": false },
										"west": { "texture": "#material", "uv": [ 0.0, 10.0, 1.0, 11.0 ], "autoUv": false, "snapUv": false },
										"up": { "texture": "#material", "uv": [ 0.0, 10.0, 5.5, 11.0 ], "autoUv": false, "snapUv": false },
										"down": { "texture": "#material", "uv": [ 0.0, 10.0, 5.5, 11.0 ], "autoUv": false, "snapUv": false }
									}
								},
								{
									"name": "11",
									"from": [ 15.9552, 6.2295, 2.2 ],
									"to": [ 21.3552, 7.2295, 3.2 ],
									"rotationOrigin": [ 16.4552, 6.2294, 2.6 ],
									"rotationX": -18.0,
									"rotationY": 1.0001,
									"rotationZ": -179.9999,
									"faces": {
										"north": { "texture": "#material", "uv": [ 0.0, 10.0, 5.0, 11.0 ], "autoUv": false, "snapUv": false },
										"east": { "texture": "#material", "uv": [ 0.0, 10.0, 1.0, 11.0 ], "autoUv": false, "snapUv": false },
										"south": { "texture": "#material", "uv": [ 0.0, 10.0, 5.0, 11.0 ], "autoUv": false, "snapUv": false },
										"west": { "texture": "#material", "uv": [ 0.0, 15.0, 1.0, 16.0 ], "autoUv": false, "snapUv": false },
										"up": { "texture": "#material", "uv": [ 0.0, 10.0, 5.0, 11.0 ], "autoUv": false, "snapUv": false },
										"down": { "texture": "#material", "uv": [ 0.0, 10.0, 5.0, 11.0 ], "autoUv": false, "snapUv": false }
									}
								},
								{
									"name": "12",
									"from": [ 10.3, 4.66, 3.7 ],
									"to": [ 17.0, 5.66, 4.7 ],
									"rotationOrigin": [ 10.3, 4.66, 3.7 ],
									"rotationX": -4.0,
									"rotationY": 2.0,
									"faces": {
										"north": { "texture": "#material", "uv": [ 0.0, 12.0, 7.5, 13.0 ], "autoUv": false, "snapUv": false },
										"east": { "texture": "#material", "uv": [ 0.0, 12.0, 1.0, 13.0 ], "autoUv": false, "snapUv": false },
										"south": { "texture": "#material", "uv": [ 0.0, 12.0, 7.5, 13.0 ], "autoUv": false, "snapUv": false },
										"west": { "texture": "#material", "uv": [ 0.5, 15.0, 1.5, 16.0 ], "autoUv": false, "snapUv": false },
										"up": { "texture": "#material", "uv": [ 0.0, 12.0, 7.5, 13.0 ], "autoUv": false, "snapUv": false },
										"down": { "texture": "#material", "uv": [ 0.0, 12.0, 7.5, 13.0 ], "autoUv": false, "snapUv": false }
									}
								},
								{
									"name": "13",
									"from": [ 16.1551, 6.2294, 4.5 ],
									"to": [ 22.8551, 7.2294, 5.5 ],
									"rotationOrigin": [ 16.6551, 6.2294, 4.5 ],
									"rotationX": 6.0,
									"rotationY": -2.0,
									"rotationZ": -179.9999,
									"faces": {
										"north": { "texture": "#material", "uv": [ 0.0, 12.0, 7.5, 13.0 ], "autoUv": false, "snapUv": false },
										"east": { "texture": "#material", "uv": [ 0.0, 12.0, 1.0, 13.0 ], "autoUv": false, "snapUv": false },
										"south": { "texture": "#material", "uv": [ 0.0, 12.0, 7.5, 13.0 ], "autoUv": false, "snapUv": false },
										"west": { "texture": "#material", "uv": [ 0.5, 15.0, 1.5, 16.0 ], "autoUv": false, "snapUv": false },
										"up": { "texture": "#material", "uv": [ 0.0, 12.0, 7.5, 13.0 ], "autoUv": false, "snapUv": false },
										"down": { "texture": "#material", "uv": [ 0.0, 12.0, 7.5, 13.0 ], "autoUv": false, "snapUv": false }
									}
								},
								{
									"name": "14",
									"from": [ 12.12, 4.66, 4.9 ],
									"to": [ 17.12, 5.33, 5.5 ],
									"rotationOrigin": [ 12.0, 4.66, 5.0 ],
									"rotationX": 5.5,
									"faces": {
										"north": { "texture": "#material", "uv": [ 0.0, 12.0, 5.0, 12.5 ], "autoUv": false, "snapUv": false },
										"east": { "texture": "#material", "uv": [ 0.0, 14.5, 0.5, 15.0 ], "autoUv": false, "snapUv": false },
										"south": { "texture": "#material", "uv": [ 0.0, 12.0, 5.0, 12.5 ], "autoUv": false, "snapUv": false },
										"west": { "texture": "#material", "uv": [ 0.0, 15.5, 0.5, 16.0 ], "autoUv": false, "snapUv": false },
										"up": { "texture": "#material", "uv": [ 0.0, 12.0, 5.0, 12.5 ], "autoUv": false, "snapUv": false },
										"down": { "texture": "#material", "uv": [ 0.0, 12.0, 5.0, 12.5 ], "autoUv": false, "snapUv": false }
									}
								},
								{
									"name": "15",
									"from": [ 16.0551, 6.2294, 5.9 ],
									"to": [ 22.6551, 6.8994, 6.5 ],
									"rotationOrigin": [ 16.6551, 6.2294, 5.8 ],
									"rotationX": 1.0,
									"rotationY": -2.0,
									"rotationZ": 180.0,
									"faces": {
										"north": { "texture": "#material", "uv": [ 0.0, 12.0, 6.5, 12.5 ], "autoUv": false, "snapUv": false },
										"east": { "texture": "#material", "uv": [ 0.0, 14.5, 0.5, 15.0 ], "autoUv": false, "snapUv": false },
										"south": { "texture": "#material", "uv": [ 0.0, 12.0, 6.5, 12.5 ], "autoUv": false, "snapUv": false },
										"west": { "texture": "#material", "uv": [ 0.5, 15.0, 1.0, 15.5 ], "autoUv": false, "snapUv": false },
										"up": { "texture": "#material", "uv": [ 0.0, 12.0, 6.5, 12.5 ], "autoUv": false, "snapUv": false },
										"down": { "texture": "#material", "uv": [ 0.0, 12.0, 6.5, 12.5 ], "autoUv": false, "snapUv": false }
									}
								},
								{
									"name": "17",
									"from": [ 15.7551, 6.2294, 7.2 ],
									"to": [ 22.1551, 7.2294, 8.2 ],
									"rotationOrigin": [ 16.3551, 6.2294, 7.2 ],
									"rotationX": -6.0,
									"rotationY": -1.0,
									"rotationZ": 180.0,
									"faces": {
										"north": { "texture": "#material", "uv": [ 2.5, 12.5, 8.5, 13.5 ], "autoUv": false, "snapUv": false },
										"east": { "texture": "#material", "uv": [ 0.0, 14.0, 1.0, 15.0 ], "autoUv": false, "snapUv": false },
										"south": { "texture": "#material", "uv": [ 4.0, 13.0, 10.0, 14.0 ], "autoUv": false, "snapUv": false },
										"west": { "texture": "#material", "uv": [ 0.0, 14.0, 1.0, 15.0 ], "autoUv": false, "snapUv": false },
										"up": { "texture": "#material", "uv": [ 3.5, 9.5, 9.5, 10.5 ], "autoUv": false, "snapUv": false },
										"down": { "texture": "#material", "uv": [ 5.5, 8.5, 11.5, 9.5 ], "autoUv": false, "snapUv": false }
									}
								},
								{
									"name": "16",
									"from": [ 11.1, 4.68, 6.3 ],
									"to": [ 17.1, 5.68, 7.3 ],
									"rotationOrigin": [ 10.8, 4.76, 6.3 ],
									"rotationX": 3.0,
									"faces": {
										"north": { "texture": "#material", "uv": [ 6.0, 14.0, 12.0, 15.0 ], "autoUv": false, "snapUv": false },
										"east": { "texture": "#material", "uv": [ 0.0, 14.0, 1.0, 15.0 ], "autoUv": false, "snapUv": false },
										"south": { "texture": "#material", "uv": [ 6.0, 14.0, 12.0, 15.0 ], "autoUv": false, "snapUv": false },
										"west": { "texture": "#material", "uv": [ 4.0, 11.0, 5.0, 12.0 ], "autoUv": false, "snapUv": false },
										"up": { "texture": "#material", "uv": [ 7.5, 13.0, 13.5, 14.0 ], "autoUv": false, "snapUv": false },
										"down": { "texture": "#material", "uv": [ 6.0, 14.0, 12.0, 15.0 ], "autoUv": false, "snapUv": false }
									}
								}
							]
						}
					]
				}
			]
		}
	]}