{
	"editor": {
		"collapsedPaths": "Root/Origin lid/origin handle,Root/origin lower ring,Root/origin barrel/Origin lid,Root/Origin lid/Cube14",
		"allAngles": false,
		"entityTextureMode": false
	},
	"textureWidth": 16,
	"textureHeight": 16,
	"textureSizes": {
	},
	"textures": {
	},
	"elements": [
		{
			"name": "origin barrel",
			"from": [ 8.07, 10.85, 8.05 ],
			"to": [ 8.07, 10.85, 8.05 ],
			"rotationOrigin": [ 8.075, 10.85, 8.05 ],
			"faces": {
			},
			"children": [
				{
					"name": "S 1",
					"from": [ -3.5156, 0.0, 4.7656 ],
					"to": [ -2.3437, 11.7188, 5.5469 ],
					"rotationOrigin": [ -3.5156, 0.0, 4.7656 ],
					"faces": {
						"north": { "texture": "#aged", "uv": [ 0.0, 0.0, 15.0, 1.5 ], "rotation": 90, "autoUv": false },
						"south": { "texture": "#aged", "uv": [ 0.0, 0.0, 15.0, 1.5 ], "rotation": 90, "autoUv": false },
						"up": { "texture": "#aged", "uv": [ 0.0, 0.0, 1.5, 1.0 ], "autoUv": false },
						"down": { "texture": "#aged", "uv": [ 0.0, 0.0, 1.5, 1.0 ], "autoUv": false }
					}
				},
				{
					"name": "S 2",
					"from": [ -2.3437, 0.0, 4.7656 ],
					"to": [ 0.0, 12.1094, 5.5469 ],
					"rotationOrigin": [ -2.3437, 0.0, 4.7656 ],
					"faces": {
						"north": { "texture": "#aged", "uv": [ 0.0, 5.0, 15.5, 8.0 ], "rotation": 90, "autoUv": false },
						"east": { "texture": "#aged", "uv": [ 0.0, 4.5, 15.5, 5.5 ], "rotation": 90, "autoUv": false },
						"south": { "texture": "#aged", "uv": [ 0.0, 12.0, 15.5, 15.0 ], "rotation": 90, "autoUv": false },
						"west": { "texture": "#aged", "uv": [ 0.0, 4.0, 15.5, 5.0 ], "rotation": 90, "autoUv": false },
						"up": { "texture": "#aged", "uv": [ 0.0, 2.5, 3.0, 3.5 ], "autoUv": false },
						"down": { "texture": "#aged", "uv": [ 4.0, 9.0, 7.0, 10.0 ], "autoUv": false }
					}
				},
				{
					"name": "S 3",
					"from": [ 0.0, 0.0, 4.7656 ],
					"to": [ 2.3438, 11.7188, 5.5469 ],
					"rotationOrigin": [ 0.0, 0.0, 4.7656 ],
					"faces": {
						"north": { "texture": "#aged", "uv": [ 0.5, 11.0, 15.5, 14.0 ], "rotation": 90, "autoUv": false },
						"south": { "texture": "#aged", "uv": [ 0.5, 1.0, 15.5, 4.0 ], "rotation": 90, "autoUv": false },
						"up": { "texture": "#aged", "uv": [ 9.5, 11.5, 12.5, 12.5 ], "autoUv": false },
						"down": { "texture": "#aged", "uv": [ 7.0, 8.5, 10.0, 9.5 ], "autoUv": false }
					}
				},
				{
					"name": "S 4",
					"from": [ 2.3438, 0.0, 4.7656 ],
					"to": [ 3.5156, 12.1094, 5.5469 ],
					"rotationOrigin": [ 2.3438, 0.0, 4.7656 ],
					"faces": {
						"north": { "texture": "#aged", "uv": [ 0.0, 1.5, 15.5, 3.0 ], "rotation": 90, "autoUv": false },
						"east": { "texture": "#aged", "uv": [ 0.0, 14.0, 15.5, 15.0 ], "rotation": 90, "autoUv": false },
						"south": { "texture": "#aged", "uv": [ 0.0, 9.0, 15.5, 10.5 ], "rotation": 90, "autoUv": false },
						"west": { "texture": "#aged", "uv": [ 0.0, 13.5, 15.5, 14.5 ], "rotation": 90, "autoUv": false },
						"up": { "texture": "#aged", "uv": [ 9.5, 9.5, 11.0, 10.5 ], "autoUv": false },
						"down": { "texture": "#aged", "uv": [ 6.0, 9.5, 7.5, 10.5 ], "autoUv": false }
					}
				},
				{
					"name": "E 1",
					"from": [ 4.7656, 0.0, 2.3438 ],
					"to": [ 5.5469, 11.7188, 3.5156 ],
					"rotationOrigin": [ 4.7656, 0.0, 2.3438 ],
					"faces": {
						"north": { "texture": "#aged", "uv": [ 0.0, 0.0, 15.0, 1.0 ], "rotation": 90, "autoUv": false, "windMode": [-1,-1,-1,-1] },
						"east": { "texture": "#aged", "uv": [ 0.5, 11.5, 15.5, 13.0 ], "rotation": 90, "autoUv": false },
						"west": { "texture": "#aged", "uv": [ 0.0, 12.5, 15.0, 14.0 ], "rotation": 90, "autoUv": false },
						"up": { "texture": "#aged", "uv": [ 5.0, 4.0, 6.0, 5.5 ], "autoUv": false },
						"down": { "texture": "#aged", "uv": [ 8.0, 5.0, 9.0, 6.5 ], "autoUv": false }
					}
				},
				{
					"name": "E 20",
					"from": [ 4.8438, 0.0, 0.0 ],
					"to": [ 5.625, 12.1094, 2.3438 ],
					"rotationOrigin": [ 4.8438, 0.0, 1.1719 ],
					"faces": {
						"north": { "texture": "#aged", "uv": [ 0.0, 7.5, 15.5, 8.5 ], "rotation": 90, "autoUv": false },
						"east": { "texture": "#aged", "uv": [ 0.0, 0.0, 15.5, 3.0 ], "rotation": 90, "autoUv": false },
						"south": { "texture": "#aged", "uv": [ 0.0, 5.0, 15.5, 6.0 ], "rotation": 90, "autoUv": false },
						"west": { "texture": "#aged", "uv": [ 0.0, 7.5, 15.5, 10.5 ], "rotation": 90, "autoUv": false },
						"up": { "texture": "#aged", "uv": [ 7.0, 10.0, 8.0, 13.0 ], "autoUv": false },
						"down": { "texture": "#aged", "uv": [ 5.5, 9.5, 6.5, 12.5 ], "autoUv": false }
					}
				},
				{
					"name": "E 21",
					"from": [ 4.7656, 0.0, -3.5156 ],
					"to": [ 5.5469, 12.1094, -2.3437 ],
					"rotationOrigin": [ 4.7656, 0.0, -3.5156 ],
					"faces": {
						"north": { "texture": "#aged", "uv": [ 0.0, 3.5, 15.5, 4.5 ], "rotation": 90, "autoUv": false },
						"east": { "texture": "#aged", "uv": [ 0.0, 11.0, 15.5, 12.5 ], "rotation": 90, "autoUv": false },
						"south": { "texture": "#aged", "uv": [ 0.0, 4.5, 15.5, 5.5 ], "rotation": 90, "autoUv": false },
						"west": { "texture": "#aged", "uv": [ 0.0, 9.5, 15.5, 11.0 ], "rotation": 90, "autoUv": false },
						"up": { "texture": "#aged", "uv": [ 12.0, 7.0, 13.0, 8.5 ], "autoUv": false },
						"down": { "texture": "#aged", "uv": [ 3.5, 2.5, 4.5, 4.0 ], "autoUv": false }
					}
				},
				{
					"name": "E 22",
					"from": [ 4.6094, 0.0, -2.3437 ],
					"to": [ 5.3906, 11.7188, 0.0 ],
					"rotationOrigin": [ 4.6094, 0.0, -1.1719 ],
					"faces": {
						"north": { "texture": "#aged", "uv": [ 0.0, 10.5, 15.0, 11.5 ], "rotation": 90, "autoUv": false },
						"east": { "texture": "#aged", "uv": [ 0.0, 8.0, 15.0, 11.0 ], "rotation": 90, "autoUv": false },
						"south": { "texture": "#aged", "uv": [ 0.5, 10.5, 15.5, 11.5 ], "rotation": 90, "autoUv": false },
						"west": { "texture": "#aged", "uv": [ 0.0, 7.0, 15.0, 10.0 ], "rotation": 90, "autoUv": false },
						"up": { "texture": "#aged", "uv": [ 8.0, 8.0, 9.0, 11.0 ], "autoUv": false },
						"down": { "texture": "#aged", "uv": [ 4.0, 8.5, 5.0, 11.5 ], "autoUv": false }
					}
				},
				{
					"name": "corner SE",
					"from": [ 3.8281, 0.0, 2.7344 ],
					"to": [ 4.6094, 11.875, 5.8594 ],
					"rotationOrigin": [ 4.2188, 0.0, 4.2969 ],
					"rotationY": -45.0,
					"faces": {
						"north": { "texture": "#aged", "uv": [ 0.0, 11.0, 15.0, 12.0 ], "rotation": 90, "autoUv": false },
						"east": { "texture": "#aged", "uv": [ 0.0, 3.5, 15.0, 7.5 ], "rotation": 90, "autoUv": false },
						"south": { "texture": "#aged", "uv": [ 0.0, 14.0, 15.0, 15.0 ], "rotation": 90, "autoUv": false },
						"west": { "texture": "#aged", "uv": [ 0.5, 3.0, 15.5, 7.0 ], "rotation": 90, "autoUv": false },
						"up": { "texture": "#aged", "uv": [ 12.0, 5.0, 13.0, 9.0 ], "autoUv": false },
						"down": { "texture": "#aged", "uv": [ 1.5, 7.5, 2.5, 11.5 ], "autoUv": false }
					}
				},
				{
					"name": "N 4",
					"from": [ -3.5156, 0.0, -5.5469 ],
					"to": [ -2.3437, 11.7188, -4.7656 ],
					"rotationOrigin": [ -3.5156, 0.0, -5.5469 ],
					"faces": {
						"north": { "texture": "#aged", "uv": [ 0.5, 3.5, 15.5, 5.0 ], "rotation": 90, "autoUv": false },
						"east": { "texture": "#aged", "uv": [ 0.0, 3.0, 15.0, 4.0 ], "rotation": 90, "autoUv": false },
						"south": { "texture": "#aged", "uv": [ 0.0, 8.0, 15.0, 9.5 ], "rotation": 90, "autoUv": false },
						"west": { "texture": "#aged", "uv": [ 0.5, 13.5, 15.5, 14.5 ], "rotation": 90, "autoUv": false },
						"up": { "texture": "#aged", "uv": [ 0.5, 7.0, 2.0, 8.0 ], "autoUv": false },
						"down": { "texture": "#aged", "uv": [ 4.0, 4.0, 5.5, 5.0 ], "autoUv": false }
					}
				},
				{
					"name": "N 3",
					"from": [ -2.3437, 0.0, -5.5469 ],
					"to": [ 0.0, 12.1094, -4.7656 ],
					"rotationOrigin": [ -2.3437, 0.0, -5.5469 ],
					"faces": {
						"north": { "texture": "#aged", "uv": [ 0.0, 11.0, 15.5, 14.0 ], "rotation": 90, "autoUv": false },
						"east": { "texture": "#aged", "uv": [ 0.0, 6.0, 15.5, 7.0 ], "rotation": 90, "autoUv": false },
						"south": { "texture": "#aged", "uv": [ 0.0, 8.0, 15.5, 11.0 ], "rotation": 90, "autoUv": false },
						"west": { "texture": "#aged", "uv": [ 0.0, 0.5, 15.5, 1.5 ], "rotation": 90, "autoUv": false },
						"up": { "texture": "#aged", "uv": [ 3.0, 1.0, 6.0, 2.0 ], "autoUv": false },
						"down": { "texture": "#aged", "uv": [ 9.0, 6.5, 12.0, 7.5 ], "autoUv": false }
					}
				},
				{
					"name": "N 2",
					"from": [ 0.0, 0.0, -5.5469 ],
					"to": [ 2.3438, 11.7188, -4.7656 ],
					"rotationOrigin": [ 0.0, 0.0, -5.5469 ],
					"faces": {
						"north": { "texture": "#aged", "uv": [ 0.0, 1.5, 15.0, 4.5 ], "rotation": 90, "autoUv": false },
						"east": { "texture": "#aged", "uv": [ 0.5, 14.5, 15.5, 15.5 ], "rotation": 90, "autoUv": false },
						"south": { "texture": "#aged", "uv": [ 0.5, 5.0, 15.5, 8.0 ], "rotation": 90, "autoUv": false },
						"west": { "texture": "#aged", "uv": [ 0.0, 11.0, 15.0, 12.0 ], "rotation": 90, "autoUv": false },
						"up": { "texture": "#aged", "uv": [ 4.0, 4.0, 7.0, 5.0 ], "autoUv": false },
						"down": { "texture": "#aged", "uv": [ 0.5, 12.0, 3.5, 13.0 ], "autoUv": false }
					}
				},
				{
					"name": "N 1",
					"from": [ 2.3438, 0.0, -5.5469 ],
					"to": [ 3.5156, 12.1094, -4.7656 ],
					"rotationOrigin": [ 2.3438, 0.0, -5.5469 ],
					"faces": {
						"north": { "texture": "#aged", "uv": [ 0.0, 11.0, 15.5, 12.5 ], "rotation": 90, "autoUv": false },
						"east": { "texture": "#aged", "uv": [ 0.0, 0.5, 15.5, 1.5 ], "rotation": 90, "autoUv": false },
						"south": { "texture": "#aged", "uv": [ 0.0, 12.0, 15.5, 13.5 ], "rotation": 90, "autoUv": false },
						"west": { "texture": "#aged", "uv": [ 0.0, 0.5, 15.5, 1.5 ], "rotation": 90, "autoUv": false },
						"up": { "texture": "#aged", "uv": [ 8.5, 10.5, 10.0, 11.5 ], "autoUv": false },
						"down": { "texture": "#aged", "uv": [ 9.5, 1.5, 11.0, 2.5 ], "autoUv": false }
					}
				},
				{
					"name": "corner NE",
					"from": [ 3.8281, 0.0, -5.8594 ],
					"to": [ 4.6094, 11.875, -2.7344 ],
					"rotationOrigin": [ 4.2188, 0.0, -4.2969 ],
					"rotationY": 45.0,
					"faces": {
						"north": { "texture": "#aged", "uv": [ 0.0, 3.0, 15.0, 4.0 ], "rotation": 90, "autoUv": false },
						"east": { "texture": "#aged", "uv": [ 0.5, 8.5, 15.5, 12.5 ], "rotation": 90, "autoUv": false },
						"south": { "texture": "#aged", "uv": [ 0.5, 6.0, 15.5, 7.0 ], "rotation": 90, "autoUv": false },
						"west": { "texture": "#aged", "uv": [ 0.0, 0.5, 15.0, 4.5 ], "rotation": 90, "autoUv": false },
						"up": { "texture": "#aged", "uv": [ 9.5, 5.5, 10.5, 9.5 ], "autoUv": false },
						"down": { "texture": "#aged", "uv": [ 0.0, 10.0, 1.0, 14.0 ], "autoUv": false }
					}
				},
				{
					"name": "W 4",
					"from": [ -5.5469, 0.0, 2.3438 ],
					"to": [ -4.7656, 11.7188, 3.5156 ],
					"rotationOrigin": [ -5.5469, 0.0, 2.3438 ],
					"faces": {
						"north": { "texture": "#aged", "uv": [ 0.0, 13.5, 15.0, 14.5 ], "rotation": 90, "autoUv": false },
						"east": { "texture": "#aged", "uv": [ 0.0, 7.5, 15.0, 9.0 ], "rotation": 90, "autoUv": false },
						"south": { "texture": "#aged", "uv": [ 0.5, 10.0, 15.5, 11.0 ], "rotation": 90, "autoUv": false },
						"west": { "texture": "#aged", "uv": [ 0.5, 2.0, 15.5, 3.5 ], "rotation": 90, "autoUv": false },
						"up": { "texture": "#aged", "uv": [ 1.5, 1.0, 2.5, 2.5 ], "autoUv": false },
						"down": { "texture": "#aged", "uv": [ 10.5, 5.0, 11.5, 6.5 ], "autoUv": false }
					}
				},
				{
					"name": "W 3",
					"from": [ -5.5469, 0.0, 0.0 ],
					"to": [ -4.7656, 12.1094, 2.3438 ],
					"rotationOrigin": [ -5.5469, 0.0, 0.0 ],
					"faces": {
						"north": { "texture": "#aged", "uv": [ 0.0, 13.0, 15.5, 14.0 ], "rotation": 90, "autoUv": false },
						"east": { "texture": "#aged", "uv": [ 0.0, 11.5, 15.5, 14.5 ], "rotation": 90, "autoUv": false },
						"south": { "texture": "#aged", "uv": [ 0.0, 9.0, 15.5, 10.0 ], "rotation": 90, "autoUv": false },
						"west": { "texture": "#aged", "uv": [ 0.0, 8.5, 15.5, 11.5 ], "rotation": 90, "autoUv": false },
						"up": { "texture": "#aged", "uv": [ 5.0, 12.5, 6.0, 15.5 ], "autoUv": false },
						"down": { "texture": "#aged", "uv": [ 4.5, 10.5, 5.5, 13.5 ], "autoUv": false }
					}
				},
				{
					"name": "W 2",
					"from": [ -5.5469, 0.0, -2.3437 ],
					"to": [ -4.7656, 11.7188, 0.0 ],
					"rotationOrigin": [ -5.5469, 0.0, -2.3437 ],
					"faces": {
						"north": { "texture": "#aged", "uv": [ 0.0, 5.5, 15.0, 6.5 ], "rotation": 90, "autoUv": false },
						"east": { "texture": "#aged", "uv": [ 0.5, 0.5, 15.5, 3.5 ], "rotation": 90, "autoUv": false },
						"south": { "texture": "#aged", "uv": [ 0.5, 5.0, 15.5, 6.0 ], "rotation": 90, "autoUv": false },
						"west": { "texture": "#aged", "uv": [ 0.5, 7.0, 15.5, 10.0 ], "rotation": 90, "autoUv": false },
						"up": { "texture": "#aged", "uv": [ 12.0, 7.5, 13.0, 10.5 ], "autoUv": false },
						"down": { "texture": "#aged", "uv": [ 11.5, 1.5, 12.5, 4.5 ], "autoUv": false }
					}
				},
				{
					"name": "W 1",
					"from": [ -5.5469, 0.0, -3.5156 ],
					"to": [ -4.7656, 12.1094, -2.3437 ],
					"rotationOrigin": [ -5.5469, 0.0, -3.5156 ],
					"faces": {
						"north": { "texture": "#aged", "uv": [ 0.0, 13.0, 15.5, 14.0 ], "rotation": 90, "autoUv": false },
						"east": { "texture": "#aged", "uv": [ 0.0, 7.5, 15.5, 9.0 ], "rotation": 90, "autoUv": false },
						"south": { "texture": "#aged", "uv": [ 0.0, 3.5, 15.5, 4.5 ], "rotation": 90, "autoUv": false },
						"west": { "texture": "#aged", "uv": [ 0.0, 11.5, 15.5, 13.0 ], "rotation": 90, "autoUv": false },
						"up": { "texture": "#aged", "uv": [ 0.5, 3.5, 1.5, 5.0 ], "autoUv": false },
						"down": { "texture": "#aged", "uv": [ 8.5, 8.5, 9.5, 10.0 ], "autoUv": false }
					}
				},
				{
					"name": "corner NW",
					"from": [ -4.6094, 0.0, -5.8594 ],
					"to": [ -3.8281, 11.875, -2.7344 ],
					"rotationOrigin": [ -4.2187, 0.0, -4.2969 ],
					"rotationY": -45.0,
					"faces": {
						"north": { "texture": "#aged", "uv": [ 0.5, 12.0, 15.5, 13.0 ], "rotation": 90, "autoUv": false },
						"east": { "texture": "#aged", "uv": [ 0.5, 1.5, 15.5, 5.5 ], "rotation": 90, "autoUv": false },
						"south": { "texture": "#aged", "uv": [ 0.5, 12.5, 15.5, 13.5 ], "rotation": 90, "autoUv": false },
						"west": { "texture": "#aged", "uv": [ 0.5, 5.0, 15.5, 9.0 ], "rotation": 90, "autoUv": false },
						"up": { "texture": "#aged", "uv": [ 14.0, 2.0, 15.0, 6.0 ], "autoUv": false },
						"down": { "texture": "#aged", "uv": [ 4.0, 4.0, 5.0, 8.0 ], "autoUv": false }
					}
				},
				{
					"name": "corner SW",
					"from": [ -4.6094, 0.0, 2.7344 ],
					"to": [ -3.8281, 11.875, 5.8594 ],
					"rotationOrigin": [ -4.2187, 0.0, 4.2969 ],
					"rotationY": 45.0,
					"faces": {
						"north": { "texture": "#aged", "uv": [ 0.0, 3.0, 15.0, 4.0 ], "rotation": 90, "autoUv": false },
						"east": { "texture": "#aged", "uv": [ 1.0, 1.0, 16.0, 5.0 ], "rotation": 90, "autoUv": false },
						"south": { "texture": "#aged", "uv": [ 0.5, 6.0, 15.5, 7.0 ], "rotation": 90, "autoUv": false },
						"west": { "texture": "#aged", "uv": [ 0.0, 0.5, 15.0, 4.5 ], "rotation": 90, "autoUv": false },
						"up": { "texture": "#aged", "uv": [ 9.5, 5.5, 10.5, 9.5 ], "autoUv": false },
						"down": { "texture": "#aged", "uv": [ 0.0, 10.0, 1.0, 14.0 ], "autoUv": false }
					}
				},
				{
					"name": "floor",
					"from": [ -4.8437, 0.0781, -4.8437 ],
					"to": [ 4.9219, 0.8594, 4.9219 ],
					"rotationOrigin": [ -6.4062, 0.0781, -6.4062 ],
					"faces": {
						"up": { "texture": "#aged", "uv": [ 0.0, 0.0, 12.5, 12.5 ], "autoUv": false },
						"down": { "texture": "#aged", "uv": [ 0.0, 0.0, 12.5, 12.5 ], "autoUv": false }
					}
				},
				{
					"name": "Origin lid",
					"from": [ -4.8437, 14.8438, -4.8437 ],
					"to": [ -4.8437, 14.8438, -4.8437 ],
					"rotationOrigin": [ -0.1562, 10.9375, -0.1562 ],
					"faces": {
						"up": { "texture": "#aged", "uv": [ 9.5, 9.0, 10.0, 9.5 ], "autoUv": false },
						"down": { "texture": "#aged", "uv": [ 13.5, 3.0, 14.0, 3.5 ], "autoUv": false }
					},
					"children": [
						{
							"name": "origin loop",
							"from": [ 0.3906, -4.6875, 0.3906 ],
							"to": [ 0.3906, -4.6875, 0.3906 ],
							"rotationOrigin": [ 0.3906, -4.6875, 0.3906 ],
							"faces": {
							},
							"children": [
								{
									"name": "Cube2",
									"from": [ 1.1719, 0.0, -0.3906 ],
									"to": [ 7.8125, 0.7813, 0.0 ],
									"rotationOrigin": [ 1.1719, 0.0, -0.3906 ],
									"faces": {
										"north": { "texture": "#aged", "uv": [ 4.5, 1.5, 13.0, 2.5 ], "autoUv": false },
										"east": { "texture": "#aged", "uv": [ 14.5, 14.0, 15.0, 15.0 ], "autoUv": false },
										"west": { "texture": "#aged", "uv": [ 13.5, 3.0, 14.0, 4.0 ], "autoUv": false },
										"up": { "texture": "#aged", "uv": [ 5.5, 10.0, 14.0, 10.5 ], "autoUv": false },
										"down": { "texture": "#aged", "uv": [ 2.0, 13.0, 10.5, 13.5 ], "autoUv": false }
									}
								},
								{
									"name": "Cube4",
									"from": [ 1.1719, 0.0, 8.9844 ],
									"to": [ 7.8125, 0.7813, 9.375 ],
									"rotationOrigin": [ 1.1719, 0.0, 8.9844 ],
									"faces": {
										"east": { "texture": "#aged", "uv": [ 6.0, 1.5, 6.5, 2.5 ], "autoUv": false },
										"south": { "texture": "#aged", "uv": [ 5.0, 4.5, 13.5, 5.5 ], "autoUv": false },
										"west": { "texture": "#aged", "uv": [ 14.0, 7.5, 14.5, 8.5 ], "autoUv": false },
										"up": { "texture": "#aged", "uv": [ 0.0, 10.0, 8.5, 10.5 ], "autoUv": false },
										"down": { "texture": "#aged", "uv": [ 3.5, 5.5, 12.0, 6.0 ], "autoUv": false }
									}
								},
								{
									"name": "Cube6",
									"from": [ -0.3906, 0.0, 1.1719 ],
									"to": [ 0.0, 0.7813, 7.8125 ],
									"rotationOrigin": [ -0.3906, 0.0, 1.1719 ],
									"faces": {
										"north": { "texture": "#aged", "uv": [ 3.0, 3.5, 3.5, 4.5 ], "autoUv": false },
										"south": { "texture": "#aged", "uv": [ 11.5, 14.0, 12.0, 15.0 ], "autoUv": false },
										"west": { "texture": "#aged", "uv": [ 2.0, 6.5, 10.5, 7.5 ], "autoUv": false },
										"up": { "texture": "#aged", "uv": [ 14.5, 4.5, 15.0, 13.0 ], "autoUv": false },
										"down": { "texture": "#aged", "uv": [ 5.0, 3.5, 5.5, 12.0 ], "autoUv": false }
									}
								},
								{
									"name": "Cube7",
									"from": [ 8.9844, 0.0, 1.1719 ],
									"to": [ 9.375, 0.7813, 7.8125 ],
									"rotationOrigin": [ 8.9844, 0.0, 1.1719 ],
									"faces": {
										"north": { "texture": "#aged", "uv": [ 11.0, 14.5, 11.5, 15.5 ], "autoUv": false },
										"east": { "texture": "#aged", "uv": [ 0.5, 13.5, 9.0, 14.5 ], "autoUv": false },
										"south": { "texture": "#aged", "uv": [ 7.0, 2.5, 7.5, 3.5 ], "autoUv": false },
										"up": { "texture": "#aged", "uv": [ 14.5, 4.5, 15.0, 13.0 ], "autoUv": false },
										"down": { "texture": "#aged", "uv": [ 11.0, 1.5, 11.5, 10.0 ], "autoUv": false }
									}
								},
								{
									"name": "Cube8",
									"from": [ -0.7812, 0.0078, 0.3906 ],
									"to": [ 1.5625, 0.7891, 0.7813 ],
									"rotationOrigin": [ 0.3906, 0.0781, 0.3906 ],
									"rotationY": 45.0,
									"faces": {
										"north": { "texture": "#aged", "uv": [ 11.0, 13.5, 14.0, 14.5 ], "autoUv": false },
										"east": { "texture": "#aged", "uv": [ 0.5, 6.5, 1.0, 7.5 ], "autoUv": false },
										"west": { "texture": "#aged", "uv": [ 3.0, 14.0, 3.5, 15.0 ], "autoUv": false },
										"up": { "texture": "#aged", "uv": [ 4.0, 13.0, 7.0, 13.5 ], "autoUv": false },
										"down": { "texture": "#aged", "uv": [ 10.5, 3.0, 13.5, 3.5 ], "autoUv": false }
									}
								},
								{
									"name": "Cube9",
									"from": [ 7.4219, 0.0078, 0.3906 ],
									"to": [ 9.7656, 0.7891, 0.7813 ],
									"rotationOrigin": [ 8.5938, 0.0, 0.3906 ],
									"rotationY": -45.0,
									"faces": {
										"north": { "texture": "#aged", "uv": [ 5.0, 1.5, 8.0, 2.5 ], "autoUv": false },
										"east": { "texture": "#aged", "uv": [ 14.0, 11.5, 14.5, 12.5 ], "autoUv": false },
										"west": { "texture": "#aged", "uv": [ 6.0, 2.0, 6.5, 3.0 ], "autoUv": false },
										"up": { "texture": "#aged", "uv": [ 9.0, 11.5, 12.0, 12.0 ], "autoUv": false },
										"down": { "texture": "#aged", "uv": [ 12.0, 14.0, 15.0, 14.5 ], "autoUv": false }
									}
								},
								{
									"name": "Cube10",
									"from": [ -0.5469, 0.0078, 8.3594 ],
									"to": [ 1.7969, 0.7891, 8.75 ],
									"rotationOrigin": [ 0.625, 0.0, 8.3594 ],
									"rotationY": -45.0,
									"faces": {
										"east": { "texture": "#aged", "uv": [ 3.0, 14.0, 3.5, 15.0 ], "autoUv": false },
										"south": { "texture": "#aged", "uv": [ 4.0, 13.5, 7.0, 14.5 ], "autoUv": false },
										"west": { "texture": "#aged", "uv": [ 4.0, 5.0, 4.5, 6.0 ], "autoUv": false },
										"up": { "texture": "#aged", "uv": [ 0.5, 14.0, 3.5, 14.5 ], "autoUv": false },
										"down": { "texture": "#aged", "uv": [ 2.0, 11.0, 5.0, 11.5 ], "autoUv": false }
									}
								},
								{
									"name": "Cube12",
									"from": [ 7.1875, 0.0078, 8.2813 ],
									"to": [ 9.5313, 0.7891, 8.6719 ],
									"rotationOrigin": [ 8.3594, 0.0, 8.2813 ],
									"rotationY": 45.0,
									"faces": {
										"east": { "texture": "#aged", "uv": [ 9.0, 1.5, 9.5, 2.5 ], "autoUv": false },
										"south": { "texture": "#aged", "uv": [ 8.5, 1.5, 11.5, 2.5 ], "autoUv": false },
										"west": { "texture": "#aged", "uv": [ 2.0, 0.5, 2.5, 1.5 ], "autoUv": false },
										"up": { "texture": "#aged", "uv": [ 0.5, 12.5, 3.5, 13.0 ], "autoUv": false },
										"down": { "texture": "#aged", "uv": [ 2.0, 2.5, 5.0, 3.0 ], "autoUv": false }
									}
								}
							]
						},
						{
							"name": "top lid",
							"from": [ 0.7813, -4.6875, 0.7813 ],
							"to": [ 8.9844, -3.9062, 8.9844 ],
							"rotationOrigin": [ 0.7813, -4.6875, 0.7813 ],
							"faces": {
								"up": { "texture": "#aged", "uv": [ 3.0, 3.5, 13.5, 14.0 ], "autoUv": false },
								"down": { "texture": "#aged", "uv": [ 0.0, 5.0, 10.5, 15.5 ], "autoUv": false, "windMode": [-1,-1,-1,-1] }
							},
							"children": [
								{
									"name": "Cube28",
									"from": [ 0.3906, 0.0, -0.3906 ],
									"to": [ 7.8125, 0.7813, 0.0 ],
									"rotationOrigin": [ 0.3906, 0.0, -0.3906 ],
									"faces": {
										"up": { "texture": "#aged", "uv": [ 5.0, 2.5, 14.5, 3.0 ], "autoUv": false },
										"down": { "texture": "#aged", "uv": [ 1.5, 12.0, 11.0, 12.5 ], "autoUv": false, "windMode": [-1,-1,-1,-1] }
									}
								},
								{
									"name": "Cube29",
									"from": [ 0.3906, 0.0, 8.2031 ],
									"to": [ 7.8125, 0.7813, 8.5938 ],
									"rotationOrigin": [ 0.3906, 0.0, 8.2031 ],
									"faces": {
										"up": { "texture": "#aged", "uv": [ 1.0, 13.0, 10.5, 13.5 ], "autoUv": false },
										"down": { "texture": "#aged", "uv": [ 5.0, 4.5, 14.5, 5.0 ], "autoUv": false, "windMode": [-1,-1,-1,-1] }
									}
								},
								{
									"name": "Cube31",
									"from": [ -0.3906, 0.0, 0.3906 ],
									"to": [ 0.0, 0.7813, 7.8125 ],
									"rotationOrigin": [ -0.3906, 0.0, 0.3906 ],
									"faces": {
										"up": { "texture": "#aged", "uv": [ 2.5, 4.0, 3.0, 13.5 ], "autoUv": false },
										"down": { "texture": "#aged", "uv": [ 10.0, 2.0, 10.5, 11.5 ], "autoUv": false, "windMode": [-1,-1,-1,-1] }
									}
								},
								{
									"name": "Cube37",
									"from": [ 8.2031, 0.0, 0.3906 ],
									"to": [ 8.5938, 0.7813, 7.8125 ],
									"rotationOrigin": [ 8.2031, 0.0, 0.3906 ],
									"faces": {
										"up": { "texture": "#aged", "uv": [ 14.0, 4.0, 14.5, 13.5 ], "autoUv": false },
										"down": { "texture": "#aged", "uv": [ 10.5, 2.5, 11.0, 12.0 ], "autoUv": false, "windMode": [-1,-1,-1,-1] }
									}
								}
							]
						}
					]
				},
				{
					"name": "rope",
					"from": [ -0.47, -10.65, -0.17 ],
					"to": [ 0.3112, 0.35, 0.6113 ],
					"rotationOrigin": [ -0.4688, -10.65, -0.1687 ],
					"faces": {
						"north": { "texture": "#ropeold", "uv": [ 0.0, 0.0, 0.5, 12.5 ], "autoUv": false },
						"east": { "texture": "#ropeold", "uv": [ 0.0, 0.0, 0.5, 14.5 ], "autoUv": false },
						"south": { "texture": "#ropeold", "uv": [ 0.0, 0.0, 0.5, 15.0 ], "autoUv": false },
						"west": { "texture": "#ropeold", "uv": [ 0.0, 0.0, 0.5, 15.0 ], "autoUv": false },
						"up": { "texture": "#ropeold", "uv": [ 0.0, 0.0, 0.5, 0.5 ], "autoUv": false },
						"down": { "texture": "#ropeold", "uv": [ 0.0, 0.0, 0.5, 0.5 ], "autoUv": false }
					},
					"children": [
						{
							"name": "stoneanchor",
							"from": [ -1.48, -2.12, -1.38 ],
							"to": [ 2.02, -0.12, 2.12 ],
							"rotationOrigin": [ -1.475, -2.125, -1.375 ],
							"faces": {
								"north": { "texture": "#granite1", "uv": [ 0.0, 0.0, 3.0, 2.0 ], "autoUv": false },
								"east": { "texture": "#granite1", "uv": [ 0.0, 0.0, 3.0, 2.0 ], "autoUv": false },
								"south": { "texture": "#granite1", "uv": [ 0.0, 0.0, 3.0, 2.0 ], "autoUv": false },
								"west": { "texture": "#granite1", "uv": [ 0.0, 0.0, 3.0, 2.0 ], "autoUv": false },
								"up": { "texture": "#granite1", "uv": [ 0.0, 0.0, 3.0, 3.0 ], "autoUv": false },
								"down": { "texture": "#granite1", "uv": [ 0.0, 0.0, 3.0, 3.0 ], "autoUv": false }
							}
						}
					]
				}
			]
		}
	]}