{
	"editor": {
		"collapsedPaths": "Root/Cube26,Root/Cube14,Root/Cube20,Root/layer 3,Root/Cube7,Root/Cube43,Root/Center Point/layer 1,Root/Center Point/layer 2",
		"allAngles": false,
		"entityTextureMode": false
	},
	"textureWidth": 16,
	"textureHeight": 16,
	"textureSizes": {
	},
	"textures": {
	},
	"elements": [
		{
			"name": "Center Point",
			"from": [ 8.35, 1.1, 7.9 ],
			"to": [ 9.45, 2.2, 9.0 ],
			"rotationOrigin": [ 0.1, 1.1, -0.35 ],
			"faces": {
				"north": { "texture": "#null", "uv": [ 0.0, 0.0, 1.0, 1.0 ], "autoUv": false },
				"east": { "texture": "#null", "uv": [ 0.0, 0.0, 1.0, 1.0 ], "autoUv": false },
				"south": { "texture": "#null", "uv": [ 0.0, 0.0, 1.0, 1.0 ], "autoUv": false },
				"west": { "texture": "#null", "uv": [ 0.0, 0.0, 1.0, 1.0 ], "autoUv": false },
				"up": { "texture": "#null", "uv": [ 0.0, 0.0, 1.0, 1.0 ], "autoUv": false },
				"down": { "texture": "#null", "uv": [ 0.0, 0.0, 1.0, 1.0 ], "autoUv": false }
			},
			"children": [
				{
					"name": "layer 1",
					"from": [ -2.4751, -0.0014, -3.4624 ],
					"to": [ 2.4749, 3.9586, 3.4676 ],
					"rotationOrigin": [ -3.465, -6.93, -3.465 ],
					"rotationX": -0.0513,
					"rotationY": 67.5022,
					"rotationZ": 0.0474,
					"faces": {
						"north": { "texture": "#null", "uv": [ 0.0, 0.0, 5.0, 4.0 ], "autoUv": false },
						"east": { "texture": "#null", "uv": [ 0.0, 0.0, 7.0, 4.0 ], "autoUv": false },
						"south": { "texture": "#null", "uv": [ 0.0, 0.0, 5.0, 4.0 ], "autoUv": false },
						"west": { "texture": "#null", "uv": [ 0.0, 0.0, 7.0, 4.0 ], "autoUv": false },
						"up": { "texture": "#null", "uv": [ 0.0, 0.0, 5.0, 7.0 ], "autoUv": false },
						"down": { "texture": "#null", "uv": [ 0.0, 0.0, 5.0, 7.0 ], "autoUv": false }
					},
					"children": [
						{
							"name": "Cube8",
							"from": [ 3.0578, -0.99, -5.5528 ],
							"to": [ 7.0178, 2.97, 2.3672 ],
							"rotationOrigin": [ 2.0678, -7.92, -5.5528 ],
							"rotationX": -180.0,
							"rotationY": -90.0,
							"rotationZ": -180.0,
							"faces": {
								"north": { "texture": "#null", "uv": [ 0.0, 0.0, 4.0, 4.0 ], "autoUv": false },
								"east": { "texture": "#null", "uv": [ 0.0, 0.0, 8.0, 4.0 ], "autoUv": false },
								"south": { "texture": "#null", "uv": [ 0.0, 0.0, 4.0, 4.0 ], "autoUv": false },
								"west": { "texture": "#null", "uv": [ 0.0, 0.0, 8.0, 4.0 ], "autoUv": false },
								"up": { "texture": "#null", "uv": [ 0.0, 0.0, 4.0, 8.0 ], "autoUv": false },
								"down": { "texture": "#null", "uv": [ 0.0, 0.0, 4.0, 8.0 ], "autoUv": false }
							}
						},
						{
							"name": "Cube9",
							"from": [ -9.7472, -0.99, -0.2489 ],
							"to": [ -5.7872, 2.97, 4.7011 ],
							"rotationOrigin": [ -10.7372, -7.92, -0.2489 ],
							"faces": {
								"north": { "texture": "#null", "uv": [ 0.0, 0.0, 4.0, 4.0 ], "autoUv": false },
								"east": { "texture": "#null", "uv": [ 0.0, 0.0, 5.0, 4.0 ], "autoUv": false },
								"south": { "texture": "#null", "uv": [ 0.0, 0.0, 4.0, 4.0 ], "autoUv": false },
								"west": { "texture": "#null", "uv": [ 0.0, 0.0, 5.0, 4.0 ], "autoUv": false },
								"up": { "texture": "#null", "uv": [ 0.0, 0.0, 4.0, 5.0 ], "autoUv": false },
								"down": { "texture": "#null", "uv": [ 0.0, 0.0, 4.0, 5.0 ], "autoUv": false }
							}
						},
						{
							"name": "Cube10",
							"from": [ -5.4879, -0.99, 2.2731 ],
							"to": [ -1.5279, 2.97, 7.2231 ],
							"rotationOrigin": [ -6.4779, -7.92, 2.2731 ],
							"rotationY": 22.5,
							"faces": {
								"north": { "texture": "#null", "uv": [ 0.0, 0.0, 4.0, 4.0 ], "autoUv": false },
								"east": { "texture": "#null", "uv": [ 0.0, 0.0, 5.0, 4.0 ], "autoUv": false },
								"south": { "texture": "#null", "uv": [ 0.0, 0.0, 4.0, 4.0 ], "autoUv": false },
								"west": { "texture": "#null", "uv": [ 0.0, 0.0, 5.0, 4.0 ], "autoUv": false },
								"up": { "texture": "#null", "uv": [ 0.0, 0.0, 4.0, 5.0 ], "autoUv": false },
								"down": { "texture": "#null", "uv": [ 0.0, 0.0, 4.0, 5.0 ], "autoUv": false }
							}
						},
						{
							"name": "Cube11",
							"from": [ -4.2863, 0.0, 10.348 ],
							"to": [ 2.6437, 3.96, 13.318 ],
							"rotationOrigin": [ -5.2763, -6.93, 10.348 ],
							"rotationY": 22.5,
							"faces": {
								"north": { "texture": "#null", "uv": [ 0.0, 0.0, 7.0, 4.0 ], "autoUv": false },
								"east": { "texture": "#null", "uv": [ 0.0, 0.0, 3.0, 4.0 ], "autoUv": false },
								"south": { "texture": "#null", "uv": [ 0.0, 0.0, 7.0, 4.0 ], "autoUv": false },
								"west": { "texture": "#null", "uv": [ 0.0, 0.0, 3.0, 4.0 ], "autoUv": false },
								"up": { "texture": "#null", "uv": [ 0.0, 0.0, 7.0, 3.0 ], "autoUv": false },
								"down": { "texture": "#null", "uv": [ 0.0, 0.0, 7.0, 3.0 ], "autoUv": false }
							}
						},
						{
							"name": "Cube12",
							"from": [ -5.346, -0.99, 4.0293 ],
							"to": [ 2.574, 0.0, 6.9993 ],
							"rotationOrigin": [ -6.3312, -7.92, 4.027 ],
							"rotationY": -67.5,
							"faces": {
								"north": { "texture": "#null", "uv": [ 0.0, 0.0, 8.0, 1.0 ], "autoUv": false },
								"east": { "texture": "#null", "uv": [ 0.0, 0.0, 3.0, 1.0 ], "autoUv": false },
								"south": { "texture": "#null", "uv": [ 0.0, 0.0, 8.0, 1.0 ], "autoUv": false },
								"west": { "texture": "#null", "uv": [ 0.0, 0.0, 3.0, 1.0 ], "autoUv": false },
								"up": { "texture": "#null", "uv": [ 0.0, 0.0, 8.0, 3.0 ], "autoUv": false },
								"down": { "texture": "#null", "uv": [ 0.0, 0.0, 8.0, 3.0 ], "autoUv": false }
							}
						},
						{
							"name": "Cube13",
							"from": [ -1.3854, 0.0, 7.0033 ],
							"to": [ 2.5746, 4.95, 10.9633 ],
							"rotationOrigin": [ -2.3754, -6.93, 7.0033 ],
							"rotationX": -180.0,
							"rotationY": -45.0,
							"rotationZ": -180.0,
							"faces": {
								"north": { "texture": "#null", "uv": [ 0.0, 0.0, 4.0, 5.0 ], "autoUv": false },
								"east": { "texture": "#null", "uv": [ 0.0, 0.0, 4.0, 5.0 ], "autoUv": false },
								"south": { "texture": "#null", "uv": [ 0.0, 0.0, 4.0, 5.0 ], "autoUv": false },
								"west": { "texture": "#null", "uv": [ 0.0, 0.0, 4.0, 5.0 ], "autoUv": false },
								"up": { "texture": "#null", "uv": [ 0.0, 0.0, 4.0, 4.0 ], "autoUv": false },
								"down": { "texture": "#null", "uv": [ 0.0, 0.0, 4.0, 4.0 ], "autoUv": false }
							}
						},
						{
							"name": "Cube14",
							"from": [ -3.366, -0.99, 8.9793 ],
							"to": [ 2.574, 0.0, 11.9493 ],
							"rotationOrigin": [ -1.386, -7.92, 8.977 ],
							"rotationY": 59.5,
							"faces": {
								"north": { "texture": "#null", "uv": [ 0.0, 0.0, 6.0, 1.0 ], "autoUv": false },
								"east": { "texture": "#null", "uv": [ 0.0, 0.0, 3.0, 1.0 ], "autoUv": false },
								"south": { "texture": "#null", "uv": [ 0.0, 0.0, 6.0, 1.0 ], "autoUv": false },
								"west": { "texture": "#null", "uv": [ 0.0, 0.0, 3.0, 1.0 ], "autoUv": false },
								"up": { "texture": "#null", "uv": [ 0.0, 0.0, 6.0, 3.0 ], "autoUv": false },
								"down": { "texture": "#null", "uv": [ 0.0, 0.0, 6.0, 3.0 ], "autoUv": false }
							}
						},
						{
							"name": "Cube20",
							"from": [ 0.594, -0.99, 4.0293 ],
							"to": [ 6.534, 0.0, 6.9993 ],
							"rotationOrigin": [ 2.574, -7.92, 4.027 ],
							"rotationY": 123.5,
							"faces": {
								"north": { "texture": "#null", "uv": [ 0.0, 0.0, 6.0, 1.0 ], "autoUv": false },
								"east": { "texture": "#null", "uv": [ 0.0, 0.0, 3.0, 1.0 ], "autoUv": false },
								"south": { "texture": "#null", "uv": [ 0.0, 0.0, 6.0, 1.0 ], "autoUv": false },
								"west": { "texture": "#null", "uv": [ 0.0, 0.0, 3.0, 1.0 ], "autoUv": false },
								"up": { "texture": "#null", "uv": [ 0.0, 0.0, 6.0, 3.0 ], "autoUv": false },
								"down": { "texture": "#null", "uv": [ 0.0, 0.0, 6.0, 3.0 ], "autoUv": false }
							}
						},
						{
							"name": "Cube26",
							"from": [ -3.366, -0.99, 4.0293 ],
							"to": [ 0.594, 0.0, 6.9993 ],
							"rotationOrigin": [ -1.386, -7.92, 4.027 ],
							"rotationY": 123.5,
							"faces": {
								"north": { "texture": "#null", "uv": [ 0.0, 0.0, 4.0, 1.0 ], "autoUv": false },
								"east": { "texture": "#null", "uv": [ 0.0, 0.0, 3.0, 1.0 ], "autoUv": false },
								"south": { "texture": "#null", "uv": [ 0.0, 0.0, 4.0, 1.0 ], "autoUv": false },
								"west": { "texture": "#null", "uv": [ 0.0, 0.0, 3.0, 1.0 ], "autoUv": false },
								"up": { "texture": "#null", "uv": [ 0.0, 0.0, 4.0, 3.0 ], "autoUv": false },
								"down": { "texture": "#null", "uv": [ 0.0, 0.0, 4.0, 3.0 ], "autoUv": false }
							}
						},
						{
							"name": "Cube33",
							"from": [ -8.7615, -0.99, -2.2275 ],
							"to": [ -6.7815, 2.97, -0.2475 ],
							"rotationOrigin": [ -9.7472, -7.92, -2.2289 ],
							"rotationY": 16.0,
							"faces": {
								"north": { "texture": "#null", "uv": [ 0.0, 0.0, 2.0, 4.0 ], "autoUv": false },
								"east": { "texture": "#null", "uv": [ 0.0, 0.0, 2.0, 4.0 ], "autoUv": false },
								"south": { "texture": "#null", "uv": [ 0.0, 0.0, 2.0, 4.0 ], "autoUv": false },
								"west": { "texture": "#null", "uv": [ 0.0, 0.0, 2.0, 4.0 ], "autoUv": false },
								"up": { "texture": "#null", "uv": [ 0.0, 0.0, 2.0, 2.0 ], "autoUv": false },
								"down": { "texture": "#null", "uv": [ 0.0, 0.0, 2.0, 2.0 ], "autoUv": false }
							}
						},
						{
							"name": "Cube34",
							"from": [ -5.5935, 0.0, 11.6325 ],
							"to": [ -4.0095, 3.96, 13.2165 ],
							"rotationOrigin": [ -6.5792, -6.93, 11.6311 ],
							"rotationY": 38.0,
							"faces": {
								"north": { "texture": "#null", "uv": [ 0.0, 0.0, 1.5, 4.0 ], "autoUv": false },
								"east": { "texture": "#null", "uv": [ 0.0, 0.0, 1.5, 4.0 ], "autoUv": false },
								"south": { "texture": "#null", "uv": [ 0.0, 0.0, 1.5, 4.0 ], "autoUv": false },
								"west": { "texture": "#null", "uv": [ 0.0, 0.0, 1.5, 4.0 ], "autoUv": false },
								"up": { "texture": "#null", "uv": [ 0.0, 0.0, 1.5, 1.5 ], "autoUv": false },
								"down": { "texture": "#null", "uv": [ 0.0, 0.0, 1.5, 1.5 ], "autoUv": false }
							}
						}
					]
				},
				{
					"name": "layer 2",
					"from": [ 7.15, 3.4, 0.55 ],
					"to": [ 14.85, 7.8, 4.95 ],
					"rotationOrigin": [ 6.05, -4.3, 1.65 ],
					"rotationX": 180.0,
					"rotationY": 67.5,
					"rotationZ": -180.0,
					"faces": {
						"north": { "texture": "#null", "uv": [ 0.0, 0.0, 7.0, 4.0 ], "autoUv": false },
						"east": { "texture": "#null", "uv": [ 0.0, 0.0, 4.0, 4.0 ], "autoUv": false },
						"south": { "texture": "#null", "uv": [ 0.0, 0.0, 7.0, 4.0 ], "autoUv": false },
						"west": { "texture": "#null", "uv": [ 0.0, 0.0, 4.0, 4.0 ], "autoUv": false },
						"up": { "texture": "#null", "uv": [ 0.0, 0.0, 7.0, 4.0 ], "autoUv": false },
						"down": { "texture": "#null", "uv": [ 0.0, 0.0, 7.0, 4.0 ], "autoUv": false }
					},
					"children": [
						{
							"name": "Cube15",
							"from": [ -3.4697, 1.1, -1.3466 ],
							"to": [ 4.2303, 5.5, 4.1534 ],
							"rotationOrigin": [ -4.5697, -6.6, 0.8534 ],
							"rotationY": 67.5,
							"faces": {
								"north": { "texture": "#null", "uv": [ 0.0, 0.0, 7.0, 4.0 ], "autoUv": false },
								"east": { "texture": "#null", "uv": [ 0.0, 0.0, 5.0, 4.0 ], "autoUv": false },
								"south": { "texture": "#null", "uv": [ 0.0, 0.0, 7.0, 4.0 ], "autoUv": false },
								"west": { "texture": "#null", "uv": [ 0.0, 0.0, 5.0, 4.0 ], "autoUv": false },
								"up": { "texture": "#null", "uv": [ 0.0, 0.0, 7.0, 5.0 ], "autoUv": false },
								"down": { "texture": "#null", "uv": [ 0.0, 0.0, 7.0, 5.0 ], "autoUv": false }
							}
						},
						{
							"name": "Cube16",
							"from": [ 2.7185, 0.0, 12.8536 ],
							"to": [ 8.2185, 1.1, 15.0536 ],
							"rotationOrigin": [ 2.7184, -7.7, 6.2536 ],
							"rotationX": -180.0,
							"rotationY": -22.5,
							"rotationZ": -180.0,
							"faces": {
								"north": { "texture": "#null", "uv": [ 0.0, 0.0, 5.0, 1.0 ], "autoUv": false },
								"east": { "texture": "#null", "uv": [ 0.0, 0.0, 2.0, 1.0 ], "autoUv": false },
								"south": { "texture": "#null", "uv": [ 0.0, 0.0, 5.0, 1.0 ], "autoUv": false },
								"west": { "texture": "#null", "uv": [ 0.0, 0.0, 2.0, 1.0 ], "autoUv": false },
								"up": { "texture": "#null", "uv": [ 0.0, 0.0, 5.0, 2.0 ], "autoUv": false },
								"down": { "texture": "#null", "uv": [ 0.0, 0.0, 5.0, 2.0 ], "autoUv": false }
							}
						},
						{
							"name": "Cube17",
							"from": [ 7.1093, -1.1, 12.8398 ],
							"to": [ 14.8093, 2.2, 17.2398 ],
							"rotationOrigin": [ 9.3093, -8.8, 1.8398 ],
							"rotationX": -180.0,
							"rotationY": -22.5,
							"rotationZ": -180.0,
							"faces": {
								"north": { "texture": "#null", "uv": [ 0.0, 0.0, 7.0, 3.0 ], "autoUv": false },
								"east": { "texture": "#null", "uv": [ 0.0, 0.0, 4.0, 3.0 ], "autoUv": false },
								"south": { "texture": "#null", "uv": [ 0.0, 0.0, 7.0, 3.0 ], "autoUv": false },
								"west": { "texture": "#null", "uv": [ 0.0, 0.0, 4.0, 3.0 ], "autoUv": false },
								"up": { "texture": "#null", "uv": [ 0.0, 0.0, 7.0, 4.0 ], "autoUv": false },
								"down": { "texture": "#null", "uv": [ 0.0, 0.0, 7.0, 4.0 ], "autoUv": false }
							}
						},
						{
							"name": "Cube18",
							"from": [ -4.7672, -1.1, -1.6047 ],
							"to": [ -0.3672, 2.2, 2.7953 ],
							"rotationOrigin": [ -2.5672, -8.8, -12.6047 ],
							"rotationY": 67.5,
							"faces": {
								"north": { "texture": "#null", "uv": [ 0.0, 0.0, 4.0, 3.0 ], "autoUv": false },
								"east": { "texture": "#null", "uv": [ 0.0, 0.0, 4.0, 3.0 ], "autoUv": false },
								"south": { "texture": "#null", "uv": [ 0.0, 0.0, 4.0, 3.0 ], "autoUv": false },
								"west": { "texture": "#null", "uv": [ 0.0, 0.0, 4.0, 3.0 ], "autoUv": false },
								"up": { "texture": "#null", "uv": [ 0.0, 0.0, 4.0, 4.0 ], "autoUv": false },
								"down": { "texture": "#null", "uv": [ 0.0, 0.0, 4.0, 4.0 ], "autoUv": false }
							}
						},
						{
							"name": "Cube19",
							"from": [ -12.6371, -1.1, 0.3502 ],
							"to": [ -8.2371, 2.2, 4.7502 ],
							"rotationOrigin": [ -7.1254, -8.8, -7.349 ],
							"rotationX": 180.0,
							"rotationY": 89.9802,
							"rotationZ": -180.0,
							"faces": {
								"north": { "texture": "#null", "uv": [ 0.0, 0.0, 4.0, 3.0 ], "autoUv": false },
								"east": { "texture": "#null", "uv": [ 0.0, 0.0, 4.0, 3.0 ], "autoUv": false },
								"south": { "texture": "#null", "uv": [ 0.0, 0.0, 4.0, 3.0 ], "autoUv": false },
								"west": { "texture": "#null", "uv": [ 0.0, 0.0, 4.0, 3.0 ], "autoUv": false },
								"up": { "texture": "#null", "uv": [ 0.0, 0.0, 4.0, 4.0 ], "autoUv": false },
								"down": { "texture": "#null", "uv": [ 0.0, 0.0, 4.0, 4.0 ], "autoUv": false }
							}
						},
						{
							"name": "Cube21",
							"from": [ -1.3397, 0.0, 18.8651 ],
							"to": [ 4.1603, 2.2, 22.1651 ],
							"rotationOrigin": [ 0.8603, -7.7, 7.8651 ],
							"rotationX": -180.0,
							"rotationY": 45.0,
							"rotationZ": -180.0,
							"faces": {
								"north": { "texture": "#null", "uv": [ 0.0, 0.0, 5.0, 2.0 ], "autoUv": false },
								"east": { "texture": "#null", "uv": [ 0.0, 0.0, 3.0, 2.0 ], "autoUv": false },
								"south": { "texture": "#null", "uv": [ 0.0, 0.0, 5.0, 2.0 ], "autoUv": false },
								"west": { "texture": "#null", "uv": [ 0.0, 0.0, 3.0, 2.0 ], "autoUv": false },
								"up": { "texture": "#null", "uv": [ 0.0, 0.0, 5.0, 3.0 ], "autoUv": false },
								"down": { "texture": "#null", "uv": [ 0.0, 0.0, 5.0, 3.0 ], "autoUv": false }
							}
						},
						{
							"name": "Cube32",
							"from": [ -14.663, 0.0, 8.294 ],
							"to": [ -11.363, 5.5, 10.494 ],
							"rotationOrigin": [ -12.4672, -7.7, -2.7047 ],
							"rotationY": 72.5,
							"faces": {
								"north": { "texture": "#null", "uv": [ 0.0, 0.0, 3.0, 5.0 ], "autoUv": false },
								"east": { "texture": "#null", "uv": [ 0.0, 0.0, 2.0, 5.0 ], "autoUv": false },
								"south": { "texture": "#null", "uv": [ 0.0, 0.0, 3.0, 5.0 ], "autoUv": false },
								"west": { "texture": "#null", "uv": [ 0.0, 0.0, 2.0, 5.0 ], "autoUv": false },
								"up": { "texture": "#null", "uv": [ 0.0, 0.0, 3.0, 2.0 ], "autoUv": false },
								"down": { "texture": "#null", "uv": [ 0.0, 0.0, 3.0, 2.0 ], "autoUv": false }
							}
						}
					]
				},
				{
					"name": "layer 3",
					"from": [ 4.939, 5.6, 11.539 ],
					"to": [ 11.539, 7.8, 15.939 ],
					"rotationOrigin": [ 7.15, -2.1, 0.55 ],
					"rotationX": 9.9843,
					"rotationY": -89.9802,
					"rotationZ": 9.9843,
					"faces": {
						"north": { "texture": "#null", "uv": [ 0.0, 0.0, 6.0, 2.0 ], "autoUv": false },
						"east": { "texture": "#null", "uv": [ 0.0, 0.0, 4.0, 2.0 ], "autoUv": false },
						"south": { "texture": "#null", "uv": [ 0.0, 0.0, 6.0, 2.0 ], "autoUv": false },
						"west": { "texture": "#null", "uv": [ 0.0, 0.0, 4.0, 2.0 ], "autoUv": false },
						"up": { "texture": "#null", "uv": [ 0.0, 0.0, 6.0, 4.0 ], "autoUv": false },
						"down": { "texture": "#null", "uv": [ 0.0, 0.0, 6.0, 4.0 ], "autoUv": false }
					},
					"children": [
						{
							"name": "Cube22",
							"from": [ 2.2, 0.0, 1.1 ],
							"to": [ 9.9, 4.4, 5.5 ],
							"rotationOrigin": [ 4.4, -7.7, -9.9 ],
							"rotationY": -51.0,
							"faces": {
								"north": { "texture": "#null", "uv": [ 0.0, 0.0, 7.0, 4.0 ], "autoUv": false },
								"east": { "texture": "#null", "uv": [ 0.0, 0.0, 4.0, 4.0 ], "autoUv": false },
								"south": { "texture": "#null", "uv": [ 0.0, 0.0, 7.0, 4.0 ], "autoUv": false },
								"west": { "texture": "#null", "uv": [ 0.0, 0.0, 4.0, 4.0 ], "autoUv": false },
								"up": { "texture": "#null", "uv": [ 0.0, 0.0, 7.0, 4.0 ], "autoUv": false },
								"down": { "texture": "#null", "uv": [ 0.0, 0.0, 7.0, 4.0 ], "autoUv": false }
							}
						},
						{
							"name": "Cube23",
							"from": [ -9.9, 3.3, 5.5 ],
							"to": [ -2.2, 7.7, 9.9 ],
							"rotationOrigin": [ -7.7, -4.4, -5.5 ],
							"rotationY": 67.5,
							"faces": {
								"north": { "texture": "#null", "uv": [ 0.0, 0.0, 7.0, 4.0 ], "autoUv": false },
								"east": { "texture": "#null", "uv": [ 0.0, 0.0, 4.0, 4.0 ], "autoUv": false },
								"south": { "texture": "#null", "uv": [ 0.0, 0.0, 7.0, 4.0 ], "autoUv": false },
								"west": { "texture": "#null", "uv": [ 0.0, 0.0, 4.0, 4.0 ], "autoUv": false },
								"up": { "texture": "#null", "uv": [ 0.0, 0.0, 7.0, 4.0 ], "autoUv": false },
								"down": { "texture": "#null", "uv": [ 0.0, 0.0, 7.0, 4.0 ], "autoUv": false }
							}
						},
						{
							"name": "Cube24",
							"from": [ 5.5, 3.3, -2.2 ],
							"to": [ 12.1, 6.6, 2.2 ],
							"rotationOrigin": [ 5.5, -13.2, -4.4 ],
							"rotationX": -180.0,
							"rotationZ": -180.0,
							"faces": {
								"north": { "texture": "#null", "uv": [ 0.0, 0.0, 6.0, 3.0 ], "autoUv": false },
								"east": { "texture": "#null", "uv": [ 0.0, 0.0, 4.0, 3.0 ], "autoUv": false },
								"south": { "texture": "#null", "uv": [ 0.0, 0.0, 6.0, 3.0 ], "autoUv": false },
								"west": { "texture": "#null", "uv": [ 0.0, 0.0, 4.0, 3.0 ], "autoUv": false },
								"up": { "texture": "#null", "uv": [ 0.0, 0.0, 6.0, 4.0 ], "autoUv": false },
								"down": { "texture": "#null", "uv": [ 0.0, 0.0, 6.0, 4.0 ], "autoUv": false }
							}
						},
						{
							"name": "Cube25",
							"from": [ 4.4, 2.2, -2.2 ],
							"to": [ 11.0, 3.3, 3.3 ],
							"rotationOrigin": [ 4.4, -14.3, -4.4 ],
							"rotationX": -180.0,
							"rotationY": -45.0,
							"rotationZ": -180.0,
							"faces": {
								"north": { "texture": "#null", "uv": [ 0.0, 0.0, 6.0, 1.0 ], "autoUv": false },
								"east": { "texture": "#null", "uv": [ 0.0, 0.0, 5.0, 1.0 ], "autoUv": false },
								"south": { "texture": "#null", "uv": [ 0.0, 0.0, 6.0, 1.0 ], "autoUv": false },
								"west": { "texture": "#null", "uv": [ 0.0, 0.0, 5.0, 1.0 ], "autoUv": false },
								"up": { "texture": "#null", "uv": [ 0.0, 0.0, 6.0, 5.0 ], "autoUv": false },
								"down": { "texture": "#null", "uv": [ 0.0, 0.0, 6.0, 5.0 ], "autoUv": false }
							}
						},
						{
							"name": "Cube43",
							"from": [ 12.1, 2.2, 19.8 ],
							"to": [ 14.3, 4.4, 25.3 ],
							"rotationOrigin": [ 14.3, -5.5, 8.8 ],
							"rotationX": 180.0,
							"rotationY": -67.5,
							"rotationZ": -180.0,
							"faces": {
								"north": { "texture": "#null", "uv": [ 0.0, 0.0, 2.0, 2.0 ], "autoUv": false },
								"east": { "texture": "#null", "uv": [ 0.0, 0.0, 5.0, 2.0 ], "autoUv": false },
								"south": { "texture": "#null", "uv": [ 0.0, 0.0, 2.0, 2.0 ], "autoUv": false },
								"west": { "texture": "#null", "uv": [ 0.0, 0.0, 5.0, 2.0 ], "autoUv": false },
								"up": { "texture": "#null", "uv": [ 0.0, 0.0, 2.0, 5.0 ], "autoUv": false },
								"down": { "texture": "#null", "uv": [ 0.0, 0.0, 2.0, 5.0 ], "autoUv": false }
							}
						},
						{
							"name": "Cube45",
							"from": [ 6.6042, -8.0E-4, 17.6079 ],
							"to": [ 11.0042, 6.5992, 22.0079 ],
							"rotationOrigin": [ 8.8042, -7.7008, 6.6079 ],
							"rotationX": 179.9966,
							"rotationY": -44.9805,
							"rotationZ": -180.0,
							"faces": {
								"north": { "texture": "#null", "uv": [ 0.0, 0.0, 4.0, 6.0 ], "autoUv": false },
								"east": { "texture": "#null", "uv": [ 0.0, 0.0, 4.0, 6.0 ], "autoUv": false },
								"south": { "texture": "#null", "uv": [ 0.0, 0.0, 4.0, 6.0 ], "autoUv": false },
								"west": { "texture": "#null", "uv": [ 0.0, 0.0, 4.0, 6.0 ], "autoUv": false },
								"up": { "texture": "#null", "uv": [ 0.0, 0.0, 4.0, 4.0 ], "autoUv": false },
								"down": { "texture": "#null", "uv": [ 0.0, 0.0, 4.0, 4.0 ], "autoUv": false }
							}
						},
						{
							"name": "Cube44",
							"from": [ 6.6, 2.2, 24.2 ],
							"to": [ 8.8, 3.3, 27.5 ],
							"rotationOrigin": [ 8.8, -5.5, 13.2 ],
							"rotationX": 180.0,
							"rotationY": -22.5,
							"rotationZ": -180.0,
							"faces": {
								"north": { "texture": "#null", "uv": [ 0.0, 0.0, 2.0, 1.0 ], "autoUv": false },
								"east": { "texture": "#null", "uv": [ 0.0, 0.0, 3.0, 1.0 ], "autoUv": false },
								"south": { "texture": "#null", "uv": [ 0.0, 0.0, 2.0, 1.0 ], "autoUv": false },
								"west": { "texture": "#null", "uv": [ 0.0, 0.0, 3.0, 1.0 ], "autoUv": false },
								"up": { "texture": "#null", "uv": [ 0.0, 0.0, 2.0, 3.0 ], "autoUv": false },
								"down": { "texture": "#null", "uv": [ 0.0, 0.0, 2.0, 3.0 ], "autoUv": false }
							}
						},
						{
							"name": "Cube47",
							"from": [ -2.2, 2.2, 14.3 ],
							"to": [ -1.0, 4.4, 16.5 ],
							"rotationOrigin": [ 0.0, -5.5, 3.3 ],
							"rotationX": 180.0,
							"rotationY": -21.5,
							"rotationZ": -180.0,
							"faces": {
								"north": { "texture": "#null", "uv": [ 0.0, 0.0, 2.0, 2.0 ], "autoUv": false },
								"east": { "texture": "#null", "uv": [ 0.0, 0.0, 2.0, 2.0 ], "autoUv": false },
								"south": { "texture": "#null", "uv": [ 0.0, 0.0, 2.0, 2.0 ], "autoUv": false },
								"west": { "texture": "#null", "uv": [ 0.0, 0.0, 2.0, 2.0 ], "autoUv": false },
								"up": { "texture": "#null", "uv": [ 0.0, 0.0, 2.0, 2.0 ], "autoUv": false },
								"down": { "texture": "#null", "uv": [ 0.0, 0.0, 2.0, 2.0 ], "autoUv": false }
							}
						},
						{
							"name": "Cube48",
							"from": [ -3.2, -8.0E-4, 3.11 ],
							"to": [ -1.0, 4.5992, 5.31 ],
							"rotationOrigin": [ -1.7, 0.5, 4.21 ],
							"rotationX": 180.0,
							"rotationY": -32.18,
							"rotationZ": -180.0,
							"faces": {
								"north": { "texture": "#null", "uv": [ 0.0, 0.0, 4.0, 6.0 ], "autoUv": false },
								"east": { "texture": "#null", "uv": [ 0.0, 0.0, 4.0, 6.0 ], "autoUv": false },
								"south": { "texture": "#null", "uv": [ 0.0, 0.0, 4.0, 6.0 ], "autoUv": false },
								"west": { "texture": "#null", "uv": [ 0.0, 0.0, 4.0, 6.0 ], "autoUv": false },
								"up": { "texture": "#null", "uv": [ 0.0, 0.0, 4.0, 4.0 ], "autoUv": false },
								"down": { "texture": "#null", "uv": [ 0.0, 0.0, 4.0, 4.0 ], "autoUv": false }
							}
						},
						{
							"name": "Cube49",
							"from": [ -2.2, -2.6, 3.71 ],
							"to": [ -0.7, 0.0, 5.01 ],
							"rotationOrigin": [ -0.7, -2.1, 4.81 ],
							"rotationX": 180.0,
							"rotationY": -45.18,
							"rotationZ": -180.0,
							"faces": {
								"north": { "texture": "#null", "uv": [ 0.0, 0.0, 4.0, 6.0 ], "autoUv": false },
								"east": { "texture": "#null", "uv": [ 0.0, 0.0, 4.0, 6.0 ], "autoUv": false },
								"south": { "texture": "#null", "uv": [ 0.0, 0.0, 4.0, 6.0 ], "autoUv": false },
								"west": { "texture": "#null", "uv": [ 0.0, 0.0, 4.0, 6.0 ], "autoUv": false },
								"up": { "texture": "#null", "uv": [ 0.0, 0.0, 4.0, 4.0 ], "autoUv": false },
								"down": { "texture": "#null", "uv": [ 0.0, 0.0, 4.0, 4.0 ], "autoUv": false }
							}
						},
						{
							"name": "Cube50",
							"from": [ 0.6, 3.3, 14.7 ],
							"to": [ 2.7, 8.3, 16.3 ],
							"rotationOrigin": [ 2.8, -4.4, 3.7 ],
							"rotationX": 180.0,
							"rotationY": -39.5,
							"rotationZ": -180.0,
							"faces": {
								"north": { "texture": "#null", "uv": [ 0.0, 0.0, 2.0, 2.0 ], "autoUv": false },
								"east": { "texture": "#null", "uv": [ 0.0, 0.0, 2.0, 2.0 ], "autoUv": false },
								"south": { "texture": "#null", "uv": [ 0.0, 0.0, 2.0, 2.0 ], "autoUv": false },
								"west": { "texture": "#null", "uv": [ 0.0, 0.0, 2.0, 2.0 ], "autoUv": false },
								"up": { "texture": "#null", "uv": [ 0.0, 0.0, 2.0, 2.0 ], "autoUv": false },
								"down": { "texture": "#null", "uv": [ 0.0, 0.0, 2.0, 2.0 ], "autoUv": false }
							}
						},
						{
							"name": "Cube51",
							"from": [ -1.6, -1.7, 16.5 ],
							"to": [ -0.5, 2.2, 17.3 ],
							"rotationOrigin": [ 0.6, -9.4, 5.5 ],
							"rotationX": 180.0,
							"rotationY": -28.5,
							"rotationZ": -180.0,
							"faces": {
								"north": { "texture": "#null", "uv": [ 0.0, 0.0, 2.0, 2.0 ], "autoUv": false },
								"east": { "texture": "#null", "uv": [ 0.0, 0.0, 2.0, 2.0 ], "autoUv": false },
								"south": { "texture": "#null", "uv": [ 0.0, 0.0, 2.0, 2.0 ], "autoUv": false },
								"west": { "texture": "#null", "uv": [ 0.0, 0.0, 2.0, 2.0 ], "autoUv": false },
								"up": { "texture": "#null", "uv": [ 0.0, 0.0, 2.0, 2.0 ], "autoUv": false },
								"down": { "texture": "#null", "uv": [ 0.0, 0.0, 2.0, 2.0 ], "autoUv": false }
							}
						}
					]
				},
				{
					"name": "layer 4",
					"from": [ 3.85, 10.0, 2.75 ],
					"to": [ 11.55, 14.0, 8.15 ],
					"rotationOrigin": [ 6.05, 2.3, -8.25 ],
					"rotationY": -66.5,
					"faces": {
						"north": { "texture": "#null", "uv": [ 0.0, 0.0, 7.0, 4.0 ], "autoUv": false },
						"east": { "texture": "#null", "uv": [ 0.0, 0.0, 4.0, 4.0 ], "autoUv": false },
						"south": { "texture": "#null", "uv": [ 0.0, 0.0, 7.0, 4.0 ], "autoUv": false },
						"west": { "texture": "#null", "uv": [ 0.0, 0.0, 4.0, 4.0 ], "autoUv": false },
						"up": { "texture": "#null", "uv": [ 0.0, 0.0, 7.0, 4.0 ], "autoUv": false },
						"down": { "texture": "#null", "uv": [ 0.0, 0.0, 7.0, 4.0 ], "autoUv": false }
					},
					"children": [
						{
							"name": "Cube27",
							"from": [ 3.57, 0.0, -4.8347 ],
							"to": [ 10.97, 4.0, 0.6653 ],
							"rotationOrigin": [ 5.7745, -7.7, -15.8347 ],
							"rotationY": -22.5,
							"faces": {
								"north": { "texture": "#null", "uv": [ 0.0, 0.0, 4.0, 4.0 ], "autoUv": false },
								"east": { "texture": "#null", "uv": [ 0.0, 0.0, 5.0, 4.0 ], "autoUv": false },
								"south": { "texture": "#null", "uv": [ 0.0, 0.0, 4.0, 4.0 ], "autoUv": false },
								"west": { "texture": "#null", "uv": [ 0.0, 0.0, 5.0, 4.0 ], "autoUv": false },
								"up": { "texture": "#null", "uv": [ 0.0, 0.0, 4.0, 5.0 ], "autoUv": false },
								"down": { "texture": "#null", "uv": [ 0.0, 0.0, 4.0, 5.0 ], "autoUv": false }
							}
						},
						{
							"name": "Cube41",
							"from": [ 8.3345, -1.1, 20.1211 ],
							"to": [ 12.7345, 0.0, 25.6211 ],
							"rotationOrigin": [ 10.5344, -8.8, 9.1211 ],
							"rotationX": -180.0,
							"rotationY": -22.5,
							"rotationZ": -180.0,
							"faces": {
								"north": { "texture": "#null", "uv": [ 0.0, 0.0, 4.0, 1.0 ], "autoUv": false },
								"east": { "texture": "#null", "uv": [ 0.0, 0.0, 5.0, 1.0 ], "autoUv": false },
								"south": { "texture": "#null", "uv": [ 0.0, 0.0, 4.0, 1.0 ], "autoUv": false },
								"west": { "texture": "#null", "uv": [ 0.0, 0.0, 5.0, 1.0 ], "autoUv": false },
								"up": { "texture": "#null", "uv": [ 0.0, 0.0, 4.0, 5.0 ], "autoUv": false },
								"down": { "texture": "#null", "uv": [ 0.0, 0.0, 4.0, 5.0 ], "autoUv": false }
							}
						},
						{
							"name": "Cube42",
							"from": [ 2.8322, 0.0, 19.0326 ],
							"to": [ 5.0322, 2.2, 24.5326 ],
							"rotationOrigin": [ 5.0322, -7.7, 8.0325 ],
							"rotationX": -180.0,
							"rotationZ": -180.0,
							"faces": {
								"north": { "texture": "#null", "uv": [ 0.0, 0.0, 2.0, 2.0 ], "autoUv": false },
								"east": { "texture": "#null", "uv": [ 0.0, 0.0, 5.0, 2.0 ], "autoUv": false },
								"south": { "texture": "#null", "uv": [ 0.0, 0.0, 2.0, 2.0 ], "autoUv": false },
								"west": { "texture": "#null", "uv": [ 0.0, 0.0, 5.0, 2.0 ], "autoUv": false },
								"up": { "texture": "#null", "uv": [ 0.0, 0.0, 2.0, 5.0 ], "autoUv": false },
								"down": { "texture": "#null", "uv": [ 0.0, 0.0, 2.0, 5.0 ], "autoUv": false }
							}
						}
					]
				},
				{
					"name": "top layer",
					"from": [ 10.45, 13.3, 14.85 ],
					"to": [ 13.75, 14.0, 21.45 ],
					"rotationOrigin": [ 12.65, 5.6, 3.85 ],
					"rotationX": 74.2832,
					"rotationY": -89.9802,
					"rotationZ": 74.2832,
					"faces": {
						"north": { "texture": "#null", "uv": [ 0.0, 0.0, 3.0, 2.0 ], "autoUv": false },
						"east": { "texture": "#null", "uv": [ 0.0, 0.0, 6.0, 2.0 ], "autoUv": false },
						"south": { "texture": "#null", "uv": [ 0.0, 0.0, 3.0, 2.0 ], "autoUv": false },
						"west": { "texture": "#null", "uv": [ 0.0, 0.0, 6.0, 2.0 ], "autoUv": false },
						"up": { "texture": "#null", "uv": [ 0.0, 0.0, 3.0, 6.0 ], "autoUv": false },
						"down": { "texture": "#null", "uv": [ 0.0, 0.0, 3.0, 6.0 ], "autoUv": false }
					},
					"children": [
						{
							"name": "Cube40",
							"from": [ -7.6, 0.1, -0.3 ],
							"to": [ -0.1, 1.7, 6.0 ],
							"rotationOrigin": [ -2.4, 0.4, 3.7 ],
							"rotationX": 179.981,
							"rotationY": -90.0,
							"rotationZ": -180.0,
							"faces": {
								"north": { "texture": "#null", "uv": [ 0.0, 0.0, 3.0, 1.0 ], "autoUv": false },
								"east": { "texture": "#null", "uv": [ 0.0, 0.0, 3.0, 1.0 ], "autoUv": false },
								"south": { "texture": "#null", "uv": [ 0.0, 0.0, 3.0, 1.0 ], "autoUv": false },
								"west": { "texture": "#null", "uv": [ 0.0, 0.0, 3.0, 1.0 ], "autoUv": false },
								"up": { "texture": "#null", "uv": [ 0.0, 0.0, 3.0, 3.0 ], "autoUv": false },
								"down": { "texture": "#null", "uv": [ 0.0, 0.0, 3.0, 3.0 ], "autoUv": false }
							}
						},
						{
							"name": "Cube46",
							"from": [ 3.2988, -1.0, 23.1028 ],
							"to": [ 6.5988, 0.7, 26.4028 ],
							"rotationOrigin": [ 5.4988, -8.6956, 12.1028 ],
							"rotationX": 179.981,
							"rotationY": -44.9946,
							"rotationZ": -180.0,
							"faces": {
								"north": { "texture": "#null", "uv": [ 0.0, 0.0, 3.0, 2.0 ], "autoUv": false },
								"east": { "texture": "#null", "uv": [ 0.0, 0.0, 3.0, 2.0 ], "autoUv": false },
								"south": { "texture": "#null", "uv": [ 0.0, 0.0, 3.0, 2.0 ], "autoUv": false },
								"west": { "texture": "#null", "uv": [ 0.0, 0.0, 3.0, 2.0 ], "autoUv": false },
								"up": { "texture": "#null", "uv": [ 0.0, 0.0, 3.0, 3.0 ], "autoUv": false },
								"down": { "texture": "#null", "uv": [ 0.0, 0.0, 3.0, 3.0 ], "autoUv": false }
							}
						},
						{
							"name": "Cube31",
							"from": [ -3.2995, -0.0019, 4.4022 ],
							"to": [ 6.0E-4, 0.6981, 7.7022 ],
							"rotationOrigin": [ -1.0995, -7.7019, -6.5978 ],
							"rotationX": -0.019,
							"rotationY": -0.0054,
							"faces": {
								"north": { "texture": "#null", "uv": [ 0.0, 0.0, 3.0, 2.0 ], "autoUv": false },
								"east": { "texture": "#null", "uv": [ 0.0, 0.0, 3.0, 2.0 ], "autoUv": false },
								"south": { "texture": "#null", "uv": [ 0.0, 0.0, 3.0, 2.0 ], "autoUv": false },
								"west": { "texture": "#null", "uv": [ 0.0, 0.0, 3.0, 2.0 ], "autoUv": false },
								"up": { "texture": "#null", "uv": [ 0.0, 0.0, 3.0, 3.0 ], "autoUv": false },
								"down": { "texture": "#null", "uv": [ 0.0, 0.0, 3.0, 3.0 ], "autoUv": false }
							}
						},
						{
							"name": "Cube30",
							"from": [ -13.1993, -0.0022, 3.3012 ],
							"to": [ -9.8993, 0.5978, 9.9012 ],
							"rotationOrigin": [ -10.9993, -7.7022, -7.6988 ],
							"rotationX": -0.019,
							"rotationY": 22.4946,
							"faces": {
								"north": { "texture": "#null", "uv": [ 0.0, 0.0, 3.0, 2.0 ], "autoUv": false },
								"east": { "texture": "#null", "uv": [ 0.0, 0.0, 6.0, 2.0 ], "autoUv": false },
								"south": { "texture": "#null", "uv": [ 0.0, 0.0, 3.0, 2.0 ], "autoUv": false },
								"west": { "texture": "#null", "uv": [ 0.0, 0.0, 6.0, 2.0 ], "autoUv": false },
								"up": { "texture": "#null", "uv": [ 0.0, 0.0, 3.0, 6.0 ], "autoUv": false },
								"down": { "texture": "#null", "uv": [ 0.0, 0.0, 3.0, 6.0 ], "autoUv": false }
							}
						},
						{
							"name": "Cube28",
							"from": [ -10.9988, -1.1044, -3.2981 ],
							"to": [ -5.4988, 0.5956, 2.2019 ],
							"rotationOrigin": [ -8.7988, -8.8044, -14.2981 ],
							"rotationX": -0.019,
							"rotationY": 22.4946,
							"faces": {
								"north": { "texture": "#null", "uv": [ 0.0, 0.0, 5.0, 3.0 ], "autoUv": false },
								"east": { "texture": "#null", "uv": [ 0.0, 0.0, 5.0, 3.0 ], "autoUv": false },
								"south": { "texture": "#null", "uv": [ 0.0, 0.0, 5.0, 3.0 ], "autoUv": false },
								"west": { "texture": "#null", "uv": [ 0.0, 0.0, 5.0, 3.0 ], "autoUv": false },
								"up": { "texture": "#null", "uv": [ 0.0, 0.0, 5.0, 5.0 ], "autoUv": false },
								"down": { "texture": "#null", "uv": [ 0.0, 0.0, 5.0, 5.0 ], "autoUv": false }
							}
						},
						{
							"name": "Cube29",
							"from": [ -5.5, -1.1044, -3.3 ],
							"to": [ -3.3, 0.5956, -0.1 ],
							"rotationOrigin": [ -3.2988, -8.8044, -14.2981 ],
							"rotationX": -0.019,
							"rotationY": 22.4946,
							"faces": {
								"north": { "texture": "#null", "uv": [ 0.0, 0.0, 2.0, 3.0 ], "autoUv": false },
								"east": { "texture": "#null", "uv": [ 0.0, 0.0, 2.0, 3.0 ], "autoUv": false },
								"south": { "texture": "#null", "uv": [ 0.0, 0.0, 2.0, 3.0 ], "autoUv": false },
								"west": { "texture": "#null", "uv": [ 0.0, 0.0, 2.0, 3.0 ], "autoUv": false },
								"up": { "texture": "#null", "uv": [ 0.0, 0.0, 2.0, 2.0 ], "autoUv": false },
								"down": { "texture": "#null", "uv": [ 0.0, 0.0, 2.0, 2.0 ], "autoUv": false }
							}
						},
						{
							"name": "Cube35",
							"from": [ -2.5, -4.1, -2.4 ],
							"to": [ -0.3, 0.6, 0.6 ],
							"rotationOrigin": [ -0.2988, -11.8044, -13.3981 ],
							"rotationX": -0.019,
							"rotationY": 22.4946,
							"faces": {
								"north": { "texture": "#null", "uv": [ 0.0, 0.0, 2.0, 3.0 ], "autoUv": false },
								"east": { "texture": "#null", "uv": [ 0.0, 0.0, 2.0, 3.0 ], "autoUv": false },
								"south": { "texture": "#null", "uv": [ 0.0, 0.0, 2.0, 3.0 ], "autoUv": false },
								"west": { "texture": "#null", "uv": [ 0.0, 0.0, 2.0, 3.0 ], "autoUv": false },
								"up": { "texture": "#null", "uv": [ 0.0, 0.0, 2.0, 2.0 ], "autoUv": false },
								"down": { "texture": "#null", "uv": [ 0.0, 0.0, 2.0, 2.0 ], "autoUv": false }
							}
						},
						{
							"name": "Cube52",
							"from": [ -7.7, 0.4, 3.1 ],
							"to": [ -4.4, 5.1, 9.4 ],
							"rotationOrigin": [ -5.5012, 2.7, 6.1 ],
							"rotationX": 179.981,
							"rotationY": -26.99,
							"rotationZ": -180.0,
							"faces": {
								"north": { "texture": "#null", "uv": [ 0.0, 0.0, 3.0, 2.0 ], "autoUv": false },
								"east": { "texture": "#null", "uv": [ 0.0, 0.0, 3.0, 2.0 ], "autoUv": false },
								"south": { "texture": "#null", "uv": [ 0.0, 0.0, 3.0, 2.0 ], "autoUv": false },
								"west": { "texture": "#null", "uv": [ 0.0, 0.0, 3.0, 2.0 ], "autoUv": false },
								"up": { "texture": "#null", "uv": [ 0.0, 0.0, 3.0, 3.0 ], "autoUv": false },
								"down": { "texture": "#null", "uv": [ 0.0, 0.0, 3.0, 3.0 ], "autoUv": false }
							}
						},
						{
							"name": "Cube53",
							"from": [ -8.7, 0.4, -3.9 ],
							"to": [ -5.4, 5.1, 2.4 ],
							"rotationOrigin": [ -6.5012, 2.7, -0.9 ],
							"rotationX": 179.981,
							"rotationY": 6.01,
							"rotationZ": -180.0,
							"faces": {
								"north": { "texture": "#null", "uv": [ 0.0, 0.0, 3.0, 2.0 ], "autoUv": false },
								"east": { "texture": "#null", "uv": [ 0.0, 0.0, 3.0, 2.0 ], "autoUv": false },
								"south": { "texture": "#null", "uv": [ 0.0, 0.0, 3.0, 2.0 ], "autoUv": false },
								"west": { "texture": "#null", "uv": [ 0.0, 0.0, 3.0, 2.0 ], "autoUv": false },
								"up": { "texture": "#null", "uv": [ 0.0, 0.0, 3.0, 3.0 ], "autoUv": false },
								"down": { "texture": "#null", "uv": [ 0.0, 0.0, 3.0, 3.0 ], "autoUv": false }
							}
						},
						{
							"name": "Cube54",
							"from": [ -3.7, 0.4, -6.9 ],
							"to": [ -0.4, 5.1, -0.6 ],
							"rotationOrigin": [ -1.5012, 2.7, -3.9 ],
							"rotationX": 179.981,
							"rotationY": 95.01,
							"rotationZ": -180.0,
							"faces": {
								"north": { "texture": "#null", "uv": [ 0.0, 0.0, 3.0, 2.0 ], "autoUv": false },
								"east": { "texture": "#null", "uv": [ 0.0, 0.0, 3.0, 2.0 ], "autoUv": false },
								"south": { "texture": "#null", "uv": [ 0.0, 0.0, 3.0, 2.0 ], "autoUv": false },
								"west": { "texture": "#null", "uv": [ 0.0, 0.0, 3.0, 2.0 ], "autoUv": false },
								"up": { "texture": "#null", "uv": [ 0.0, 0.0, 3.0, 3.0 ], "autoUv": false },
								"down": { "texture": "#null", "uv": [ 0.0, 0.0, 3.0, 3.0 ], "autoUv": false }
							}
						},
						{
							"name": "Cube55",
							"from": [ -3.7, 0.4, 4.1 ],
							"to": [ -1.4, 5.1, 10.4 ],
							"rotationOrigin": [ -1.5012, 2.7, 7.1 ],
							"rotationX": 179.981,
							"rotationY": 75.01,
							"rotationZ": -180.0,
							"faces": {
								"north": { "texture": "#null", "uv": [ 0.0, 0.0, 3.0, 2.0 ], "autoUv": false },
								"east": { "texture": "#null", "uv": [ 0.0, 0.0, 3.0, 2.0 ], "autoUv": false },
								"south": { "texture": "#null", "uv": [ 0.0, 0.0, 3.0, 2.0 ], "autoUv": false },
								"west": { "texture": "#null", "uv": [ 0.0, 0.0, 3.0, 2.0 ], "autoUv": false },
								"up": { "texture": "#null", "uv": [ 0.0, 0.0, 3.0, 3.0 ], "autoUv": false },
								"down": { "texture": "#null", "uv": [ 0.0, 0.0, 3.0, 3.0 ], "autoUv": false }
							}
						},
						{
							"name": "Cube56",
							"from": [ -5.4, 5.1, 4.7 ],
							"to": [ -3.1, 7.8, 11.0 ],
							"rotationOrigin": [ -3.2012, 7.4, 7.7 ],
							"rotationX": 179.981,
							"rotationY": -58.99,
							"rotationZ": -180.0,
							"faces": {
								"north": { "texture": "#null", "uv": [ 0.0, 0.0, 3.0, 2.0 ], "autoUv": false },
								"east": { "texture": "#null", "uv": [ 0.0, 0.0, 3.0, 2.0 ], "autoUv": false },
								"south": { "texture": "#null", "uv": [ 0.0, 0.0, 3.0, 2.0 ], "autoUv": false },
								"west": { "texture": "#null", "uv": [ 0.0, 0.0, 3.0, 2.0 ], "autoUv": false },
								"up": { "texture": "#null", "uv": [ 0.0, 0.0, 3.0, 3.0 ], "autoUv": false },
								"down": { "texture": "#null", "uv": [ 0.0, 0.0, 3.0, 3.0 ], "autoUv": false }
							}
						},
						{
							"name": "Cube57",
							"from": [ -9.4, 5.1, -1.3 ],
							"to": [ -7.1, 8.2, 4.0 ],
							"rotationOrigin": [ -7.2012, 7.4, 1.7 ],
							"rotationX": 179.981,
							"rotationY": 0.01,
							"rotationZ": -180.0,
							"faces": {
								"north": { "texture": "#null", "uv": [ 0.0, 0.0, 3.0, 2.0 ], "autoUv": false },
								"east": { "texture": "#null", "uv": [ 0.0, 0.0, 3.0, 2.0 ], "autoUv": false },
								"south": { "texture": "#null", "uv": [ 0.0, 0.0, 3.0, 2.0 ], "autoUv": false },
								"west": { "texture": "#null", "uv": [ 0.0, 0.0, 3.0, 2.0 ], "autoUv": false },
								"up": { "texture": "#null", "uv": [ 0.0, 0.0, 3.0, 3.0 ], "autoUv": false },
								"down": { "texture": "#null", "uv": [ 0.0, 0.0, 3.0, 3.0 ], "autoUv": false }
							}
						},
						{
							"name": "Cube58",
							"from": [ -6.4, 5.1, -6.3 ],
							"to": [ -4.1, 7.2, 1.0 ],
							"rotationOrigin": [ -4.2012, 7.4, -3.3 ],
							"rotationX": 179.981,
							"rotationY": 78.5,
							"rotationZ": -180.0,
							"faces": {
								"north": { "texture": "#null", "uv": [ 0.0, 0.0, 3.0, 2.0 ], "autoUv": false },
								"east": { "texture": "#null", "uv": [ 0.0, 0.0, 3.0, 2.0 ], "autoUv": false },
								"south": { "texture": "#null", "uv": [ 0.0, 0.0, 3.0, 2.0 ], "autoUv": false },
								"west": { "texture": "#null", "uv": [ 0.0, 0.0, 3.0, 2.0 ], "autoUv": false },
								"up": { "texture": "#null", "uv": [ 0.0, 0.0, 3.0, 3.0 ], "autoUv": false },
								"down": { "texture": "#null", "uv": [ 0.0, 0.0, 3.0, 3.0 ], "autoUv": false }
							}
						}
					]
				}
			]
		}
	]}