{
	"editor": {
		"collapsedPaths": "Root/Cube26,Root/Cube14,Root/Cube20,Root/layer 3,Root/Cube7,Root/Cube43,Root/Center Point/layer 2",
		"allAngles": false,
		"entityTextureMode": false
	},
	"textureWidth": 16,
	"textureHeight": 16,
	"textureSizes": {
	},
	"textures": {
	},
	"elements": [
		{
			"name": "Center Point",
			"from": [ 9.6025, 1.265, 10.235 ],
			"to": [ 10.8675, 2.53, 11.5 ],
			"rotationOrigin": [ 0.115, 1.265, 0.7475 ],
			"faces": {
				"north": { "texture": "#null", "uv": [ 0.0, 0.0, 1.0, 1.0 ], "autoUv": false },
				"east": { "texture": "#null", "uv": [ 0.0, 0.0, 1.0, 1.0 ], "autoUv": false },
				"south": { "texture": "#null", "uv": [ 0.0, 0.0, 1.0, 1.0 ], "autoUv": false },
				"west": { "texture": "#null", "uv": [ 0.0, 0.0, 1.0, 1.0 ], "autoUv": false },
				"up": { "texture": "#null", "uv": [ 0.0, 0.0, 1.0, 1.0 ], "autoUv": false },
				"down": { "texture": "#null", "uv": [ 0.0, 0.0, 1.0, 1.0 ], "autoUv": false }
			},
			"children": [
				{
					"name": "layer 1",
					"from": [ -2.8464, -0.0016, -3.9818 ],
					"to": [ 2.8461, 4.5524, 3.9877 ],
					"rotationOrigin": [ -3.9847, -7.9695, -3.9847 ],
					"rotationX": -0.0513,
					"rotationY": 67.5022,
					"rotationZ": 0.0474,
					"faces": {
						"north": { "texture": "#null", "uv": [ 0.0, 0.0, 5.0, 4.0 ], "autoUv": false },
						"east": { "texture": "#null", "uv": [ 0.0, 0.0, 7.0, 4.0 ], "autoUv": false },
						"south": { "texture": "#null", "uv": [ 0.0, 0.0, 5.0, 4.0 ], "autoUv": false },
						"west": { "texture": "#null", "uv": [ 0.0, 0.0, 7.0, 4.0 ], "autoUv": false },
						"up": { "texture": "#null", "uv": [ 0.0, 0.0, 5.0, 7.0 ], "autoUv": false },
						"down": { "texture": "#null", "uv": [ 0.0, 0.0, 5.0, 7.0 ], "autoUv": false }
					},
					"children": [
						{
							"name": "Cube8",
							"from": [ 3.5165, -1.1385, -6.3857 ],
							"to": [ 8.0705, 3.4155, 2.7223 ],
							"rotationOrigin": [ 2.378, -9.108, -6.3857 ],
							"rotationX": -180.0,
							"rotationY": -90.0,
							"rotationZ": -180.0,
							"faces": {
								"north": { "texture": "#null", "uv": [ 0.0, 0.0, 4.0, 4.0 ], "autoUv": false },
								"east": { "texture": "#null", "uv": [ 0.0, 0.0, 8.0, 4.0 ], "autoUv": false },
								"south": { "texture": "#null", "uv": [ 0.0, 0.0, 4.0, 4.0 ], "autoUv": false },
								"west": { "texture": "#null", "uv": [ 0.0, 0.0, 8.0, 4.0 ], "autoUv": false },
								"up": { "texture": "#null", "uv": [ 0.0, 0.0, 4.0, 8.0 ], "autoUv": false },
								"down": { "texture": "#null", "uv": [ 0.0, 0.0, 4.0, 8.0 ], "autoUv": false }
							}
						},
						{
							"name": "Cube9",
							"from": [ -11.2093, -1.1385, -0.2862 ],
							"to": [ -6.6553, 3.4155, 5.4063 ],
							"rotationOrigin": [ -12.3478, -9.108, -0.2862 ],
							"faces": {
								"north": { "texture": "#null", "uv": [ 0.0, 0.0, 4.0, 4.0 ], "autoUv": false },
								"east": { "texture": "#null", "uv": [ 0.0, 0.0, 5.0, 4.0 ], "autoUv": false },
								"south": { "texture": "#null", "uv": [ 0.0, 0.0, 4.0, 4.0 ], "autoUv": false },
								"west": { "texture": "#null", "uv": [ 0.0, 0.0, 5.0, 4.0 ], "autoUv": false },
								"up": { "texture": "#null", "uv": [ 0.0, 0.0, 4.0, 5.0 ], "autoUv": false },
								"down": { "texture": "#null", "uv": [ 0.0, 0.0, 4.0, 5.0 ], "autoUv": false }
							}
						},
						{
							"name": "Cube10",
							"from": [ -6.3111, -1.1385, 2.6141 ],
							"to": [ -1.7571, 3.4155, 8.3066 ],
							"rotationOrigin": [ -7.4496, -9.108, 2.6141 ],
							"rotationY": 22.5,
							"faces": {
								"north": { "texture": "#null", "uv": [ 0.0, 0.0, 4.0, 4.0 ], "autoUv": false },
								"east": { "texture": "#null", "uv": [ 0.0, 0.0, 5.0, 4.0 ], "autoUv": false },
								"south": { "texture": "#null", "uv": [ 0.0, 0.0, 4.0, 4.0 ], "autoUv": false },
								"west": { "texture": "#null", "uv": [ 0.0, 0.0, 5.0, 4.0 ], "autoUv": false },
								"up": { "texture": "#null", "uv": [ 0.0, 0.0, 4.0, 5.0 ], "autoUv": false },
								"down": { "texture": "#null", "uv": [ 0.0, 0.0, 4.0, 5.0 ], "autoUv": false }
							}
						},
						{
							"name": "Cube11",
							"from": [ -4.9292, 0.0, 11.9002 ],
							"to": [ 3.0403, 4.554, 15.3157 ],
							"rotationOrigin": [ -6.0677, -7.9695, 11.9002 ],
							"rotationY": 22.5,
							"faces": {
								"north": { "texture": "#null", "uv": [ 0.0, 0.0, 7.0, 4.0 ], "autoUv": false },
								"east": { "texture": "#null", "uv": [ 0.0, 0.0, 3.0, 4.0 ], "autoUv": false },
								"south": { "texture": "#null", "uv": [ 0.0, 0.0, 7.0, 4.0 ], "autoUv": false },
								"west": { "texture": "#null", "uv": [ 0.0, 0.0, 3.0, 4.0 ], "autoUv": false },
								"up": { "texture": "#null", "uv": [ 0.0, 0.0, 7.0, 3.0 ], "autoUv": false },
								"down": { "texture": "#null", "uv": [ 0.0, 0.0, 7.0, 3.0 ], "autoUv": false }
							}
						},
						{
							"name": "Cube12",
							"from": [ -6.1479, -1.1385, 4.6337 ],
							"to": [ 2.9601, 0.0, 8.0492 ],
							"rotationOrigin": [ -7.2809, -9.108, 4.631 ],
							"rotationY": -67.5,
							"faces": {
								"north": { "texture": "#null", "uv": [ 0.0, 0.0, 8.0, 1.0 ], "autoUv": false },
								"east": { "texture": "#null", "uv": [ 0.0, 0.0, 3.0, 1.0 ], "autoUv": false },
								"south": { "texture": "#null", "uv": [ 0.0, 0.0, 8.0, 1.0 ], "autoUv": false },
								"west": { "texture": "#null", "uv": [ 0.0, 0.0, 3.0, 1.0 ], "autoUv": false },
								"up": { "texture": "#null", "uv": [ 0.0, 0.0, 8.0, 3.0 ], "autoUv": false },
								"down": { "texture": "#null", "uv": [ 0.0, 0.0, 8.0, 3.0 ], "autoUv": false }
							}
						},
						{
							"name": "Cube13",
							"from": [ -1.5932, 0.0, 8.0538 ],
							"to": [ 2.9608, 5.6925, 12.6078 ],
							"rotationOrigin": [ -2.7317, -7.9695, 8.0538 ],
							"rotationX": -180.0,
							"rotationY": -45.0,
							"rotationZ": -180.0,
							"faces": {
								"north": { "texture": "#null", "uv": [ 0.0, 0.0, 4.0, 5.0 ], "autoUv": false },
								"east": { "texture": "#null", "uv": [ 0.0, 0.0, 4.0, 5.0 ], "autoUv": false },
								"south": { "texture": "#null", "uv": [ 0.0, 0.0, 4.0, 5.0 ], "autoUv": false },
								"west": { "texture": "#null", "uv": [ 0.0, 0.0, 4.0, 5.0 ], "autoUv": false },
								"up": { "texture": "#null", "uv": [ 0.0, 0.0, 4.0, 4.0 ], "autoUv": false },
								"down": { "texture": "#null", "uv": [ 0.0, 0.0, 4.0, 4.0 ], "autoUv": false }
							}
						},
						{
							"name": "Cube14",
							"from": [ -3.8709, -1.1385, 10.3262 ],
							"to": [ 2.9601, 0.0, 13.7417 ],
							"rotationOrigin": [ -1.5939, -9.108, 10.3235 ],
							"rotationY": 59.5,
							"faces": {
								"north": { "texture": "#null", "uv": [ 0.0, 0.0, 6.0, 1.0 ], "autoUv": false },
								"east": { "texture": "#null", "uv": [ 0.0, 0.0, 3.0, 1.0 ], "autoUv": false },
								"south": { "texture": "#null", "uv": [ 0.0, 0.0, 6.0, 1.0 ], "autoUv": false },
								"west": { "texture": "#null", "uv": [ 0.0, 0.0, 3.0, 1.0 ], "autoUv": false },
								"up": { "texture": "#null", "uv": [ 0.0, 0.0, 6.0, 3.0 ], "autoUv": false },
								"down": { "texture": "#null", "uv": [ 0.0, 0.0, 6.0, 3.0 ], "autoUv": false }
							}
						},
						{
							"name": "Cube20",
							"from": [ 0.68, -1.1385, 6.63 ],
							"to": [ 9.511, 0.0, 10.0455 ],
							"rotationOrigin": [ 2.9601, -9.108, 6.631 ],
							"rotationY": 123.5,
							"faces": {
								"north": { "texture": "#null", "uv": [ 0.0, 0.0, 6.0, 1.0 ], "autoUv": false },
								"east": { "texture": "#null", "uv": [ 0.0, 0.0, 3.0, 1.0 ], "autoUv": false },
								"south": { "texture": "#null", "uv": [ 0.0, 0.0, 6.0, 1.0 ], "autoUv": false },
								"west": { "texture": "#null", "uv": [ 0.0, 0.0, 3.0, 1.0 ], "autoUv": false },
								"up": { "texture": "#null", "uv": [ 0.0, 0.0, 6.0, 3.0 ], "autoUv": false },
								"down": { "texture": "#null", "uv": [ 0.0, 0.0, 6.0, 3.0 ], "autoUv": false }
							}
						},
						{
							"name": "Cube26",
							"from": [ -3.8709, -1.1385, 4.6337 ],
							"to": [ 0.6831, 0.0, 8.0492 ],
							"rotationOrigin": [ -1.5939, -9.108, 4.631 ],
							"rotationY": 123.5,
							"faces": {
								"north": { "texture": "#null", "uv": [ 0.0, 0.0, 4.0, 1.0 ], "autoUv": false },
								"east": { "texture": "#null", "uv": [ 0.0, 0.0, 3.0, 1.0 ], "autoUv": false },
								"south": { "texture": "#null", "uv": [ 0.0, 0.0, 4.0, 1.0 ], "autoUv": false },
								"west": { "texture": "#null", "uv": [ 0.0, 0.0, 3.0, 1.0 ], "autoUv": false },
								"up": { "texture": "#null", "uv": [ 0.0, 0.0, 4.0, 3.0 ], "autoUv": false },
								"down": { "texture": "#null", "uv": [ 0.0, 0.0, 4.0, 3.0 ], "autoUv": false }
							}
						},
						{
							"name": "Cube33",
							"from": [ -10.0757, -1.1385, -2.5616 ],
							"to": [ -7.7987, 3.4155, -0.2846 ],
							"rotationOrigin": [ -11.2093, -9.108, -2.5632 ],
							"rotationY": 16.0,
							"faces": {
								"north": { "texture": "#null", "uv": [ 0.0, 0.0, 2.0, 4.0 ], "autoUv": false },
								"east": { "texture": "#null", "uv": [ 0.0, 0.0, 2.0, 4.0 ], "autoUv": false },
								"south": { "texture": "#null", "uv": [ 0.0, 0.0, 2.0, 4.0 ], "autoUv": false },
								"west": { "texture": "#null", "uv": [ 0.0, 0.0, 2.0, 4.0 ], "autoUv": false },
								"up": { "texture": "#null", "uv": [ 0.0, 0.0, 2.0, 2.0 ], "autoUv": false },
								"down": { "texture": "#null", "uv": [ 0.0, 0.0, 2.0, 2.0 ], "autoUv": false }
							}
						},
						{
							"name": "Cube34",
							"from": [ -6.4325, 0.0, 13.3774 ],
							"to": [ -4.6109, 4.554, 15.199 ],
							"rotationOrigin": [ -7.5661, -7.9695, 13.3758 ],
							"rotationY": 38.0,
							"faces": {
								"north": { "texture": "#null", "uv": [ 0.0, 0.0, 1.5, 4.0 ], "autoUv": false },
								"east": { "texture": "#null", "uv": [ 0.0, 0.0, 1.5, 4.0 ], "autoUv": false },
								"south": { "texture": "#null", "uv": [ 0.0, 0.0, 1.5, 4.0 ], "autoUv": false },
								"west": { "texture": "#null", "uv": [ 0.0, 0.0, 1.5, 4.0 ], "autoUv": false },
								"up": { "texture": "#null", "uv": [ 0.0, 0.0, 1.5, 1.5 ], "autoUv": false },
								"down": { "texture": "#null", "uv": [ 0.0, 0.0, 1.5, 1.5 ], "autoUv": false }
							}
						}
					]
				},
				{
					"name": "layer 2",
					"from": [ 8.2225, 3.91, 0.6325 ],
					"to": [ 17.0775, 8.97, 5.6925 ],
					"rotationOrigin": [ 6.9575, -4.945, 1.8975 ],
					"rotationX": 180.0,
					"rotationY": 67.5,
					"rotationZ": -180.0,
					"faces": {
						"north": { "texture": "#null", "uv": [ 0.0, 0.0, 7.0, 4.0 ], "autoUv": false },
						"east": { "texture": "#null", "uv": [ 0.0, 0.0, 4.0, 4.0 ], "autoUv": false },
						"south": { "texture": "#null", "uv": [ 0.0, 0.0, 7.0, 4.0 ], "autoUv": false },
						"west": { "texture": "#null", "uv": [ 0.0, 0.0, 4.0, 4.0 ], "autoUv": false },
						"up": { "texture": "#null", "uv": [ 0.0, 0.0, 7.0, 4.0 ], "autoUv": false },
						"down": { "texture": "#null", "uv": [ 0.0, 0.0, 7.0, 4.0 ], "autoUv": false }
					},
					"children": [
						{
							"name": "Cube15",
							"from": [ -3.9902, 1.265, -1.5486 ],
							"to": [ 4.8648, 6.325, 4.7764 ],
							"rotationOrigin": [ -5.2552, -7.59, 0.9814 ],
							"rotationY": 67.5,
							"faces": {
								"north": { "texture": "#null", "uv": [ 0.0, 0.0, 7.0, 4.0 ], "autoUv": false },
								"east": { "texture": "#null", "uv": [ 0.0, 0.0, 5.0, 4.0 ], "autoUv": false },
								"south": { "texture": "#null", "uv": [ 0.0, 0.0, 7.0, 4.0 ], "autoUv": false },
								"west": { "texture": "#null", "uv": [ 0.0, 0.0, 5.0, 4.0 ], "autoUv": false },
								"up": { "texture": "#null", "uv": [ 0.0, 0.0, 7.0, 5.0 ], "autoUv": false },
								"down": { "texture": "#null", "uv": [ 0.0, 0.0, 7.0, 5.0 ], "autoUv": false }
							}
						},
						{
							"name": "Cube16",
							"from": [ 3.1263, 0.0, 14.7816 ],
							"to": [ 9.4513, 1.265, 17.3116 ],
							"rotationOrigin": [ 3.1262, -8.855, 7.1916 ],
							"rotationX": -180.0,
							"rotationY": -22.5,
							"rotationZ": -180.0,
							"faces": {
								"north": { "texture": "#null", "uv": [ 0.0, 0.0, 5.0, 1.0 ], "autoUv": false },
								"east": { "texture": "#null", "uv": [ 0.0, 0.0, 2.0, 1.0 ], "autoUv": false },
								"south": { "texture": "#null", "uv": [ 0.0, 0.0, 5.0, 1.0 ], "autoUv": false },
								"west": { "texture": "#null", "uv": [ 0.0, 0.0, 2.0, 1.0 ], "autoUv": false },
								"up": { "texture": "#null", "uv": [ 0.0, 0.0, 5.0, 2.0 ], "autoUv": false },
								"down": { "texture": "#null", "uv": [ 0.0, 0.0, 5.0, 2.0 ], "autoUv": false }
							}
						},
						{
							"name": "Cube17",
							"from": [ 8.1757, -1.265, 14.7658 ],
							"to": [ 17.0307, 2.53, 19.8258 ],
							"rotationOrigin": [ 10.7057, -10.12, 2.1158 ],
							"rotationX": -180.0,
							"rotationY": -22.5,
							"rotationZ": -180.0,
							"faces": {
								"north": { "texture": "#null", "uv": [ 0.0, 0.0, 7.0, 3.0 ], "autoUv": false },
								"east": { "texture": "#null", "uv": [ 0.0, 0.0, 4.0, 3.0 ], "autoUv": false },
								"south": { "texture": "#null", "uv": [ 0.0, 0.0, 7.0, 3.0 ], "autoUv": false },
								"west": { "texture": "#null", "uv": [ 0.0, 0.0, 4.0, 3.0 ], "autoUv": false },
								"up": { "texture": "#null", "uv": [ 0.0, 0.0, 7.0, 4.0 ], "autoUv": false },
								"down": { "texture": "#null", "uv": [ 0.0, 0.0, 7.0, 4.0 ], "autoUv": false }
							}
						},
						{
							"name": "Cube18",
							"from": [ -5.4823, -1.265, -1.8454 ],
							"to": [ -0.4223, 2.53, 3.2146 ],
							"rotationOrigin": [ -2.9523, -10.12, -14.4954 ],
							"rotationY": 67.5,
							"faces": {
								"north": { "texture": "#null", "uv": [ 0.0, 0.0, 4.0, 3.0 ], "autoUv": false },
								"east": { "texture": "#null", "uv": [ 0.0, 0.0, 4.0, 3.0 ], "autoUv": false },
								"south": { "texture": "#null", "uv": [ 0.0, 0.0, 4.0, 3.0 ], "autoUv": false },
								"west": { "texture": "#null", "uv": [ 0.0, 0.0, 4.0, 3.0 ], "autoUv": false },
								"up": { "texture": "#null", "uv": [ 0.0, 0.0, 4.0, 4.0 ], "autoUv": false },
								"down": { "texture": "#null", "uv": [ 0.0, 0.0, 4.0, 4.0 ], "autoUv": false }
							}
						},
						{
							"name": "Cube19",
							"from": [ -14.5327, -1.265, 0.4027 ],
							"to": [ -9.4727, 2.53, 5.4627 ],
							"rotationOrigin": [ -8.1942, -10.12, -8.4513 ],
							"rotationX": 180.0,
							"rotationY": 89.9802,
							"rotationZ": -180.0,
							"faces": {
								"north": { "texture": "#null", "uv": [ 0.0, 0.0, 4.0, 3.0 ], "autoUv": false },
								"east": { "texture": "#null", "uv": [ 0.0, 0.0, 4.0, 3.0 ], "autoUv": false },
								"south": { "texture": "#null", "uv": [ 0.0, 0.0, 4.0, 3.0 ], "autoUv": false },
								"west": { "texture": "#null", "uv": [ 0.0, 0.0, 4.0, 3.0 ], "autoUv": false },
								"up": { "texture": "#null", "uv": [ 0.0, 0.0, 4.0, 4.0 ], "autoUv": false },
								"down": { "texture": "#null", "uv": [ 0.0, 0.0, 4.0, 4.0 ], "autoUv": false }
							}
						},
						{
							"name": "Cube21",
							"from": [ -1.5407, 0.0, 21.6949 ],
							"to": [ 4.7843, 2.53, 25.4899 ],
							"rotationOrigin": [ 0.9893, -8.855, 9.0449 ],
							"rotationX": -180.0,
							"rotationY": 45.0,
							"rotationZ": -180.0,
							"faces": {
								"north": { "texture": "#null", "uv": [ 0.0, 0.0, 5.0, 2.0 ], "autoUv": false },
								"east": { "texture": "#null", "uv": [ 0.0, 0.0, 3.0, 2.0 ], "autoUv": false },
								"south": { "texture": "#null", "uv": [ 0.0, 0.0, 5.0, 2.0 ], "autoUv": false },
								"west": { "texture": "#null", "uv": [ 0.0, 0.0, 3.0, 2.0 ], "autoUv": false },
								"up": { "texture": "#null", "uv": [ 0.0, 0.0, 5.0, 3.0 ], "autoUv": false },
								"down": { "texture": "#null", "uv": [ 0.0, 0.0, 5.0, 3.0 ], "autoUv": false }
							}
						},
						{
							"name": "Cube32",
							"from": [ -16.8624, 0.0, 9.5381 ],
							"to": [ -13.0674, 6.325, 12.0681 ],
							"rotationOrigin": [ -14.3373, -8.855, -3.1104 ],
							"rotationY": 72.5,
							"faces": {
								"north": { "texture": "#null", "uv": [ 0.0, 0.0, 3.0, 5.0 ], "autoUv": false },
								"east": { "texture": "#null", "uv": [ 0.0, 0.0, 2.0, 5.0 ], "autoUv": false },
								"south": { "texture": "#null", "uv": [ 0.0, 0.0, 3.0, 5.0 ], "autoUv": false },
								"west": { "texture": "#null", "uv": [ 0.0, 0.0, 2.0, 5.0 ], "autoUv": false },
								"up": { "texture": "#null", "uv": [ 0.0, 0.0, 3.0, 2.0 ], "autoUv": false },
								"down": { "texture": "#null", "uv": [ 0.0, 0.0, 3.0, 2.0 ], "autoUv": false }
							}
						}
					]
				},
				{
					"name": "layer 3",
					"from": [ 5.6798, 6.44, 13.2698 ],
					"to": [ 13.2698, 8.97, 18.3298 ],
					"rotationOrigin": [ 8.2225, -2.415, 0.6325 ],
					"rotationX": 9.9843,
					"rotationY": -89.9802,
					"rotationZ": 9.9843,
					"faces": {
						"north": { "texture": "#null", "uv": [ 0.0, 0.0, 6.0, 2.0 ], "autoUv": false },
						"east": { "texture": "#null", "uv": [ 0.0, 0.0, 4.0, 2.0 ], "autoUv": false },
						"south": { "texture": "#null", "uv": [ 0.0, 0.0, 6.0, 2.0 ], "autoUv": false },
						"west": { "texture": "#null", "uv": [ 0.0, 0.0, 4.0, 2.0 ], "autoUv": false },
						"up": { "texture": "#null", "uv": [ 0.0, 0.0, 6.0, 4.0 ], "autoUv": false },
						"down": { "texture": "#null", "uv": [ 0.0, 0.0, 6.0, 4.0 ], "autoUv": false }
					},
					"children": [
						{
							"name": "Cube22",
							"from": [ 2.53, 0.0, 1.265 ],
							"to": [ 11.385, 5.06, 6.325 ],
							"rotationOrigin": [ 5.06, -8.855, -11.385 ],
							"rotationY": -51.0,
							"faces": {
								"north": { "texture": "#null", "uv": [ 0.0, 0.0, 7.0, 4.0 ], "autoUv": false },
								"east": { "texture": "#null", "uv": [ 0.0, 0.0, 4.0, 4.0 ], "autoUv": false },
								"south": { "texture": "#null", "uv": [ 0.0, 0.0, 7.0, 4.0 ], "autoUv": false },
								"west": { "texture": "#null", "uv": [ 0.0, 0.0, 4.0, 4.0 ], "autoUv": false },
								"up": { "texture": "#null", "uv": [ 0.0, 0.0, 7.0, 4.0 ], "autoUv": false },
								"down": { "texture": "#null", "uv": [ 0.0, 0.0, 7.0, 4.0 ], "autoUv": false }
							}
						},
						{
							"name": "Cube23",
							"from": [ -11.385, 3.795, 6.325 ],
							"to": [ -2.53, 8.355, 11.385 ],
							"rotationOrigin": [ -8.855, -5.06, -6.325 ],
							"rotationY": 67.5,
							"faces": {
								"north": { "texture": "#null", "uv": [ 0.0, 0.0, 7.0, 4.0 ], "autoUv": false },
								"east": { "texture": "#null", "uv": [ 0.0, 0.0, 4.0, 4.0 ], "autoUv": false },
								"south": { "texture": "#null", "uv": [ 0.0, 0.0, 7.0, 4.0 ], "autoUv": false },
								"west": { "texture": "#null", "uv": [ 0.0, 0.0, 4.0, 4.0 ], "autoUv": false },
								"up": { "texture": "#null", "uv": [ 0.0, 0.0, 7.0, 4.0 ], "autoUv": false },
								"down": { "texture": "#null", "uv": [ 0.0, 0.0, 7.0, 4.0 ], "autoUv": false }
							}
						},
						{
							"name": "Cube24",
							"from": [ 6.325, 3.795, -2.53 ],
							"to": [ 13.915, 7.59, 2.53 ],
							"rotationOrigin": [ 6.325, -15.18, -5.06 ],
							"rotationX": -180.0,
							"rotationZ": -180.0,
							"faces": {
								"north": { "texture": "#null", "uv": [ 0.0, 0.0, 6.0, 3.0 ], "autoUv": false },
								"east": { "texture": "#null", "uv": [ 0.0, 0.0, 4.0, 3.0 ], "autoUv": false },
								"south": { "texture": "#null", "uv": [ 0.0, 0.0, 6.0, 3.0 ], "autoUv": false },
								"west": { "texture": "#null", "uv": [ 0.0, 0.0, 4.0, 3.0 ], "autoUv": false },
								"up": { "texture": "#null", "uv": [ 0.0, 0.0, 6.0, 4.0 ], "autoUv": false },
								"down": { "texture": "#null", "uv": [ 0.0, 0.0, 6.0, 4.0 ], "autoUv": false }
							}
						},
						{
							"name": "Cube25",
							"from": [ 5.06, 2.53, -2.53 ],
							"to": [ 12.65, 3.795, 3.795 ],
							"rotationOrigin": [ 5.06, -16.445, -5.06 ],
							"rotationX": -180.0,
							"rotationY": -45.0,
							"rotationZ": -180.0,
							"faces": {
								"north": { "texture": "#null", "uv": [ 0.0, 0.0, 6.0, 1.0 ], "autoUv": false },
								"east": { "texture": "#null", "uv": [ 0.0, 0.0, 5.0, 1.0 ], "autoUv": false },
								"south": { "texture": "#null", "uv": [ 0.0, 0.0, 6.0, 1.0 ], "autoUv": false },
								"west": { "texture": "#null", "uv": [ 0.0, 0.0, 5.0, 1.0 ], "autoUv": false },
								"up": { "texture": "#null", "uv": [ 0.0, 0.0, 6.0, 5.0 ], "autoUv": false },
								"down": { "texture": "#null", "uv": [ 0.0, 0.0, 6.0, 5.0 ], "autoUv": false }
							}
						},
						{
							"name": "Cube43",
							"from": [ 13.915, 2.53, 22.77 ],
							"to": [ 16.445, 5.06, 29.095 ],
							"rotationOrigin": [ 16.445, -6.325, 10.12 ],
							"rotationX": 180.0,
							"rotationY": -67.5,
							"rotationZ": -180.0,
							"faces": {
								"north": { "texture": "#null", "uv": [ 0.0, 0.0, 2.0, 2.0 ], "autoUv": false },
								"east": { "texture": "#null", "uv": [ 0.0, 0.0, 5.0, 2.0 ], "autoUv": false },
								"south": { "texture": "#null", "uv": [ 0.0, 0.0, 2.0, 2.0 ], "autoUv": false },
								"west": { "texture": "#null", "uv": [ 0.0, 0.0, 5.0, 2.0 ], "autoUv": false },
								"up": { "texture": "#null", "uv": [ 0.0, 0.0, 2.0, 5.0 ], "autoUv": false },
								"down": { "texture": "#null", "uv": [ 0.0, 0.0, 2.0, 5.0 ], "autoUv": false }
							}
						},
						{
							"name": "Cube45",
							"from": [ 7.5948, -9.0E-4, 20.2491 ],
							"to": [ 12.6548, 7.5891, 25.3091 ],
							"rotationOrigin": [ 10.1248, -8.8559, 7.5991 ],
							"rotationX": 179.9966,
							"rotationY": -44.9805,
							"rotationZ": -180.0,
							"faces": {
								"north": { "texture": "#null", "uv": [ 0.0, 0.0, 4.0, 6.0 ], "autoUv": false },
								"east": { "texture": "#null", "uv": [ 0.0, 0.0, 4.0, 6.0 ], "autoUv": false },
								"south": { "texture": "#null", "uv": [ 0.0, 0.0, 4.0, 6.0 ], "autoUv": false },
								"west": { "texture": "#null", "uv": [ 0.0, 0.0, 4.0, 6.0 ], "autoUv": false },
								"up": { "texture": "#null", "uv": [ 0.0, 0.0, 4.0, 4.0 ], "autoUv": false },
								"down": { "texture": "#null", "uv": [ 0.0, 0.0, 4.0, 4.0 ], "autoUv": false }
							}
						},
						{
							"name": "Cube44",
							"from": [ 7.59, 2.53, 27.83 ],
							"to": [ 10.12, 3.795, 31.625 ],
							"rotationOrigin": [ 10.12, -6.325, 15.18 ],
							"rotationX": 180.0,
							"rotationY": -22.5,
							"rotationZ": -180.0,
							"faces": {
								"north": { "texture": "#null", "uv": [ 0.0, 0.0, 2.0, 1.0 ], "autoUv": false },
								"east": { "texture": "#null", "uv": [ 0.0, 0.0, 3.0, 1.0 ], "autoUv": false },
								"south": { "texture": "#null", "uv": [ 0.0, 0.0, 2.0, 1.0 ], "autoUv": false },
								"west": { "texture": "#null", "uv": [ 0.0, 0.0, 3.0, 1.0 ], "autoUv": false },
								"up": { "texture": "#null", "uv": [ 0.0, 0.0, 2.0, 3.0 ], "autoUv": false },
								"down": { "texture": "#null", "uv": [ 0.0, 0.0, 2.0, 3.0 ], "autoUv": false }
							}
						},
						{
							"name": "Cube47",
							"from": [ -2.53, 2.53, 16.445 ],
							"to": [ -1.15, 5.06, 18.975 ],
							"rotationOrigin": [ 0.0, -6.325, 3.795 ],
							"rotationX": 180.0,
							"rotationY": -21.5,
							"rotationZ": -180.0,
							"faces": {
								"north": { "texture": "#null", "uv": [ 0.0, 0.0, 2.0, 2.0 ], "autoUv": false },
								"east": { "texture": "#null", "uv": [ 0.0, 0.0, 2.0, 2.0 ], "autoUv": false },
								"south": { "texture": "#null", "uv": [ 0.0, 0.0, 2.0, 2.0 ], "autoUv": false },
								"west": { "texture": "#null", "uv": [ 0.0, 0.0, 2.0, 2.0 ], "autoUv": false },
								"up": { "texture": "#null", "uv": [ 0.0, 0.0, 2.0, 2.0 ], "autoUv": false },
								"down": { "texture": "#null", "uv": [ 0.0, 0.0, 2.0, 2.0 ], "autoUv": false }
							}
						},
						{
							"name": "Cube48",
							"from": [ -3.68, -9.0E-4, 3.5765 ],
							"to": [ -1.15, 5.2891, 6.1065 ],
							"rotationOrigin": [ -1.955, 0.575, 4.8415 ],
							"rotationX": 180.0,
							"rotationY": -32.18,
							"rotationZ": -180.0,
							"faces": {
								"north": { "texture": "#null", "uv": [ 0.0, 0.0, 4.0, 6.0 ], "autoUv": false },
								"east": { "texture": "#null", "uv": [ 0.0, 0.0, 4.0, 6.0 ], "autoUv": false },
								"south": { "texture": "#null", "uv": [ 0.0, 0.0, 4.0, 6.0 ], "autoUv": false },
								"west": { "texture": "#null", "uv": [ 0.0, 0.0, 4.0, 6.0 ], "autoUv": false },
								"up": { "texture": "#null", "uv": [ 0.0, 0.0, 4.0, 4.0 ], "autoUv": false },
								"down": { "texture": "#null", "uv": [ 0.0, 0.0, 4.0, 4.0 ], "autoUv": false }
							}
						},
						{
							"name": "Cube49",
							"from": [ -2.53, -2.99, 4.2665 ],
							"to": [ -0.805, 0.0, 5.7615 ],
							"rotationOrigin": [ -0.805, -2.415, 5.5315 ],
							"rotationX": 180.0,
							"rotationY": -45.18,
							"rotationZ": -180.0,
							"faces": {
								"north": { "texture": "#null", "uv": [ 0.0, 0.0, 4.0, 6.0 ], "autoUv": false },
								"east": { "texture": "#null", "uv": [ 0.0, 0.0, 4.0, 6.0 ], "autoUv": false },
								"south": { "texture": "#null", "uv": [ 0.0, 0.0, 4.0, 6.0 ], "autoUv": false },
								"west": { "texture": "#null", "uv": [ 0.0, 0.0, 4.0, 6.0 ], "autoUv": false },
								"up": { "texture": "#null", "uv": [ 0.0, 0.0, 4.0, 4.0 ], "autoUv": false },
								"down": { "texture": "#null", "uv": [ 0.0, 0.0, 4.0, 4.0 ], "autoUv": false }
							}
						},
						{
							"name": "Cube50",
							"from": [ 0.69, 3.795, 16.905 ],
							"to": [ 3.105, 8.32, 18.745 ],
							"rotationOrigin": [ 3.22, -5.06, 4.255 ],
							"rotationX": 180.0,
							"rotationY": -39.5,
							"rotationZ": -180.0,
							"faces": {
								"north": { "texture": "#null", "uv": [ 0.0, 0.0, 2.0, 2.0 ], "autoUv": false },
								"east": { "texture": "#null", "uv": [ 0.0, 0.0, 2.0, 2.0 ], "autoUv": false },
								"south": { "texture": "#null", "uv": [ 0.0, 0.0, 2.0, 2.0 ], "autoUv": false },
								"west": { "texture": "#null", "uv": [ 0.0, 0.0, 2.0, 2.0 ], "autoUv": false },
								"up": { "texture": "#null", "uv": [ 0.0, 0.0, 2.0, 2.0 ], "autoUv": false },
								"down": { "texture": "#null", "uv": [ 0.0, 0.0, 2.0, 2.0 ], "autoUv": false }
							}
						},
						{
							"name": "Cube51",
							"from": [ -1.84, -1.955, 18.975 ],
							"to": [ -0.575, 2.53, 19.895 ],
							"rotationOrigin": [ 0.69, -10.81, 6.325 ],
							"rotationX": 180.0,
							"rotationY": -28.5,
							"rotationZ": -180.0,
							"faces": {
								"north": { "texture": "#null", "uv": [ 0.0, 0.0, 2.0, 2.0 ], "autoUv": false },
								"east": { "texture": "#null", "uv": [ 0.0, 0.0, 2.0, 2.0 ], "autoUv": false },
								"south": { "texture": "#null", "uv": [ 0.0, 0.0, 2.0, 2.0 ], "autoUv": false },
								"west": { "texture": "#null", "uv": [ 0.0, 0.0, 2.0, 2.0 ], "autoUv": false },
								"up": { "texture": "#null", "uv": [ 0.0, 0.0, 2.0, 2.0 ], "autoUv": false },
								"down": { "texture": "#null", "uv": [ 0.0, 0.0, 2.0, 2.0 ], "autoUv": false }
							}
						}
					]
				}
			]
		},
		{
			"name": "Top Layer",
			"from": [ -4.9475, 15.4012, 31.1086 ],
			"to": [ -1.1525, 16.0062, 34.9036 ],
			"rotationOrigin": [ -2.4175, 6.5512, 18.4586 ],
			"rotationX": -179.9999,
			"rotationY": 45.0,
			"rotationZ": 179.9999,
			"faces": {
				"north": { "texture": "#null", "uv": [ 0.0, 0.0, 3.0, 2.0 ], "autoUv": false },
				"east": { "texture": "#null", "uv": [ 0.0, 0.0, 3.0, 2.0 ], "autoUv": false },
				"south": { "texture": "#null", "uv": [ 0.0, 0.0, 3.0, 2.0 ], "autoUv": false },
				"west": { "texture": "#null", "uv": [ 0.0, 0.0, 3.0, 2.0 ], "autoUv": false },
				"up": { "texture": "#null", "uv": [ 0.0, 0.0, 3.0, 3.0 ], "autoUv": false },
				"down": { "texture": "#null", "uv": [ 0.0, 0.0, 3.0, 3.0 ], "autoUv": false }
			},
			"children": [
				{
					"name": "Cube28",
					"from": [ -9.839, -0.11, 33.0959 ],
					"to": [ -1.214, 0.595, 39.4209 ],
					"rotationOrigin": [ -7.309, -8.965, 20.4459 ],
					"rotationX": -180.0,
					"rotationY": 22.5,
					"rotationZ": 180.0,
					"faces": {
						"north": { "texture": "#null", "uv": [ 0.0, 0.0, 5.0, 3.0 ], "autoUv": false },
						"east": { "texture": "#null", "uv": [ 0.0, 0.0, 5.0, 3.0 ], "autoUv": false },
						"south": { "texture": "#null", "uv": [ 0.0, 0.0, 5.0, 3.0 ], "autoUv": false },
						"west": { "texture": "#null", "uv": [ 0.0, 0.0, 5.0, 3.0 ], "autoUv": false },
						"up": { "texture": "#null", "uv": [ 0.0, 0.0, 5.0, 5.0 ], "autoUv": false },
						"down": { "texture": "#null", "uv": [ 0.0, 0.0, 5.0, 5.0 ], "autoUv": false }
					}
				},
				{
					"name": "Cube29",
					"from": [ -10.31, -5.11, 25.92 ],
					"to": [ -7.78, 0.695, 27.8 ],
					"rotationOrigin": [ -7.7819, -13.965, 13.2738 ],
					"rotationX": -180.0,
					"rotationY": 22.5,
					"rotationZ": 180.0,
					"faces": {
						"north": { "texture": "#null", "uv": [ 0.0, 0.0, 2.0, 3.0 ], "autoUv": false },
						"east": { "texture": "#null", "uv": [ 0.0, 0.0, 2.0, 3.0 ], "autoUv": false },
						"south": { "texture": "#null", "uv": [ 0.0, 0.0, 2.0, 3.0 ], "autoUv": false },
						"west": { "texture": "#null", "uv": [ 0.0, 0.0, 2.0, 3.0 ], "autoUv": false },
						"up": { "texture": "#null", "uv": [ 0.0, 0.0, 2.0, 2.0 ], "autoUv": false },
						"down": { "texture": "#null", "uv": [ 0.0, 0.0, 2.0, 2.0 ], "autoUv": false }
					}
				},
				{
					"name": "Cube35",
					"from": [ -16.022, -3.86, 25.4513 ],
					"to": [ -13.492, 0.595, 28.9013 ],
					"rotationOrigin": [ -13.4906, -12.7153, 12.8034 ],
					"rotationX": -180.0,
					"rotationY": 22.5,
					"rotationZ": 180.0,
					"faces": {
						"north": { "texture": "#null", "uv": [ 0.0, 0.0, 2.0, 3.0 ], "autoUv": false },
						"east": { "texture": "#null", "uv": [ 0.0, 0.0, 2.0, 3.0 ], "autoUv": false },
						"south": { "texture": "#null", "uv": [ 0.0, 0.0, 2.0, 3.0 ], "autoUv": false },
						"west": { "texture": "#null", "uv": [ 0.0, 0.0, 2.0, 3.0 ], "autoUv": false },
						"up": { "texture": "#null", "uv": [ 0.0, 0.0, 2.0, 2.0 ], "autoUv": false },
						"down": { "texture": "#null", "uv": [ 0.0, 0.0, 2.0, 2.0 ], "autoUv": false }
					}
				},
				{
					"name": "Cube27",
					"from": [ -4.76, -2.64, 31.61 ],
					"to": [ 1.45, 0.62, 37.935 ],
					"rotationOrigin": [ -2.2278, -11.4912, 18.9592 ],
					"rotationX": -179.9999,
					"rotationY": 32.0,
					"rotationZ": 179.9999,
					"faces": {
						"north": { "texture": "#null", "uv": [ 0.0, 0.0, 4.0, 4.0 ], "autoUv": false },
						"east": { "texture": "#null", "uv": [ 0.0, 0.0, 5.0, 4.0 ], "autoUv": false },
						"south": { "texture": "#null", "uv": [ 0.0, 0.0, 4.0, 4.0 ], "autoUv": false },
						"west": { "texture": "#null", "uv": [ 0.0, 0.0, 5.0, 4.0 ], "autoUv": false },
						"up": { "texture": "#null", "uv": [ 0.0, 0.0, 4.0, 5.0 ], "autoUv": false },
						"down": { "texture": "#null", "uv": [ 0.0, 0.0, 4.0, 5.0 ], "autoUv": false }
					}
				},
				{
					"name": "layer 4",
					"from": [ -0.8954, -2.6362, 25.9427 ],
					"to": [ 7.9596, 0.6238, 32.1527 ],
					"rotationOrigin": [ 1.6346, -11.4912, 13.2927 ],
					"rotationX": -179.9999,
					"rotationY": 21.5,
					"rotationZ": 179.9999,
					"faces": {
						"north": { "texture": "#null", "uv": [ 0.0, 0.0, 7.0, 4.0 ], "autoUv": false },
						"east": { "texture": "#null", "uv": [ 0.0, 0.0, 4.0, 4.0 ], "autoUv": false },
						"south": { "texture": "#null", "uv": [ 0.0, 0.0, 7.0, 4.0 ], "autoUv": false },
						"west": { "texture": "#null", "uv": [ 0.0, 0.0, 4.0, 4.0 ], "autoUv": false },
						"up": { "texture": "#null", "uv": [ 0.0, 0.0, 7.0, 4.0 ], "autoUv": false },
						"down": { "texture": "#null", "uv": [ 0.0, 0.0, 7.0, 4.0 ], "autoUv": false }
					},
					"children": [
						{
							"name": "Cube41",
							"from": [ 9.5847, -1.265, 23.1393 ],
							"to": [ 14.6447, 0.0, 29.4643 ],
							"rotationOrigin": [ 12.1146, -10.12, 10.4893 ],
							"rotationX": -180.0,
							"rotationY": -22.5,
							"rotationZ": -180.0,
							"faces": {
								"north": { "texture": "#null", "uv": [ 0.0, 0.0, 4.0, 1.0 ], "autoUv": false },
								"east": { "texture": "#null", "uv": [ 0.0, 0.0, 5.0, 1.0 ], "autoUv": false },
								"south": { "texture": "#null", "uv": [ 0.0, 0.0, 4.0, 1.0 ], "autoUv": false },
								"west": { "texture": "#null", "uv": [ 0.0, 0.0, 5.0, 1.0 ], "autoUv": false },
								"up": { "texture": "#null", "uv": [ 0.0, 0.0, 4.0, 5.0 ], "autoUv": false },
								"down": { "texture": "#null", "uv": [ 0.0, 0.0, 4.0, 5.0 ], "autoUv": false }
							}
						},
						{
							"name": "Cube42",
							"from": [ 3.257, 0.0, 21.8875 ],
							"to": [ 5.787, 2.53, 28.2125 ],
							"rotationOrigin": [ 5.787, -8.855, 9.2374 ],
							"rotationX": -180.0,
							"rotationZ": -180.0,
							"faces": {
								"north": { "texture": "#null", "uv": [ 0.0, 0.0, 2.0, 2.0 ], "autoUv": false },
								"east": { "texture": "#null", "uv": [ 0.0, 0.0, 5.0, 2.0 ], "autoUv": false },
								"south": { "texture": "#null", "uv": [ 0.0, 0.0, 2.0, 2.0 ], "autoUv": false },
								"west": { "texture": "#null", "uv": [ 0.0, 0.0, 5.0, 2.0 ], "autoUv": false },
								"up": { "texture": "#null", "uv": [ 0.0, 0.0, 2.0, 5.0 ], "autoUv": false },
								"down": { "texture": "#null", "uv": [ 0.0, 0.0, 2.0, 5.0 ], "autoUv": false }
							}
						}
					]
				}
			]
		}
	]}