{
	"editor": {
		"allAngles": false,
		"entityTextureMode": true
	},
	"textureWidth": 16,
	"textureHeight": 16,
	"textureSizes": {
	},
	"textures": {
		"andesite1": "game:block/stone/rock/andesite1"
	},
	"elements": [
		{
			"name": "Cube",
			"from": [ 8.0, 0.0, 6.0 ], 
			"to": [ 12.0, 2.0, 9.0 ], 
			"uv": [ 0.0, 7.5 ],
			"rotationOrigin": [ 9.0, 8.0, 7.0 ],
			"rotationY": -67.5,
			"faces": {
				"north": { "texture": "#andesite1", "uv": [ 0.0, 10.5, 4.0, 12.5 ] },
				"east": { "texture": "#andesite1", "uv": [ 4.0, 10.5, 7.0, 12.5 ] },
				"south": { "texture": "#andesite1", "uv": [ 7.0, 10.5, 11.0, 12.5 ] },
				"west": { "texture": "#andesite1", "uv": [ 11.0, 10.5, 14.0, 12.5 ] },
				"up": { "texture": "#andesite1", "uv": [ 0.0, 7.5, 4.0, 10.5 ] },
				"down": { "texture": "#andesite1", "uv": [ 4.0, 7.5, 8.0, 10.5 ] }
			}
		},
		{
			"name": "Cube",
			"from": [ 10.0, 6.0, 6.0 ], 
			"to": [ 11.0, 7.0, 7.0 ], 
			"uv": [ 5.0, 4.0 ],
			"rotationOrigin": [ 9.0, 8.0, 6.0 ],
			"rotationY": -90.0,
			"faces": {
				"north": { "texture": "#andesite1", "uv": [ 9.0, 8.0, 10.0, 9.0 ] },
				"east": { "texture": "#andesite1", "uv": [ 7.0, 4.0, 8.0, 5.0 ] },
				"south": { "texture": "#andesite1", "uv": [ 6.0, 6.0, 7.0, 7.0 ] },
				"west": { "texture": "#andesite1", "uv": [ 6.0, 8.0, 7.0, 9.0 ] },
				"up": { "texture": "#andesite1", "uv": [ 9.0, 7.0, 10.0, 8.0 ] },
				"down": { "texture": "#andesite1", "uv": [ 5.0, 11.0, 6.0, 12.0 ] }
			}
		},
		{
			"name": "Cube3",
			"from": [ 6.0, 2.0, 6.0 ], 
			"to": [ 8.0, 4.0, 9.0 ], 
			"uv": [ 0.0, 0.0 ],
			"rotationOrigin": [ 8.0, 8.0, 7.0 ],
			"rotationY": 67.5,
			"faces": {
				"north": { "texture": "#andesite1", "uv": [ 0.0, 3.0, 2.0, 5.0 ] },
				"east": { "texture": "#andesite1", "uv": [ 2.0, 3.0, 5.0, 5.0 ] },
				"south": { "texture": "#andesite1", "uv": [ 5.0, 3.0, 7.0, 5.0 ] },
				"west": { "texture": "#andesite1", "uv": [ 7.0, 3.0, 10.0, 5.0 ] },
				"up": { "texture": "#andesite1", "uv": [ 0.0, 0.0, 2.0, 3.0 ] },
				"down": { "texture": "#andesite1", "uv": [ 2.0, 0.0, 4.0, 3.0 ] }
			}
		},
		{
			"name": "Cube4",
			"from": [ 7.0, 4.0, 7.0 ], 
			"to": [ 9.0, 5.0, 9.0 ], 
			"unwrapMode": 7,
			"uv": [ 5.5, 4.5 ],
			"rotationOrigin": [ 8.0, 8.0, 7.0 ],
			"rotationY": 22.5,
			"faces": {
				"north": { "texture": "#andesite1", "uv": [ 9.5, 6.5, 11.5, 7.5 ] },
				"east": { "texture": "#andesite1", "uv": [ 7.5, 8.5, 8.5, 10.5 ], "rotation": 270 },
				"south": { "texture": "#andesite1", "uv": [ 5.5, 6.5, 7.5, 7.5 ], "rotation": 180 },
				"west": { "texture": "#andesite1", "uv": [ 7.5, 4.5, 8.5, 6.5 ], "rotation": 90 },
				"up": { "texture": "#andesite1", "uv": [ 7.5, 6.5, 9.5, 8.5 ], "rotation": 180 },
				"down": { "texture": "#andesite1", "uv": [ 11.5, 6.5, 13.5, 8.5 ] }
			}
		},
		{
			"name": "Cube5",
			"from": [ 8.0, 5.0, 7.0 ], 
			"to": [ 10.0, 6.0, 8.0 ], 
			"uv": [ 5.0, 4.0 ],
			"rotationOrigin": [ 8.0, 8.0, 7.0 ],
			"rotationY": -22.5,
			"faces": {
				"north": { "texture": "#andesite1", "uv": [ 5.0, 5.0, 7.0, 6.0 ] },
				"east": { "texture": "#andesite1", "uv": [ 7.0, 5.0, 8.0, 6.0 ] },
				"south": { "texture": "#andesite1", "uv": [ 8.0, 5.0, 10.0, 6.0 ] },
				"west": { "texture": "#andesite1", "uv": [ 10.0, 5.0, 11.0, 6.0 ] },
				"up": { "texture": "#andesite1", "uv": [ 5.0, 4.0, 7.0, 5.0 ], "rotation": 180 },
				"down": { "texture": "#andesite1", "uv": [ 7.0, 4.0, 9.0, 5.0 ] }
			}
		}
	]}