{
	"editor": {
		"collapsedPaths": "Root/layer 1,Root/layer 3,Root/layer 2,Root/layer 5,Root/layer 4,Root/layer 6",
		"allAngles": false,
		"entityTextureMode": false
	},
	"textureWidth": 16,
	"textureHeight": 16,
	"textureSizes": {
	},
	"textures": {
	},
	"elements": [
		{
			"name": "Centerpoint",
			"from": [ 7.77, 0.0, 8.77 ],
			"to": [ 8.92, 1.15, 9.92 ],
			"rotationOrigin": [ 3.75, 0.0, 0.15 ],
			"faces": {
				"north": { "texture": "#null", "uv": [ 0.0, 0.0, 1.0, 1.0 ], "autoUv": false },
				"east": { "texture": "#null", "uv": [ 0.0, 0.0, 1.0, 1.0 ], "autoUv": false },
				"south": { "texture": "#null", "uv": [ 0.0, 0.0, 1.0, 1.0 ], "autoUv": false },
				"west": { "texture": "#null", "uv": [ 0.0, 0.0, 1.0, 1.0 ], "autoUv": false },
				"up": { "texture": "#null", "uv": [ 0.0, 0.0, 1.0, 1.0 ], "autoUv": false },
				"down": { "texture": "#null", "uv": [ 0.0, 0.0, 1.0, 1.0 ], "autoUv": false }
			},
			"children": [
				{
					"name": "layer 1",
					"from": [ 0.575, 0.0, -4.025 ],
					"to": [ 6.325, 6.9, 4.025 ],
					"rotationOrigin": [ -0.575, -8.05, -4.025 ],
					"rotationY": 45.0,
					"faces": {
						"north": { "texture": "#null", "uv": [ 0.0, 0.0, 5.0, 6.0 ], "autoUv": false },
						"east": { "texture": "#null", "uv": [ 0.0, 0.0, 7.0, 6.0 ], "autoUv": false },
						"south": { "texture": "#null", "uv": [ 0.0, 0.0, 5.0, 6.0 ], "autoUv": false },
						"west": { "texture": "#null", "uv": [ 0.0, 0.0, 7.0, 6.0 ], "autoUv": false },
						"up": { "texture": "#null", "uv": [ 0.0, 0.0, 5.0, 7.0 ], "autoUv": false },
						"down": { "texture": "#null", "uv": [ 0.0, 0.0, 5.0, 7.0 ], "autoUv": false }
					},
					"children": [
						{
							"name": "Cube3",
							"from": [ 3.2527, 0.0, -6.5054 ],
							"to": [ 9.0027, 5.75, 0.3946 ],
							"rotationOrigin": [ 2.1027, -8.05, -6.5054 ],
							"rotationX": -180.0,
							"rotationY": -67.5,
							"rotationZ": -180.0,
							"faces": {
								"north": { "texture": "#null", "uv": [ 0.0, 0.0, 5.0, 5.0 ], "autoUv": false },
								"east": { "texture": "#null", "uv": [ 0.0, 0.0, 6.0, 5.0 ], "autoUv": false },
								"south": { "texture": "#null", "uv": [ 0.0, 0.0, 5.0, 5.0 ], "autoUv": false },
								"west": { "texture": "#null", "uv": [ 0.0, 0.0, 6.0, 5.0 ], "autoUv": false },
								"up": { "texture": "#null", "uv": [ 0.0, 0.0, 5.0, 6.0 ], "autoUv": false },
								"down": { "texture": "#null", "uv": [ 0.0, 0.0, 5.0, 6.0 ], "autoUv": false }
							}
						},
						{
							"name": "Cube4",
							"from": [ -6.5054, 0.0, 8.1317 ],
							"to": [ -0.7554, 5.75, 17.3317 ],
							"rotationOrigin": [ -7.6554, -8.05, 8.1317 ],
							"rotationX": -180.0,
							"rotationY": 22.5,
							"rotationZ": -180.0,
							"faces": {
								"north": { "texture": "#null", "uv": [ 0.0, 0.0, 5.0, 5.0 ], "autoUv": false },
								"east": { "texture": "#null", "uv": [ 0.0, 0.0, 8.0, 5.0 ], "autoUv": false },
								"south": { "texture": "#null", "uv": [ 0.0, 0.0, 5.0, 5.0 ], "autoUv": false },
								"west": { "texture": "#null", "uv": [ 0.0, 0.0, 8.0, 5.0 ], "autoUv": false },
								"up": { "texture": "#null", "uv": [ 0.0, 0.0, 5.0, 8.0 ], "autoUv": false },
								"down": { "texture": "#null", "uv": [ 0.0, 0.0, 5.0, 8.0 ], "autoUv": false }
							}
						},
						{
							"name": "Cube5",
							"from": [ -8.9449, 0.0, 12.1976 ],
							"to": [ -3.1949, 5.75, 21.3976 ],
							"rotationOrigin": [ -10.0949, -8.05, 12.1976 ],
							"rotationY": 67.5,
							"faces": {
								"north": { "texture": "#null", "uv": [ 0.0, 0.0, 5.0, 5.0 ], "autoUv": false },
								"east": { "texture": "#null", "uv": [ 0.0, 0.0, 8.0, 5.0 ], "autoUv": false },
								"south": { "texture": "#null", "uv": [ 0.0, 0.0, 5.0, 5.0 ], "autoUv": false },
								"west": { "texture": "#null", "uv": [ 0.0, 0.0, 8.0, 5.0 ], "autoUv": false },
								"up": { "texture": "#null", "uv": [ 0.0, 0.0, 5.0, 8.0 ], "autoUv": false },
								"down": { "texture": "#null", "uv": [ 0.0, 0.0, 5.0, 8.0 ], "autoUv": false }
							}
						},
						{
							"name": "Cube6",
							"from": [ -6.7027, 0.0, 6.5054 ],
							"to": [ -2.1027, 6.9, 12.2554 ],
							"rotationOrigin": [ -4.4027, -8.05, 6.5054 ],
							"rotationX": -180.0,
							"rotationY": 22.5,
							"rotationZ": -180.0,
							"faces": {
								"north": { "texture": "#null", "uv": [ 0.0, 0.0, 4.0, 6.0 ], "autoUv": false },
								"east": { "texture": "#null", "uv": [ 0.0, 0.0, 5.0, 6.0 ], "autoUv": false },
								"south": { "texture": "#null", "uv": [ 0.0, 0.0, 4.0, 6.0 ], "autoUv": false },
								"west": { "texture": "#null", "uv": [ 0.0, 0.0, 5.0, 6.0 ], "autoUv": false },
								"up": { "texture": "#null", "uv": [ 0.0, 0.0, 4.0, 5.0 ], "autoUv": false },
								"down": { "texture": "#null", "uv": [ 0.0, 0.0, 4.0, 5.0 ], "autoUv": false }
							}
						}
					]
				},
				{
					"name": "layer 2",
					"from": [ -2.875, 6.9, -4.025 ],
					"to": [ 2.875, 11.5, 4.025 ],
					"rotationOrigin": [ -4.025, -1.15, -4.025 ],
					"rotationY": 67.5,
					"faces": {
						"north": { "texture": "#null", "uv": [ 0.0, 0.0, 5.0, 4.0 ], "autoUv": false },
						"east": { "texture": "#null", "uv": [ 0.0, 0.0, 7.0, 4.0 ], "autoUv": false },
						"south": { "texture": "#null", "uv": [ 0.0, 0.0, 5.0, 4.0 ], "autoUv": false },
						"west": { "texture": "#null", "uv": [ 0.0, 0.0, 7.0, 4.0 ], "autoUv": false },
						"up": { "texture": "#null", "uv": [ 0.0, 0.0, 5.0, 7.0 ], "autoUv": false },
						"down": { "texture": "#null", "uv": [ 0.0, 0.0, 5.0, 7.0 ], "autoUv": false }
					},
					"children": [
						{
							"name": "Cube8",
							"from": [ 3.552, -1.15, -6.4503 ],
							"to": [ 8.152, 3.45, 2.7497 ],
							"rotationOrigin": [ 2.402, -9.2, -6.4503 ],
							"rotationX": -180.0,
							"rotationY": -90.0,
							"rotationZ": -180.0,
							"faces": {
								"north": { "texture": "#null", "uv": [ 0.0, 0.0, 4.0, 4.0 ], "autoUv": false },
								"east": { "texture": "#null", "uv": [ 0.0, 0.0, 8.0, 4.0 ], "autoUv": false },
								"south": { "texture": "#null", "uv": [ 0.0, 0.0, 4.0, 4.0 ], "autoUv": false },
								"west": { "texture": "#null", "uv": [ 0.0, 0.0, 8.0, 4.0 ], "autoUv": false },
								"up": { "texture": "#null", "uv": [ 0.0, 0.0, 4.0, 8.0 ], "autoUv": false },
								"down": { "texture": "#null", "uv": [ 0.0, 0.0, 4.0, 8.0 ], "autoUv": false }
							}
						},
						{
							"name": "Cube9",
							"from": [ -11.3225, -1.15, -0.2891 ],
							"to": [ -6.7225, 3.45, 5.4609 ],
							"rotationOrigin": [ -12.4725, -9.2, -0.2891 ],
							"faces": {
								"north": { "texture": "#null", "uv": [ 0.0, 0.0, 4.0, 4.0 ], "autoUv": false },
								"east": { "texture": "#null", "uv": [ 0.0, 0.0, 5.0, 4.0 ], "autoUv": false },
								"south": { "texture": "#null", "uv": [ 0.0, 0.0, 4.0, 4.0 ], "autoUv": false },
								"west": { "texture": "#null", "uv": [ 0.0, 0.0, 5.0, 4.0 ], "autoUv": false },
								"up": { "texture": "#null", "uv": [ 0.0, 0.0, 4.0, 5.0 ], "autoUv": false },
								"down": { "texture": "#null", "uv": [ 0.0, 0.0, 4.0, 5.0 ], "autoUv": false }
							}
						},
						{
							"name": "Cube10",
							"from": [ -6.3748, -1.15, 2.6405 ],
							"to": [ -1.7748, 3.45, 8.3905 ],
							"rotationOrigin": [ -7.5248, -9.2, 2.6405 ],
							"rotationY": 22.5,
							"faces": {
								"north": { "texture": "#null", "uv": [ 0.0, 0.0, 4.0, 4.0 ], "autoUv": false },
								"east": { "texture": "#null", "uv": [ 0.0, 0.0, 5.0, 4.0 ], "autoUv": false },
								"south": { "texture": "#null", "uv": [ 0.0, 0.0, 4.0, 4.0 ], "autoUv": false },
								"west": { "texture": "#null", "uv": [ 0.0, 0.0, 5.0, 4.0 ], "autoUv": false },
								"up": { "texture": "#null", "uv": [ 0.0, 0.0, 4.0, 5.0 ], "autoUv": false },
								"down": { "texture": "#null", "uv": [ 0.0, 0.0, 4.0, 5.0 ], "autoUv": false }
							}
						},
						{
							"name": "Cube11",
							"from": [ -4.979, 0.0, 12.0204 ],
							"to": [ 3.071, 4.6, 15.4704 ],
							"rotationOrigin": [ -6.129, -8.05, 12.0204 ],
							"rotationY": 22.5,
							"faces": {
								"north": { "texture": "#null", "uv": [ 0.0, 0.0, 7.0, 4.0 ], "autoUv": false },
								"east": { "texture": "#null", "uv": [ 0.0, 0.0, 3.0, 4.0 ], "autoUv": false },
								"south": { "texture": "#null", "uv": [ 0.0, 0.0, 7.0, 4.0 ], "autoUv": false },
								"west": { "texture": "#null", "uv": [ 0.0, 0.0, 3.0, 4.0 ], "autoUv": false },
								"up": { "texture": "#null", "uv": [ 0.0, 0.0, 7.0, 3.0 ], "autoUv": false },
								"down": { "texture": "#null", "uv": [ 0.0, 0.0, 7.0, 3.0 ], "autoUv": false }
							}
						},
						{
							"name": "Cube12",
							"from": [ -5.0545, -1.15, 5.8279 ],
							"to": [ 2.9955, 0.0, 9.2779 ],
							"rotationOrigin": [ -6.2045, -9.2, 5.8279 ],
							"rotationY": -67.5,
							"faces": {
								"north": { "texture": "#null", "uv": [ 0.0, 0.0, 7.0, 1.0 ], "autoUv": false },
								"east": { "texture": "#null", "uv": [ 0.0, 0.0, 3.0, 1.0 ], "autoUv": false },
								"south": { "texture": "#null", "uv": [ 0.0, 0.0, 7.0, 1.0 ], "autoUv": false },
								"west": { "texture": "#null", "uv": [ 0.0, 0.0, 3.0, 1.0 ], "autoUv": false },
								"up": { "texture": "#null", "uv": [ 0.0, 0.0, 7.0, 3.0 ], "autoUv": false },
								"down": { "texture": "#null", "uv": [ 0.0, 0.0, 7.0, 3.0 ], "autoUv": false }
							}
						},
						{
							"name": "Cube13",
							"from": [ -1.6093, 0.0, 8.1351 ],
							"to": [ 2.9907, 5.75, 12.7351 ],
							"rotationOrigin": [ -2.7593, -8.05, 8.1351 ],
							"rotationX": -180.0,
							"rotationY": -45.0,
							"rotationZ": -180.0,
							"faces": {
								"north": { "texture": "#null", "uv": [ 0.0, 0.0, 4.0, 5.0 ], "autoUv": false },
								"east": { "texture": "#null", "uv": [ 0.0, 0.0, 4.0, 5.0 ], "autoUv": false },
								"south": { "texture": "#null", "uv": [ 0.0, 0.0, 4.0, 5.0 ], "autoUv": false },
								"west": { "texture": "#null", "uv": [ 0.0, 0.0, 4.0, 5.0 ], "autoUv": false },
								"up": { "texture": "#null", "uv": [ 0.0, 0.0, 4.0, 4.0 ], "autoUv": false },
								"down": { "texture": "#null", "uv": [ 0.0, 0.0, 4.0, 4.0 ], "autoUv": false }
							}
						}
					]
				},
				{
					"name": "layer 3",
					"from": [ 7.475, 11.5, 0.575 ],
					"to": [ 15.525, 16.1, 5.175 ],
					"rotationOrigin": [ 6.325, 3.45, 1.725 ],
					"rotationX": -180.0,
					"rotationY": 67.5,
					"rotationZ": -180.0,
					"faces": {
						"north": { "texture": "#null", "uv": [ 0.0, 0.0, 7.0, 4.0 ], "autoUv": false },
						"east": { "texture": "#null", "uv": [ 0.0, 0.0, 4.0, 4.0 ], "autoUv": false },
						"south": { "texture": "#null", "uv": [ 0.0, 0.0, 7.0, 4.0 ], "autoUv": false },
						"west": { "texture": "#null", "uv": [ 0.0, 0.0, 4.0, 4.0 ], "autoUv": false },
						"up": { "texture": "#null", "uv": [ 0.0, 0.0, 7.0, 4.0 ], "autoUv": false },
						"down": { "texture": "#null", "uv": [ 0.0, 0.0, 7.0, 4.0 ], "autoUv": false }
					},
					"children": [
						{
							"name": "Cube15",
							"from": [ -3.6275, 1.15, -1.4078 ],
							"to": [ 4.4225, 5.75, 4.3422 ],
							"rotationOrigin": [ -4.7775, -6.9, 0.8922 ],
							"rotationY": 67.5,
							"faces": {
								"north": { "texture": "#null", "uv": [ 0.0, 0.0, 7.0, 4.0 ], "autoUv": false },
								"east": { "texture": "#null", "uv": [ 0.0, 0.0, 5.0, 4.0 ], "autoUv": false },
								"south": { "texture": "#null", "uv": [ 0.0, 0.0, 7.0, 4.0 ], "autoUv": false },
								"west": { "texture": "#null", "uv": [ 0.0, 0.0, 5.0, 4.0 ], "autoUv": false },
								"up": { "texture": "#null", "uv": [ 0.0, 0.0, 7.0, 5.0 ], "autoUv": false },
								"down": { "texture": "#null", "uv": [ 0.0, 0.0, 7.0, 5.0 ], "autoUv": false }
							}
						},
						{
							"name": "Cube16",
							"from": [ 2.8421, 0.0, 13.4378 ],
							"to": [ 8.5921, 1.15, 15.7378 ],
							"rotationOrigin": [ 2.842, -8.05, 6.5378 ],
							"rotationX": -180.0,
							"rotationY": -22.5,
							"rotationZ": -180.0,
							"faces": {
								"north": { "texture": "#null", "uv": [ 0.0, 0.0, 5.0, 1.0 ], "autoUv": false },
								"east": { "texture": "#null", "uv": [ 0.0, 0.0, 2.0, 1.0 ], "autoUv": false },
								"south": { "texture": "#null", "uv": [ 0.0, 0.0, 5.0, 1.0 ], "autoUv": false },
								"west": { "texture": "#null", "uv": [ 0.0, 0.0, 2.0, 1.0 ], "autoUv": false },
								"up": { "texture": "#null", "uv": [ 0.0, 0.0, 5.0, 2.0 ], "autoUv": false },
								"down": { "texture": "#null", "uv": [ 0.0, 0.0, 5.0, 2.0 ], "autoUv": false }
							}
						},
						{
							"name": "Cube17",
							"from": [ 7.4324, -1.15, 13.4234 ],
							"to": [ 15.4824, 2.3, 18.0234 ],
							"rotationOrigin": [ 9.7324, -9.2, 1.9234 ],
							"rotationX": -180.0,
							"rotationY": -22.5,
							"rotationZ": -180.0,
							"faces": {
								"north": { "texture": "#null", "uv": [ 0.0, 0.0, 7.0, 3.0 ], "autoUv": false },
								"east": { "texture": "#null", "uv": [ 0.0, 0.0, 4.0, 3.0 ], "autoUv": false },
								"south": { "texture": "#null", "uv": [ 0.0, 0.0, 7.0, 3.0 ], "autoUv": false },
								"west": { "texture": "#null", "uv": [ 0.0, 0.0, 4.0, 3.0 ], "autoUv": false },
								"up": { "texture": "#null", "uv": [ 0.0, 0.0, 7.0, 4.0 ], "autoUv": false },
								"down": { "texture": "#null", "uv": [ 0.0, 0.0, 7.0, 4.0 ], "autoUv": false }
							}
						},
						{
							"name": "Cube18",
							"from": [ -4.9838, -1.15, -1.6776 ],
							"to": [ -0.3838, 2.3, 2.9224 ],
							"rotationOrigin": [ -2.6838, -9.2, -13.1776 ],
							"rotationY": 67.5,
							"faces": {
								"north": { "texture": "#null", "uv": [ 0.0, 0.0, 4.0, 3.0 ], "autoUv": false },
								"east": { "texture": "#null", "uv": [ 0.0, 0.0, 4.0, 3.0 ], "autoUv": false },
								"south": { "texture": "#null", "uv": [ 0.0, 0.0, 4.0, 3.0 ], "autoUv": false },
								"west": { "texture": "#null", "uv": [ 0.0, 0.0, 4.0, 3.0 ], "autoUv": false },
								"up": { "texture": "#null", "uv": [ 0.0, 0.0, 4.0, 4.0 ], "autoUv": false },
								"down": { "texture": "#null", "uv": [ 0.0, 0.0, 4.0, 4.0 ], "autoUv": false }
							}
						},
						{
							"name": "Cube19",
							"from": [ -13.2116, -1.15, 0.3662 ],
							"to": [ -8.6116, 2.3, 4.9662 ],
							"rotationOrigin": [ -7.4493, -9.2, -7.683 ],
							"rotationX": 180.0,
							"rotationY": 89.9802,
							"rotationZ": -180.0,
							"faces": {
								"north": { "texture": "#null", "uv": [ 0.0, 0.0, 4.0, 3.0 ], "autoUv": false },
								"east": { "texture": "#null", "uv": [ 0.0, 0.0, 4.0, 3.0 ], "autoUv": false },
								"south": { "texture": "#null", "uv": [ 0.0, 0.0, 4.0, 3.0 ], "autoUv": false },
								"west": { "texture": "#null", "uv": [ 0.0, 0.0, 4.0, 3.0 ], "autoUv": false },
								"up": { "texture": "#null", "uv": [ 0.0, 0.0, 4.0, 4.0 ], "autoUv": false },
								"down": { "texture": "#null", "uv": [ 0.0, 0.0, 4.0, 4.0 ], "autoUv": false }
							}
						},
						{
							"name": "Cube21",
							"from": [ -1.4006, 0.0, 19.7227 ],
							"to": [ 4.3494, 2.3, 23.1727 ],
							"rotationOrigin": [ 0.8994, -8.05, 8.2226 ],
							"rotationX": -180.0,
							"rotationY": 45.0,
							"rotationZ": -180.0,
							"faces": {
								"north": { "texture": "#null", "uv": [ 0.0, 0.0, 5.0, 2.0 ], "autoUv": false },
								"east": { "texture": "#null", "uv": [ 0.0, 0.0, 3.0, 2.0 ], "autoUv": false },
								"south": { "texture": "#null", "uv": [ 0.0, 0.0, 5.0, 2.0 ], "autoUv": false },
								"west": { "texture": "#null", "uv": [ 0.0, 0.0, 3.0, 2.0 ], "autoUv": false },
								"up": { "texture": "#null", "uv": [ 0.0, 0.0, 5.0, 3.0 ], "autoUv": false },
								"down": { "texture": "#null", "uv": [ 0.0, 0.0, 5.0, 3.0 ], "autoUv": false }
							}
						},
						{
							"name": "Cube42",
							"from": [ 2.7112, 6.9, -2.2245 ],
							"to": [ 5.0112, 9.2, 3.5255 ],
							"rotationOrigin": [ 5.0112, -1.15, -13.7245 ],
							"faces": {
								"north": { "texture": "#null", "uv": [ 0.0, 0.0, 2.0, 2.0 ], "autoUv": false },
								"east": { "texture": "#null", "uv": [ 0.0, 0.0, 5.0, 2.0 ], "autoUv": false },
								"south": { "texture": "#null", "uv": [ 0.0, 0.0, 2.0, 2.0 ], "autoUv": false },
								"west": { "texture": "#null", "uv": [ 0.0, 0.0, 5.0, 2.0 ], "autoUv": false },
								"up": { "texture": "#null", "uv": [ 0.0, 0.0, 2.0, 5.0 ], "autoUv": false },
								"down": { "texture": "#null", "uv": [ 0.0, 0.0, 2.0, 5.0 ], "autoUv": false }
							}
						}
					]
				},
				{
					"name": "layer 4",
					"from": [ 5.175, 13.8, 14.375 ],
					"to": [ 13.225, 18.4, 18.975 ],
					"rotationOrigin": [ 7.475, 5.75, 2.875 ],
					"rotationX": -180.0,
					"rotationY": -45.0,
					"rotationZ": -180.0,
					"faces": {
						"north": { "texture": "#null", "uv": [ 0.0, 0.0, 7.0, 4.0 ], "autoUv": false },
						"east": { "texture": "#null", "uv": [ 0.0, 0.0, 4.0, 4.0 ], "autoUv": false },
						"south": { "texture": "#null", "uv": [ 0.0, 0.0, 7.0, 4.0 ], "autoUv": false },
						"west": { "texture": "#null", "uv": [ 0.0, 0.0, 4.0, 4.0 ], "autoUv": false },
						"up": { "texture": "#null", "uv": [ 0.0, 0.0, 7.0, 4.0 ], "autoUv": false },
						"down": { "texture": "#null", "uv": [ 0.0, 0.0, 7.0, 4.0 ], "autoUv": false }
					},
					"children": [
						{
							"name": "Cube20",
							"from": [ -1.6263, 0.0, 0.0 ],
							"to": [ 5.2737, 2.3, 4.6 ],
							"rotationOrigin": [ 0.6737, -8.05, -11.5 ],
							"rotationY": 45.0,
							"faces": {
								"north": { "texture": "#null", "uv": [ 0.0, 0.0, 6.0, 2.0 ], "autoUv": false },
								"east": { "texture": "#null", "uv": [ 0.0, 0.0, 4.0, 2.0 ], "autoUv": false },
								"south": { "texture": "#null", "uv": [ 0.0, 0.0, 6.0, 2.0 ], "autoUv": false },
								"west": { "texture": "#null", "uv": [ 0.0, 0.0, 4.0, 2.0 ], "autoUv": false },
								"up": { "texture": "#null", "uv": [ 0.0, 0.0, 6.0, 4.0 ], "autoUv": false },
								"down": { "texture": "#null", "uv": [ 0.0, 0.0, 6.0, 4.0 ], "autoUv": false }
							}
						},
						{
							"name": "Cube25",
							"from": [ 7.1731, 2.3, -5.9437 ],
							"to": [ 15.2231, 3.45, -0.1937 ],
							"rotationOrigin": [ 7.179, -14.95, -8.2473 ],
							"rotationY": -89.9802,
							"faces": {
								"north": { "texture": "#null", "uv": [ 0.0, 0.0, 7.0, 1.0 ], "autoUv": false },
								"east": { "texture": "#null", "uv": [ 0.0, 0.0, 5.0, 1.0 ], "autoUv": false },
								"south": { "texture": "#null", "uv": [ 0.0, 0.0, 7.0, 1.0 ], "autoUv": false },
								"west": { "texture": "#null", "uv": [ 0.0, 0.0, 5.0, 1.0 ], "autoUv": false },
								"up": { "texture": "#null", "uv": [ 0.0, 0.0, 7.0, 5.0 ], "autoUv": false },
								"down": { "texture": "#null", "uv": [ 0.0, 0.0, 7.0, 5.0 ], "autoUv": false }
							}
						},
						{
							"name": "Cube41",
							"from": [ 14.6333, 3.45, 8.1318 ],
							"to": [ 19.2333, 4.6, 13.8818 ],
							"rotationOrigin": [ 16.9371, -4.6, -3.3683 ],
							"rotationY": -89.9802,
							"faces": {
								"north": { "texture": "#null", "uv": [ 0.0, 0.0, 4.0, 1.0 ], "autoUv": false },
								"east": { "texture": "#null", "uv": [ 0.0, 0.0, 5.0, 1.0 ], "autoUv": false },
								"south": { "texture": "#null", "uv": [ 0.0, 0.0, 4.0, 1.0 ], "autoUv": false },
								"west": { "texture": "#null", "uv": [ 0.0, 0.0, 5.0, 1.0 ], "autoUv": false },
								"up": { "texture": "#null", "uv": [ 0.0, 0.0, 4.0, 5.0 ], "autoUv": false },
								"down": { "texture": "#null", "uv": [ 0.0, 0.0, 4.0, 5.0 ], "autoUv": false }
							}
						},
						{
							"name": "Cube45",
							"from": [ 16.2635, 0.0, 8.1317 ],
							"to": [ 20.8635, 6.9, 12.7317 ],
							"rotationOrigin": [ 18.5635, -8.05, -3.3683 ],
							"rotationX": -108.3324,
							"rotationY": -90.0,
							"rotationZ": -108.3324,
							"faces": {
								"north": { "texture": "#null", "uv": [ 0.0, 0.0, 4.0, 6.0 ], "autoUv": false },
								"east": { "texture": "#null", "uv": [ 0.0, 0.0, 4.0, 6.0 ], "autoUv": false },
								"south": { "texture": "#null", "uv": [ 0.0, 0.0, 4.0, 6.0 ], "autoUv": false },
								"west": { "texture": "#null", "uv": [ 0.0, 0.0, 4.0, 6.0 ], "autoUv": false },
								"up": { "texture": "#null", "uv": [ 0.0, 0.0, 4.0, 4.0 ], "autoUv": false },
								"down": { "texture": "#null", "uv": [ 0.0, 0.0, 4.0, 4.0 ], "autoUv": false }
							}
						},
						{
							"name": "Cube23",
							"from": [ -4.879, 3.45, 11.3844 ],
							"to": [ 3.171, 8.05, 15.9844 ],
							"rotationOrigin": [ -2.579, -4.6, -0.1156 ],
							"rotationX": -180.0,
							"rotationY": 67.5,
							"rotationZ": -180.0,
							"faces": {
								"north": { "texture": "#null", "uv": [ 0.0, 0.0, 7.0, 4.0 ], "autoUv": false },
								"east": { "texture": "#null", "uv": [ 0.0, 0.0, 4.0, 4.0 ], "autoUv": false },
								"south": { "texture": "#null", "uv": [ 0.0, 0.0, 7.0, 4.0 ], "autoUv": false },
								"west": { "texture": "#null", "uv": [ 0.0, 0.0, 4.0, 4.0 ], "autoUv": false },
								"up": { "texture": "#null", "uv": [ 0.0, 0.0, 7.0, 4.0 ], "autoUv": false },
								"down": { "texture": "#null", "uv": [ 0.0, 0.0, 7.0, 4.0 ], "autoUv": false }
							}
						},
						{
							"name": "Cube44",
							"from": [ 21.1425, 2.3, 13.0108 ],
							"to": [ 23.4425, 3.45, 16.4608 ],
							"rotationOrigin": [ 23.4425, -5.75, 1.5108 ],
							"rotationX": -180.0,
							"rotationY": -67.5,
							"rotationZ": -180.0,
							"faces": {
								"north": { "texture": "#null", "uv": [ 0.0, 0.0, 2.0, 1.0 ], "autoUv": false },
								"east": { "texture": "#null", "uv": [ 0.0, 0.0, 3.0, 1.0 ], "autoUv": false },
								"south": { "texture": "#null", "uv": [ 0.0, 0.0, 2.0, 1.0 ], "autoUv": false },
								"west": { "texture": "#null", "uv": [ 0.0, 0.0, 3.0, 1.0 ], "autoUv": false },
								"up": { "texture": "#null", "uv": [ 0.0, 0.0, 2.0, 3.0 ], "autoUv": false },
								"down": { "texture": "#null", "uv": [ 0.0, 0.0, 2.0, 3.0 ], "autoUv": false }
							}
						},
						{
							"name": "Cube43",
							"from": [ 21.9557, 2.3, 5.6922 ],
							"to": [ 24.2557, 4.6, 11.4422 ],
							"rotationOrigin": [ 24.2557, -5.75, -5.8078 ],
							"rotationY": -67.5,
							"faces": {
								"north": { "texture": "#null", "uv": [ 0.0, 0.0, 2.0, 2.0 ], "autoUv": false },
								"east": { "texture": "#null", "uv": [ 0.0, 0.0, 5.0, 2.0 ], "autoUv": false },
								"south": { "texture": "#null", "uv": [ 0.0, 0.0, 2.0, 2.0 ], "autoUv": false },
								"west": { "texture": "#null", "uv": [ 0.0, 0.0, 5.0, 2.0 ], "autoUv": false },
								"up": { "texture": "#null", "uv": [ 0.0, 0.0, 2.0, 5.0 ], "autoUv": false },
								"down": { "texture": "#null", "uv": [ 0.0, 0.0, 2.0, 5.0 ], "autoUv": false }
							}
						}
					]
				},
				{
					"name": "layer 5",
					"from": [ 1.7314, 17.25, 7.4714 ],
					"to": [ 8.6314, 20.7, 12.0714 ],
					"rotationOrigin": [ 1.725, 0.0, 5.175 ],
					"rotationY": 89.9802,
					"faces": {
						"north": { "texture": "#null", "uv": [ 0.0, 0.0, 6.0, 3.0 ], "autoUv": false },
						"east": { "texture": "#null", "uv": [ 0.0, 0.0, 4.0, 3.0 ], "autoUv": false },
						"south": { "texture": "#null", "uv": [ 0.0, 0.0, 6.0, 3.0 ], "autoUv": false },
						"west": { "texture": "#null", "uv": [ 0.0, 0.0, 4.0, 3.0 ], "autoUv": false },
						"up": { "texture": "#null", "uv": [ 0.0, 0.0, 6.0, 4.0 ], "autoUv": false },
						"down": { "texture": "#null", "uv": [ 0.0, 0.0, 6.0, 4.0 ], "autoUv": false }
					},
					"children": [
						{
							"name": "Cube26",
							"from": [ 11.5, 1.15, 14.95 ],
							"to": [ 19.55, 5.75, 19.55 ],
							"rotationOrigin": [ 13.8, -6.9, 3.45 ],
							"rotationX": -180.0,
							"rotationY": -22.5,
							"rotationZ": -180.0,
							"faces": {
								"north": { "texture": "#null", "uv": [ 0.0, 0.0, 7.0, 4.0 ], "autoUv": false },
								"east": { "texture": "#null", "uv": [ 0.0, 0.0, 4.0, 4.0 ], "autoUv": false },
								"south": { "texture": "#null", "uv": [ 0.0, 0.0, 7.0, 4.0 ], "autoUv": false },
								"west": { "texture": "#null", "uv": [ 0.0, 0.0, 4.0, 4.0 ], "autoUv": false },
								"up": { "texture": "#null", "uv": [ 0.0, 0.0, 7.0, 4.0 ], "autoUv": false },
								"down": { "texture": "#null", "uv": [ 0.0, 0.0, 7.0, 4.0 ], "autoUv": false }
							}
						},
						{
							"name": "Cube27",
							"from": [ 8.05, 1.15, 21.85 ],
							"to": [ 12.65, 5.75, 27.6 ],
							"rotationOrigin": [ 10.35, -6.9, 10.35 ],
							"rotationX": -180.0,
							"rotationY": 0.0,
							"rotationZ": -180.0,
							"faces": {
								"north": { "texture": "#null", "uv": [ 0.0, 0.0, 4.0, 4.0 ], "autoUv": false },
								"east": { "texture": "#null", "uv": [ 0.0, 0.0, 5.0, 4.0 ], "autoUv": false },
								"south": { "texture": "#null", "uv": [ 0.0, 0.0, 4.0, 4.0 ], "autoUv": false },
								"west": { "texture": "#null", "uv": [ 0.0, 0.0, 5.0, 4.0 ], "autoUv": false },
								"up": { "texture": "#null", "uv": [ 0.0, 0.0, 4.0, 5.0 ], "autoUv": false },
								"down": { "texture": "#null", "uv": [ 0.0, 0.0, 4.0, 5.0 ], "autoUv": false }
							}
						},
						{
							"name": "Cube28",
							"from": [ 9.2, 3.45, 25.3 ],
							"to": [ 14.95, 8.05, 31.05 ],
							"rotationOrigin": [ 11.5, -4.6, 13.8 ],
							"rotationX": -180.0,
							"rotationY": -22.5,
							"rotationZ": -180.0,
							"faces": {
								"north": { "texture": "#null", "uv": [ 0.0, 0.0, 5.0, 4.0 ], "autoUv": false },
								"east": { "texture": "#null", "uv": [ 0.0, 0.0, 5.0, 4.0 ], "autoUv": false },
								"south": { "texture": "#null", "uv": [ 0.0, 0.0, 5.0, 4.0 ], "autoUv": false },
								"west": { "texture": "#null", "uv": [ 0.0, 0.0, 5.0, 4.0 ], "autoUv": false },
								"up": { "texture": "#null", "uv": [ 0.0, 0.0, 5.0, 5.0 ], "autoUv": false },
								"down": { "texture": "#null", "uv": [ 0.0, 0.0, 5.0, 5.0 ], "autoUv": false }
							}
						},
						{
							"name": "Cube29",
							"from": [ -2.3, 4.6, 21.85 ],
							"to": [ 1.15, 8.05, 28.75 ],
							"rotationOrigin": [ 0.0, -3.45, 10.35 ],
							"rotationX": -180.0,
							"rotationY": 0.0,
							"rotationZ": -180.0,
							"faces": {
								"north": { "texture": "#null", "uv": [ 0.0, 0.0, 3.0, 3.0 ], "autoUv": false },
								"east": { "texture": "#null", "uv": [ 0.0, 0.0, 6.0, 3.0 ], "autoUv": false },
								"south": { "texture": "#null", "uv": [ 0.0, 0.0, 3.0, 3.0 ], "autoUv": false },
								"west": { "texture": "#null", "uv": [ 0.0, 0.0, 6.0, 3.0 ], "autoUv": false },
								"up": { "texture": "#null", "uv": [ 0.0, 0.0, 3.0, 6.0 ], "autoUv": false },
								"down": { "texture": "#null", "uv": [ 0.0, 0.0, 3.0, 6.0 ], "autoUv": false }
							}
						},
						{
							"name": "Cube40",
							"from": [ -1.15, 5.75, 0.0 ],
							"to": [ 2.3, 9.2, 3.45 ],
							"rotationOrigin": [ 1.15, -2.3, -11.5 ],
							"rotationY": 45.0,
							"faces": {
								"north": { "texture": "#null", "uv": [ 0.0, 0.0, 3.0, 3.0 ], "autoUv": false },
								"east": { "texture": "#null", "uv": [ 0.0, 0.0, 3.0, 3.0 ], "autoUv": false },
								"south": { "texture": "#null", "uv": [ 0.0, 0.0, 3.0, 3.0 ], "autoUv": false },
								"west": { "texture": "#null", "uv": [ 0.0, 0.0, 3.0, 3.0 ], "autoUv": false },
								"up": { "texture": "#null", "uv": [ 0.0, 0.0, 3.0, 3.0 ], "autoUv": false },
								"down": { "texture": "#null", "uv": [ 0.0, 0.0, 3.0, 3.0 ], "autoUv": false }
							}
						}
					]
				},
				{
					"name": "layer 6",
					"from": [ 8.625, 23.0, 2.875 ],
					"to": [ 12.075, 26.45, 9.775 ],
					"rotationOrigin": [ 10.925, 14.95, -8.625 ],
					"rotationY": -67.5,
					"faces": {
						"north": { "texture": "#null", "uv": [ 0.0, 0.0, 3.0, 3.0 ], "autoUv": false },
						"east": { "texture": "#null", "uv": [ 0.0, 0.0, 6.0, 3.0 ], "autoUv": false },
						"south": { "texture": "#null", "uv": [ 0.0, 0.0, 3.0, 3.0 ], "autoUv": false },
						"west": { "texture": "#null", "uv": [ 0.0, 0.0, 6.0, 3.0 ], "autoUv": false },
						"up": { "texture": "#null", "uv": [ 0.0, 0.0, 3.0, 6.0 ], "autoUv": false },
						"down": { "texture": "#null", "uv": [ 0.0, 0.0, 3.0, 6.0 ], "autoUv": false }
					},
					"children": [
						{
							"name": "Cube31",
							"from": [ 9.1221, 0.0, 5.0232 ],
							"to": [ 12.5721, 3.45, 8.4732 ],
							"rotationOrigin": [ 11.4221, -8.05, -6.4768 ],
							"rotationY": -22.5,
							"faces": {
								"north": { "texture": "#null", "uv": [ 0.0, 0.0, 3.0, 3.0 ], "autoUv": false },
								"east": { "texture": "#null", "uv": [ 0.0, 0.0, 3.0, 3.0 ], "autoUv": false },
								"south": { "texture": "#null", "uv": [ 0.0, 0.0, 3.0, 3.0 ], "autoUv": false },
								"west": { "texture": "#null", "uv": [ 0.0, 0.0, 3.0, 3.0 ], "autoUv": false },
								"up": { "texture": "#null", "uv": [ 0.0, 0.0, 3.0, 3.0 ], "autoUv": false },
								"down": { "texture": "#null", "uv": [ 0.0, 0.0, 3.0, 3.0 ], "autoUv": false }
							}
						},
						{
							"name": "Cube32",
							"from": [ 7.8773, 2.3, 2.0181 ],
							"to": [ 11.3273, 5.75, 6.6181 ],
							"rotationOrigin": [ 10.1773, -5.75, -9.4819 ],
							"faces": {
								"north": { "texture": "#null", "uv": [ 0.0, 0.0, 3.0, 3.0 ], "autoUv": false },
								"east": { "texture": "#null", "uv": [ 0.0, 0.0, 4.0, 3.0 ], "autoUv": false },
								"south": { "texture": "#null", "uv": [ 0.0, 0.0, 3.0, 3.0 ], "autoUv": false },
								"west": { "texture": "#null", "uv": [ 0.0, 0.0, 4.0, 3.0 ], "autoUv": false },
								"up": { "texture": "#null", "uv": [ 0.0, 0.0, 3.0, 4.0 ], "autoUv": false },
								"down": { "texture": "#null", "uv": [ 0.0, 0.0, 3.0, 4.0 ], "autoUv": false }
							}
						},
						{
							"name": "Cube33",
							"from": [ -4.6899, 2.3, -0.6979 ],
							"to": [ -1.2399, 5.75, 6.2021 ],
							"rotationOrigin": [ -2.3899, -5.75, -12.1979 ],
							"rotationY": 45.0,
							"faces": {
								"north": { "texture": "#null", "uv": [ 0.0, 0.0, 3.0, 3.0 ], "autoUv": false },
								"east": { "texture": "#null", "uv": [ 0.0, 0.0, 6.0, 3.0 ], "autoUv": false },
								"south": { "texture": "#null", "uv": [ 0.0, 0.0, 3.0, 3.0 ], "autoUv": false },
								"west": { "texture": "#null", "uv": [ 0.0, 0.0, 6.0, 3.0 ], "autoUv": false },
								"up": { "texture": "#null", "uv": [ 0.0, 0.0, 3.0, 6.0 ], "autoUv": false },
								"down": { "texture": "#null", "uv": [ 0.0, 0.0, 3.0, 6.0 ], "autoUv": false }
							}
						},
						{
							"name": "Cube34",
							"from": [ -7.3304, 3.45, 5.6769 ],
							"to": [ -3.8804, 6.9, 11.4269 ],
							"rotationOrigin": [ -5.0304, -4.6, -5.8231 ],
							"rotationY": 45.0,
							"faces": {
								"north": { "texture": "#null", "uv": [ 0.0, 0.0, 3.0, 3.0 ], "autoUv": false },
								"east": { "texture": "#null", "uv": [ 0.0, 0.0, 5.0, 3.0 ], "autoUv": false },
								"south": { "texture": "#null", "uv": [ 0.0, 0.0, 3.0, 3.0 ], "autoUv": false },
								"west": { "texture": "#null", "uv": [ 0.0, 0.0, 5.0, 3.0 ], "autoUv": false },
								"up": { "texture": "#null", "uv": [ 0.0, 0.0, 3.0, 5.0 ], "autoUv": false },
								"down": { "texture": "#null", "uv": [ 0.0, 0.0, 3.0, 5.0 ], "autoUv": false }
							}
						},
						{
							"name": "Cube35",
							"from": [ 0.4401, 5.75, -1.0625 ],
							"to": [ 3.8901, 6.9, 4.6875 ],
							"rotationOrigin": [ 2.7401, -2.3, -12.5625 ],
							"rotationY": 22.5,
							"faces": {
								"north": { "texture": "#null", "uv": [ 0.0, 0.0, 3.0, 1.0 ], "autoUv": false },
								"east": { "texture": "#null", "uv": [ 0.0, 0.0, 5.0, 1.0 ], "autoUv": false },
								"south": { "texture": "#null", "uv": [ 0.0, 0.0, 3.0, 1.0 ], "autoUv": false },
								"west": { "texture": "#null", "uv": [ 0.0, 0.0, 5.0, 1.0 ], "autoUv": false },
								"up": { "texture": "#null", "uv": [ 0.0, 0.0, 3.0, 5.0 ], "autoUv": false },
								"down": { "texture": "#null", "uv": [ 0.0, 0.0, 3.0, 5.0 ], "autoUv": false }
							}
						},
						{
							"name": "Cube38",
							"from": [ -12.0204, 3.45, 4.979 ],
							"to": [ -8.5704, 5.75, 9.579 ],
							"rotationOrigin": [ -9.7204, -4.6, -6.521 ],
							"rotationY": 67.5,
							"faces": {
								"north": { "texture": "#null", "uv": [ 0.0, 0.0, 3.0, 2.0 ], "autoUv": false },
								"east": { "texture": "#null", "uv": [ 0.0, 0.0, 4.0, 2.0 ], "autoUv": false },
								"south": { "texture": "#null", "uv": [ 0.0, 0.0, 3.0, 2.0 ], "autoUv": false },
								"west": { "texture": "#null", "uv": [ 0.0, 0.0, 4.0, 2.0 ], "autoUv": false },
								"up": { "texture": "#null", "uv": [ 0.0, 0.0, 3.0, 4.0 ], "autoUv": false },
								"down": { "texture": "#null", "uv": [ 0.0, 0.0, 3.0, 4.0 ], "autoUv": false }
							}
						},
						{
							"name": "Cube39",
							"from": [ -6.0544, 5.75, 23.632 ],
							"to": [ -3.7544, 6.9, 29.382 ],
							"rotationOrigin": [ -3.7544, -2.3, 12.132 ],
							"rotationX": -180.0,
							"rotationY": 22.5,
							"rotationZ": -180.0,
							"faces": {
								"north": { "texture": "#null", "uv": [ 0.0, 0.0, 2.0, 1.0 ], "autoUv": false },
								"east": { "texture": "#null", "uv": [ 0.0, 0.0, 5.0, 1.0 ], "autoUv": false },
								"south": { "texture": "#null", "uv": [ 0.0, 0.0, 2.0, 1.0 ], "autoUv": false },
								"west": { "texture": "#null", "uv": [ 0.0, 0.0, 5.0, 1.0 ], "autoUv": false },
								"up": { "texture": "#null", "uv": [ 0.0, 0.0, 2.0, 5.0 ], "autoUv": false },
								"down": { "texture": "#null", "uv": [ 0.0, 0.0, 2.0, 5.0 ], "autoUv": false }
							}
						}
					]
				},
				{
					"name": "Cube36",
					"from": [ 7.475, 29.9, 0.575 ],
					"to": [ 12.075, 32.2, 6.325 ],
					"rotationOrigin": [ 9.775, 21.85, -10.925 ],
					"rotationY": -45.0,
					"faces": {
						"north": { "texture": "#null", "uv": [ 0.0, 0.0, 4.0, 2.0 ], "autoUv": false },
						"east": { "texture": "#null", "uv": [ 0.0, 0.0, 5.0, 2.0 ], "autoUv": false },
						"south": { "texture": "#null", "uv": [ 0.0, 0.0, 4.0, 2.0 ], "autoUv": false },
						"west": { "texture": "#null", "uv": [ 0.0, 0.0, 5.0, 2.0 ], "autoUv": false },
						"up": { "texture": "#null", "uv": [ 0.0, 0.0, 4.0, 5.0 ], "autoUv": false },
						"down": { "texture": "#null", "uv": [ 0.0, 0.0, 4.0, 5.0 ], "autoUv": false }
					}
				},
				{
					"name": "Cube37",
					"from": [ -7.475, 32.2, -2.875 ],
					"to": [ -4.025, 35.65, 1.725 ],
					"rotationOrigin": [ -5.175, 24.15, -14.375 ],
					"rotationY": 22.5,
					"faces": {
						"north": { "texture": "#null", "uv": [ 0.0, 0.0, 3.0, 3.0 ], "autoUv": false },
						"east": { "texture": "#null", "uv": [ 0.0, 0.0, 4.0, 3.0 ], "autoUv": false },
						"south": { "texture": "#null", "uv": [ 0.0, 0.0, 3.0, 3.0 ], "autoUv": false },
						"west": { "texture": "#null", "uv": [ 0.0, 0.0, 4.0, 3.0 ], "autoUv": false },
						"up": { "texture": "#null", "uv": [ 0.0, 0.0, 3.0, 4.0 ], "autoUv": false },
						"down": { "texture": "#null", "uv": [ 0.0, 0.0, 3.0, 4.0 ], "autoUv": false }
					}
				}
			]
		}
	]}