[
	{
		"ingredientPattern": "CK,CR",
		"requiresTrait": "cokefurnacemaster",
		"ingredients": {
			"C": {
				"type": "item",
				"code": "game:coke",
				"quantity": 4
			},
			"K": {
				"type": "item",
				"code": "game:powder-charcoal",
				"quantity": 8
			},
			"R": {
				"type": "item",
				"code": "game:resin",
				"quantity": 2
			}
		},
		"width": 2,
		"height": 2,
		"shapeless": true,
		"output": {
			"type": "item",
			"code": "aldiclasses:washerygradecoke",
			"quantity": 16
		}
	}
]