[
	{
		"ingredientPattern": "SW",
		"ingredients": {
			"S": {
				"type": "block",
				"code": "game:pumpkin-fruit-4"
			},
			"W": {
				"type": "item",
				"code": "game:saw-*",
				"isTool": true
			}
		},
		"width": 2,
		"height": 1,
		"recipeGroup": 2,
		"shapeless": true,
		"output": {
			"type": "item",
			"code": "game:seeds-pumpkin",
			"quantity": 4
		}
	},
	{
		"ingredientPattern": "SWB,X__",
		"requiresTrait": "greenfingered",
		"ingredients": {
			"S": {
				"type": "block",
				"code": "game:soil-compost-none",
				"quantity": 1
			},
			"W": {
				"type": "item",
				"code": "game:compost",
				"quantity": 2
			},
			"B": {
				"type": "item",
				"code": "game:bonemeal",
				"quantity": 2
			},
			"X": {
				"type": "item",
				"code": "game:saltpeter",
				"quantity": 2
			}
		},
		"width": 3,
		"height": 2,
		"shapeless": true,
		"output": {
			"type": "block",
			"code": "game:soil-high-none",
			"quantity": 2
		}
	},
	{
		"ingredientPattern": "CBC,BSB,CBC",
		"requiresTrait": "greenfingered",
		"ingredients": {
			"C": {
				"type": "item",
				"code": "game:compost",
				"quantity": 2
			},
			"S": {
				"type": "item",
				"code": "game:powder-charcoal",
				"quantity": 4
			},
			"B": {
				"type": "item",
				"code": "game:bonemeal",
				"quantity": 2
			}
		},
		"recipeGroup": 4,
		"width": 3,
		"height": 3,
		"output": {
			"type": "block",
			"code": "game:soil-high-none",
			"quantity": 1
		}
	},
	{
		"ingredientPattern": "BGB,GCG,SGS",
		"requiresTrait": "greenfingered",
		"ingredients": {
			"C": {
				"type": "item",
				"code": "game:compost",
				"quantity": 2
			},
			"B": {
				"type": "item",
				"code": "game:bonemeal"
			},
			"G": {
				"type": "item",
				"code": "game:drygrass"
			},
			"S": {
				"type": "item",
				"code": "game:saltpeter"
			}
		},
		"width": 3,
		"height": 3,
		"shapeless": true,
		"output": {
			"type": "item",
			"code": "basicbooster",
			"quantity": 4
		}
	},
	{
		"ingredientPattern": "SGP,GCG,BGX",
		"requiresTrait": "greenfingered",
		"ingredients": {
			"C": {
				"type": "item",
				"code": "game:compost",
				"quantity": 2
			},
			"B": {
				"type": "item",
				"code": "game:bonemeal"
			},
			"P": {
				"type": "item",
				"code": "game:ore-phosphorite"
			},
			"G": {
				"type": "item",
				"code": "game:drygrass"
			},
			"X": {
				"type": "item",
				"code": "game:powder-sulfur"
			},
			"S": {
				"type": "item",
				"code": "game:potash"
			}
		},
		"width": 3,
		"height": 3,
		"shapeless": true,
		"output": {
			"type": "item",
			"code": "qualitybooster",
			"quantity": 4
		}
	}
]