[
  {
    "ingredientPattern": "LNL,LLL",
    "requiresTrait": "saddler",
    "ingredients": {
      "L": {
        "type": "item",
        "code": "game:leather-normal-plain",
        "quantity": 2
      },
      "N": {
        "type": "item",
        "code": "game:metalnailsandstrips-*",
        "quantity": 2
      }
    },
    "width": 3,
    "height": 2,
    "recipegroup": 2,
    "name": "saddle",
    "output": {
      "type": "item",
      "code": "game:hoovedwearables-middleback-saddle1"
    },
    "dependsOn": [
      {
        "modid": "tailorsdelight",
        "invert": true
      }
    ]
  },
  {
    "ingredientPattern": "LLL,NLN,LLL",
    "requiresTrait": "saddler",
    "ingredients": {
      "L": {
        "type": "item",
        "code": "game:leather-normal-plain",
        "quantity": 2
      },
      "N": {
        "type": "item",
        "code": "game:metalnailsandstrips-*",
        "quantity": 2
      }
    },
    "width": 3,
    "height": 3,
    "recipegroup": 2,
    "name": "saddlebags-normal",
    "output": {
      "type": "item",
      "code": "game:hoovedwearables-lowerbackside-saddlebags1"
    },
    "dependsOn": [
      {
        "modid": "tailorsdelight",
        "invert": true
      }
    ]
  },
  {
    "ingredientPattern": "LLL,NLN,LLL",
    "requiresTrait": "saddler",
    "ingredients": {
      "L": {
        "type": "item",
        "code": "game:leather-sturdy-plain",
        "quantity": 2
      },
      "N": {
        "type": "item",
        "code": "game:metalnailsandstrips-*",
        "quantity": 2
      }
    },
    "width": 3,
    "height": 3,
    "recipegroup": 2,
    "name": "saddlebags-sturdy",
    "output": {
      "type": "item",
      "code": "game:hoovedwearables-lowerbackside-saddlebags2"
    },
    "dependsOn": [
      {
        "modid": "tailorsdelight",
        "invert": true
      }
    ]
  }
]