[
  {
    "ingredientPattern": "SRW",
    "ingredients": {
      "R": {
        "type": "item",
        "code": "aldiclasses:brush-*",
        "isTool": true,
        "toolDurabilityCost": 1
      },
      "W": {
        "type": "block",
        "code": "game:woodbucket"
      },
      "S": {
        "type": "block",
        "code": "aldiclasses:metalpotdirty-*-cooked",
        "name": "color",
        "allowedVariants": [
          "copper",
          "bismuthbronze",
          "iron",
          "steel",
          "gold",
          "meteoriciron"
        ]
      }
    },
    "width": 3,
    "height": 1,
    "attributes": {
      "liquidContainerProps": {
        "requiresContent": {
          "type": "item",
          "code": "game:dilutedboraxportion"
        },
        "requiresLitres": 1
      }
    },
    "recipegroup": 2,
    "shapeless": false,
    "output": {
      "type": "block",
      "code": "aldiclasses:metalpot-{color}-fired"
    }
  }
]