[
  {
    "ingredientPattern": "PS",
    "requiresTrait": "threadweaver",
    "shapeless": true,
    "ingredients": {
      "P": {
        "type": "item",
        "code": "game:pulp-linen",
        "quantity": 2
      },
      "S": {
        "type": "block",
        "code": "game:sieve-*",
        "quantity": 1,
        "isTool": true,
        "toolDurabilityCost": 1
      }
    },
    "width": 2,
    "height": 1,
    "recipeGroup": 2,
    "output": {
      "type": "item",
      "code": "game:paper-parchment"
    }
  }
]