[
	{
		"ingredientPattern": "CC",
		"requiresTrait": "handwright",
		"ingredients": {
			"C": {
				"type": "item",
				"code": "game:clay-blue",
				"quantity": 1
			}
		},
		"width": 2,
		"height": 1,
		"recipeGroup": 2,
		"shapeless": false,
		"output": {
			"type": "item",
			"code": "game:rawbrick-blue",
			"quantity": 1
		}
	},
	{
		"ingredientPattern": "CC",
		"requiresTrait": "handwright",
		"ingredients": {
			"C": {
				"type": "item",
				"code": "game:clay-fire",
				"quantity": 1
			}
		},
		"width": 2,
		"height": 1,
		"recipeGroup": 2,
		"shapeless": false,
		"output": {
			"type": "item",
			"code": "game:rawbrick-fire",
			"quantity": 1
		}
	},
	{
		"ingredientPattern": "CC",
		"requiresTrait": "handwright",
		"ingredients": {
			"C": {
				"type": "item",
				"code": "game:clay-red",
				"quantity": 1
			}
		},
		"width": 2,
		"height": 1,
		"recipeGroup": 2,
		"shapeless": false,
		"output": {
			"type": "item",
			"code": "game:rawbrick-red",
			"quantity": 1
		}
	},
	{
		"ingredientPattern": "SSS,SLS,SSS",
		"requiresTrait": "handwright",
		"ingredients": {
			"L": {
				"type": "item",
				"code": "game:quicklime",
				"quantity": 2
			},
			"S": {
				"type": "block",
				"code": "game:sand-*"
			}
		},
		"width": 3,
		"height": 3,
		"recipeGroup": 2,
		"shapeless": false,
		"output": {
			"type": "block",
			"code": "game:plaster-plain",
			"quantity": 16
		}
	},
	{
		"ingredientPattern": "WLS",
		"requiresTrait": "handwright",
		"ingredients": {
			"W": {
				"type": "block",
				"code": "game:woodbucket"
			},
			"L": {
				"type": "item",
				"code": "game:quicklime",
				"quantity": 2
			},
			"S": {
				"type": "block",
				"code": "game:sand-*"
			}
		},
		"width": 3,
		"height": 1,
		"shapeless": true,
		"attributes": {
			"liquidContainerProps": {
				"requiresContent": {
					"type": "item",
					"code": "game:waterportion"
				},
				"requiresLitres": 1
			}
		},
		"output": {
			"type": "item",
			"code": "game:mortar",
			"quantity": 24
		}
	},
	{
		"ingredientPattern": "_Q,BF",
		"requiresTrait": "handwright",
		"ingredients": {
			"F": {
				"type": "item",
				"code": "game:clay-fire",
				"quantity": 4
			},
			"Q": {
				"type": "item",
				"code": "game:crushed-quartz"
			},
			"B": {
				"type": "item",
				"code": "game:crushed-bauxite"
			}
		},
		"width": 2,
		"height": 2,
		"recipeGroup": 2,
		"shapeless": false,
		"output": {
			"type": "item",
			"code": "game:refractorybrick-raw-tier1",
			"quantity": 2
		}
	},
	{
		"ingredientPattern": "_Q_,BFP",
		"requiresTrait": "handwright",
		"ingredients": {
			"F": {
				"type": "item",
				"code": "game:clay-fire",
				"quantity": 4
			},
			"Q": {
				"type": "item",
				"code": "game:crushed-quartz"
			},
			"B": {
				"type": "item",
				"code": "game:crushed-bauxite"
			},
			"P": {
				"type": "item",
				"code": "game:crushed-olivine"
			}
		},
		"width": 3,
		"height": 2,
		"recipeGroup": 2,
		"shapeless": false,
		"output": {
			"type": "item",
			"code": "game:refractorybrick-raw-tier2",
			"quantity": 2
		}
	},
	{
		"ingredientPattern": "_Q_,BFP,_I_",
		"requiresTrait": "handwright",
		"ingredients": {
			"F": {
				"type": "item",
				"code": "game:clay-fire",
				"quantity": 4
			},
			"Q": {
				"type": "item",
				"code": "game:crushed-quartz"
			},
			"B": {
				"type": "item",
				"code": "game:crushed-bauxite"
			},
			"P": {
				"type": "item",
				"code": "game:crushed-olivine"
			},
			"I": {
				"type": "item",
				"code": "game:crushed-ilmenite"
			}
		},
		"width": 3,
		"height": 3,
		"recipeGroup": 2,
		"shapeless": false,
		"output": {
			"type": "item",
			"code": "game:refractorybrick-raw-tier3",
			"quantity": 2
		}
	},
	{
		"ingredientPattern": "CDC,CCC,CCC",
		"requiresTrait": "handwright",
		"ingredients": {
			"D": {
				"type": "item",
				"code": "game:powder-flint"
			},
			"C": {
				"type": "item",
				"code": "game:clay-red"
			}
		},
		"width": 3,
		"height": 3,
		"recipeGroup": 4,
		"output": {
			"type": "item",
			"code": "game:clay-fire",
			"quantity": 10
		}
	}
]