[
  {
    "ingredientPattern": "CCC,CBC,CCC",
    "requiresTrait": "entropy",
    "ingredients": {
      "C": {
        "type": "item",
        "code": "em:crushed-metal-copper",
        "quantity": 12
      },
      "B": {
        "type": "block",
        "code": "aldiclasses:stewpotready-*-raw",
        "name": "color",
        "allowedvariants": [ "blue", "fire", "red" ]
      }
    },
    "width": 3,
    "height": 3,
    "name": "stewpotmetallic",
    "output": {
      "type": "block",
      "code": "aldiclasses:stewpotmetallic-copper-raw"
    }
  },
  {
    "ingredientPattern": "CCC,CBC,CCC",
    "requiresTrait": "entropy",
    "ingredients": {
      "C": {
        "type": "item",
        "code": "game:crushed-iron",
        "quantity": 12
      },
      "B": {
        "type": "block",
        "code": "aldiclasses:stewpotready-*-raw",
        "name": "color",
        "allowedvariants": [ "blue", "fire", "red" ]
      }
    },
    "width": 3,
    "height": 3,
    "recipegroup": 2,
    "name": "stewpotmetallic",
    "output": {
      "type": "block",
      "code": "aldiclasses:stewpotmetallic-iron-raw"
    }
  },
  {
    "ingredientPattern": "CCC,CBC,CCC",
    "requiresTrait": "entropy",
    "ingredients": {
      "C": {
        "type": "item",
        "code": "em:crushed-metal-gold",
        "quantity": 12
      },
      "B": {
        "type": "block",
        "code": "aldiclasses:stewpotready-*-raw",
        "name": "color",
        "allowedvariants": [ "blue", "fire", "red" ]
      }
    },
    "width": 3,
    "height": 3,
    "name": "stewpotmetallic",
    "output": {
      "type": "block",
      "code": "aldiclasses:stewpotmetallic-gold-raw"
    }
  },
  {
    "ingredientPattern": "CCC,CBC,CCC",
    "requiresTrait": "entropy",
    "ingredients": {
      "C": {
        "type": "item",
        "code": "em:crushed-metal-silver",
        "quantity": 12
      },
      "B": {
        "type": "block",
        "code": "aldiclasses:stewpotready-*-raw",
        "name": "color",
        "allowedvariants": [ "blue", "fire", "red" ]
      }
    },
    "width": 3,
    "height": 3,
    "name": "stewpotmetallic",
    "output": {
      "type": "block",
      "code": "aldiclasses:stewpotmetallic-silver-raw"
    }
  },
  {
    "ingredientPattern": "CTC,CBC,CCC",
    "requiresTrait": "entropy",
    "ingredients": {
      "C": {
        "type": "item",
        "code": "em:crushed-metal-copper",
        "quantity": 12
      },
      "T": {
        "type": "item",
        "code": "em:crushed-metal-tin",
        "quantity": 12
      },
      "B": {
        "type": "block",
        "code": "aldiclasses:stewpotready-*-raw",
        "name": "color",
        "allowedvariants": [ "blue", "fire", "red" ]
      }
    },
    "width": 3,
    "height": 3,
    "name": "stewpotmetallic",
    "output": {
      "type": "block",
      "code": "aldiclasses:stewpotmetallic-tinbronze-raw"
    }
  },
  {
    "ingredientPattern": "CTC,CBC,CSC",
    "requiresTrait": "entropy",
    "ingredients": {
      "C": {
        "type": "item",
        "code": "em:crushed-metal-copper",
        "quantity": 12
      },
      "T": {
        "type": "item",
        "code": "em:crushed-metal-gold",
        "quantity": 12
      },
      "S": {
        "type": "item",
        "code": "em:crushed-metal-silver",
        "quantity": 12
      },
      "B": {
        "type": "block",
        "code": "aldiclasses:stewpotready-*-raw",
        "name": "color",
        "allowedvariants": [ "blue", "fire", "red" ]
      }
    },
    "width": 3,
    "height": 3,
    "name": "stewpotmetallic",
    "output": {
      "type": "block",
      "code": "aldiclasses:stewpotmetallic-blackbronze-raw"
    }
  }
]