{"editor": {"allAngles": false, "entityTextureMode": false}, "textureWidth": 16, "textureHeight": 16, "textureSizes": {"material": [16, 16]}, "textures": {}, "elements": [{"name": "main", "from": [0.0, 0.0, 0.0], "to": [0.0, 0.0, 0.0], "rotationOrigin": [8.0, 0.0, 8.0], "faces": {"north": {"texture": "#null", "uv": [0.0, 0.0, 0.5, 0.5], "enabled": false}, "east": {"texture": "#null", "uv": [0.0, 0.0, 0.5, 0.5], "enabled": false}, "south": {"texture": "#null", "uv": [0.0, 0.0, 0.5, 0.5], "enabled": false}, "west": {"texture": "#null", "uv": [0.0, 0.0, 0.5, 0.5], "enabled": false}, "up": {"texture": "#null", "uv": [0.0, 0.0, 0.5, 0.5], "enabled": false}, "down": {"texture": "#null", "uv": [0.0, 0.0, 0.5, 0.5], "enabled": false}}, "children": [{"name": "middle", "from": [0.0, 0.0, 0.0], "to": [0.0, 0.0, 0.0], "faces": {"north": {"texture": "#null", "uv": [0.0, 0.0, 0.5, 0.5], "enabled": false}, "east": {"texture": "#null", "uv": [0.0, 0.0, 0.5, 0.5], "enabled": false}, "south": {"texture": "#null", "uv": [0.0, 0.0, 0.5, 0.5], "enabled": false}, "west": {"texture": "#null", "uv": [0.0, 0.0, 0.5, 0.5], "enabled": false}, "up": {"texture": "#null", "uv": [0.0, 0.0, 0.5, 0.5], "enabled": false}, "down": {"texture": "#null", "uv": [0.0, 0.0, 0.5, 0.5], "enabled": false}}, "children": [{"name": "0", "from": [0.0, 0.0, 0.0], "to": [0.0, 0.0, 0.0], "faces": {}, "children": [{"name": "0", "from": [16.365, 7.0, 0], "to": [20.138, 9.0, 2], "rotationOrigin": [8.0, 7.0, 7.95], "rotationZ": 45.0, "faces": {"north": {"texture": "#material", "uv": [0.0, 1.0, 3.5, 3.0]}, "east": {"texture": "#material", "uv": [0, 1.0, 2, 3.0], "windMode": [-1, -1, -1, -1], "windData": [0, 1, 1, 0]}, "south": {"texture": "#material", "uv": [12.5, 1.0, 16.0, 3.0]}, "west": {"texture": "#material", "uv": [0, 1.0, 2, 3.0], "windMode": [-1, -1, -1, -1]}, "up": {"texture": "#material", "uv": [0, 0.0, 2, 3.5], "rotation": 90, "windMode": [-1, -1, -1, -1], "windData": [0, 0, 1, 1]}, "down": {"texture": "#material", "uv": [0, 0.0, 2, 3.5], "rotation": 270}}, "children": [{"name": "snow", "from": [0.0, 2.02, 0.0], "to": [3.7730000000000032, 4.0, 2], "rotationOrigin": [8.0, 7.0, 7.95], "faces": {"north": {"uv": [0.0, 2.02, 3.7730000000000032, 4.0], "texture": "#snowcover"}, "east": {"uv": [0.0, 2.02, 2, 4.0], "texture": "#snowcover"}, "south": {"uv": [0.0, 2.02, 3.7730000000000032, 4.0], "texture": "#snowcover"}, "west": {"uv": [0.0, 2.02, 2, 4.0], "texture": "#snowcover"}, "up": {"texture": "#snowcover", "uv": [0, 0.0, 2, 3.5], "rotation": 90, "windMode": [-1, -1, -1, -1], "windData": [0, 0, 1, 1]}, "down": {"texture": "#snowcover", "uv": [0, 0.0, 2, 3.5], "rotation": 270}}}]}, {"name": "1", "from": [16.365, 7.0, 2], "to": [20.138, 9.0, 4], "rotationOrigin": [8.0, 7.0, 7.95], "rotationZ": 45.0, "faces": {"north": {"texture": "#material", "uv": [0.0, 1.0, 3.5, 3.0]}, "east": {"texture": "#material", "uv": [2, 1.0, 4, 3.0], "windMode": [-1, -1, -1, -1], "windData": [0, 1, 1, 0]}, "south": {"texture": "#material", "uv": [12.5, 1.0, 16.0, 3.0]}, "west": {"texture": "#material", "uv": [2, 1.0, 4, 3.0], "windMode": [-1, -1, -1, -1]}, "up": {"texture": "#material", "uv": [2, 0.0, 4, 3.5], "rotation": 90, "windMode": [-1, -1, -1, -1], "windData": [0, 0, 1, 1]}, "down": {"texture": "#material", "uv": [2, 0.0, 4, 3.5], "rotation": 270}}, "children": [{"name": "snow", "from": [0.0, 2.02, 0.0], "to": [3.7730000000000032, 4.0, 2], "rotationOrigin": [8.0, 7.0, 7.95], "faces": {"north": {"uv": [0.0, 2.02, 3.7730000000000032, 4.0], "texture": "#snowcover"}, "east": {"uv": [2.0, 2.02, 4, 4.0], "texture": "#snowcover"}, "south": {"uv": [0.0, 2.02, 3.7730000000000032, 4.0], "texture": "#snowcover"}, "west": {"uv": [2.0, 2.02, 4, 4.0], "texture": "#snowcover"}, "up": {"texture": "#snowcover", "uv": [2, 0.0, 4, 3.5], "rotation": 90, "windMode": [-1, -1, -1, -1], "windData": [0, 0, 1, 1]}, "down": {"texture": "#snowcover", "uv": [2, 0.0, 4, 3.5], "rotation": 270}}}]}, {"name": "2", "from": [16.365, 7.0, 4], "to": [20.138, 9.0, 6], "rotationOrigin": [8.0, 7.0, 7.95], "rotationZ": 45.0, "faces": {"north": {"texture": "#material", "uv": [0.0, 1.0, 3.5, 3.0]}, "east": {"texture": "#material", "uv": [4, 1.0, 6, 3.0], "windMode": [-1, -1, -1, -1], "windData": [0, 1, 1, 0]}, "south": {"texture": "#material", "uv": [12.5, 1.0, 16.0, 3.0]}, "west": {"texture": "#material", "uv": [4, 1.0, 6, 3.0], "windMode": [-1, -1, -1, -1]}, "up": {"texture": "#material", "uv": [4, 0.0, 6, 3.5], "rotation": 90, "windMode": [-1, -1, -1, -1], "windData": [0, 0, 1, 1]}, "down": {"texture": "#material", "uv": [4, 0.0, 6, 3.5], "rotation": 270}}, "children": [{"name": "snow", "from": [0.0, 2.02, 0.0], "to": [3.7730000000000032, 4.0, 2], "rotationOrigin": [8.0, 7.0, 7.95], "faces": {"north": {"uv": [0.0, 2.02, 3.7730000000000032, 4.0], "texture": "#snowcover"}, "east": {"uv": [4.0, 2.02, 6, 4.0], "texture": "#snowcover"}, "south": {"uv": [0.0, 2.02, 3.7730000000000032, 4.0], "texture": "#snowcover"}, "west": {"uv": [4.0, 2.02, 6, 4.0], "texture": "#snowcover"}, "up": {"texture": "#snowcover", "uv": [4, 0.0, 6, 3.5], "rotation": 90, "windMode": [-1, -1, -1, -1], "windData": [0, 0, 1, 1]}, "down": {"texture": "#snowcover", "uv": [4, 0.0, 6, 3.5], "rotation": 270}}}]}, {"name": "3", "from": [16.365, 7.0, 6], "to": [20.138, 9.0, 8], "rotationOrigin": [8.0, 7.0, 7.95], "rotationZ": 45.0, "faces": {"north": {"texture": "#material", "uv": [0.0, 1.0, 3.5, 3.0]}, "east": {"texture": "#material", "uv": [6, 1.0, 8, 3.0], "windMode": [-1, -1, -1, -1], "windData": [0, 1, 1, 0]}, "south": {"texture": "#material", "uv": [12.5, 1.0, 16.0, 3.0]}, "west": {"texture": "#material", "uv": [6, 1.0, 8, 3.0], "windMode": [-1, -1, -1, -1]}, "up": {"texture": "#material", "uv": [6, 0.0, 8, 3.5], "rotation": 90, "windMode": [-1, -1, -1, -1], "windData": [0, 0, 1, 1]}, "down": {"texture": "#material", "uv": [6, 0.0, 8, 3.5], "rotation": 270}}, "children": [{"name": "snow", "from": [0.0, 2.02, 0.0], "to": [3.7730000000000032, 4.0, 2], "rotationOrigin": [8.0, 7.0, 7.95], "faces": {"north": {"uv": [0.0, 2.02, 3.7730000000000032, 4.0], "texture": "#snowcover"}, "east": {"uv": [6.0, 2.02, 8, 4.0], "texture": "#snowcover"}, "south": {"uv": [0.0, 2.02, 3.7730000000000032, 4.0], "texture": "#snowcover"}, "west": {"uv": [6.0, 2.02, 8, 4.0], "texture": "#snowcover"}, "up": {"texture": "#snowcover", "uv": [6, 0.0, 8, 3.5], "rotation": 90, "windMode": [-1, -1, -1, -1], "windData": [0, 0, 1, 1]}, "down": {"texture": "#snowcover", "uv": [6, 0.0, 8, 3.5], "rotation": 270}}}]}, {"name": "4", "from": [16.365, 7.0, 8], "to": [20.138, 9.0, 10], "rotationOrigin": [8.0, 7.0, 7.95], "rotationZ": 45.0, "faces": {"north": {"texture": "#material", "uv": [0.0, 1.0, 3.5, 3.0]}, "east": {"texture": "#material", "uv": [8, 1.0, 10, 3.0], "windMode": [-1, -1, -1, -1], "windData": [0, 1, 1, 0]}, "south": {"texture": "#material", "uv": [12.5, 1.0, 16.0, 3.0]}, "west": {"texture": "#material", "uv": [8, 1.0, 10, 3.0], "windMode": [-1, -1, -1, -1]}, "up": {"texture": "#material", "uv": [8, 0.0, 10, 3.5], "rotation": 90, "windMode": [-1, -1, -1, -1], "windData": [0, 0, 1, 1]}, "down": {"texture": "#material", "uv": [8, 0.0, 10, 3.5], "rotation": 270}}, "children": [{"name": "snow", "from": [0.0, 2.02, 0.0], "to": [3.7730000000000032, 4.0, 2], "rotationOrigin": [8.0, 7.0, 7.95], "faces": {"north": {"uv": [0.0, 2.02, 3.7730000000000032, 4.0], "texture": "#snowcover"}, "east": {"uv": [8.0, 2.02, 10, 4.0], "texture": "#snowcover"}, "south": {"uv": [0.0, 2.02, 3.7730000000000032, 4.0], "texture": "#snowcover"}, "west": {"uv": [8.0, 2.02, 10, 4.0], "texture": "#snowcover"}, "up": {"texture": "#snowcover", "uv": [8, 0.0, 10, 3.5], "rotation": 90, "windMode": [-1, -1, -1, -1], "windData": [0, 0, 1, 1]}, "down": {"texture": "#snowcover", "uv": [8, 0.0, 10, 3.5], "rotation": 270}}}]}, {"name": "5", "from": [16.365, 7.0, 10], "to": [20.138, 9.0, 12], "rotationOrigin": [8.0, 7.0, 7.95], "rotationZ": 45.0, "faces": {"north": {"texture": "#material", "uv": [0.0, 1.0, 3.5, 3.0]}, "east": {"texture": "#material", "uv": [10, 1.0, 12, 3.0], "windMode": [-1, -1, -1, -1], "windData": [0, 1, 1, 0]}, "south": {"texture": "#material", "uv": [12.5, 1.0, 16.0, 3.0]}, "west": {"texture": "#material", "uv": [10, 1.0, 12, 3.0], "windMode": [-1, -1, -1, -1]}, "up": {"texture": "#material", "uv": [10, 0.0, 12, 3.5], "rotation": 90, "windMode": [-1, -1, -1, -1], "windData": [0, 0, 1, 1]}, "down": {"texture": "#material", "uv": [10, 0.0, 12, 3.5], "rotation": 270}}, "children": [{"name": "snow", "from": [0.0, 2.02, 0.0], "to": [3.7730000000000032, 4.0, 2], "rotationOrigin": [8.0, 7.0, 7.95], "faces": {"north": {"uv": [0.0, 2.02, 3.7730000000000032, 4.0], "texture": "#snowcover"}, "east": {"uv": [10.0, 2.02, 12, 4.0], "texture": "#snowcover"}, "south": {"uv": [0.0, 2.02, 3.7730000000000032, 4.0], "texture": "#snowcover"}, "west": {"uv": [10.0, 2.02, 12, 4.0], "texture": "#snowcover"}, "up": {"texture": "#snowcover", "uv": [10, 0.0, 12, 3.5], "rotation": 90, "windMode": [-1, -1, -1, -1], "windData": [0, 0, 1, 1]}, "down": {"texture": "#snowcover", "uv": [10, 0.0, 12, 3.5], "rotation": 270}}}]}, {"name": "6", "from": [16.365, 7.0, 12], "to": [20.138, 9.0, 14], "rotationOrigin": [8.0, 7.0, 7.95], "rotationZ": 45.0, "faces": {"north": {"texture": "#material", "uv": [0.0, 1.0, 3.5, 3.0]}, "east": {"texture": "#material", "uv": [12, 1.0, 14, 3.0], "windMode": [-1, -1, -1, -1], "windData": [0, 1, 1, 0]}, "south": {"texture": "#material", "uv": [12.5, 1.0, 16.0, 3.0]}, "west": {"texture": "#material", "uv": [12, 1.0, 14, 3.0], "windMode": [-1, -1, -1, -1]}, "up": {"texture": "#material", "uv": [12, 0.0, 14, 3.5], "rotation": 90, "windMode": [-1, -1, -1, -1], "windData": [0, 0, 1, 1]}, "down": {"texture": "#material", "uv": [12, 0.0, 14, 3.5], "rotation": 270}}, "children": [{"name": "snow", "from": [0.0, 2.02, 0.0], "to": [3.7730000000000032, 4.0, 2], "rotationOrigin": [8.0, 7.0, 7.95], "faces": {"north": {"uv": [0.0, 2.02, 3.7730000000000032, 4.0], "texture": "#snowcover"}, "east": {"uv": [12.0, 2.02, 14, 4.0], "texture": "#snowcover"}, "south": {"uv": [0.0, 2.02, 3.7730000000000032, 4.0], "texture": "#snowcover"}, "west": {"uv": [12.0, 2.02, 14, 4.0], "texture": "#snowcover"}, "up": {"texture": "#snowcover", "uv": [12, 0.0, 14, 3.5], "rotation": 90, "windMode": [-1, -1, -1, -1], "windData": [0, 0, 1, 1]}, "down": {"texture": "#snowcover", "uv": [12, 0.0, 14, 3.5], "rotation": 270}}}]}, {"name": "7", "from": [16.365, 7.0, 14], "to": [20.138, 9.0, 16], "rotationOrigin": [8.0, 7.0, 7.95], "rotationZ": 45.0, "faces": {"north": {"texture": "#material", "uv": [0.0, 1.0, 3.5, 3.0]}, "east": {"texture": "#material", "uv": [14, 1.0, 16, 3.0], "windMode": [-1, -1, -1, -1], "windData": [0, 1, 1, 0]}, "south": {"texture": "#material", "uv": [12.5, 1.0, 16.0, 3.0]}, "west": {"texture": "#material", "uv": [14, 1.0, 16, 3.0], "windMode": [-1, -1, -1, -1]}, "up": {"texture": "#material", "uv": [14, 0.0, 16, 3.5], "rotation": 90, "windMode": [-1, -1, -1, -1], "windData": [0, 0, 1, 1]}, "down": {"texture": "#material", "uv": [14, 0.0, 16, 3.5], "rotation": 270}}, "children": [{"name": "snow", "from": [0.0, 2.02, 0.0], "to": [3.7730000000000032, 4.0, 2], "rotationOrigin": [8.0, 7.0, 7.95], "faces": {"north": {"uv": [0.0, 2.02, 3.7730000000000032, 4.0], "texture": "#snowcover"}, "east": {"uv": [14.0, 2.02, 16, 4.0], "texture": "#snowcover"}, "south": {"uv": [0.0, 2.02, 3.7730000000000032, 4.0], "texture": "#snowcover"}, "west": {"uv": [14.0, 2.02, 16, 4.0], "texture": "#snowcover"}, "up": {"texture": "#snowcover", "uv": [14, 0.0, 16, 3.5], "rotation": 90, "windMode": [-1, -1, -1, -1], "windData": [0, 0, 1, 1]}, "down": {"texture": "#snowcover", "uv": [14, 0.0, 16, 3.5], "rotation": 270}}}]}]}, {"name": "1", "from": [0.0, 0.0, 0.0], "to": [0.0, 0.0, 0.0], "faces": {}, "children": [{"name": "0", "from": [12.592, 7.0, 0], "to": [16.365, 9.0, 2], "rotationOrigin": [8.0, 7.0, 7.95], "rotationZ": 45.0, "faces": {"north": {"texture": "#material", "uv": [3.5, 1.0, 7.0, 3.0]}, "east": {"texture": "#material", "uv": [0, 1.0, 2, 3.0], "windMode": [-1, -1, -1, -1], "windData": [0, 1, 1, 0]}, "south": {"texture": "#material", "uv": [9.5, 1.0, 13.0, 3.0]}, "west": {"texture": "#material", "uv": [0, 1.0, 2, 3.0], "windMode": [-1, -1, -1, -1]}, "up": {"texture": "#material", "uv": [0, 3.5, 2, 7.0], "rotation": 90, "windMode": [-1, -1, -1, -1], "windData": [0, 0, 1, 1]}, "down": {"texture": "#material", "uv": [0, 3.5, 2, 7.0], "rotation": 270}}, "children": [{"name": "snow", "from": [0.0, 2.02, 0.0], "to": [3.772999999999998, 4.0, 2], "rotationOrigin": [8.0, 7.0, 7.95], "faces": {"north": {"uv": [0.0, 2.02, 3.772999999999998, 4.0], "texture": "#snowcover"}, "east": {"uv": [0.0, 2.02, 2, 4.0], "texture": "#snowcover"}, "south": {"uv": [0.0, 2.02, 3.772999999999998, 4.0], "texture": "#snowcover"}, "west": {"uv": [0.0, 2.02, 2, 4.0], "texture": "#snowcover"}, "up": {"texture": "#snowcover", "uv": [0, 3.5, 2, 7.0], "rotation": 90, "windMode": [-1, -1, -1, -1], "windData": [0, 0, 1, 1]}, "down": {"texture": "#snowcover", "uv": [0, 3.5, 2, 7.0], "rotation": 270}}}]}, {"name": "1", "from": [12.592, 7.0, 2], "to": [16.365, 9.0, 4], "rotationOrigin": [8.0, 7.0, 7.95], "rotationZ": 45.0, "faces": {"north": {"texture": "#material", "uv": [3.5, 1.0, 7.0, 3.0]}, "east": {"texture": "#material", "uv": [2, 1.0, 4, 3.0], "windMode": [-1, -1, -1, -1], "windData": [0, 1, 1, 0]}, "south": {"texture": "#material", "uv": [9.5, 1.0, 13.0, 3.0]}, "west": {"texture": "#material", "uv": [2, 1.0, 4, 3.0], "windMode": [-1, -1, -1, -1]}, "up": {"texture": "#material", "uv": [2, 3.5, 4, 7.0], "rotation": 90, "windMode": [-1, -1, -1, -1], "windData": [0, 0, 1, 1]}, "down": {"texture": "#material", "uv": [2, 3.5, 4, 7.0], "rotation": 270}}, "children": [{"name": "snow", "from": [0.0, 2.02, 0.0], "to": [3.772999999999998, 4.0, 2], "rotationOrigin": [8.0, 7.0, 7.95], "faces": {"north": {"uv": [0.0, 2.02, 3.772999999999998, 4.0], "texture": "#snowcover"}, "east": {"uv": [2.0, 2.02, 4, 4.0], "texture": "#snowcover"}, "south": {"uv": [0.0, 2.02, 3.772999999999998, 4.0], "texture": "#snowcover"}, "west": {"uv": [2.0, 2.02, 4, 4.0], "texture": "#snowcover"}, "up": {"texture": "#snowcover", "uv": [2, 3.5, 4, 7.0], "rotation": 90, "windMode": [-1, -1, -1, -1], "windData": [0, 0, 1, 1]}, "down": {"texture": "#snowcover", "uv": [2, 3.5, 4, 7.0], "rotation": 270}}}]}, {"name": "2", "from": [12.592, 7.0, 4], "to": [16.365, 9.0, 6], "rotationOrigin": [8.0, 7.0, 7.95], "rotationZ": 45.0, "faces": {"north": {"texture": "#material", "uv": [3.5, 1.0, 7.0, 3.0]}, "east": {"texture": "#material", "uv": [4, 1.0, 6, 3.0], "windMode": [-1, -1, -1, -1], "windData": [0, 1, 1, 0]}, "south": {"texture": "#material", "uv": [9.5, 1.0, 13.0, 3.0]}, "west": {"texture": "#material", "uv": [4, 1.0, 6, 3.0], "windMode": [-1, -1, -1, -1]}, "up": {"texture": "#material", "uv": [4, 3.5, 6, 7.0], "rotation": 90, "windMode": [-1, -1, -1, -1], "windData": [0, 0, 1, 1]}, "down": {"texture": "#material", "uv": [4, 3.5, 6, 7.0], "rotation": 270}}, "children": [{"name": "snow", "from": [0.0, 2.02, 0.0], "to": [3.772999999999998, 4.0, 2], "rotationOrigin": [8.0, 7.0, 7.95], "faces": {"north": {"uv": [0.0, 2.02, 3.772999999999998, 4.0], "texture": "#snowcover"}, "east": {"uv": [4.0, 2.02, 6, 4.0], "texture": "#snowcover"}, "south": {"uv": [0.0, 2.02, 3.772999999999998, 4.0], "texture": "#snowcover"}, "west": {"uv": [4.0, 2.02, 6, 4.0], "texture": "#snowcover"}, "up": {"texture": "#snowcover", "uv": [4, 3.5, 6, 7.0], "rotation": 90, "windMode": [-1, -1, -1, -1], "windData": [0, 0, 1, 1]}, "down": {"texture": "#snowcover", "uv": [4, 3.5, 6, 7.0], "rotation": 270}}}]}, {"name": "3", "from": [12.592, 7.0, 6], "to": [16.365, 9.0, 8], "rotationOrigin": [8.0, 7.0, 7.95], "rotationZ": 45.0, "faces": {"north": {"texture": "#material", "uv": [3.5, 1.0, 7.0, 3.0]}, "east": {"texture": "#material", "uv": [6, 1.0, 8, 3.0], "windMode": [-1, -1, -1, -1], "windData": [0, 1, 1, 0]}, "south": {"texture": "#material", "uv": [9.5, 1.0, 13.0, 3.0]}, "west": {"texture": "#material", "uv": [6, 1.0, 8, 3.0], "windMode": [-1, -1, -1, -1]}, "up": {"texture": "#material", "uv": [6, 3.5, 8, 7.0], "rotation": 90, "windMode": [-1, -1, -1, -1], "windData": [0, 0, 1, 1]}, "down": {"texture": "#material", "uv": [6, 3.5, 8, 7.0], "rotation": 270}}, "children": [{"name": "snow", "from": [0.0, 2.02, 0.0], "to": [3.772999999999998, 4.0, 2], "rotationOrigin": [8.0, 7.0, 7.95], "faces": {"north": {"uv": [0.0, 2.02, 3.772999999999998, 4.0], "texture": "#snowcover"}, "east": {"uv": [6.0, 2.02, 8, 4.0], "texture": "#snowcover"}, "south": {"uv": [0.0, 2.02, 3.772999999999998, 4.0], "texture": "#snowcover"}, "west": {"uv": [6.0, 2.02, 8, 4.0], "texture": "#snowcover"}, "up": {"texture": "#snowcover", "uv": [6, 3.5, 8, 7.0], "rotation": 90, "windMode": [-1, -1, -1, -1], "windData": [0, 0, 1, 1]}, "down": {"texture": "#snowcover", "uv": [6, 3.5, 8, 7.0], "rotation": 270}}}]}, {"name": "4", "from": [12.592, 7.0, 8], "to": [16.365, 9.0, 10], "rotationOrigin": [8.0, 7.0, 7.95], "rotationZ": 45.0, "faces": {"north": {"texture": "#material", "uv": [3.5, 1.0, 7.0, 3.0]}, "east": {"texture": "#material", "uv": [8, 1.0, 10, 3.0], "windMode": [-1, -1, -1, -1], "windData": [0, 1, 1, 0]}, "south": {"texture": "#material", "uv": [9.5, 1.0, 13.0, 3.0]}, "west": {"texture": "#material", "uv": [8, 1.0, 10, 3.0], "windMode": [-1, -1, -1, -1]}, "up": {"texture": "#material", "uv": [8, 3.5, 10, 7.0], "rotation": 90, "windMode": [-1, -1, -1, -1], "windData": [0, 0, 1, 1]}, "down": {"texture": "#material", "uv": [8, 3.5, 10, 7.0], "rotation": 270}}, "children": [{"name": "snow", "from": [0.0, 2.02, 0.0], "to": [3.772999999999998, 4.0, 2], "rotationOrigin": [8.0, 7.0, 7.95], "faces": {"north": {"uv": [0.0, 2.02, 3.772999999999998, 4.0], "texture": "#snowcover"}, "east": {"uv": [8.0, 2.02, 10, 4.0], "texture": "#snowcover"}, "south": {"uv": [0.0, 2.02, 3.772999999999998, 4.0], "texture": "#snowcover"}, "west": {"uv": [8.0, 2.02, 10, 4.0], "texture": "#snowcover"}, "up": {"texture": "#snowcover", "uv": [8, 3.5, 10, 7.0], "rotation": 90, "windMode": [-1, -1, -1, -1], "windData": [0, 0, 1, 1]}, "down": {"texture": "#snowcover", "uv": [8, 3.5, 10, 7.0], "rotation": 270}}}]}, {"name": "5", "from": [12.592, 7.0, 10], "to": [16.365, 9.0, 12], "rotationOrigin": [8.0, 7.0, 7.95], "rotationZ": 45.0, "faces": {"north": {"texture": "#material", "uv": [3.5, 1.0, 7.0, 3.0]}, "east": {"texture": "#material", "uv": [10, 1.0, 12, 3.0], "windMode": [-1, -1, -1, -1], "windData": [0, 1, 1, 0]}, "south": {"texture": "#material", "uv": [9.5, 1.0, 13.0, 3.0]}, "west": {"texture": "#material", "uv": [10, 1.0, 12, 3.0], "windMode": [-1, -1, -1, -1]}, "up": {"texture": "#material", "uv": [10, 3.5, 12, 7.0], "rotation": 90, "windMode": [-1, -1, -1, -1], "windData": [0, 0, 1, 1]}, "down": {"texture": "#material", "uv": [10, 3.5, 12, 7.0], "rotation": 270}}, "children": [{"name": "snow", "from": [0.0, 2.02, 0.0], "to": [3.772999999999998, 4.0, 2], "rotationOrigin": [8.0, 7.0, 7.95], "faces": {"north": {"uv": [0.0, 2.02, 3.772999999999998, 4.0], "texture": "#snowcover"}, "east": {"uv": [10.0, 2.02, 12, 4.0], "texture": "#snowcover"}, "south": {"uv": [0.0, 2.02, 3.772999999999998, 4.0], "texture": "#snowcover"}, "west": {"uv": [10.0, 2.02, 12, 4.0], "texture": "#snowcover"}, "up": {"texture": "#snowcover", "uv": [10, 3.5, 12, 7.0], "rotation": 90, "windMode": [-1, -1, -1, -1], "windData": [0, 0, 1, 1]}, "down": {"texture": "#snowcover", "uv": [10, 3.5, 12, 7.0], "rotation": 270}}}]}, {"name": "6", "from": [12.592, 7.0, 12], "to": [16.365, 9.0, 14], "rotationOrigin": [8.0, 7.0, 7.95], "rotationZ": 45.0, "faces": {"north": {"texture": "#material", "uv": [3.5, 1.0, 7.0, 3.0]}, "east": {"texture": "#material", "uv": [12, 1.0, 14, 3.0], "windMode": [-1, -1, -1, -1], "windData": [0, 1, 1, 0]}, "south": {"texture": "#material", "uv": [9.5, 1.0, 13.0, 3.0]}, "west": {"texture": "#material", "uv": [12, 1.0, 14, 3.0], "windMode": [-1, -1, -1, -1]}, "up": {"texture": "#material", "uv": [12, 3.5, 14, 7.0], "rotation": 90, "windMode": [-1, -1, -1, -1], "windData": [0, 0, 1, 1]}, "down": {"texture": "#material", "uv": [12, 3.5, 14, 7.0], "rotation": 270}}, "children": [{"name": "snow", "from": [0.0, 2.02, 0.0], "to": [3.772999999999998, 4.0, 2], "rotationOrigin": [8.0, 7.0, 7.95], "faces": {"north": {"uv": [0.0, 2.02, 3.772999999999998, 4.0], "texture": "#snowcover"}, "east": {"uv": [12.0, 2.02, 14, 4.0], "texture": "#snowcover"}, "south": {"uv": [0.0, 2.02, 3.772999999999998, 4.0], "texture": "#snowcover"}, "west": {"uv": [12.0, 2.02, 14, 4.0], "texture": "#snowcover"}, "up": {"texture": "#snowcover", "uv": [12, 3.5, 14, 7.0], "rotation": 90, "windMode": [-1, -1, -1, -1], "windData": [0, 0, 1, 1]}, "down": {"texture": "#snowcover", "uv": [12, 3.5, 14, 7.0], "rotation": 270}}}]}, {"name": "7", "from": [12.592, 7.0, 14], "to": [16.365, 9.0, 16], "rotationOrigin": [8.0, 7.0, 7.95], "rotationZ": 45.0, "faces": {"north": {"texture": "#material", "uv": [3.5, 1.0, 7.0, 3.0]}, "east": {"texture": "#material", "uv": [14, 1.0, 16, 3.0], "windMode": [-1, -1, -1, -1], "windData": [0, 1, 1, 0]}, "south": {"texture": "#material", "uv": [9.5, 1.0, 13.0, 3.0]}, "west": {"texture": "#material", "uv": [14, 1.0, 16, 3.0], "windMode": [-1, -1, -1, -1]}, "up": {"texture": "#material", "uv": [14, 3.5, 16, 7.0], "rotation": 90, "windMode": [-1, -1, -1, -1], "windData": [0, 0, 1, 1]}, "down": {"texture": "#material", "uv": [14, 3.5, 16, 7.0], "rotation": 270}}, "children": [{"name": "snow", "from": [0.0, 2.02, 0.0], "to": [3.772999999999998, 4.0, 2], "rotationOrigin": [8.0, 7.0, 7.95], "faces": {"north": {"uv": [0.0, 2.02, 3.772999999999998, 4.0], "texture": "#snowcover"}, "east": {"uv": [14.0, 2.02, 16, 4.0], "texture": "#snowcover"}, "south": {"uv": [0.0, 2.02, 3.772999999999998, 4.0], "texture": "#snowcover"}, "west": {"uv": [14.0, 2.02, 16, 4.0], "texture": "#snowcover"}, "up": {"texture": "#snowcover", "uv": [14, 3.5, 16, 7.0], "rotation": 90, "windMode": [-1, -1, -1, -1], "windData": [0, 0, 1, 1]}, "down": {"texture": "#snowcover", "uv": [14, 3.5, 16, 7.0], "rotation": 270}}}]}]}, {"name": "2", "from": [0.0, 0.0, 0.0], "to": [0.0, 0.0, 0.0], "faces": {}, "children": [{"name": "0", "from": [8.819, 7.0, 0], "to": [12.592, 9.0, 2], "rotationOrigin": [8.0, 7.0, 7.95], "rotationZ": 45.0, "faces": {"north": {"texture": "#material", "uv": [7.0, 1.0, 10.5, 3.0]}, "east": {"texture": "#material", "uv": [0, 1.0, 2, 3.0], "windMode": [-1, -1, -1, -1], "windData": [0, 1, 1, 0]}, "south": {"texture": "#material", "uv": [5.5, 1.0, 9.0, 3.0]}, "west": {"texture": "#material", "uv": [0, 1.0, 2, 3.0], "windMode": [-1, -1, -1, -1]}, "up": {"texture": "#material", "uv": [0, 7.0, 2, 10.5], "rotation": 90, "windMode": [-1, -1, -1, -1], "windData": [0, 0, 1, 1]}, "down": {"texture": "#material", "uv": [0, 7.0, 2, 10.5], "rotation": 270}}, "children": [{"name": "snow", "from": [0.0, 2.02, 0.0], "to": [3.7729999999999997, 4.0, 2], "rotationOrigin": [8.0, 7.0, 7.95], "faces": {"north": {"uv": [0.0, 2.02, 3.7729999999999997, 4.0], "texture": "#snowcover"}, "east": {"uv": [0.0, 2.02, 2, 4.0], "texture": "#snowcover"}, "south": {"uv": [0.0, 2.02, 3.7729999999999997, 4.0], "texture": "#snowcover"}, "west": {"uv": [0.0, 2.02, 2, 4.0], "texture": "#snowcover"}, "up": {"texture": "#snowcover", "uv": [0, 7.0, 2, 10.5], "rotation": 90, "windMode": [-1, -1, -1, -1], "windData": [0, 0, 1, 1]}, "down": {"texture": "#snowcover", "uv": [0, 7.0, 2, 10.5], "rotation": 270}}}]}, {"name": "1", "from": [8.819, 7.0, 2], "to": [12.592, 9.0, 4], "rotationOrigin": [8.0, 7.0, 7.95], "rotationZ": 45.0, "faces": {"north": {"texture": "#material", "uv": [7.0, 1.0, 10.5, 3.0]}, "east": {"texture": "#material", "uv": [2, 1.0, 4, 3.0], "windMode": [-1, -1, -1, -1], "windData": [0, 1, 1, 0]}, "south": {"texture": "#material", "uv": [5.5, 1.0, 9.0, 3.0]}, "west": {"texture": "#material", "uv": [2, 1.0, 4, 3.0], "windMode": [-1, -1, -1, -1]}, "up": {"texture": "#material", "uv": [2, 7.0, 4, 10.5], "rotation": 90, "windMode": [-1, -1, -1, -1], "windData": [0, 0, 1, 1]}, "down": {"texture": "#material", "uv": [2, 7.0, 4, 10.5], "rotation": 270}}, "children": [{"name": "snow", "from": [0.0, 2.02, 0.0], "to": [3.7729999999999997, 4.0, 2], "rotationOrigin": [8.0, 7.0, 7.95], "faces": {"north": {"uv": [0.0, 2.02, 3.7729999999999997, 4.0], "texture": "#snowcover"}, "east": {"uv": [2.0, 2.02, 4, 4.0], "texture": "#snowcover"}, "south": {"uv": [0.0, 2.02, 3.7729999999999997, 4.0], "texture": "#snowcover"}, "west": {"uv": [2.0, 2.02, 4, 4.0], "texture": "#snowcover"}, "up": {"texture": "#snowcover", "uv": [2, 7.0, 4, 10.5], "rotation": 90, "windMode": [-1, -1, -1, -1], "windData": [0, 0, 1, 1]}, "down": {"texture": "#snowcover", "uv": [2, 7.0, 4, 10.5], "rotation": 270}}}]}, {"name": "2", "from": [8.819, 7.0, 4], "to": [12.592, 9.0, 6], "rotationOrigin": [8.0, 7.0, 7.95], "rotationZ": 45.0, "faces": {"north": {"texture": "#material", "uv": [7.0, 1.0, 10.5, 3.0]}, "east": {"texture": "#material", "uv": [4, 1.0, 6, 3.0], "windMode": [-1, -1, -1, -1], "windData": [0, 1, 1, 0]}, "south": {"texture": "#material", "uv": [5.5, 1.0, 9.0, 3.0]}, "west": {"texture": "#material", "uv": [4, 1.0, 6, 3.0], "windMode": [-1, -1, -1, -1]}, "up": {"texture": "#material", "uv": [4, 7.0, 6, 10.5], "rotation": 90, "windMode": [-1, -1, -1, -1], "windData": [0, 0, 1, 1]}, "down": {"texture": "#material", "uv": [4, 7.0, 6, 10.5], "rotation": 270}}, "children": [{"name": "snow", "from": [0.0, 2.02, 0.0], "to": [3.7729999999999997, 4.0, 2], "rotationOrigin": [8.0, 7.0, 7.95], "faces": {"north": {"uv": [0.0, 2.02, 3.7729999999999997, 4.0], "texture": "#snowcover"}, "east": {"uv": [4.0, 2.02, 6, 4.0], "texture": "#snowcover"}, "south": {"uv": [0.0, 2.02, 3.7729999999999997, 4.0], "texture": "#snowcover"}, "west": {"uv": [4.0, 2.02, 6, 4.0], "texture": "#snowcover"}, "up": {"texture": "#snowcover", "uv": [4, 7.0, 6, 10.5], "rotation": 90, "windMode": [-1, -1, -1, -1], "windData": [0, 0, 1, 1]}, "down": {"texture": "#snowcover", "uv": [4, 7.0, 6, 10.5], "rotation": 270}}}]}, {"name": "3", "from": [8.819, 7.0, 6], "to": [12.592, 9.0, 8], "rotationOrigin": [8.0, 7.0, 7.95], "rotationZ": 45.0, "faces": {"north": {"texture": "#material", "uv": [7.0, 1.0, 10.5, 3.0]}, "east": {"texture": "#material", "uv": [6, 1.0, 8, 3.0], "windMode": [-1, -1, -1, -1], "windData": [0, 1, 1, 0]}, "south": {"texture": "#material", "uv": [5.5, 1.0, 9.0, 3.0]}, "west": {"texture": "#material", "uv": [6, 1.0, 8, 3.0], "windMode": [-1, -1, -1, -1]}, "up": {"texture": "#material", "uv": [6, 7.0, 8, 10.5], "rotation": 90, "windMode": [-1, -1, -1, -1], "windData": [0, 0, 1, 1]}, "down": {"texture": "#material", "uv": [6, 7.0, 8, 10.5], "rotation": 270}}, "children": [{"name": "snow", "from": [0.0, 2.02, 0.0], "to": [3.7729999999999997, 4.0, 2], "rotationOrigin": [8.0, 7.0, 7.95], "faces": {"north": {"uv": [0.0, 2.02, 3.7729999999999997, 4.0], "texture": "#snowcover"}, "east": {"uv": [6.0, 2.02, 8, 4.0], "texture": "#snowcover"}, "south": {"uv": [0.0, 2.02, 3.7729999999999997, 4.0], "texture": "#snowcover"}, "west": {"uv": [6.0, 2.02, 8, 4.0], "texture": "#snowcover"}, "up": {"texture": "#snowcover", "uv": [6, 7.0, 8, 10.5], "rotation": 90, "windMode": [-1, -1, -1, -1], "windData": [0, 0, 1, 1]}, "down": {"texture": "#snowcover", "uv": [6, 7.0, 8, 10.5], "rotation": 270}}}]}, {"name": "4", "from": [8.819, 7.0, 8], "to": [12.592, 9.0, 10], "rotationOrigin": [8.0, 7.0, 7.95], "rotationZ": 45.0, "faces": {"north": {"texture": "#material", "uv": [7.0, 1.0, 10.5, 3.0]}, "east": {"texture": "#material", "uv": [8, 1.0, 10, 3.0], "windMode": [-1, -1, -1, -1], "windData": [0, 1, 1, 0]}, "south": {"texture": "#material", "uv": [5.5, 1.0, 9.0, 3.0]}, "west": {"texture": "#material", "uv": [8, 1.0, 10, 3.0], "windMode": [-1, -1, -1, -1]}, "up": {"texture": "#material", "uv": [8, 7.0, 10, 10.5], "rotation": 90, "windMode": [-1, -1, -1, -1], "windData": [0, 0, 1, 1]}, "down": {"texture": "#material", "uv": [8, 7.0, 10, 10.5], "rotation": 270}}, "children": [{"name": "snow", "from": [0.0, 2.02, 0.0], "to": [3.7729999999999997, 4.0, 2], "rotationOrigin": [8.0, 7.0, 7.95], "faces": {"north": {"uv": [0.0, 2.02, 3.7729999999999997, 4.0], "texture": "#snowcover"}, "east": {"uv": [8.0, 2.02, 10, 4.0], "texture": "#snowcover"}, "south": {"uv": [0.0, 2.02, 3.7729999999999997, 4.0], "texture": "#snowcover"}, "west": {"uv": [8.0, 2.02, 10, 4.0], "texture": "#snowcover"}, "up": {"texture": "#snowcover", "uv": [8, 7.0, 10, 10.5], "rotation": 90, "windMode": [-1, -1, -1, -1], "windData": [0, 0, 1, 1]}, "down": {"texture": "#snowcover", "uv": [8, 7.0, 10, 10.5], "rotation": 270}}}]}, {"name": "5", "from": [8.819, 7.0, 10], "to": [12.592, 9.0, 12], "rotationOrigin": [8.0, 7.0, 7.95], "rotationZ": 45.0, "faces": {"north": {"texture": "#material", "uv": [7.0, 1.0, 10.5, 3.0]}, "east": {"texture": "#material", "uv": [10, 1.0, 12, 3.0], "windMode": [-1, -1, -1, -1], "windData": [0, 1, 1, 0]}, "south": {"texture": "#material", "uv": [5.5, 1.0, 9.0, 3.0]}, "west": {"texture": "#material", "uv": [10, 1.0, 12, 3.0], "windMode": [-1, -1, -1, -1]}, "up": {"texture": "#material", "uv": [10, 7.0, 12, 10.5], "rotation": 90, "windMode": [-1, -1, -1, -1], "windData": [0, 0, 1, 1]}, "down": {"texture": "#material", "uv": [10, 7.0, 12, 10.5], "rotation": 270}}, "children": [{"name": "snow", "from": [0.0, 2.02, 0.0], "to": [3.7729999999999997, 4.0, 2], "rotationOrigin": [8.0, 7.0, 7.95], "faces": {"north": {"uv": [0.0, 2.02, 3.7729999999999997, 4.0], "texture": "#snowcover"}, "east": {"uv": [10.0, 2.02, 12, 4.0], "texture": "#snowcover"}, "south": {"uv": [0.0, 2.02, 3.7729999999999997, 4.0], "texture": "#snowcover"}, "west": {"uv": [10.0, 2.02, 12, 4.0], "texture": "#snowcover"}, "up": {"texture": "#snowcover", "uv": [10, 7.0, 12, 10.5], "rotation": 90, "windMode": [-1, -1, -1, -1], "windData": [0, 0, 1, 1]}, "down": {"texture": "#snowcover", "uv": [10, 7.0, 12, 10.5], "rotation": 270}}}]}, {"name": "6", "from": [8.819, 7.0, 12], "to": [12.592, 9.0, 14], "rotationOrigin": [8.0, 7.0, 7.95], "rotationZ": 45.0, "faces": {"north": {"texture": "#material", "uv": [7.0, 1.0, 10.5, 3.0]}, "east": {"texture": "#material", "uv": [12, 1.0, 14, 3.0], "windMode": [-1, -1, -1, -1], "windData": [0, 1, 1, 0]}, "south": {"texture": "#material", "uv": [5.5, 1.0, 9.0, 3.0]}, "west": {"texture": "#material", "uv": [12, 1.0, 14, 3.0], "windMode": [-1, -1, -1, -1]}, "up": {"texture": "#material", "uv": [12, 7.0, 14, 10.5], "rotation": 90, "windMode": [-1, -1, -1, -1], "windData": [0, 0, 1, 1]}, "down": {"texture": "#material", "uv": [12, 7.0, 14, 10.5], "rotation": 270}}, "children": [{"name": "snow", "from": [0.0, 2.02, 0.0], "to": [3.7729999999999997, 4.0, 2], "rotationOrigin": [8.0, 7.0, 7.95], "faces": {"north": {"uv": [0.0, 2.02, 3.7729999999999997, 4.0], "texture": "#snowcover"}, "east": {"uv": [12.0, 2.02, 14, 4.0], "texture": "#snowcover"}, "south": {"uv": [0.0, 2.02, 3.7729999999999997, 4.0], "texture": "#snowcover"}, "west": {"uv": [12.0, 2.02, 14, 4.0], "texture": "#snowcover"}, "up": {"texture": "#snowcover", "uv": [12, 7.0, 14, 10.5], "rotation": 90, "windMode": [-1, -1, -1, -1], "windData": [0, 0, 1, 1]}, "down": {"texture": "#snowcover", "uv": [12, 7.0, 14, 10.5], "rotation": 270}}}]}, {"name": "7", "from": [8.819, 7.0, 14], "to": [12.592, 9.0, 16], "rotationOrigin": [8.0, 7.0, 7.95], "rotationZ": 45.0, "faces": {"north": {"texture": "#material", "uv": [7.0, 1.0, 10.5, 3.0]}, "east": {"texture": "#material", "uv": [14, 1.0, 16, 3.0], "windMode": [-1, -1, -1, -1], "windData": [0, 1, 1, 0]}, "south": {"texture": "#material", "uv": [5.5, 1.0, 9.0, 3.0]}, "west": {"texture": "#material", "uv": [14, 1.0, 16, 3.0], "windMode": [-1, -1, -1, -1]}, "up": {"texture": "#material", "uv": [14, 7.0, 16, 10.5], "rotation": 90, "windMode": [-1, -1, -1, -1], "windData": [0, 0, 1, 1]}, "down": {"texture": "#material", "uv": [14, 7.0, 16, 10.5], "rotation": 270}}, "children": [{"name": "snow", "from": [0.0, 2.02, 0.0], "to": [3.7729999999999997, 4.0, 2], "rotationOrigin": [8.0, 7.0, 7.95], "faces": {"north": {"uv": [0.0, 2.02, 3.7729999999999997, 4.0], "texture": "#snowcover"}, "east": {"uv": [14.0, 2.02, 16, 4.0], "texture": "#snowcover"}, "south": {"uv": [0.0, 2.02, 3.7729999999999997, 4.0], "texture": "#snowcover"}, "west": {"uv": [14.0, 2.02, 16, 4.0], "texture": "#snowcover"}, "up": {"texture": "#snowcover", "uv": [14, 7.0, 16, 10.5], "rotation": 90, "windMode": [-1, -1, -1, -1], "windData": [0, 0, 1, 1]}, "down": {"texture": "#snowcover", "uv": [14, 7.0, 16, 10.5], "rotation": 270}}}]}]}, {"name": "3", "from": [0.0, 0.0, 0.0], "to": [0.0, 0.0, 0.0], "faces": {}, "children": [{"name": "0", "from": [5.046, 7.0, 0], "to": [8.819, 9.0, 2], "rotationOrigin": [8.0, 7.0, 7.95], "rotationZ": 45.0, "faces": {"north": {"texture": "#material", "uv": [10.5, 1.0, 14.0, 3.0]}, "east": {"texture": "#material", "uv": [0, 1.0, 2, 3.0], "windMode": [-1, -1, -1, -1], "windData": [0, 1, 1, 0]}, "south": {"texture": "#material", "uv": [2.0, 1.0, 5.5, 3.0]}, "west": {"texture": "#material", "uv": [0, 1.0, 2, 3.0], "windMode": [-1, -1, -1, -1]}, "up": {"texture": "#material", "uv": [0, 10.5, 2, 14.0], "rotation": 90, "windMode": [-1, -1, -1, -1], "windData": [0, 0, 1, 1]}, "down": {"texture": "#material", "uv": [0, 10.5, 2, 14.0], "rotation": 270}}, "children": [{"name": "snow", "from": [0.0, 2.02, 0.0], "to": [3.7730000000000006, 4.0, 2], "rotationOrigin": [8.0, 7.0, 7.95], "faces": {"north": {"uv": [0.0, 2.02, 3.7730000000000006, 4.0], "texture": "#snowcover"}, "east": {"uv": [0.0, 2.02, 2, 4.0], "texture": "#snowcover"}, "south": {"uv": [0.0, 2.02, 3.7730000000000006, 4.0], "texture": "#snowcover"}, "west": {"uv": [0.0, 2.02, 2, 4.0], "texture": "#snowcover"}, "up": {"texture": "#snowcover", "uv": [0, 10.5, 2, 14.0], "rotation": 90, "windMode": [-1, -1, -1, -1], "windData": [0, 0, 1, 1]}, "down": {"texture": "#snowcover", "uv": [0, 10.5, 2, 14.0], "rotation": 270}}}]}, {"name": "1", "from": [5.046, 7.0, 2], "to": [8.819, 9.0, 4], "rotationOrigin": [8.0, 7.0, 7.95], "rotationZ": 45.0, "faces": {"north": {"texture": "#material", "uv": [10.5, 1.0, 14.0, 3.0]}, "east": {"texture": "#material", "uv": [2, 1.0, 4, 3.0], "windMode": [-1, -1, -1, -1], "windData": [0, 1, 1, 0]}, "south": {"texture": "#material", "uv": [2.0, 1.0, 5.5, 3.0]}, "west": {"texture": "#material", "uv": [2, 1.0, 4, 3.0], "windMode": [-1, -1, -1, -1]}, "up": {"texture": "#material", "uv": [2, 10.5, 4, 14.0], "rotation": 90, "windMode": [-1, -1, -1, -1], "windData": [0, 0, 1, 1]}, "down": {"texture": "#material", "uv": [2, 10.5, 4, 14.0], "rotation": 270}}, "children": [{"name": "snow", "from": [0.0, 2.02, 0.0], "to": [3.7730000000000006, 4.0, 2], "rotationOrigin": [8.0, 7.0, 7.95], "faces": {"north": {"uv": [0.0, 2.02, 3.7730000000000006, 4.0], "texture": "#snowcover"}, "east": {"uv": [2.0, 2.02, 4, 4.0], "texture": "#snowcover"}, "south": {"uv": [0.0, 2.02, 3.7730000000000006, 4.0], "texture": "#snowcover"}, "west": {"uv": [2.0, 2.02, 4, 4.0], "texture": "#snowcover"}, "up": {"texture": "#snowcover", "uv": [2, 10.5, 4, 14.0], "rotation": 90, "windMode": [-1, -1, -1, -1], "windData": [0, 0, 1, 1]}, "down": {"texture": "#snowcover", "uv": [2, 10.5, 4, 14.0], "rotation": 270}}}]}, {"name": "2", "from": [5.046, 7.0, 4], "to": [8.819, 9.0, 6], "rotationOrigin": [8.0, 7.0, 7.95], "rotationZ": 45.0, "faces": {"north": {"texture": "#material", "uv": [10.5, 1.0, 14.0, 3.0]}, "east": {"texture": "#material", "uv": [4, 1.0, 6, 3.0], "windMode": [-1, -1, -1, -1], "windData": [0, 1, 1, 0]}, "south": {"texture": "#material", "uv": [2.0, 1.0, 5.5, 3.0]}, "west": {"texture": "#material", "uv": [4, 1.0, 6, 3.0], "windMode": [-1, -1, -1, -1]}, "up": {"texture": "#material", "uv": [4, 10.5, 6, 14.0], "rotation": 90, "windMode": [-1, -1, -1, -1], "windData": [0, 0, 1, 1]}, "down": {"texture": "#material", "uv": [4, 10.5, 6, 14.0], "rotation": 270}}, "children": [{"name": "snow", "from": [0.0, 2.02, 0.0], "to": [3.7730000000000006, 4.0, 2], "rotationOrigin": [8.0, 7.0, 7.95], "faces": {"north": {"uv": [0.0, 2.02, 3.7730000000000006, 4.0], "texture": "#snowcover"}, "east": {"uv": [4.0, 2.02, 6, 4.0], "texture": "#snowcover"}, "south": {"uv": [0.0, 2.02, 3.7730000000000006, 4.0], "texture": "#snowcover"}, "west": {"uv": [4.0, 2.02, 6, 4.0], "texture": "#snowcover"}, "up": {"texture": "#snowcover", "uv": [4, 10.5, 6, 14.0], "rotation": 90, "windMode": [-1, -1, -1, -1], "windData": [0, 0, 1, 1]}, "down": {"texture": "#snowcover", "uv": [4, 10.5, 6, 14.0], "rotation": 270}}}]}, {"name": "3", "from": [5.046, 7.0, 6], "to": [8.819, 9.0, 8], "rotationOrigin": [8.0, 7.0, 7.95], "rotationZ": 45.0, "faces": {"north": {"texture": "#material", "uv": [10.5, 1.0, 14.0, 3.0]}, "east": {"texture": "#material", "uv": [6, 1.0, 8, 3.0], "windMode": [-1, -1, -1, -1], "windData": [0, 1, 1, 0]}, "south": {"texture": "#material", "uv": [2.0, 1.0, 5.5, 3.0]}, "west": {"texture": "#material", "uv": [6, 1.0, 8, 3.0], "windMode": [-1, -1, -1, -1]}, "up": {"texture": "#material", "uv": [6, 10.5, 8, 14.0], "rotation": 90, "windMode": [-1, -1, -1, -1], "windData": [0, 0, 1, 1]}, "down": {"texture": "#material", "uv": [6, 10.5, 8, 14.0], "rotation": 270}}, "children": [{"name": "snow", "from": [0.0, 2.02, 0.0], "to": [3.7730000000000006, 4.0, 2], "rotationOrigin": [8.0, 7.0, 7.95], "faces": {"north": {"uv": [0.0, 2.02, 3.7730000000000006, 4.0], "texture": "#snowcover"}, "east": {"uv": [6.0, 2.02, 8, 4.0], "texture": "#snowcover"}, "south": {"uv": [0.0, 2.02, 3.7730000000000006, 4.0], "texture": "#snowcover"}, "west": {"uv": [6.0, 2.02, 8, 4.0], "texture": "#snowcover"}, "up": {"texture": "#snowcover", "uv": [6, 10.5, 8, 14.0], "rotation": 90, "windMode": [-1, -1, -1, -1], "windData": [0, 0, 1, 1]}, "down": {"texture": "#snowcover", "uv": [6, 10.5, 8, 14.0], "rotation": 270}}}]}, {"name": "4", "from": [5.046, 7.0, 8], "to": [8.819, 9.0, 10], "rotationOrigin": [8.0, 7.0, 7.95], "rotationZ": 45.0, "faces": {"north": {"texture": "#material", "uv": [10.5, 1.0, 14.0, 3.0]}, "east": {"texture": "#material", "uv": [8, 1.0, 10, 3.0], "windMode": [-1, -1, -1, -1], "windData": [0, 1, 1, 0]}, "south": {"texture": "#material", "uv": [2.0, 1.0, 5.5, 3.0]}, "west": {"texture": "#material", "uv": [8, 1.0, 10, 3.0], "windMode": [-1, -1, -1, -1]}, "up": {"texture": "#material", "uv": [8, 10.5, 10, 14.0], "rotation": 90, "windMode": [-1, -1, -1, -1], "windData": [0, 0, 1, 1]}, "down": {"texture": "#material", "uv": [8, 10.5, 10, 14.0], "rotation": 270}}, "children": [{"name": "snow", "from": [0.0, 2.02, 0.0], "to": [3.7730000000000006, 4.0, 2], "rotationOrigin": [8.0, 7.0, 7.95], "faces": {"north": {"uv": [0.0, 2.02, 3.7730000000000006, 4.0], "texture": "#snowcover"}, "east": {"uv": [8.0, 2.02, 10, 4.0], "texture": "#snowcover"}, "south": {"uv": [0.0, 2.02, 3.7730000000000006, 4.0], "texture": "#snowcover"}, "west": {"uv": [8.0, 2.02, 10, 4.0], "texture": "#snowcover"}, "up": {"texture": "#snowcover", "uv": [8, 10.5, 10, 14.0], "rotation": 90, "windMode": [-1, -1, -1, -1], "windData": [0, 0, 1, 1]}, "down": {"texture": "#snowcover", "uv": [8, 10.5, 10, 14.0], "rotation": 270}}}]}, {"name": "5", "from": [5.046, 7.0, 10], "to": [8.819, 9.0, 12], "rotationOrigin": [8.0, 7.0, 7.95], "rotationZ": 45.0, "faces": {"north": {"texture": "#material", "uv": [10.5, 1.0, 14.0, 3.0]}, "east": {"texture": "#material", "uv": [10, 1.0, 12, 3.0], "windMode": [-1, -1, -1, -1], "windData": [0, 1, 1, 0]}, "south": {"texture": "#material", "uv": [2.0, 1.0, 5.5, 3.0]}, "west": {"texture": "#material", "uv": [10, 1.0, 12, 3.0], "windMode": [-1, -1, -1, -1]}, "up": {"texture": "#material", "uv": [10, 10.5, 12, 14.0], "rotation": 90, "windMode": [-1, -1, -1, -1], "windData": [0, 0, 1, 1]}, "down": {"texture": "#material", "uv": [10, 10.5, 12, 14.0], "rotation": 270}}, "children": [{"name": "snow", "from": [0.0, 2.02, 0.0], "to": [3.7730000000000006, 4.0, 2], "rotationOrigin": [8.0, 7.0, 7.95], "faces": {"north": {"uv": [0.0, 2.02, 3.7730000000000006, 4.0], "texture": "#snowcover"}, "east": {"uv": [10.0, 2.02, 12, 4.0], "texture": "#snowcover"}, "south": {"uv": [0.0, 2.02, 3.7730000000000006, 4.0], "texture": "#snowcover"}, "west": {"uv": [10.0, 2.02, 12, 4.0], "texture": "#snowcover"}, "up": {"texture": "#snowcover", "uv": [10, 10.5, 12, 14.0], "rotation": 90, "windMode": [-1, -1, -1, -1], "windData": [0, 0, 1, 1]}, "down": {"texture": "#snowcover", "uv": [10, 10.5, 12, 14.0], "rotation": 270}}}]}, {"name": "6", "from": [5.046, 7.0, 12], "to": [8.819, 9.0, 14], "rotationOrigin": [8.0, 7.0, 7.95], "rotationZ": 45.0, "faces": {"north": {"texture": "#material", "uv": [10.5, 1.0, 14.0, 3.0]}, "east": {"texture": "#material", "uv": [12, 1.0, 14, 3.0], "windMode": [-1, -1, -1, -1], "windData": [0, 1, 1, 0]}, "south": {"texture": "#material", "uv": [2.0, 1.0, 5.5, 3.0]}, "west": {"texture": "#material", "uv": [12, 1.0, 14, 3.0], "windMode": [-1, -1, -1, -1]}, "up": {"texture": "#material", "uv": [12, 10.5, 14, 14.0], "rotation": 90, "windMode": [-1, -1, -1, -1], "windData": [0, 0, 1, 1]}, "down": {"texture": "#material", "uv": [12, 10.5, 14, 14.0], "rotation": 270}}, "children": [{"name": "snow", "from": [0.0, 2.02, 0.0], "to": [3.7730000000000006, 4.0, 2], "rotationOrigin": [8.0, 7.0, 7.95], "faces": {"north": {"uv": [0.0, 2.02, 3.7730000000000006, 4.0], "texture": "#snowcover"}, "east": {"uv": [12.0, 2.02, 14, 4.0], "texture": "#snowcover"}, "south": {"uv": [0.0, 2.02, 3.7730000000000006, 4.0], "texture": "#snowcover"}, "west": {"uv": [12.0, 2.02, 14, 4.0], "texture": "#snowcover"}, "up": {"texture": "#snowcover", "uv": [12, 10.5, 14, 14.0], "rotation": 90, "windMode": [-1, -1, -1, -1], "windData": [0, 0, 1, 1]}, "down": {"texture": "#snowcover", "uv": [12, 10.5, 14, 14.0], "rotation": 270}}}]}, {"name": "7", "from": [5.046, 7.0, 14], "to": [8.819, 9.0, 16], "rotationOrigin": [8.0, 7.0, 7.95], "rotationZ": 45.0, "faces": {"north": {"texture": "#material", "uv": [10.5, 1.0, 14.0, 3.0]}, "east": {"texture": "#material", "uv": [14, 1.0, 16, 3.0], "windMode": [-1, -1, -1, -1], "windData": [0, 1, 1, 0]}, "south": {"texture": "#material", "uv": [2.0, 1.0, 5.5, 3.0]}, "west": {"texture": "#material", "uv": [14, 1.0, 16, 3.0], "windMode": [-1, -1, -1, -1]}, "up": {"texture": "#material", "uv": [14, 10.5, 16, 14.0], "rotation": 90, "windMode": [-1, -1, -1, -1], "windData": [0, 0, 1, 1]}, "down": {"texture": "#material", "uv": [14, 10.5, 16, 14.0], "rotation": 270}}, "children": [{"name": "snow", "from": [0.0, 2.02, 0.0], "to": [3.7730000000000006, 4.0, 2], "rotationOrigin": [8.0, 7.0, 7.95], "faces": {"north": {"uv": [0.0, 2.02, 3.7730000000000006, 4.0], "texture": "#snowcover"}, "east": {"uv": [14.0, 2.02, 16, 4.0], "texture": "#snowcover"}, "south": {"uv": [0.0, 2.02, 3.7730000000000006, 4.0], "texture": "#snowcover"}, "west": {"uv": [14.0, 2.02, 16, 4.0], "texture": "#snowcover"}, "up": {"texture": "#snowcover", "uv": [14, 10.5, 16, 14.0], "rotation": 90, "windMode": [-1, -1, -1, -1], "windData": [0, 0, 1, 1]}, "down": {"texture": "#snowcover", "uv": [14, 10.5, 16, 14.0], "rotation": 270}}}]}]}, {"name": "4", "from": [0.0, 0.0, 0.0], "to": [0.0, 0.0, 0.0], "faces": {}, "children": [{"name": "0", "from": [1.273, 7.0, 0], "to": [5.046, 9.0, 2], "rotationOrigin": [8.0, 7.0, 7.95], "rotationZ": 45.0, "faces": {"north": {"texture": "#material", "uv": [12.5, 1.0, 16.0, 3.0]}, "east": {"texture": "#material", "uv": [0, 1.0, 2, 3.0], "windMode": [-1, -1, -1, -1], "windData": [0, 1, 1, 0]}, "south": {"texture": "#material", "uv": [0.0, 1.0, 3.5, 3.0]}, "west": {"texture": "#material", "uv": [0, 1.0, 2, 3.0], "windMode": [-1, -1, -1, -1]}, "up": {"texture": "#material", "uv": [0, 9.0, 2, 12.5], "rotation": 90, "windMode": [-1, -1, -1, -1], "windData": [0, 0, 1, 1]}, "down": {"texture": "#material", "uv": [0, 9.0, 2, 12.5], "rotation": 270}}, "children": [{"name": "snow", "from": [0.0, 2.02, 0.0], "to": [3.7730000000000006, 4.0, 2], "rotationOrigin": [8.0, 7.0, 7.95], "faces": {"north": {"uv": [0.0, 2.02, 3.7730000000000006, 4.0], "texture": "#snowcover"}, "east": {"uv": [0.0, 2.02, 2, 4.0], "texture": "#snowcover"}, "south": {"uv": [0.0, 2.02, 3.7730000000000006, 4.0], "texture": "#snowcover"}, "west": {"uv": [0.0, 2.02, 2, 4.0], "texture": "#snowcover"}, "up": {"texture": "#snowcover", "uv": [0, 9.0, 2, 12.5], "rotation": 90, "windMode": [-1, -1, -1, -1], "windData": [0, 0, 1, 1]}, "down": {"texture": "#snowcover", "uv": [0, 9.0, 2, 12.5], "rotation": 270}}}]}, {"name": "1", "from": [1.273, 7.0, 2], "to": [5.046, 9.0, 4], "rotationOrigin": [8.0, 7.0, 7.95], "rotationZ": 45.0, "faces": {"north": {"texture": "#material", "uv": [12.5, 1.0, 16.0, 3.0]}, "east": {"texture": "#material", "uv": [2, 1.0, 4, 3.0], "windMode": [-1, -1, -1, -1], "windData": [0, 1, 1, 0]}, "south": {"texture": "#material", "uv": [0.0, 1.0, 3.5, 3.0]}, "west": {"texture": "#material", "uv": [2, 1.0, 4, 3.0], "windMode": [-1, -1, -1, -1]}, "up": {"texture": "#material", "uv": [2, 9.0, 4, 12.5], "rotation": 90, "windMode": [-1, -1, -1, -1], "windData": [0, 0, 1, 1]}, "down": {"texture": "#material", "uv": [2, 9.0, 4, 12.5], "rotation": 270}}, "children": [{"name": "snow", "from": [0.0, 2.02, 0.0], "to": [3.7730000000000006, 4.0, 2], "rotationOrigin": [8.0, 7.0, 7.95], "faces": {"north": {"uv": [0.0, 2.02, 3.7730000000000006, 4.0], "texture": "#snowcover"}, "east": {"uv": [2.0, 2.02, 4, 4.0], "texture": "#snowcover"}, "south": {"uv": [0.0, 2.02, 3.7730000000000006, 4.0], "texture": "#snowcover"}, "west": {"uv": [2.0, 2.02, 4, 4.0], "texture": "#snowcover"}, "up": {"texture": "#snowcover", "uv": [2, 9.0, 4, 12.5], "rotation": 90, "windMode": [-1, -1, -1, -1], "windData": [0, 0, 1, 1]}, "down": {"texture": "#snowcover", "uv": [2, 9.0, 4, 12.5], "rotation": 270}}}]}, {"name": "2", "from": [1.273, 7.0, 4], "to": [5.046, 9.0, 6], "rotationOrigin": [8.0, 7.0, 7.95], "rotationZ": 45.0, "faces": {"north": {"texture": "#material", "uv": [12.5, 1.0, 16.0, 3.0]}, "east": {"texture": "#material", "uv": [4, 1.0, 6, 3.0], "windMode": [-1, -1, -1, -1], "windData": [0, 1, 1, 0]}, "south": {"texture": "#material", "uv": [0.0, 1.0, 3.5, 3.0]}, "west": {"texture": "#material", "uv": [4, 1.0, 6, 3.0], "windMode": [-1, -1, -1, -1]}, "up": {"texture": "#material", "uv": [4, 9.0, 6, 12.5], "rotation": 90, "windMode": [-1, -1, -1, -1], "windData": [0, 0, 1, 1]}, "down": {"texture": "#material", "uv": [4, 9.0, 6, 12.5], "rotation": 270}}, "children": [{"name": "snow", "from": [0.0, 2.02, 0.0], "to": [3.7730000000000006, 4.0, 2], "rotationOrigin": [8.0, 7.0, 7.95], "faces": {"north": {"uv": [0.0, 2.02, 3.7730000000000006, 4.0], "texture": "#snowcover"}, "east": {"uv": [4.0, 2.02, 6, 4.0], "texture": "#snowcover"}, "south": {"uv": [0.0, 2.02, 3.7730000000000006, 4.0], "texture": "#snowcover"}, "west": {"uv": [4.0, 2.02, 6, 4.0], "texture": "#snowcover"}, "up": {"texture": "#snowcover", "uv": [4, 9.0, 6, 12.5], "rotation": 90, "windMode": [-1, -1, -1, -1], "windData": [0, 0, 1, 1]}, "down": {"texture": "#snowcover", "uv": [4, 9.0, 6, 12.5], "rotation": 270}}}]}, {"name": "3", "from": [1.273, 7.0, 6], "to": [5.046, 9.0, 8], "rotationOrigin": [8.0, 7.0, 7.95], "rotationZ": 45.0, "faces": {"north": {"texture": "#material", "uv": [12.5, 1.0, 16.0, 3.0]}, "east": {"texture": "#material", "uv": [6, 1.0, 8, 3.0], "windMode": [-1, -1, -1, -1], "windData": [0, 1, 1, 0]}, "south": {"texture": "#material", "uv": [0.0, 1.0, 3.5, 3.0]}, "west": {"texture": "#material", "uv": [6, 1.0, 8, 3.0], "windMode": [-1, -1, -1, -1]}, "up": {"texture": "#material", "uv": [6, 9.0, 8, 12.5], "rotation": 90, "windMode": [-1, -1, -1, -1], "windData": [0, 0, 1, 1]}, "down": {"texture": "#material", "uv": [6, 9.0, 8, 12.5], "rotation": 270}}, "children": [{"name": "snow", "from": [0.0, 2.02, 0.0], "to": [3.7730000000000006, 4.0, 2], "rotationOrigin": [8.0, 7.0, 7.95], "faces": {"north": {"uv": [0.0, 2.02, 3.7730000000000006, 4.0], "texture": "#snowcover"}, "east": {"uv": [6.0, 2.02, 8, 4.0], "texture": "#snowcover"}, "south": {"uv": [0.0, 2.02, 3.7730000000000006, 4.0], "texture": "#snowcover"}, "west": {"uv": [6.0, 2.02, 8, 4.0], "texture": "#snowcover"}, "up": {"texture": "#snowcover", "uv": [6, 9.0, 8, 12.5], "rotation": 90, "windMode": [-1, -1, -1, -1], "windData": [0, 0, 1, 1]}, "down": {"texture": "#snowcover", "uv": [6, 9.0, 8, 12.5], "rotation": 270}}}]}, {"name": "4", "from": [1.273, 7.0, 8], "to": [5.046, 9.0, 10], "rotationOrigin": [8.0, 7.0, 7.95], "rotationZ": 45.0, "faces": {"north": {"texture": "#material", "uv": [12.5, 1.0, 16.0, 3.0]}, "east": {"texture": "#material", "uv": [8, 1.0, 10, 3.0], "windMode": [-1, -1, -1, -1], "windData": [0, 1, 1, 0]}, "south": {"texture": "#material", "uv": [0.0, 1.0, 3.5, 3.0]}, "west": {"texture": "#material", "uv": [8, 1.0, 10, 3.0], "windMode": [-1, -1, -1, -1]}, "up": {"texture": "#material", "uv": [8, 9.0, 10, 12.5], "rotation": 90, "windMode": [-1, -1, -1, -1], "windData": [0, 0, 1, 1]}, "down": {"texture": "#material", "uv": [8, 9.0, 10, 12.5], "rotation": 270}}, "children": [{"name": "snow", "from": [0.0, 2.02, 0.0], "to": [3.7730000000000006, 4.0, 2], "rotationOrigin": [8.0, 7.0, 7.95], "faces": {"north": {"uv": [0.0, 2.02, 3.7730000000000006, 4.0], "texture": "#snowcover"}, "east": {"uv": [8.0, 2.02, 10, 4.0], "texture": "#snowcover"}, "south": {"uv": [0.0, 2.02, 3.7730000000000006, 4.0], "texture": "#snowcover"}, "west": {"uv": [8.0, 2.02, 10, 4.0], "texture": "#snowcover"}, "up": {"texture": "#snowcover", "uv": [8, 9.0, 10, 12.5], "rotation": 90, "windMode": [-1, -1, -1, -1], "windData": [0, 0, 1, 1]}, "down": {"texture": "#snowcover", "uv": [8, 9.0, 10, 12.5], "rotation": 270}}}]}, {"name": "5", "from": [1.273, 7.0, 10], "to": [5.046, 9.0, 12], "rotationOrigin": [8.0, 7.0, 7.95], "rotationZ": 45.0, "faces": {"north": {"texture": "#material", "uv": [12.5, 1.0, 16.0, 3.0]}, "east": {"texture": "#material", "uv": [10, 1.0, 12, 3.0], "windMode": [-1, -1, -1, -1], "windData": [0, 1, 1, 0]}, "south": {"texture": "#material", "uv": [0.0, 1.0, 3.5, 3.0]}, "west": {"texture": "#material", "uv": [10, 1.0, 12, 3.0], "windMode": [-1, -1, -1, -1]}, "up": {"texture": "#material", "uv": [10, 9.0, 12, 12.5], "rotation": 90, "windMode": [-1, -1, -1, -1], "windData": [0, 0, 1, 1]}, "down": {"texture": "#material", "uv": [10, 9.0, 12, 12.5], "rotation": 270}}, "children": [{"name": "snow", "from": [0.0, 2.02, 0.0], "to": [3.7730000000000006, 4.0, 2], "rotationOrigin": [8.0, 7.0, 7.95], "faces": {"north": {"uv": [0.0, 2.02, 3.7730000000000006, 4.0], "texture": "#snowcover"}, "east": {"uv": [10.0, 2.02, 12, 4.0], "texture": "#snowcover"}, "south": {"uv": [0.0, 2.02, 3.7730000000000006, 4.0], "texture": "#snowcover"}, "west": {"uv": [10.0, 2.02, 12, 4.0], "texture": "#snowcover"}, "up": {"texture": "#snowcover", "uv": [10, 9.0, 12, 12.5], "rotation": 90, "windMode": [-1, -1, -1, -1], "windData": [0, 0, 1, 1]}, "down": {"texture": "#snowcover", "uv": [10, 9.0, 12, 12.5], "rotation": 270}}}]}, {"name": "6", "from": [1.273, 7.0, 12], "to": [5.046, 9.0, 14], "rotationOrigin": [8.0, 7.0, 7.95], "rotationZ": 45.0, "faces": {"north": {"texture": "#material", "uv": [12.5, 1.0, 16.0, 3.0]}, "east": {"texture": "#material", "uv": [12, 1.0, 14, 3.0], "windMode": [-1, -1, -1, -1], "windData": [0, 1, 1, 0]}, "south": {"texture": "#material", "uv": [0.0, 1.0, 3.5, 3.0]}, "west": {"texture": "#material", "uv": [12, 1.0, 14, 3.0], "windMode": [-1, -1, -1, -1]}, "up": {"texture": "#material", "uv": [12, 9.0, 14, 12.5], "rotation": 90, "windMode": [-1, -1, -1, -1], "windData": [0, 0, 1, 1]}, "down": {"texture": "#material", "uv": [12, 9.0, 14, 12.5], "rotation": 270}}, "children": [{"name": "snow", "from": [0.0, 2.02, 0.0], "to": [3.7730000000000006, 4.0, 2], "rotationOrigin": [8.0, 7.0, 7.95], "faces": {"north": {"uv": [0.0, 2.02, 3.7730000000000006, 4.0], "texture": "#snowcover"}, "east": {"uv": [12.0, 2.02, 14, 4.0], "texture": "#snowcover"}, "south": {"uv": [0.0, 2.02, 3.7730000000000006, 4.0], "texture": "#snowcover"}, "west": {"uv": [12.0, 2.02, 14, 4.0], "texture": "#snowcover"}, "up": {"texture": "#snowcover", "uv": [12, 9.0, 14, 12.5], "rotation": 90, "windMode": [-1, -1, -1, -1], "windData": [0, 0, 1, 1]}, "down": {"texture": "#snowcover", "uv": [12, 9.0, 14, 12.5], "rotation": 270}}}]}, {"name": "7", "from": [1.273, 7.0, 14], "to": [5.046, 9.0, 16], "rotationOrigin": [8.0, 7.0, 7.95], "rotationZ": 45.0, "faces": {"north": {"texture": "#material", "uv": [12.5, 1.0, 16.0, 3.0]}, "east": {"texture": "#material", "uv": [14, 1.0, 16, 3.0], "windMode": [-1, -1, -1, -1], "windData": [0, 1, 1, 0]}, "south": {"texture": "#material", "uv": [0.0, 1.0, 3.5, 3.0]}, "west": {"texture": "#material", "uv": [14, 1.0, 16, 3.0], "windMode": [-1, -1, -1, -1]}, "up": {"texture": "#material", "uv": [14, 9.0, 16, 12.5], "rotation": 90, "windMode": [-1, -1, -1, -1], "windData": [0, 0, 1, 1]}, "down": {"texture": "#material", "uv": [14, 9.0, 16, 12.5], "rotation": 270}}, "children": [{"name": "snow", "from": [0.0, 2.02, 0.0], "to": [3.7730000000000006, 4.0, 2], "rotationOrigin": [8.0, 7.0, 7.95], "faces": {"north": {"uv": [0.0, 2.02, 3.7730000000000006, 4.0], "texture": "#snowcover"}, "east": {"uv": [14.0, 2.02, 16, 4.0], "texture": "#snowcover"}, "south": {"uv": [0.0, 2.02, 3.7730000000000006, 4.0], "texture": "#snowcover"}, "west": {"uv": [14.0, 2.02, 16, 4.0], "texture": "#snowcover"}, "up": {"texture": "#snowcover", "uv": [14, 9.0, 16, 12.5], "rotation": 90, "windMode": [-1, -1, -1, -1], "windData": [0, 0, 1, 1]}, "down": {"texture": "#snowcover", "uv": [14, 9.0, 16, 12.5], "rotation": 270}}}]}]}, {"name": "5", "from": [0.0, 0.0, 0.0], "to": [0.0, 0.0, 0.0], "faces": {}, "children": [{"name": "0", "from": [-2.5, 7.0, 0], "to": [1.273, 9.0, 2], "rotationOrigin": [8.0, 7.0, 7.95], "rotationZ": 45.0, "faces": {"north": {"texture": "#material", "uv": [6.5, 1.0, 10.0, 3.0]}, "east": {"texture": "#material", "uv": [0, 1.0, 2, 3.0], "windMode": [-1, -1, -1, -1], "windData": [0, 1, 1, 0]}, "south": {"texture": "#material", "uv": [5.0, 1.0, 8.5, 3.0]}, "west": {"texture": "#material", "uv": [0, 1.0, 2, 3.0], "windMode": [-1, -1, -1, -1]}, "up": {"texture": "#material", "uv": [0, 12.5, 2, 16.0], "rotation": 90, "windMode": [-1, -1, -1, -1], "windData": [0, 0, 1, 1]}, "down": {"texture": "#material", "uv": [0, 12.5, 2, 16.0], "rotation": 270}}, "children": [{"name": "snow", "from": [0.0, 2.02, 0.0], "to": [3.7729999999999997, 4.0, 2], "rotationOrigin": [8.0, 7.0, 7.95], "faces": {"north": {"uv": [0.0, 2.02, 3.7729999999999997, 4.0], "texture": "#snowcover"}, "east": {"uv": [0.0, 2.02, 2, 4.0], "texture": "#snowcover"}, "south": {"uv": [0.0, 2.02, 3.7729999999999997, 4.0], "texture": "#snowcover"}, "west": {"uv": [0.0, 2.02, 2, 4.0], "texture": "#snowcover"}, "up": {"texture": "#snowcover", "uv": [0, 12.5, 2, 16.0], "rotation": 90, "windMode": [-1, -1, -1, -1], "windData": [0, 0, 1, 1]}, "down": {"texture": "#snowcover", "uv": [0, 12.5, 2, 16.0], "rotation": 270}}}]}, {"name": "1", "from": [-2.5, 7.0, 2], "to": [1.273, 9.0, 4], "rotationOrigin": [8.0, 7.0, 7.95], "rotationZ": 45.0, "faces": {"north": {"texture": "#material", "uv": [6.5, 1.0, 10.0, 3.0]}, "east": {"texture": "#material", "uv": [2, 1.0, 4, 3.0], "windMode": [-1, -1, -1, -1], "windData": [0, 1, 1, 0]}, "south": {"texture": "#material", "uv": [5.0, 1.0, 8.5, 3.0]}, "west": {"texture": "#material", "uv": [2, 1.0, 4, 3.0], "windMode": [-1, -1, -1, -1]}, "up": {"texture": "#material", "uv": [2, 12.5, 4, 16.0], "rotation": 90, "windMode": [-1, -1, -1, -1], "windData": [0, 0, 1, 1]}, "down": {"texture": "#material", "uv": [2, 12.5, 4, 16.0], "rotation": 270}}, "children": [{"name": "snow", "from": [0.0, 2.02, 0.0], "to": [3.7729999999999997, 4.0, 2], "rotationOrigin": [8.0, 7.0, 7.95], "faces": {"north": {"uv": [0.0, 2.02, 3.7729999999999997, 4.0], "texture": "#snowcover"}, "east": {"uv": [2.0, 2.02, 4, 4.0], "texture": "#snowcover"}, "south": {"uv": [0.0, 2.02, 3.7729999999999997, 4.0], "texture": "#snowcover"}, "west": {"uv": [2.0, 2.02, 4, 4.0], "texture": "#snowcover"}, "up": {"texture": "#snowcover", "uv": [2, 12.5, 4, 16.0], "rotation": 90, "windMode": [-1, -1, -1, -1], "windData": [0, 0, 1, 1]}, "down": {"texture": "#snowcover", "uv": [2, 12.5, 4, 16.0], "rotation": 270}}}]}, {"name": "2", "from": [-2.5, 7.0, 4], "to": [1.273, 9.0, 6], "rotationOrigin": [8.0, 7.0, 7.95], "rotationZ": 45.0, "faces": {"north": {"texture": "#material", "uv": [6.5, 1.0, 10.0, 3.0]}, "east": {"texture": "#material", "uv": [4, 1.0, 6, 3.0], "windMode": [-1, -1, -1, -1], "windData": [0, 1, 1, 0]}, "south": {"texture": "#material", "uv": [5.0, 1.0, 8.5, 3.0]}, "west": {"texture": "#material", "uv": [4, 1.0, 6, 3.0], "windMode": [-1, -1, -1, -1]}, "up": {"texture": "#material", "uv": [4, 12.5, 6, 16.0], "rotation": 90, "windMode": [-1, -1, -1, -1], "windData": [0, 0, 1, 1]}, "down": {"texture": "#material", "uv": [4, 12.5, 6, 16.0], "rotation": 270}}, "children": [{"name": "snow", "from": [0.0, 2.02, 0.0], "to": [3.7729999999999997, 4.0, 2], "rotationOrigin": [8.0, 7.0, 7.95], "faces": {"north": {"uv": [0.0, 2.02, 3.7729999999999997, 4.0], "texture": "#snowcover"}, "east": {"uv": [4.0, 2.02, 6, 4.0], "texture": "#snowcover"}, "south": {"uv": [0.0, 2.02, 3.7729999999999997, 4.0], "texture": "#snowcover"}, "west": {"uv": [4.0, 2.02, 6, 4.0], "texture": "#snowcover"}, "up": {"texture": "#snowcover", "uv": [4, 12.5, 6, 16.0], "rotation": 90, "windMode": [-1, -1, -1, -1], "windData": [0, 0, 1, 1]}, "down": {"texture": "#snowcover", "uv": [4, 12.5, 6, 16.0], "rotation": 270}}}]}, {"name": "3", "from": [-2.5, 7.0, 6], "to": [1.273, 9.0, 8], "rotationOrigin": [8.0, 7.0, 7.95], "rotationZ": 45.0, "faces": {"north": {"texture": "#material", "uv": [6.5, 1.0, 10.0, 3.0]}, "east": {"texture": "#material", "uv": [6, 1.0, 8, 3.0], "windMode": [-1, -1, -1, -1], "windData": [0, 1, 1, 0]}, "south": {"texture": "#material", "uv": [5.0, 1.0, 8.5, 3.0]}, "west": {"texture": "#material", "uv": [6, 1.0, 8, 3.0], "windMode": [-1, -1, -1, -1]}, "up": {"texture": "#material", "uv": [6, 12.5, 8, 16.0], "rotation": 90, "windMode": [-1, -1, -1, -1], "windData": [0, 0, 1, 1]}, "down": {"texture": "#material", "uv": [6, 12.5, 8, 16.0], "rotation": 270}}, "children": [{"name": "snow", "from": [0.0, 2.02, 0.0], "to": [3.7729999999999997, 4.0, 2], "rotationOrigin": [8.0, 7.0, 7.95], "faces": {"north": {"uv": [0.0, 2.02, 3.7729999999999997, 4.0], "texture": "#snowcover"}, "east": {"uv": [6.0, 2.02, 8, 4.0], "texture": "#snowcover"}, "south": {"uv": [0.0, 2.02, 3.7729999999999997, 4.0], "texture": "#snowcover"}, "west": {"uv": [6.0, 2.02, 8, 4.0], "texture": "#snowcover"}, "up": {"texture": "#snowcover", "uv": [6, 12.5, 8, 16.0], "rotation": 90, "windMode": [-1, -1, -1, -1], "windData": [0, 0, 1, 1]}, "down": {"texture": "#snowcover", "uv": [6, 12.5, 8, 16.0], "rotation": 270}}}]}, {"name": "4", "from": [-2.5, 7.0, 8], "to": [1.273, 9.0, 10], "rotationOrigin": [8.0, 7.0, 7.95], "rotationZ": 45.0, "faces": {"north": {"texture": "#material", "uv": [6.5, 1.0, 10.0, 3.0]}, "east": {"texture": "#material", "uv": [8, 1.0, 10, 3.0], "windMode": [-1, -1, -1, -1], "windData": [0, 1, 1, 0]}, "south": {"texture": "#material", "uv": [5.0, 1.0, 8.5, 3.0]}, "west": {"texture": "#material", "uv": [8, 1.0, 10, 3.0], "windMode": [-1, -1, -1, -1]}, "up": {"texture": "#material", "uv": [8, 12.5, 10, 16.0], "rotation": 90, "windMode": [-1, -1, -1, -1], "windData": [0, 0, 1, 1]}, "down": {"texture": "#material", "uv": [8, 12.5, 10, 16.0], "rotation": 270}}, "children": [{"name": "snow", "from": [0.0, 2.02, 0.0], "to": [3.7729999999999997, 4.0, 2], "rotationOrigin": [8.0, 7.0, 7.95], "faces": {"north": {"uv": [0.0, 2.02, 3.7729999999999997, 4.0], "texture": "#snowcover"}, "east": {"uv": [8.0, 2.02, 10, 4.0], "texture": "#snowcover"}, "south": {"uv": [0.0, 2.02, 3.7729999999999997, 4.0], "texture": "#snowcover"}, "west": {"uv": [8.0, 2.02, 10, 4.0], "texture": "#snowcover"}, "up": {"texture": "#snowcover", "uv": [8, 12.5, 10, 16.0], "rotation": 90, "windMode": [-1, -1, -1, -1], "windData": [0, 0, 1, 1]}, "down": {"texture": "#snowcover", "uv": [8, 12.5, 10, 16.0], "rotation": 270}}}]}, {"name": "5", "from": [-2.5, 7.0, 10], "to": [1.273, 9.0, 12], "rotationOrigin": [8.0, 7.0, 7.95], "rotationZ": 45.0, "faces": {"north": {"texture": "#material", "uv": [6.5, 1.0, 10.0, 3.0]}, "east": {"texture": "#material", "uv": [10, 1.0, 12, 3.0], "windMode": [-1, -1, -1, -1], "windData": [0, 1, 1, 0]}, "south": {"texture": "#material", "uv": [5.0, 1.0, 8.5, 3.0]}, "west": {"texture": "#material", "uv": [10, 1.0, 12, 3.0], "windMode": [-1, -1, -1, -1]}, "up": {"texture": "#material", "uv": [10, 12.5, 12, 16.0], "rotation": 90, "windMode": [-1, -1, -1, -1], "windData": [0, 0, 1, 1]}, "down": {"texture": "#material", "uv": [10, 12.5, 12, 16.0], "rotation": 270}}, "children": [{"name": "snow", "from": [0.0, 2.02, 0.0], "to": [3.7729999999999997, 4.0, 2], "rotationOrigin": [8.0, 7.0, 7.95], "faces": {"north": {"uv": [0.0, 2.02, 3.7729999999999997, 4.0], "texture": "#snowcover"}, "east": {"uv": [10.0, 2.02, 12, 4.0], "texture": "#snowcover"}, "south": {"uv": [0.0, 2.02, 3.7729999999999997, 4.0], "texture": "#snowcover"}, "west": {"uv": [10.0, 2.02, 12, 4.0], "texture": "#snowcover"}, "up": {"texture": "#snowcover", "uv": [10, 12.5, 12, 16.0], "rotation": 90, "windMode": [-1, -1, -1, -1], "windData": [0, 0, 1, 1]}, "down": {"texture": "#snowcover", "uv": [10, 12.5, 12, 16.0], "rotation": 270}}}]}, {"name": "6", "from": [-2.5, 7.0, 12], "to": [1.273, 9.0, 14], "rotationOrigin": [8.0, 7.0, 7.95], "rotationZ": 45.0, "faces": {"north": {"texture": "#material", "uv": [6.5, 1.0, 10.0, 3.0]}, "east": {"texture": "#material", "uv": [12, 1.0, 14, 3.0], "windMode": [-1, -1, -1, -1], "windData": [0, 1, 1, 0]}, "south": {"texture": "#material", "uv": [5.0, 1.0, 8.5, 3.0]}, "west": {"texture": "#material", "uv": [12, 1.0, 14, 3.0], "windMode": [-1, -1, -1, -1]}, "up": {"texture": "#material", "uv": [12, 12.5, 14, 16.0], "rotation": 90, "windMode": [-1, -1, -1, -1], "windData": [0, 0, 1, 1]}, "down": {"texture": "#material", "uv": [12, 12.5, 14, 16.0], "rotation": 270}}, "children": [{"name": "snow", "from": [0.0, 2.02, 0.0], "to": [3.7729999999999997, 4.0, 2], "rotationOrigin": [8.0, 7.0, 7.95], "faces": {"north": {"uv": [0.0, 2.02, 3.7729999999999997, 4.0], "texture": "#snowcover"}, "east": {"uv": [12.0, 2.02, 14, 4.0], "texture": "#snowcover"}, "south": {"uv": [0.0, 2.02, 3.7729999999999997, 4.0], "texture": "#snowcover"}, "west": {"uv": [12.0, 2.02, 14, 4.0], "texture": "#snowcover"}, "up": {"texture": "#snowcover", "uv": [12, 12.5, 14, 16.0], "rotation": 90, "windMode": [-1, -1, -1, -1], "windData": [0, 0, 1, 1]}, "down": {"texture": "#snowcover", "uv": [12, 12.5, 14, 16.0], "rotation": 270}}}]}, {"name": "7", "from": [-2.5, 7.0, 14], "to": [1.273, 9.0, 16], "rotationOrigin": [8.0, 7.0, 7.95], "rotationZ": 45.0, "faces": {"north": {"texture": "#material", "uv": [6.5, 1.0, 10.0, 3.0]}, "east": {"texture": "#material", "uv": [14, 1.0, 16, 3.0], "windMode": [-1, -1, -1, -1], "windData": [0, 1, 1, 0]}, "south": {"texture": "#material", "uv": [5.0, 1.0, 8.5, 3.0]}, "west": {"texture": "#material", "uv": [14, 1.0, 16, 3.0], "windMode": [-1, -1, -1, -1]}, "up": {"texture": "#material", "uv": [14, 12.5, 16, 16.0], "rotation": 90, "windMode": [-1, -1, -1, -1], "windData": [0, 0, 1, 1]}, "down": {"texture": "#material", "uv": [14, 12.5, 16, 16.0], "rotation": 270}}, "children": [{"name": "snow", "from": [0.0, 2.02, 0.0], "to": [3.7729999999999997, 4.0, 2], "rotationOrigin": [8.0, 7.0, 7.95], "faces": {"north": {"uv": [0.0, 2.02, 3.7729999999999997, 4.0], "texture": "#snowcover"}, "east": {"uv": [14.0, 2.02, 16, 4.0], "texture": "#snowcover"}, "south": {"uv": [0.0, 2.02, 3.7729999999999997, 4.0], "texture": "#snowcover"}, "west": {"uv": [14.0, 2.02, 16, 4.0], "texture": "#snowcover"}, "up": {"texture": "#snowcover", "uv": [14, 12.5, 16, 16.0], "rotation": 90, "windMode": [-1, -1, -1, -1], "windData": [0, 0, 1, 1]}, "down": {"texture": "#snowcover", "uv": [14, 12.5, 16, 16.0], "rotation": 270}}}]}]}]}]}]}