{
	"editor": {
		"allAngles": false,
		"entityTextureMode": true
	},
	"textureWidth": 16,
	"textureHeight": 16,
	"textureSizes": {
	},
	"textures": {
	},
	"elements": [
		{
			"name": "floor",
			"from": [ 5.0, 0.0, 5.0 ],
			"to": [ 11.0, 0.5, 11.0 ],
			"uv": [ 1.0, 2.0 ],
			"rotationOrigin": [ 8.0, 0.0, 8.0 ],
			"faces": {
				"north": { "texture": "#ceramic", "uv": [ 1.0, 15.0, 7.0, 15.5 ] },
				"east": { "texture": "#ceramic", "uv": [ 5.0, 15.0, 11.0, 15.5 ] },
				"south": { "texture": "#ceramic", "uv": [ 8.0, 15.0, 14.0, 15.5 ] },
				"west": { "texture": "#ceramic", "uv": [ 10.0, 15.0, 16.0, 15.5 ] },
				"up": { "texture": "#ceramic", "uv": [ 4.0, 2.0, 10.0, 8.0 ] },
				"down": { "texture": "#ceramic", "uv": [ 9.0, 3.0, 15.0, 9.0 ] }
			},
			"children": [
				{
					"name": "N",
					"from": [ 0.0, 0.5, 0.0 ],
					"to": [ 6.0, 4.5, 0.5 ],
					"uv": [ 0.0, 2.0 ],
					"faces": {
						"north": { "texture": "#ceramic", "uv": [ 0.0, 11.0, 6.0, 15.0 ] },
						"east": { "texture": "#ceramic", "uv": [ 7.0, 11.0, 7.5, 15.0 ] },
						"south": { "texture": "#ceramic", "uv": [ 9.0, 2.0, 15.0, 6.0 ] },
						"west": { "texture": "#ceramic", "uv": [ 2.0, 11.0, 2.5, 15.0 ] },
						"up": { "texture": "#ceramic", "uv": [ 6.0, 5.0, 12.0, 5.5 ] },
						"down": { "texture": "#ceramic", "uv": [ 5.0, 14.0, 11.0, 14.5 ] }
					}
				},
				{
					"name": "S",
					"from": [ 0.0, 0.5, 5.5 ],
					"to": [ 6.0, 4.5, 6.0 ],
					"uv": [ 2.0, 5.0 ],
					"faces": {
						"north": { "texture": "#ceramic", "uv": [ 2.0, 5.0, 8.0, 9.0 ] },
						"east": { "texture": "#ceramic", "uv": [ 7.0, 11.0, 7.5, 15.0 ] },
						"south": { "texture": "#ceramic", "uv": [ 9.0, 11.0, 15.0, 15.0 ] },
						"west": { "texture": "#ceramic", "uv": [ 5.0, 11.0, 5.5, 15.0 ] },
						"up": { "texture": "#ceramic", "uv": [ 7.0, 5.0, 13.0, 5.5 ] },
						"down": { "texture": "#ceramic", "uv": [ 3.0, 14.0, 9.0, 14.5 ] }
					}
				},
				{
					"name": "W",
					"from": [ 0.0, 0.5, 0.5 ],
					"to": [ 0.5, 4.5, 5.5 ],
					"uv": [ 2.0, 3.0 ],
					"rotationOrigin": [ 1.0, 0.0, 0.0 ],
					"faces": {
						"north": { "texture": "#ceramic", "uv": [ 0.0, 0.0, 0.5, 4.0 ], "enabled": false },
						"east": { "texture": "#ceramic", "uv": [ 6.0, 3.0, 11.0, 7.0 ] },
						"south": { "texture": "#ceramic", "uv": [ 0.0, 0.0, 0.5, 4.0 ], "enabled": false },
						"west": { "texture": "#ceramic", "uv": [ 7.0, 11.0, 12.0, 15.0 ] },
						"up": { "texture": "#ceramic", "uv": [ 7.0, 3.0, 12.0, 3.5 ], "rotation": 90 },
						"down": { "texture": "#ceramic", "uv": [ 2.0, 14.0, 7.0, 14.5 ], "rotation": 90 }
					}
				},
				{
					"name": "E",
					"from": [ 5.5, 0.5, 0.5 ],
					"to": [ 6.0, 4.5, 5.5 ],
					"uv": [ 0.0, 4.0 ],
					"rotationOrigin": [ 3.0, 0.0, 0.0 ],
					"faces": {
						"north": { "texture": "#ceramic", "uv": [ 0.0, 0.0, 0.5, 4.0 ], "enabled": false },
						"east": { "texture": "#ceramic", "uv": [ 0.0, 11.0, 5.0, 15.0 ] },
						"south": { "texture": "#ceramic", "uv": [ 0.0, 0.0, 0.5, 4.0 ], "enabled": false },
						"west": { "texture": "#ceramic", "uv": [ 2.0, 4.0, 7.0, 8.0 ] },
						"up": { "texture": "#ceramic", "uv": [ 7.0, 6.0, 12.0, 6.5 ], "rotation": 90 },
						"down": { "texture": "#ceramic", "uv": [ 5.0, 14.0, 10.0, 14.5 ], "rotation": 90 }
					}
				},
				{
					"name": "N neck",
					"from": [ 0.5, 4.5, 0.5 ],
					"to": [ 5.5, 5.5, 1.0 ],
					"uv": [ 0.0, 0.0 ],
					"faces": {
						"north": { "texture": "#ceramic", "uv": [ 0.0, 0.0, 5.0, 1.0 ] },
						"east": { "texture": "#ceramic", "uv": [ 5.0, 0.0, 5.5, 1.0 ] },
						"south": { "texture": "#ceramic", "uv": [ 6.0, 0.0, 11.0, 1.0 ] },
						"west": { "texture": "#ceramic", "uv": [ 0.0, 0.0, 0.5, 1.0 ] },
						"up": { "texture": "#ceramic", "uv": [ 3.0, 5.0, 8.0, 5.5 ] },
						"down": { "texture": "#ceramic", "uv": [ 3.0, 3.0, 8.0, 3.5 ] }
					}
				},
				{
					"name": "S neck",
					"from": [ 0.5, 4.5, 5.0 ],
					"to": [ 5.5, 5.5, 5.5 ],
					"uv": [ 0.0, 0.0 ],
					"faces": {
						"north": { "texture": "#ceramic", "uv": [ 0.0, 0.0, 5.0, 1.0 ] },
						"east": { "texture": "#ceramic", "uv": [ 13.0, 0.0, 13.5, 1.0 ] },
						"south": { "texture": "#ceramic", "uv": [ 6.0, 0.0, 11.0, 1.0 ] },
						"west": { "texture": "#ceramic", "uv": [ 5.0, 0.0, 5.5, 1.0 ] },
						"up": { "texture": "#ceramic", "uv": [ 6.0, 5.0, 11.0, 5.5 ] },
						"down": { "texture": "#ceramic", "uv": [ 3.0, 3.0, 8.0, 3.5 ] }
					}
				},
				{
					"name": "W neck",
					"from": [ 0.5, 4.5, 1.0 ],
					"to": [ 1.0, 5.5, 5.0 ],
					"uv": [ 3.0, 0.0 ],
					"faces": {
						"north": { "texture": "#ceramic", "uv": [ 0.0, 0.0, 0.5, 1.0 ], "enabled": false },
						"east": { "texture": "#ceramic", "uv": [ 7.0, 0.0, 11.0, 1.0 ] },
						"south": { "texture": "#ceramic", "uv": [ 0.0, 0.0, 0.5, 1.0 ], "enabled": false },
						"west": { "texture": "#ceramic", "uv": [ 7.0, 0.0, 11.0, 1.0 ] },
						"up": { "texture": "#ceramic", "uv": [ 3.0, 5.0, 3.5, 9.0 ] },
						"down": { "texture": "#ceramic", "uv": [ 3.0, 3.0, 3.5, 7.0 ] }
					}
				},
				{
					"name": "E neck",
					"from": [ 5.0, 4.5, 1.0 ],
					"to": [ 5.5, 5.5, 5.0 ],
					"uv": [ 3.0, 0.0 ],
					"faces": {
						"north": { "texture": "#ceramic", "uv": [ 0.0, 0.0, 0.5, 1.0 ], "enabled": false },
						"east": { "texture": "#ceramic", "uv": [ 7.0, 0.0, 11.0, 1.0 ] },
						"south": { "texture": "#ceramic", "uv": [ 0.0, 0.0, 0.5, 1.0 ], "enabled": false },
						"west": { "texture": "#ceramic", "uv": [ 8.0, 0.0, 12.0, 1.0 ] },
						"up": { "texture": "#ceramic", "uv": [ 9.0, 3.0, 9.5, 7.0 ] },
						"down": { "texture": "#ceramic", "uv": [ 3.0, 3.0, 3.5, 7.0 ] }
					}
				},
				{
					"name": "handle",
					"from": [ -1.0, 3.5, 1.5 ],
					"to": [ 0.0, 4.0, 2.0 ],
					"uv": [ 0.0, 0.0 ],
					"rotationOrigin": [ -1.0, 3.5, 1.5 ],
					"rotationZ": -22.5,
					"faces": {
						"north": { "texture": "#handle", "uv": [ 0.0, 0.5, 1.0, 1.0 ] },
						"east": { "texture": "#handle", "uv": [ 1.0, 0.5, 1.5, 1.0 ] },
						"south": { "texture": "#handle", "uv": [ 1.5, 0.5, 2.5, 1.0 ] },
						"west": { "texture": "#handle", "uv": [ 2.5, 0.5, 3.0, 1.0 ] },
						"up": { "texture": "#handle", "uv": [ 0.0, 0.0, 1.0, 0.5 ] },
						"down": { "texture": "#handle", "uv": [ 1.0, 0.0, 2.0, 0.5 ] }
					},
					"children": [
						{
							"name": "handle1",
							"from": [ 0.0, 0.0, 2.5 ],
							"to": [ 1.0, 0.5, 3.0 ],
							"uv": [ 0.0, 0.0 ],
							"rotationOrigin": [ 0.0, 0.0, 2.5 ],
							"faces": {
								"north": { "texture": "#handle", "uv": [ 0.0, 0.5, 1.0, 1.0 ] },
								"east": { "texture": "#handle", "uv": [ 1.0, 0.5, 1.5, 1.0 ] },
								"south": { "texture": "#handle", "uv": [ 1.5, 0.5, 2.5, 1.0 ] },
								"west": { "texture": "#handle", "uv": [ 2.5, 0.5, 3.0, 1.0 ] },
								"up": { "texture": "#handle", "uv": [ 0.0, 0.0, 1.0, 0.5 ] },
								"down": { "texture": "#handle", "uv": [ 1.0, 0.0, 2.0, 0.5 ] }
							}
						},
						{
							"name": "handle2",
							"from": [ -0.5, 0.0, 0.0 ],
							"to": [ 0.0, 0.5, 3.0 ],
							"uv": [ 0.0, 0.0 ],
							"rotationOrigin": [ -0.5, 0.0, 0.0 ],
							"faces": {
								"north": { "texture": "#handle", "uv": [ 0.0, 3.0, 0.5, 3.5 ] },
								"east": { "texture": "#handle", "uv": [ 0.5, 3.0, 3.5, 3.5 ] },
								"south": { "texture": "#handle", "uv": [ 3.5, 3.0, 4.0, 3.5 ] },
								"west": { "texture": "#handle", "uv": [ 4.0, 3.0, 7.0, 3.5 ] },
								"up": { "texture": "#handle", "uv": [ 0.0, 0.0, 0.5, 3.0 ] },
								"down": { "texture": "#handle", "uv": [ 0.5, 0.0, 1.0, 3.0 ] }
							}
						},
						{
							"name": "handle3",
							"from": [ 6.391, 3.0615, 0.0 ],
							"to": [ 7.391, 3.5615, 0.5 ],
							"uv": [ 0.0, 0.0 ],
							"rotationOrigin": [ 7.391, 3.0615, 0.0 ],
							"rotationZ": 45.0,
							"faces": {
								"north": { "texture": "#handle", "uv": [ 0.0, 0.5, 1.0, 1.0 ] },
								"east": { "texture": "#handle", "uv": [ 1.0, 0.5, 1.5, 1.0 ] },
								"south": { "texture": "#handle", "uv": [ 1.5, 0.5, 2.5, 1.0 ] },
								"west": { "texture": "#handle", "uv": [ 2.5, 0.5, 3.0, 1.0 ] },
								"up": { "texture": "#handle", "uv": [ 0.0, 0.0, 1.0, 0.5 ] },
								"down": { "texture": "#handle", "uv": [ 1.0, 0.0, 2.0, 0.5 ] }
							},
							"children": [
								{
									"name": "handle4",
									"from": [ 0.0, 0.0, 2.5 ],
									"to": [ 1.0, 0.5, 3.0 ],
									"uv": [ 0.0, 0.0 ],
									"rotationOrigin": [ 0.0, 0.0, 2.5 ],
									"faces": {
										"north": { "texture": "#handle", "uv": [ 0.0, 0.5, 1.0, 1.0 ] },
										"east": { "texture": "#handle", "uv": [ 1.0, 0.5, 1.5, 1.0 ] },
										"south": { "texture": "#handle", "uv": [ 1.5, 0.5, 2.5, 1.0 ] },
										"west": { "texture": "#handle", "uv": [ 2.5, 0.5, 3.0, 1.0 ] },
										"up": { "texture": "#handle", "uv": [ 0.0, 0.0, 1.0, 0.5 ] },
										"down": { "texture": "#handle", "uv": [ 1.0, 0.0, 2.0, 0.5 ] }
									}
								},
								{
									"name": "handle5",
									"from": [ 1.0, 0.0, 0.0 ],
									"to": [ 1.5, 0.5, 3.0 ],
									"uv": [ 0.0, 0.0 ],
									"rotationOrigin": [ 1.0, 0.0, 0.0 ],
									"faces": {
										"north": { "texture": "#handle", "uv": [ 0.0, 3.0, 0.5, 3.5 ] },
										"east": { "texture": "#handle", "uv": [ 0.5, 3.0, 3.5, 3.5 ] },
										"south": { "texture": "#handle", "uv": [ 3.5, 3.0, 4.0, 3.5 ] },
										"west": { "texture": "#handle", "uv": [ 4.0, 3.0, 7.0, 3.5 ] },
										"up": { "texture": "#handle", "uv": [ 0.0, 0.0, 0.5, 3.0 ] },
										"down": { "texture": "#handle", "uv": [ 0.5, 0.0, 1.0, 3.0 ] }
									}
								}
							]
						}
					]
				}
			]
		}
	]}