{"editor": {"allAngles": false, "entityTextureMode": false}, "textureWidth": 16, "textureHeight": 16, "textureSizes": {"material": [16, 16]}, "textures": {}, "elements": [{"name": "main", "from": [0.0, 0.0, 0.0], "to": [0.0, 0.0, 0.0], "rotationOrigin": [8.0, 0.0, 8.0], "faces": {"north": {"texture": "#null", "uv": [0.0, 0.0, 0.5, 0.5], "enabled": false}, "east": {"texture": "#null", "uv": [0.0, 0.0, 0.5, 0.5], "enabled": false}, "south": {"texture": "#null", "uv": [0.0, 0.0, 0.5, 0.5], "enabled": false}, "west": {"texture": "#null", "uv": [0.0, 0.0, 0.5, 0.5], "enabled": false}, "up": {"texture": "#null", "uv": [0.0, 0.0, 0.5, 0.5], "enabled": false}, "down": {"texture": "#null", "uv": [0.0, 0.0, 0.5, 0.5], "enabled": false}}, "children": [{"name": "middle", "from": [0.0, 0.0, 0.0], "to": [0.0, 0.0, 0.0], "faces": {"north": {"texture": "#null", "uv": [0.0, 0.0, 0.5, 0.5], "enabled": false}, "east": {"texture": "#null", "uv": [0.0, 0.0, 0.5, 0.5], "enabled": false}, "south": {"texture": "#null", "uv": [0.0, 0.0, 0.5, 0.5], "enabled": false}, "west": {"texture": "#null", "uv": [0.0, 0.0, 0.5, 0.5], "enabled": false}, "up": {"texture": "#null", "uv": [0.0, 0.0, 0.5, 0.5], "enabled": false}, "down": {"texture": "#null", "uv": [0.0, 0.0, 0.5, 0.5], "enabled": false}}, "children": [{"name": "0", "from": [16.365, 7.0, -0.05], "to": [20.138, 9.0, 16.05], "rotationOrigin": [8.0, 7.0, 7.95], "rotationZ": 45.0, "faces": {"north": {"texture": "#material", "uv": [0.0, 1.0, 3.5, 3.0]}, "east": {"texture": "#material", "uv": [0.0, 1.0, 16.0, 3.0], "windMode": [-1, -1, -1, -1], "windData": [0, 1, 1, 0]}, "south": {"texture": "#material", "uv": [12.5, 1.0, 16.0, 3.0]}, "west": {"texture": "#material", "uv": [0.0, 1.0, 16.0, 3.0], "windMode": [-1, -1, -1, -1]}, "up": {"texture": "#material", "uv": [0.0, 0.0, 16.0, 3.5], "rotation": 90, "windMode": [-1, -1, -1, -1], "windData": [0, 0, 1, 1]}, "down": {"texture": "#material", "uv": [0.0, 0.0, 16.0, 3.5], "rotation": 270}}, "children": [{"name": "snow", "from": [0.0, 2.02, 0.0], "to": [3.7730000000000032, 5.0, 16.1], "rotationOrigin": [8.0, 7.0, 7.95], "faces": {"north": {"uv": [0.0, 2.02, 3.7730000000000032, 5.0], "texture": "#snowcover"}, "east": {"uv": [0, 2.02, 0, 5.0], "texture": "#snowcover"}, "south": {"uv": [0.0, 2.02, 3.7730000000000032, 5.0], "texture": "#snowcover"}, "west": {"uv": [0, 2.02, 0, 5.0], "texture": "#snowcover"}, "up": {"texture": "#snowcover", "uv": [0.0, 0.0, 16.0, 3.5], "rotation": 90, "windMode": [-1, -1, -1, -1], "windData": [0, 0, 1, 1]}, "down": {"texture": "#snowcover", "uv": [0.0, 0.0, 16.0, 3.5], "rotation": 270}}}]}, {"name": "1", "from": [12.592, 7.0, -0.05], "to": [16.365, 9.0, 16.05], "rotationOrigin": [8.0, 7.0, 7.95], "rotationZ": 45.0, "faces": {"north": {"texture": "#material", "uv": [3.5, 1.0, 7.0, 3.0]}, "east": {"texture": "#material", "uv": [0.0, 1.0, 16.0, 3.0], "windMode": [-1, -1, -1, -1], "windData": [0, 1, 1, 0]}, "south": {"texture": "#material", "uv": [9.5, 1.0, 13.0, 3.0]}, "west": {"texture": "#material", "uv": [0.0, 1.0, 16.0, 3.0], "windMode": [-1, -1, -1, -1]}, "up": {"texture": "#material", "uv": [0.0, 3.5, 16.0, 7.0], "rotation": 90, "windMode": [-1, -1, -1, -1], "windData": [0, 0, 1, 1]}, "down": {"texture": "#material", "uv": [0.0, 3.5, 16.0, 7.0], "rotation": 270}}, "children": [{"name": "snow", "from": [0.0, 2.02, 0.0], "to": [3.772999999999998, 5.0, 16.1], "rotationOrigin": [8.0, 7.0, 7.95], "faces": {"north": {"uv": [0.0, 2.02, 3.772999999999998, 5.0], "texture": "#snowcover"}, "east": {"uv": [0, 2.02, 0, 5.0], "texture": "#snowcover"}, "south": {"uv": [0.0, 2.02, 3.772999999999998, 5.0], "texture": "#snowcover"}, "west": {"uv": [0, 2.02, 0, 5.0], "texture": "#snowcover"}, "up": {"texture": "#snowcover", "uv": [0.0, 3.5, 16.0, 7.0], "rotation": 90, "windMode": [-1, -1, -1, -1], "windData": [0, 0, 1, 1]}, "down": {"texture": "#snowcover", "uv": [0.0, 3.5, 16.0, 7.0], "rotation": 270}}}]}, {"name": "2", "from": [8.819, 7.0, -0.05], "to": [12.592, 9.0, 16.05], "rotationOrigin": [8.0, 7.0, 7.95], "rotationZ": 45.0, "faces": {"north": {"texture": "#material", "uv": [7.0, 1.0, 10.5, 3.0]}, "east": {"texture": "#material", "uv": [0.0, 1.0, 16.0, 3.0], "windMode": [-1, -1, -1, -1], "windData": [0, 1, 1, 0]}, "south": {"texture": "#material", "uv": [5.5, 1.0, 9.0, 3.0]}, "west": {"texture": "#material", "uv": [0.0, 1.0, 16.0, 3.0], "windMode": [-1, -1, -1, -1]}, "up": {"texture": "#material", "uv": [0.0, 7.0, 16.0, 10.5], "rotation": 90, "windMode": [-1, -1, -1, -1], "windData": [0, 0, 1, 1]}, "down": {"texture": "#material", "uv": [0.0, 7.0, 16.0, 10.5], "rotation": 270}}, "children": [{"name": "snow", "from": [0.0, 2.02, 0.0], "to": [3.7729999999999997, 5.0, 16.1], "rotationOrigin": [8.0, 7.0, 7.95], "faces": {"north": {"uv": [0.0, 2.02, 3.7729999999999997, 5.0], "texture": "#snowcover"}, "east": {"uv": [0, 2.02, 0, 5.0], "texture": "#snowcover"}, "south": {"uv": [0.0, 2.02, 3.7729999999999997, 5.0], "texture": "#snowcover"}, "west": {"uv": [0, 2.02, 0, 5.0], "texture": "#snowcover"}, "up": {"texture": "#snowcover", "uv": [0.0, 7.0, 16.0, 10.5], "rotation": 90, "windMode": [-1, -1, -1, -1], "windData": [0, 0, 1, 1]}, "down": {"texture": "#snowcover", "uv": [0.0, 7.0, 16.0, 10.5], "rotation": 270}}}]}, {"name": "3", "from": [5.046, 7.0, -0.05], "to": [8.819, 9.0, 16.05], "rotationOrigin": [8.0, 7.0, 7.95], "rotationZ": 45.0, "faces": {"north": {"texture": "#material", "uv": [10.5, 1.0, 14.0, 3.0]}, "east": {"texture": "#material", "uv": [0.0, 1.0, 16.0, 3.0], "windMode": [-1, -1, -1, -1], "windData": [0, 1, 1, 0]}, "south": {"texture": "#material", "uv": [2.0, 1.0, 5.5, 3.0]}, "west": {"texture": "#material", "uv": [0.0, 1.0, 16.0, 3.0], "windMode": [-1, -1, -1, -1]}, "up": {"texture": "#material", "uv": [0.0, 10.5, 16.0, 14.0], "rotation": 90, "windMode": [-1, -1, -1, -1], "windData": [0, 0, 1, 1]}, "down": {"texture": "#material", "uv": [0.0, 10.5, 16.0, 14.0], "rotation": 270}}, "children": [{"name": "snow", "from": [0.0, 2.02, 0.0], "to": [3.7730000000000006, 5.0, 16.1], "rotationOrigin": [8.0, 7.0, 7.95], "faces": {"north": {"uv": [0.0, 2.02, 3.7730000000000006, 5.0], "texture": "#snowcover"}, "east": {"uv": [0, 2.02, 0, 5.0], "texture": "#snowcover"}, "south": {"uv": [0.0, 2.02, 3.7730000000000006, 5.0], "texture": "#snowcover"}, "west": {"uv": [0, 2.02, 0, 5.0], "texture": "#snowcover"}, "up": {"texture": "#snowcover", "uv": [0.0, 10.5, 16.0, 14.0], "rotation": 90, "windMode": [-1, -1, -1, -1], "windData": [0, 0, 1, 1]}, "down": {"texture": "#snowcover", "uv": [0.0, 10.5, 16.0, 14.0], "rotation": 270}}}]}, {"name": "4", "from": [1.273, 7.0, -0.05], "to": [5.046, 9.0, 16.05], "rotationOrigin": [8.0, 7.0, 7.95], "rotationZ": 45.0, "faces": {"north": {"texture": "#material", "uv": [12.5, 1.0, 16.0, 3.0]}, "east": {"texture": "#material", "uv": [0.0, 1.0, 16.0, 3.0], "windMode": [-1, -1, -1, -1], "windData": [0, 1, 1, 0]}, "south": {"texture": "#material", "uv": [0.0, 1.0, 3.5, 3.0]}, "west": {"texture": "#material", "uv": [0.0, 1.0, 16.0, 3.0], "windMode": [-1, -1, -1, -1]}, "up": {"texture": "#material", "uv": [0.0, 9.0, 16.0, 12.5], "rotation": 90, "windMode": [-1, -1, -1, -1], "windData": [0, 0, 1, 1]}, "down": {"texture": "#material", "uv": [0.0, 9.0, 16.0, 12.5], "rotation": 270}}, "children": [{"name": "snow", "from": [0.0, 2.02, 0.0], "to": [3.7730000000000006, 5.0, 16.1], "rotationOrigin": [8.0, 7.0, 7.95], "faces": {"north": {"uv": [0.0, 2.02, 3.7730000000000006, 5.0], "texture": "#snowcover"}, "east": {"uv": [0, 2.02, 0, 5.0], "texture": "#snowcover"}, "south": {"uv": [0.0, 2.02, 3.7730000000000006, 5.0], "texture": "#snowcover"}, "west": {"uv": [0, 2.02, 0, 5.0], "texture": "#snowcover"}, "up": {"texture": "#snowcover", "uv": [0.0, 9.0, 16.0, 12.5], "rotation": 90, "windMode": [-1, -1, -1, -1], "windData": [0, 0, 1, 1]}, "down": {"texture": "#snowcover", "uv": [0.0, 9.0, 16.0, 12.5], "rotation": 270}}}]}, {"name": "5", "from": [-2.5, 7.0, -0.05], "to": [1.273, 9.0, 16.05], "rotationOrigin": [8.0, 7.0, 7.95], "rotationZ": 45.0, "faces": {"north": {"texture": "#material", "uv": [6.5, 1.0, 10.0, 3.0]}, "east": {"texture": "#material", "uv": [0.0, 1.0, 16.0, 3.0], "windMode": [-1, -1, -1, -1], "windData": [0, 1, 1, 0]}, "south": {"texture": "#material", "uv": [5.0, 1.0, 8.5, 3.0]}, "west": {"texture": "#material", "uv": [0.0, 1.0, 16.0, 3.0], "windMode": [-1, -1, -1, -1]}, "up": {"texture": "#material", "uv": [0.0, 12.5, 16.0, 16.0], "rotation": 90, "windMode": [-1, -1, -1, -1], "windData": [0, 0, 1, 1]}, "down": {"texture": "#material", "uv": [0.0, 12.5, 16.0, 16.0], "rotation": 270}}, "children": [{"name": "snow", "from": [0.0, 2.02, 0.0], "to": [3.7729999999999997, 5.0, 16.1], "rotationOrigin": [8.0, 7.0, 7.95], "faces": {"north": {"uv": [0.0, 2.02, 3.7729999999999997, 5.0], "texture": "#snowcover"}, "east": {"uv": [0, 2.02, 0, 5.0], "texture": "#snowcover"}, "south": {"uv": [0.0, 2.02, 3.7729999999999997, 5.0], "texture": "#snowcover"}, "west": {"uv": [0, 2.02, 0, 5.0], "texture": "#snowcover"}, "up": {"texture": "#snowcover", "uv": [0.0, 12.5, 16.0, 16.0], "rotation": 90, "windMode": [-1, -1, -1, -1], "windData": [0, 0, 1, 1]}, "down": {"texture": "#snowcover", "uv": [0.0, 12.5, 16.0, 16.0], "rotation": 270}}}]}]}]}]}