{
	"editor": {
		"collapsedPaths": ",Root/food,Root/Cube2/feet,Root/large,Root/origin/main",
		"allAngles": false,
		"entityTextureMode": true
	},
	"textureWidth": 16,
	"textureHeight": 16,
	"textureSizes": {
		"fat": [8,8],
		"animalfat": [16,16]
	},
	"textures": {
		"material": "block/metal/sheet/iron2"
	},
	"elements": [
		{
			"name": "Cube14",
			"from": [ 2.5, 8.2, 2.5 ],
			"to": [ 13.5, 8.7, 13.5 ],
			"autoUnwrap": false,
			"uv": [ 0.0, 0.0 ],
			"rotationOrigin": [ 2.5, 8.2, 2.5 ],
			"faces": {
				"north": { "texture": "#material", "uv": [ 0.0, 9.0, 11.0, 9.5 ] },
				"east": { "texture": "#material", "uv": [ 5.0, 8.5, 16.0, 9.0 ] },
				"south": { "texture": "#material", "uv": [ 4.0, 9.0, 15.0, 9.5 ] },
				"west": { "texture": "#material", "uv": [ 4.0, 9.0, 15.0, 9.5 ] },
				"up": { "texture": "#material", "uv": [ 0.0, 0.0, 11.0, 11.0 ] },
				"down": { "texture": "#material", "uv": [ 5.0, 0.0, 16.0, 11.0 ] }
			},
			"children": [
				{
					"name": "Cube15",
					"from": [ 4.0, 2.0, 4.9 ],
					"to": [ 7.0, 2.5, 5.9 ],
					"uv": [ 0.0, 0.0 ],
					"rotationOrigin": [ 4.0, 2.0, 4.9 ],
					"faces": {
						"north": { "texture": "#material", "uv": [ 0.0, 1.0, 3.0, 1.5 ] },
						"east": { "texture": "#material", "uv": [ 3.0, 1.0, 4.0, 1.5 ] },
						"south": { "texture": "#material", "uv": [ 4.0, 1.0, 7.0, 1.5 ] },
						"west": { "texture": "#material", "uv": [ 7.0, 1.0, 8.0, 1.5 ] },
						"up": { "texture": "#material", "uv": [ 0.0, 0.0, 3.0, 1.0 ] },
						"down": { "texture": "#material", "uv": [ 3.0, 0.0, 6.0, 1.0 ] }
					}
				},
				{
					"name": "Cube17",
					"from": [ 4.0, 1.02, 4.9 ],
					"to": [ 4.5, 2.02, 5.9 ],
					"uv": [ 0.0, 0.0 ],
					"rotationOrigin": [ 4.0, 1.0, 4.9 ],
					"faces": {
						"north": { "texture": "#material", "uv": [ 0.0, 1.0, 0.5, 2.0 ] },
						"east": { "texture": "#material", "uv": [ 0.5, 1.0, 1.5, 2.0 ] },
						"south": { "texture": "#material", "uv": [ 1.5, 1.0, 2.0, 2.0 ] },
						"west": { "texture": "#material", "uv": [ 2.0, 1.0, 3.0, 2.0 ] },
						"up": { "texture": "#material", "uv": [ 0.0, 0.0, 0.5, 1.0 ] },
						"down": { "texture": "#material", "uv": [ 0.5, 0.0, 1.0, 1.0 ] }
					}
				},
				{
					"name": "Cube18",
					"from": [ 6.5, 1.02, 4.9 ],
					"to": [ 7.0, 2.02, 5.9 ],
					"uv": [ 0.0, 0.0 ],
					"rotationOrigin": [ 6.5, 1.0, 4.9 ],
					"faces": {
						"north": { "texture": "#material", "uv": [ 0.0, 1.0, 0.5, 2.0 ] },
						"east": { "texture": "#material", "uv": [ 0.5, 1.0, 1.5, 2.0 ] },
						"south": { "texture": "#material", "uv": [ 1.5, 1.0, 2.0, 2.0 ] },
						"west": { "texture": "#material", "uv": [ 2.0, 1.0, 3.0, 2.0 ] },
						"up": { "texture": "#material", "uv": [ 0.0, 0.0, 0.5, 1.0 ] },
						"down": { "texture": "#material", "uv": [ 0.5, 0.0, 1.0, 1.0 ] }
					}
				},
				{
					"name": "Cube16",
					"from": [ 2.5, 0.5, 2.5 ],
					"to": [ 8.5, 1.0, 8.5 ],
					"autoUnwrap": false,
					"uv": [ 0.0, 0.0 ],
					"rotationOrigin": [ 2.5, 0.5, 2.5 ],
					"faces": {
						"north": { "texture": "#material", "uv": [ 0.0, 9.0, 6.0, 9.5 ] },
						"east": { "texture": "#material", "uv": [ 5.0, 8.5, 11.0, 9.0 ] },
						"south": { "texture": "#material", "uv": [ 4.0, 9.0, 10.0, 9.5 ] },
						"west": { "texture": "#material", "uv": [ 4.0, 9.0, 10.0, 9.5 ] },
						"up": { "texture": "#material", "uv": [ 0.0, 0.0, 6.0, 6.0 ] },
						"down": { "texture": "#material", "uv": [ 5.0, 0.0, 11.0, 6.0 ] }
					}
				}
			]
		}
	]}