[
  {
    "file": "game:entities/humanoid/player",
    "op": "Add",
    "path": "/client/animations/-",
    "value": {
      "code": "interact-long",
      "animation": "interact-long",
      "animationSpeed": 0.9,
      "weight": 0.0,
      "easeInSpeed": 4,
      "easeOutSpeed": 5,
      "elementWeight": {
        "UpperArmR": 20,
        "LowerArmR": 20,
        "UpperArmL": 20,
        "LowerArmL": 20
      },
      "elementBlendMode": {
        "UpperArmR": "AddAverage",
        "LowerArmR": "AddAverage",
        "UpperArmL": "AddAverage",
        "LowerArmL": "AddAverage"
      }
	  
    }
  },
  {
    "file": "game:shapes/entity/humanoid/seraph-faceless",
    "op": "Add",
    "path": "/animations/-",
    "value": {
      "name": "interact-long",
      "code": "interact-long",
      "quantityframes": 16,
      "onActivityStopped": "EaseOut",
      "onAnimationEnd": "hold",
      "keyframes": [
				{
					"frame": 0,
					"elements": {
						"LowerTorso": { "offsetX": 0.0, "offsetY": 0.0, "offsetZ": 0.0, "rotationX": -1.0, "rotationY": 0.0, "rotationZ": 2.0 },
						"UpperTorso": { "offsetX": 0.0, "offsetY": 0.0, "offsetZ": 0.0, "rotationX": 0.0, "rotationY": 3.0, "rotationZ": 10.0 },
						"UpperArmR": { "offsetX": -0.2, "offsetY": -0.3, "offsetZ": 0.0, "rotationX": 8.0, "rotationY": 8.0, "rotationZ": -52.0 },
						"LowerArmR": { "offsetX": 0.0, "offsetY": 0.0, "offsetZ": 0.0, "rotationX": 0.0, "rotationY": 0.0, "rotationZ": -19.0 },
						"ItemAnchor": { "rotationX": 0.0, "rotationY": 0.0, "rotationZ": -83.0 },
						"UpperArmL": { "offsetX": 0.0, "offsetY": 0.0, "offsetZ": 0.0, "rotationX": -6.0, "rotationY": 3.0, "rotationZ": -2.0 },
						"LowerArmL": { "offsetX": 0.0, "offsetY": 0.0, "offsetZ": 0.0, "rotationX": 0.0, "rotationY": 0.0, "rotationZ": -5.0 },
						"Head": { "offsetX": 0.0, "offsetY": 0.0, "offsetZ": 0.0, "rotationX": 1.0, "rotationY": -2.0, "rotationZ": -3.0 },
						"UpperFootL": { "offsetX": 0.0, "offsetY": 0.0, "offsetZ": 0.0, "rotationX": 0.0, "rotationY": 2.0, "rotationZ": 2.0 },
						"LowerFootL": { "offsetX": 0.0, "offsetY": 0.0, "offsetZ": 0.0, "rotationX": 0.0, "rotationY": 0.0, "rotationZ": 2.0 },
						"UpperFootR": { "offsetX": 0.0, "offsetY": 0.0, "offsetZ": 0.0, "rotationX": 2.0, "rotationY": 0.0, "rotationZ": -5.0 },
						"LowerFootR": { "offsetX": 0.0, "offsetY": 0.0, "offsetZ": 0.0, "rotationX": 0.0, "rotationY": 0.0, "rotationZ": 6.0 }
					}
				},
				{
					"frame": 15,
					"elements": {
						"LowerTorso": { "offsetX": 0.0, "offsetY": 0.0, "offsetZ": 0.0, "rotationX": -1.0, "rotationY": 0.0, "rotationZ": 2.0 },
						"UpperTorso": { "offsetX": 0.0, "offsetY": 0.0, "offsetZ": 0.0, "rotationX": 0.0, "rotationY": 3.0, "rotationZ": 10.0 },
						"UpperArmR": { "offsetX": -0.2, "offsetY": -0.3, "offsetZ": 0.0, "rotationX": 9.0, "rotationY": 7.0, "rotationZ": -51.0 },
						"LowerArmR": { "offsetX": 0.0, "offsetY": 0.0, "offsetZ": 0.0, "rotationX": -1.0, "rotationY": 2.0, "rotationZ": -22.0 },
						"UpperArmL": { "offsetX": 0.0, "offsetY": 0.0, "offsetZ": 0.0, "rotationX": -6.0, "rotationY": 3.0, "rotationZ": -2.0 },
						"LowerArmL": { "offsetX": 0.0, "offsetY": 0.0, "offsetZ": 0.0, "rotationX": 0.0, "rotationY": 0.0, "rotationZ": -5.0 },
						"Head": { "offsetX": 0.0, "offsetY": 0.0, "offsetZ": 0.0, "rotationX": 1.0, "rotationY": -2.0, "rotationZ": -3.0 },
						"UpperFootL": { "offsetX": 0.0, "offsetY": 0.0, "offsetZ": 0.0, "rotationX": 0.0, "rotationY": 2.0, "rotationZ": 2.0 },
						"LowerFootL": { "offsetX": 0.0, "offsetY": 0.0, "offsetZ": 0.0, "rotationX": 0.0, "rotationY": 0.0, "rotationZ": 2.0 },
						"UpperFootR": { "offsetX": 0.0, "offsetY": 0.0, "offsetZ": 0.0, "rotationX": 2.0, "rotationY": 0.0, "rotationZ": -5.0 },
						"LowerFootR": { "offsetX": 0.0, "offsetY": 0.0, "offsetZ": 0.0, "rotationX": 0.0, "rotationY": 0.0, "rotationZ": 6.0 }
					}
				}
			]
    }
  }
]
