[
  {
    "file": "game:entities/humanoid/player",
    "op": "Add",
    "path": "/client/animations/-",
    "value": {
      "code": "stick-sling-aim",
      "animation": "stick-sling-aim",
      "animationSpeed": 1.3,
      "weight": 0.0,
      "easeInSpeed": 4,
      "easeOutSpeed": 5,
      "elementWeight": {
        "UpperArmR": 20,
        "LowerArmR": 20,
        "UpperArmL": 20,
        "LowerArmL": 20
      },
      "elementBlendMode": {
        "UpperArmR": "AddAverage",
        "LowerArmR": "AddAverage",
        "UpperArmL": "AddAverage",
        "LowerArmL": "AddAverage"
      }
	  
    }
  },
  {
    "file": "game:shapes/entity/humanoid/seraph-faceless",
    "op": "Add",
    "path": "/animations/-",
    "value": {
      "name": "stick-sling-aim",
      "code": "stick-sling-aim",
      "quantityframes": 25,
      "onActivityStopped": "stop",
      "onAnimationEnd": "hold",
      "keyframes": [
				{
					"frame": 0,
					"elements": {
						"LowerTorso": { "offsetX": 0.0, "offsetY": 0.0, "offsetZ": 0.0, "rotationX": 0.0, "rotationY": 0.0, "rotationZ": 0.0 },
						"UpperTorso": { "offsetX": 0.0, "offsetY": 0.0, "offsetZ": 0.0, "rotationX": 0.0, "rotationY": 0.0, "rotationZ": 0.0 },
						"UpperArmR": { "offsetX": 0.0, "offsetY": 0.0, "offsetZ": 0.0, "rotationX": 0.0, "rotationY": 0.0, "rotationZ": 0.0 },
						"LowerArmR": { "offsetX": 0.0, "offsetY": 0.0, "offsetZ": 0.0, "rotationX": 0.0, "rotationY": 0.0, "rotationZ": 0.0 },
						"UpperArmL": { "offsetX": 0.0, "offsetY": 0.0, "offsetZ": 0.0, "rotationX": 0.0, "rotationY": 0.0, "rotationZ": 0.0 },
						"LowerArmL": { "offsetX": 0.0, "offsetY": 0.0, "offsetZ": 0.0, "rotationX": 0.0, "rotationY": 0.0, "rotationZ": 0.0 },
						"Neck": { "rotationX": 0.0, "rotationY": 0.0, "rotationZ": 0.0 },
						"Head": { "rotationX": 0.0, "rotationY": 0.0, "rotationZ": 0.0 },
						"UpperFootL": { "rotationX": 0.0, "rotationY": 0.0, "rotationZ": 0.0 },
						"UpperFootR": { "rotationX": 0.0, "rotationY": 0.0, "rotationZ": 0.0 },
						"ItemAnchor": { "offsetX": 0.0, "offsetY": 0.0, "offsetZ": 0.0, "rotationX": 0.0, "rotationY": 0.0, "rotationZ": 0.0 }
					}
				},
				{
					"frame": 11,
					"elements": {
						"UpperArmL": { "rotationX": 0.0, "rotationY": -75.0, "rotationZ": -61.0 },
						"ItemAnchor": { "rotationX": 0.0, "rotationY": -39.0, "rotationZ": -39.0 }
					}
				},
				{
					"frame": 17,
					"elements": {
						"UpperArmL": { "rotationX": 0.0, "rotationY": -50.0, "rotationZ": -83.0 },
						"LowerArmL": { "rotationX": 0.0, "rotationY": 0.0, "rotationZ": -61.0 },
						"ItemAnchor": { "offsetX": -5.0, "offsetY": 0.0, "offsetZ": 0.0, "rotationX": 0.0, "rotationY": -64.0, "rotationZ": -42.0 }
					}
				},
				{
					"frame": 24,
					"elements": {
						"LowerTorso": { "offsetX": 0.0, "offsetY": 0.0, "offsetZ": 0.0, "rotationX": -2.0, "rotationY": -44.0, "rotationZ": -8.0 },
						"UpperTorso": { "offsetX": 0.0, "offsetY": 0.0, "offsetZ": 0.0, "rotationX": 5.0, "rotationY": -12.0, "rotationZ": 0.0 },
						"UpperArmR": { "offsetX": 0.0, "offsetY": 0.0, "offsetZ": 0.0, "rotationX": 69.0, "rotationY": -22.0, "rotationZ": -6.0 },
						"LowerArmR": { "offsetX": 0.0, "offsetY": 1.0, "offsetZ": 0.0, "rotationX": 6.0, "rotationY": 0.0, "rotationZ": -108.0 },
						"UpperArmL": { "offsetX": 0.0, "offsetY": 0.0, "offsetZ": 0.0, "rotationX": -14.0, "rotationY": 0.0, "rotationZ": -69.0 },
						"LowerArmL": { "offsetX": 0.0, "offsetY": 0.0, "offsetZ": 0.0, "rotationX": -3.0, "rotationY": -11.0, "rotationZ": -39.0 },
						"Neck": { "rotationX": 0.0, "rotationY": 11.0, "rotationZ": 0.0 },
						"Head": { "rotationX": 0.0, "rotationY": 17.0, "rotationZ": 8.0 },
						"UpperFootL": { "rotationX": -6.0, "rotationY": 36.0, "rotationZ": 8.0 },
						"UpperFootR": { "rotationX": 0.0, "rotationY": 25.0, "rotationZ": 8.0 },
						"ItemAnchor": { "offsetX": -6.5, "offsetY": 0.0, "offsetZ": -0.5, "rotationX": 44.0, "rotationY": -123.0, "rotationZ": 0.0 }
					}
				}
			]
    }
  }
]
