[
  {
    "file": "game:entities/humanoid/player",
    "op": "Add",
    "path": "/client/animations/-",
    "value": {
      "code": "stick-sling-throw",
      "animation": "stick-sling-throw",
      "animationSpeed": 3.4,
      "weight": 0.0,
      "easeInSpeed": 2,
      "easeOutSpeed": 2,
      "elementWeight": {
        "UpperArmR": 20,
        "LowerArmR": 20,
        "UpperArmL": 20,
        "LowerArmL": 20
      },
      "elementBlendMode": {
        "UpperArmR": "AddAverage",
        "LowerArmR": "AddAverage",
        "UpperArmL": "AddAverage",
        "LowerArmL": "AddAverage"
      }
	  
    }
  },
  {
    "file": "game:shapes/entity/humanoid/seraph-faceless",
    "op": "Add",
    "path": "/animations/-",
    "value": {
      "name": "stick-sling-throw",
      "code": "stick-sling-throw",
      "quantityframes": 15,
      "onActivityStopped": "EaseOut",
      "onAnimationEnd": "hold",
      "keyframes": [
				{
					"frame": 0,
					"elements": {
						"LowerTorso": { "offsetX": 0.0, "offsetY": 0.0, "offsetZ": 0.0, "rotationX": -2.0, "rotationY": -44.0, "rotationZ": -8.0 },
						"UpperTorso": { "offsetX": 0.0, "offsetY": 0.0, "offsetZ": 0.0, "rotationX": 5.0, "rotationY": -12.0, "rotationZ": 0.0 },
						"UpperArmR": { "offsetX": 0.0, "offsetY": 0.0, "offsetZ": 0.0, "rotationX": 86.0, "rotationY": -22.0, "rotationZ": -6.0 },
						"LowerArmR": { "offsetX": 0.0, "offsetY": 1.0, "offsetZ": 0.0, "rotationX": 0.0, "rotationY": 0.0, "rotationZ": -116.0 },
						"UpperArmL": { "offsetX": 0.0, "offsetY": 0.0, "offsetZ": 0.0, "rotationX": -11.0, "rotationY": 6.0, "rotationZ": -80.0 },
						"LowerArmL": { "offsetX": 0.0, "offsetY": 0.0, "offsetZ": 0.0, "rotationX": 19.0, "rotationY": 0.0, "rotationZ": -17.0 },
						"Neck": { "rotationX": 0.0, "rotationY": 11.0, "rotationZ": 0.0 },
						"Head": { "rotationX": 0.0, "rotationY": 17.0, "rotationZ": 8.0 },
						"UpperFootL": { "rotationX": -6.0, "rotationY": 36.0, "rotationZ": 8.0 },
						"UpperFootR": { "rotationX": 0.0, "rotationY": 25.0, "rotationZ": 8.0 },
						"ItemAnchor": { "offsetX": -6.0, "offsetY": 0.0, "offsetZ": 0.0, "rotationX": 0.0, "rotationY": -118.0, "rotationZ": -41.0 }
					}
				},
				{
					"frame": 3,
					"elements": {
						"UpperArmR": { "rotationX": 114.0, "rotationY": -111.0, "rotationZ": -6.0 },
						"LowerArmR": { "rotationX": -61.0, "rotationY": -22.0, "rotationZ": -75.0 },
						"ItemAnchor": { "offsetX": -12.0, "offsetY": 0.0, "offsetZ": 0.0, "rotationX": -150.0, "rotationY": 8.0, "rotationZ": -22.0 },
						"LowerArmL": { "offsetX": 0.0, "offsetY": 0.0, "offsetZ": 0.0, "rotationX": 11.875, "rotationY": 0.0, "rotationZ": -21.125 },
						"UpperArmL": { "offsetX": 0.0, "offsetY": 0.0, "offsetZ": 0.0, "rotationX": -13.25, "rotationY": 9.0, "rotationZ": -50.0 }
					}
				},
				{
					"frame": 8,
					"elements": {
						"LowerTorso": { "offsetX": 0.0, "offsetY": 0.0, "offsetZ": 0.0, "rotationX": -2.0, "rotationY": 33.0, "rotationZ": 6.0 },
						"UpperTorso": { "offsetX": 0.0, "offsetY": 0.0, "offsetZ": 0.0, "rotationX": 5.0, "rotationY": 11.0, "rotationZ": 17.0 },
						"UpperArmR": { "offsetX": 0.0, "offsetY": 0.0, "offsetZ": 0.0, "rotationX": 17.0, "rotationY": 28.0, "rotationZ": -83.0 },
						"LowerArmR": { "offsetX": 0.0, "offsetY": 1.0, "offsetZ": 0.0, "rotationX": 0.0, "rotationY": 0.0, "rotationZ": -11.0 },
						"UpperArmL": { "offsetX": 0.0, "offsetY": 0.0, "offsetZ": 0.0, "rotationX": -17.0, "rotationY": 14.0, "rotationZ": 0.0 },
						"LowerArmL": { "offsetX": 0.0, "offsetY": 0.0, "offsetZ": 0.0, "rotationX": 0.0, "rotationY": 0.0, "rotationZ": -28.0 },
						"Neck": { "rotationX": 0.0, "rotationY": -17.0, "rotationZ": 0.0 },
						"Head": { "rotationX": 0.0, "rotationY": -6.0, "rotationZ": -6.0 },
						"UpperFootL": { "rotationX": -3.0, "rotationY": -17.0, "rotationZ": -6.0 },
						"UpperFootR": { "rotationX": 6.0, "rotationY": -22.0, "rotationZ": -3.0 },
						"ItemAnchor": { "offsetX": -13.0, "offsetY": 0.0, "offsetZ": 0.0, "rotationX": -14.0, "rotationY": -69.0, "rotationZ": 8.0 }
					}
				},
				{
					"frame": 14,
					"elements": {
						"LowerTorso": { "offsetX": 0.0, "offsetY": 0.0, "offsetZ": 0.0, "rotationX": -2.0, "rotationY": 33.0, "rotationZ": 6.0 },
						"UpperTorso": { "offsetX": 0.0, "offsetY": 0.0, "offsetZ": 0.0, "rotationX": 5.0, "rotationY": 11.0, "rotationZ": 17.0 },
						"UpperArmR": { "offsetX": 0.0, "offsetY": 0.0, "offsetZ": 0.0, "rotationX": 17.0, "rotationY": 28.0, "rotationZ": -83.0 },
						"LowerArmR": { "offsetX": 0.0, "offsetY": 1.0, "offsetZ": 0.0, "rotationX": 0.0, "rotationY": 0.0, "rotationZ": -11.0 },
						"UpperArmL": { "offsetX": 0.0, "offsetY": 0.0, "offsetZ": 0.0, "rotationX": -17.0, "rotationY": 6.0, "rotationZ": -42.0 },
						"LowerArmL": { "offsetX": 0.0, "offsetY": 0.0, "offsetZ": 0.0, "rotationX": 0.0, "rotationY": -19.0, "rotationZ": -53.0 },
						"Neck": { "rotationX": 0.0, "rotationY": -17.0, "rotationZ": 0.0 },
						"Head": { "rotationX": 0.0, "rotationY": -6.0, "rotationZ": -6.0 },
						"UpperFootL": { "rotationX": -3.0, "rotationY": -17.0, "rotationZ": -6.0 },
						"UpperFootR": { "rotationX": 6.0, "rotationY": -22.0, "rotationZ": -3.0 },
						"ItemAnchor": { "offsetX": -6.0, "offsetY": 0.0, "offsetZ": 0.0, "rotationX": -14.0, "rotationY": -69.0, "rotationZ": -8.0 }
					}
				}
			]
    }
  }
]
