[
  {
    "dependsOn": [
      {
        "modid": "alchemy"
      }
    ],
    "file": "alchemy:recipes/grid/ingredient/cuttings.json",
    "op": "addmerge",
    "path": "/-",
    "value": {
      "ingredientPattern": "K,F",
      "requiresTrait": "druid",
      "ingredients": {
        "F": {
          "type": "block",
          "code": "game:flower-*-free",
          "name": "flower",
          "allowedVariants": [
            "catmint",
            "forgetmenot",
            "edelweiss",
            "heather",
            "horsetail",
            "orangemallow",
            "wilddaisy",
            "westerngorse",
            "cowparsley",
            "goldenpoppy",
            "lilyofthevalley",
            "lupine-blue",
            "lupine-orange",
            "lupine-purple",
            "lupine-red",
            "lupine-white",
            "woad",
            "cornflower"
          ]
        },
        "K": {
          "type": "item",
          "code": "game:shears-*",
          "isTool": true
        }
      },
      "width": 1,
      "height": 2,
      "recipegroup": 2,
      "output": {
        "type": "item",
        "code": "alchemy:cuttings-{flower}-raw",
        "quantity": 2
      },
      "dependsOn": [
        {
          "modid": "alchemy"
        }
      ]
    },
    "side": "server"
  }
]