{
  "code": "telegraph",
  "enabled": true,
  "class": "telegraphblock",
  "entityClass": "BlockEntityTelegraph",
  "behaviors": [
    { "name": "HorizontalOrientable" }
  ],
  "entityBehaviors": [
    { "name": "Animatable" }
  ],
  "creativeinventory": {
    "general": [ "*-north" ],
    "rpvoicechat": [ "*-north" ]
  },
  "maxstacksize": 1,
  "blockmaterial": "wood",
  "variantgroups": [
    {
      "code": "wood",
      "states": [ "aged" ],
      "loadFromProperties": "block/wood"
    },
    {
      "code": "side",
      "loadFromProperties": "abstract/horizontalorientation"
    }
  ],
  "shape": {
    "base": "block/telegraphkey",
    "rotateYByType": {
      "*-north": 0,
      "*-east": 270,
      "*-west": 90,
      "*-south": 180
    }
  },
  "sounds": {
    "place": "game:block/planks",
    "hit": "game:block/planks",
    "break": "game:block/planks",
    "walk": "game:walk/wood"
  },
  "collisionBox": {
    "x1": 0,
    "y1": 0,
    "z1": 0,
    "x2": 1,
    "y2": 0.5,
    "z2": 1
  },
  "selectionBox": {
    "x1": 0,
    "y1": 0,
    "z1": 0,
    "x2": 1,
    "y2": 0.5,
    "z2": 1
  },
  "textures": {
    "wood": { "base": "game:block/wood/debarked/{wood}" },
    "gold": { "base": "game:block/metal/plate/gold" },
    "copper": { "base": "game:block/metal/plate/copper" },
    "bakelite": { "base": "game:block/coal/bituminous" }
  },
  "rainPermeable": false,
  "sidesolid": {
    "all": false
  },
  "sideopaque": {
    "all": false
  },
  "lightAbsorption": 15,
  "resistance": 1,
  "attributes": {
    "handbook": {
      "groupBy": [ "telegraph-*" ],
      "extraSections": [
        {
          "title": "rpvoicechat:Handbook.Usage.block-telegraph.Title",
          "text": "rpvoicechat:Handbook.Usage.block-telegraph.Text"
        }
      ]
    }
  },
  "guiTransform": {
    "translation": {
      "x": 0,
      "y": -10,
      "z": 0
    },
    "rotation": {
      "x": -22.6,
      "y": -45,
      "z": 0
    },
    "scale": 1.16
  }
}