[
  {
    "code": "test",
    "type": "positive",
    "attributes": {
      "healingeffectivness": 100,
      "treeseedDropRate": 100,
      "stickDropRate":  100
    }
  },
  {
    "code": "miner",
    "type": "positive",
    "attributes": {
      "oreDropRate": 0.4,
      "miningSpeedMul": 0.75
    }
  },
  {
    "code": "steelworker",
    "type": "positive",
    "attributes": {}
  },
  {
    "code": "carefulcut",
    "type": "positive",
    "attributes": {
      "grassDropRate": 0.2
    }

  },
  {
    "code": "carefulstrike",
    "type": "positive",
    "attributes": {
      "rockDropRate": 0.3
    }

  },
  {
    "code": "freeaswind",
    "type": "positive",
    "attributes": {
      "fallDamageThreshold": 3,
      "jumpHeightMul": 1,
      "walkspeed": 0.25
    }
  },
  {
    "code": "getingetout",
    "type": "positive",
    "attributes": {
      "vesselContentsDropRate": 0.3
    }
  },
  {
    "code": "highlyefficient",
    "type": "positive",
    "attributes": {
      "hungerrate": -0.25
    }
  },
  {
    "code": "evasive",
    "type": "positive",
    "attributes": {
      "animalSeekingRange": -0.5
    }
  },
  {
    "code": "nudist",
    "type": "negative",
    "attributes": {
      "armorWalkSpeedAffectedness": 2,
      "armorDurabilityLoss": 5
    }
  },
  {
    "code": "weaponshy",
    "type": "negative",
    "attributes": {
      "rangedWeaponsDamage": -0.3,
      "meleeWeaponsDamage": -0.2
    }
  },
  {
    "code": "dexterous",
    "type": "positive",
    "attributes": {
      "walkspeed": 0.15,
      "jumpHeightMul": 0.5
    }
  },
  {
    "code": "culinary",
    "type": "positive",
    "attributes": {}
  },
  {
    "code": "keeneye",
    "type": "positive",
    "attributes": {
      "oreDropRate": 0.3,
      "rustyGearDropRate": 0.2
    }
  },
  {
    "code": "entropy",
    "type": "positive",
    "attributes": {}
  },
  {
    "code": "clumsyminer",
    "type": "negative",
    "attributes": {
      "oreDropRate": -0.1
    }
  },
  {
    "code": "fragile",
    "type": "negative",
    "attributes": {
      "maxhealthExtraPoints": -5
    }
  },
  {
    "code": "untrained",
    "type": "negative",
    "attributes": {
      "armorWalkSpeedAffectedness": 0.3
    }
  },
  {
    "code": "highconsumption",
    "type": "negative",
    "attributes": {
      "hungerrate": 0.15
    }
  },
  {
    "code": "backpacker",
    "type": "positive",
    "attributes": {}
  },
  {
    "code": "speedster",
    "type": "positive",
    "attributes": {
      "walkspeed": 0.5
    }
  },
  {
    "code": "handwright",
    "type": "positive",
    "attributes": {}
  },
  {
    "code": "butcher",
    "type": "positive",
    "attributes": {
      "animalLootDropRate": 0.5,
      "animalHarvestingTime": 0.3
    }
  },
  {
    "code": "notimeforthat",
    "type": "negative",
    "attributes": {
      "oreDropRate": -0.15,
      "forageDropRate": -0.8,
      "animalLootDropRate": -0.75
    }
  },
  {
    "code": "precioushands",
    "type": "negative",
    "attributes": {
      "oreDropRate": -0.15,
      "miningSpeedMul": -0.5
    }
  },
  {
    "code": "gatherer",
    "type": "positive",
    "attributes": {
      "forageDropRate": 0.5
    }
  },
  {
    "code": "herbalist",
    "type": "positive",
    "attributes": {
      "forageDropRate": 0.25,
      "animalSeekingRange": -0.2,
      "mistletoeDropRate": 1
    }
  },
  {
    "code": "frugal",
    "type": "positive",
    "attributes": {
      "hungerrate": -0.2
    }
  },
  {
    "code": "foodsnitcher",
    "type": "positive",
    "attributes": {
      "hungerrate": -0.3
    }
  },
  {
    "code": "booming",
    "type": "negative",
    "attributes": {
      "animalSeekingRange": 0.5,
      "walkspeed": -0.1
    }
  },
  {
    "code": "heavy",
    "type": "positive",
    "attributes": {
      "armorWalkSpeedAffectedness": -1
    }
  },
  {
    "code": "pacifist",
    "type": "negative",
    "attributes": {
      "meleeWeaponsDamage": -0.21,
      "rangedWeaponsDamage": -0.21,
      "animalLootDropRate": -0.8,
      "animalHarvestingTime": 0.35

    }
  },
  {
    "code": "slow",
    "type": "negative",
    "attributes": {
      "walkspeed": -0.1
    }
  },
  {

    "code": "mountaineater",
    "type": "positive",
    "attributes": {
      "oreDropRate": 0.5,
      "miningSpeedMul": 1
    }

  },
  {
    "code": "ranger",
    "type": "positive",
    "attributes": {
      "bowDrawingStrength": 0.3,
      "rangedWeaponsDamage": 0.5,
      "rangedWeaponsAcc": 1
    }

  },
  {
    "code": "keepthemaway",
    "type": "negative",
    "attributes": {
      "meleeWeaponsDamage": -0.5
    }

  },
  {
    "code": "unstoppable",
    "type": "positive",
    "attributes": {
      "meleeWeaponsDamage": 0.3,
      "armorDurabilityLoss": -0.2,
      "armorWalkSpeedAffectedness": -0.5
    }

  },
  {
    "code": "keepthemnear",
    "type": "negative",
    "attributes": {
      "rangedWeaponsDamage": -0.8
    }

  },
  {
    "code": "greedy",
    "type": "positive",
    "attributes": {
      "rustyGearDropRate": 0.15,
      "flaxEnemyDropRate": 0.15,
      "temporalGearDropRate": 0.15
    }
  },
  {
    "code": "digger",
    "type": "positive",
    "attributes": {
      "miningSpeedMul": 0.3,
      "peatDropRate": 0.3,
      "clayDropRate": 0.2
    }

  },
  {
    "attributes": {},
    "code": "wallbuilder",
    "type": "positive"
  },
  {
    "code": "stonecunning",
    "type": "positive",
    "attributes": {}

  },
  {
    "code": "prospector",
    "type": "positive",
    "attributes": {}

  },
  {
    "code": "tough",
    "type": "positive",
    "attributes": {
      "maxhealthExtraPoints": 2,
      "meleeWeaponsDamage": 0.15
    }

  },
  {
    "code": "myopic",
    "type": "negative",
    "attributes": {
      "rangedWeaponsDamage": -0.2,
      "rangedWeaponsAcc": -0.3,
      "bowDrawingStrength": -0.2
    }

  },
  {
    "code": "farmer",
    "type": "positive",
    "attributes": {
      "produceDropRate": 0.3
    }

  },
  {
    "code": "strongshoulders",
    "type": "positive",
    "attributes": {
      "rangedWeaponsDamage": 0.2,
      "bowDrawingStrength": 0.2
    }

  },
  {
    "code": "greenfingered",
    "type": "positive",
    "attributes": {}

  },
  {
    "attributes": {
      "maxhealthExtraPoints": 3
    },
    "code": "resilient",
    "type": "positive"
  },
  {
    "code": "healthy",
    "type": "positive",
    "attributes": {
      "maxhealthExtraPoints": 2
    }

  },
  {
    "code": "versatile",
    "type": "positive",
    "attributes": {
      "meleeWeaponsDamage": 0.15,
      "rangedWeaponsDamage": 0.2
    }

  },
  {
    "code": "druid",
    "type": "positive",
    "attributes": {}

  },
  {
    "code": "lumberjack",
    "type": "positive",
    "attributes": {
      "woodDropRate": 0.10,
      "stickDropRate": 0.3,
      "meleeWeaponsDamage": 0.15
    }

  },
  {
    "code": "woodsman",
    "type": "positive",
    "attributes": {}
  },
  {
    "code": "forester",
    "type": "positive",
    "attributes": {
      "fruittreeDropRate": 1,
      "treeseedDropRate": 2
    }

  },
  {
    "code": "carpenter",
    "type": "positive",
    "attributes": {}

  },
  {
    "code": "fitter",
    "type": "positive",
    "attributes": {}
  },
  {
    "code": "millwright",
    "type": "positive",
    "attributes": {}

  },
  {
    "code": "sailwright",
    "type": "positive",
    "attributes": {}

  },
  {
    "code": "burner",
    "type": "positive",
    "attributes": {
      "charcoalPileDropRate": 0.35
    }

  },
  {
    "code": "mason",
    "type": "positive",
    "attributes": {}

  },
  {
    "code": "threadweaver",
    "type": "positive",
    "attributes": {}

  },
  {
    "code": "potter",
    "type": "positive",
    "attributes": {}

  },
  {
    "code": "artisan",
    "type": "positive",
    "attributes": {}

  },
  {
    "code": "smith",
    "type": "positive",
    "attributes": {}

  },
  {
    "code": "cokefurnacemaster",
    "type": "positive",
    "attributes": {}

  },
  {
    "code": "strongarms",
    "type": "positive",
    "attributes": {
      "meleeWeaponsDamage": 0.15
    }

  },
  {
    "code": "knifeexpert",
    "type": "positive",
    "attributes": {}

  },
  {
    "code": "firestarter",
    "type": "positive",
    "attributes": {
      "flaxEnemyDropRate": 0.2
    }

  },
  {
    "code": "inventiveinthekitchen",
    "type": "positive",
    "attributes": {}

  },
  {
    "code": "animalfriend",
    "type": "positive",
    "attributes": {
      "animalSeekingRange": -0.2
    }

  },
  {
    "code": "refinedtaste",
    "type": "negative",
    "attributes": {
      "hungerrate": 0.1
    }

  },
  {
    "code": "sturdy",
    "type": "positive",
    "attributes": {
      "meleeWeaponsDamage": 0.1,
      "maxhealthExtraPoints": 5
    }
  },
  {
    "code": "hungry",
    "type": "negative",
    "attributes": {
      "hungerrate": 0.1
    }

  },
  {
    "code": "loud",
    "type": "negative",
    "attributes": {
      "animalSeekingRange": 0.2
    }

  },
  {
    "code": "flaxharvest",
    "type": "positive",
    "attributes": {
      "flaxDropRate": 3.5
    }
  },
  {
    "code": "timberborn",
    "type": "positive",
    "attributes": {
      "fruittreeDropRate": 1,
      "treeseedDropRate": 2,
      "woodDropRate": 0.10,
      "stickDropRate": 0.3,
      "meleeWeaponsDamage": 0.15
    }
  },
  {
    "code": "timberwright",
    "type": "positive",
    "attributes": {}
  },
  {
    "code": "naturebound",
    "type": "positive",
    "attributes": {
      "forageDropRate": 0.1,
      "animalSeekingRange": -0.2
    }
  },
  {
    "code": "labourofchoice",
    "type": "negative",
    "attributes": {
      "miningSpeedMul": -0.15,
      "vesselContentsDropRate": -0.25
    }
  },
  {
    "code": "earthshaper",
    "type": "positive",
    "attributes": {}
  },
  {
    "code": "woodlander",
    "type": "positive",
    "attributes": {}
  },
  {
    "code": "flenser",
    "type": "positive",
    "attributes": {
      "animalLootDropRate": 0.2,
      "animalHarvestingTime": -0.25
    }
  },
  {
    "code": "rangedmastery",
    "type": "positive",
    "attributes": {
      "rangedDamageTierBonusSlashingAttack": 2.1,
      "rangedDamageTierBonusbluntAttack": 2.1,
      "rangedDamageTierBonuspiercingAttack": 2.1,
      "meleeDamageTierBonusSlashingAttack": -2.1,
      "meleeDamageTierBonuspiercingAttack": -2.1,
      "meleeDamageTierBonusbluntAttack": -2.1
    }
  },
  {
    "code": "meleemastery",
    "type": "positive",
    "attributes": {
      "rangedDamageTierBonusSlashingAttack": -2.1,
      "rangedDamageTierBonusbluntAttack": -2.1,
      "rangedDamageTierBonuspiercingAttack": -2.1,
      "meleeDamageTierBonusSlashingAttack": 2.1,
      "meleeDamageTierBonuspiercingAttack": 2.1,
      "meleeDamageTierBonusbluntAttack": 2.1
    }
  },
  {
    "code": "skilledatmeleecombat",
    "type": "positive",
    "attributes": {
      "meleeDamageTierBonusSlashingAttack": 1.1,
      "meleeDamageTierBonuspiercingAttack": 1.1,
      "meleeDamageTierBonusbluntAttack": 1.1
    }
  },
  {
    "code": "skilledatrangedcombat",
    "type": "positive",
    "attributes": {
      "rangedDamageTierBonusSlashingAttack": 1.1,
      "rangedDamageTierBonusbluntAttack": 1.1,
      "rangedDamageTierBonuspiercingAttack": 1.1
    }
  },
  {
    "code": "clumsyatmeleecombat",
    "type": "negative",
    "attributes": {
      "meleeDamageTierBonusSlashingAttack": -1.1,
      "meleeDamageTierBonuspiercingAttack": -1.1,
      "meleeDamageTierBonusbluntAttack": -1.1
    }
  },
  {
    "code": "clumsyatrangedcombat",
    "type": "negative",
    "attributes": {
      "rangedDamageTierBonusSlashingAttack": -1.1,
      "rangedDamageTierBonusbluntAttack": -1.1,
      "rangedDamageTierBonuspiercingAttack": -1.1
    }
  },
  {
    "code": "horribleatmeleecombat",
    "type": "negative",
    "attributes": {
      "meleeDamageTierBonusSlashingAttack": -2.1,
      "meleeDamageTierBonuspiercingAttack": -2.1,
      "meleeDamageTierBonusbluntAttack": -2.1
    }
  },
  {
    "code": "horribleatrangedcombat",
    "type": "negative",
    "attributes": {
      "rangedDamageTierBonusSlashingAttack": -2.1,
      "rangedDamageTierBonusbluntAttack": -2.1,
      "rangedDamageTierBonuspiercingAttack": -2.1
    }
  }
]