{
	"editor": {
		"allAngles": false,
		"entityTextureMode": false
	},
	"textureWidth": 16,
	"textureHeight": 16,
	"textures": {
		"base": "game:block/wood/debarked/birch",
		"colors": "item/palette-colorful"
	},
	"elements": [
		{
			"name": "Base",
			"from": [4.0, 0.0, 7.0],
			"to": [12.0, 1.0, 10.0],
			"rotationOrigin": [4.0, 0.0, 7.0],
			"faces": {
				"east": {"texture": "#base", "uv": [5.5, 8.0, 8.5, 9.0]},
				"south": {"texture": "#base", "uv": [2.0, 12.0, 10.0, 13.0]},
				"west": {"texture": "#base", "uv": [8.5, 5.0, 11.5, 6.0]},
				"up": {"texture": "#base", "uv": [6.5, 9.0, 14.5, 12.0]},
				"down": {"texture": "#base", "uv": [5.5, 1.0, 13.5, 4.0]}
			},
			"children": [
				{
					"name": "Wood1",
					"from": [1.0, 0.0, -3.0],
					"to": [4.247, 1.0, -0.9],
					"rotationOrigin": [1.0, 0.0, -3.0],
					"rotationY": 22.49,
					"faces": {
						"north": {"texture": "#base", "uv": [4.5, 10.0, 7.5, 11.0]},
						"up": {"texture": "#base", "uv": [1.5, 7.5, 4.5, 9.5]},
						"down": {"texture": "#base", "uv": [3.0, 4.0, 6.0, 6.0]}
					}
				},
				{
					"name": "Wood2",
					"from": [7.0, -0.001, -5.0],
					"to": [10.247, 0.999, -3.0],
					"rotationOrigin": [7.0, 0.0, -3.0],
					"rotationY": 157.51,
					"faces": {
						"south": {"texture": "#base", "uv": [12.0, 2.5, 15.0, 3.5]},
						"up": {"texture": "#base", "uv": [12.0, 2.0, 15.0, 4.0]},
						"down": {"texture": "#base", "uv": [2.5, 7.0, 5.5, 9.0]}
					}
				},
				{
					"name": "Wood3",
					"from": [0.676, 0.0, 4.997],
					"to": [3.836, 1.0, 5.997],
					"rotationOrigin": [0.84, 0.0, 5.0],
					"rotationY": 18.44,
					"faces": {
						"north": {"texture": "#base", "uv": [6.0, 13.0, 9.0, 14.0]},
						"south": {"texture": "#base", "uv": [4.5, 3.5, 7.5, 4.5]},
						"up": {"texture": "#base", "uv": [11.5, 2.5, 14.5, 3.5]},
						"down": {"texture": "#base", "uv": [3.5, 2.5, 6.5, 3.5]}
					}
				},
				{
					"name": "Wood4",
					"from": [3.0, -0.001, 3.0],
					"to": [4.0, 0.999, 5.0],
					"rotationOrigin": [3.0, 0.0, 3.0],
					"faces": {
						"east": {"texture": "#base", "uv": [7.5, 2.5, 9.5, 3.5]},
						"west": {"texture": "#base", "uv": [13.5, 1.0, 15.5, 2.0]},
						"up": {"texture": "#base", "uv": [13.0, 3.0, 14.0, 5.0]},
						"down": {"texture": "#base", "uv": [11.5, 0.0, 12.5, 2.0]}
					}
				},
				{
					"name": "Wood5",
					"from": [0.4, -0.001, 3.25],
					"to": [1.9, 0.999, 4.25],
					"rotationOrigin": [0.4, 0.0, 3.4],
					"rotationY": 45.0,
					"faces": {
						"south": {"texture": "#base", "uv": [12.0, 14.0, 13.5, 15.0]},
						"up": {"texture": "#base", "uv": [3.0, 11.5, 4.5, 12.5]},
						"down": {"texture": "#base", "uv": [10.5, 0.5, 12.0, 1.5]}
					}
				},
				{
					"name": "Wood6",
					"from": [0.0, 0.002, 0.0],
					"to": [3.162, 1.002, 4.0],
					"rotationOrigin": [0.0, 0.0, 0.0],
					"rotationY": 71.56,
					"faces": {
						"north": {"texture": "#base", "uv": [12.0, 10.0, 15.0, 11.0]},
						"up": {"texture": "#base", "uv": [1.0, 11.0, 4.0, 15.0]},
						"down": {"texture": "#base", "uv": [12.0, 2.0, 15.0, 6.0]}
					}
				},
				{
					"name": "Wood7",
					"from": [8.0, 0.001, -4.0],
					"to": [11.162, 1.001, 0.0],
					"rotationOrigin": [8.0, 0.0, 0.0],
					"rotationY": 108.44,
					"faces": {
						"south": {"texture": "#base", "uv": [9.0, 7.0, 12.0, 8.0]},
						"up": {"texture": "#base", "uv": [2.5, 10.0, 5.5, 14.0]},
						"down": {"texture": "#base", "uv": [2.0, 9.0, 5.0, 13.0]}
					}
				},
				{
					"name": "Wood8",
					"from": [-3.16, 0.001, 3.0],
					"to": [0.002, 1.001, 4.0],
					"rotationOrigin": [0.0, 0.0, 3.0],
					"rotationY": 108.44,
					"faces": {
						"north": {"texture": "#base", "uv": [0.0, 6.0, 3.0, 7.0]},
						"south": {"texture": "#base", "uv": [9.0, 14.0, 12.0, 15.0]},
						"up": {"texture": "#base", "uv": [5.5, 13.5, 8.5, 14.5]},
						"down": {"texture": "#base", "uv": [12.0, 14.0, 15.0, 15.0]}
					}
				},
				{
					"name": "Wood9",
					"from": [5.0, 0.001, 2.0],
					"to": [8.0, 1.001, 3.0],
					"rotationOrigin": [8.0, 0.0, 3.0],
					"rotationY": 71.56,
					"faces": {
						"east": {"texture": "#base", "uv": [8.5, 3.0, 9.5, 4.0]},
						"south": {"texture": "#base", "uv": [8.0, 14.0, 11.0, 15.0]},
						"west": {"texture": "#base", "uv": [5.0, 1.5, 6.0, 2.5]},
						"up": {"texture": "#base", "uv": [0.0, 6.5, 3.0, 7.5]},
						"down": {"texture": "#base", "uv": [12.0, 7.5, 15.0, 8.5]}
					}
				},
				{
					"name": "Wood10",
					"from": [5.0, 0.0, 3.0],
					"to": [7.0, 1.0, 5.6],
					"rotationOrigin": [5.0, 0.0, 3.0],
					"faces": {
						"south": {"texture": "#base", "uv": [2.0, 8.0, 4.0, 9.0]},
						"west": {"texture": "#base", "uv": [8.5, 7.0, 11.0, 8.0]},
						"up": {"texture": "#base", "uv": [4.5, 2.0, 6.5, 4.5]},
						"down": {"texture": "#base", "uv": [5.0, 11.5, 7.0, 14.0]}
					}
				},
				{
					"name": "Wood11",
					"from": [4.0, 0.0, 3.0],
					"to": [5.0, 1.0, 4.0],
					"rotationOrigin": [4.0, 0.0, 3.0],
					"faces": {
						"south": {"texture": "#base", "uv": [0.0, 0.0, 1.0, 1.0]},
						"up": {"texture": "#base", "uv": [0.0, 0.0, 1.0, 1.0]},
						"down": {"texture": "#base", "uv": [0.0, 0.0, 1.0, 1.0]}
					}
				},
				{
					"name": "Paint1",
					"from": [0.6, 1.0, 0.6],
					"to": [2.1, 1.3, 2.1],
					"rotationOrigin": [0.6, 1.0, 0.6],
					"faces": {
						"north": {"texture": "#colors", "uv": [0.5, 0.5, 2.5, 1.0], "rotation": 180, "autoUv": false},
						"east": {"texture": "#colors", "uv": [2.0, 0.5, 2.5, 2.5], "rotation": 90, "autoUv": false},
						"south": {"texture": "#colors", "uv": [0.5, 2.0, 2.5, 2.5], "autoUv": false},
						"west": {"texture": "#colors", "uv": [0.5, 0.5, 1.0, 2.5], "rotation": 270, "autoUv": false},
						"up": {"texture": "#colors", "uv": [0.5, 0.5, 2.5, 2.5], "autoUv": false}
					}
				},
				{
					"name": "Paint2",
					"from": [1.2, 1.0, -2.0],
					"to": [2.7, 1.3, -0.5],
					"rotationOrigin": [1.2, 1.0, -2.0],
					"rotationY": -15.0,
					"faces": {
						"north": {"texture": "#colors", "uv": [3.5, 0.5, 5.5, 1.0], "rotation": 180, "autoUv": false},
						"east": {"texture": "#colors", "uv": [5.0, 0.5, 5.5, 2.5], "rotation": 90, "autoUv": false},
						"south": {"texture": "#colors", "uv": [3.5, 2.0, 5.5, 2.5], "autoUv": false},
						"west": {"texture": "#colors", "uv": [3.5, 0.5, 4.0, 2.5], "rotation": 270, "autoUv": false},
						"up": {"texture": "#colors", "uv": [3.5, 0.5, 5.5, 2.5], "autoUv": false}
					}
				},
				{
					"name": "Paint3",
					"from": [3.2, 1.0, -3.3],
					"to": [4.7, 1.3, -1.8],
					"rotationOrigin": [3.2, 1.0, -3.3],
					"rotationY": 3.0,
					"faces": {
						"north": {"texture": "#colors", "uv": [6.5, 0.5, 8.5, 1.0], "rotation": 180, "autoUv": false},
						"east": {"texture": "#colors", "uv": [8.0, 0.5, 8.5, 2.5], "rotation": 90, "autoUv": false},
						"south": {"texture": "#colors", "uv": [6.5, 2.0, 8.5, 2.5], "autoUv": false},
						"west": {"texture": "#colors", "uv": [6.5, 0.5, 7.0, 2.5], "rotation": 270, "autoUv": false},
						"up": {"texture": "#colors", "uv": [6.5, 0.5, 8.5, 2.5], "autoUv": false}
					}
				},
				{
					"name": "Paint4",
					"from": [5.2, 1.0, -1.75],
					"to": [6.7, 1.3, -0.25],
					"rotationOrigin": [5.2, 1.0, -2.0],
					"rotationY": 20.0,
					"faces": {
						"north": {"texture": "#colors", "uv": [9.5, 0.5, 11.5, 1.0], "rotation": 180, "autoUv": false},
						"east": {"texture": "#colors", "uv": [11.0, 0.5, 11.5, 2.5], "rotation": 90, "autoUv": false},
						"south": {"texture": "#colors", "uv": [9.5, 2.0, 11.5, 2.5], "autoUv": false},
						"west": {"texture": "#colors", "uv": [9.5, 0.5, 10.0, 2.5], "rotation": 270, "autoUv": false},
						"up": {"texture": "#colors", "uv": [9.5, 0.5, 11.5, 2.5], "autoUv": false}
					}
				},
				{
					"name": "Paint5",
					"from": [5.9, 1.0, 0.4],
					"to": [7.4, 1.3, 1.9],
					"rotationOrigin": [5.9, 1.0, 0.4],
					"faces": {
						"north": {"texture": "#colors", "uv": [12.5, 0.5, 14.5, 1.0], "rotation": 180, "autoUv": false},
						"east": {"texture": "#colors", "uv": [14.0, 0.5, 14.5, 2.5], "rotation": 90, "autoUv": false},
						"south": {"texture": "#colors", "uv": [12.5, 2.0, 14.5, 2.5], "autoUv": false},
						"west": {"texture": "#colors", "uv": [12.5, 0.5, 13.0, 2.5], "rotation": 270, "autoUv": false},
						"up": {"texture": "#colors", "uv": [12.5, 0.5, 14.5, 2.5], "autoUv": false}
					}
				},
				{
					"name": "Paint6",
					"from": [5.75, 1.0, 2.75],
					"to": [7.25, 1.3, 4.25],
					"rotationOrigin": [5.75, 1.0, 2.75],
					"rotationY": -10.0,
					"faces": {
						"north": {"texture": "#colors", "uv": [0.5, 3.5, 2.5, 4.0], "rotation": 180, "autoUv": false},
						"east": {"texture": "#colors", "uv": [2.0, 3.5, 2.5, 5.5], "rotation": 90, "autoUv": false},
						"south": {"texture": "#colors", "uv": [0.5, 5.0, 2.5, 5.5], "autoUv": false},
						"west": {"texture": "#colors", "uv": [0.5, 3.5, 1.0, 5.5], "rotation": 270, "autoUv": false},
						"up": {"texture": "#colors", "uv": [0.5, 3.5, 2.5, 5.5], "autoUv": false}
					}
				}
			]
		}
	]
}
