{
	"editor": {
		"allAngles": false,
		"entityTextureMode": false
	},
	"textureWidth": 16,
	"textureHeight": 16,
	"textureSizes": {
	},
	"textures": {
		"platinum": "game:block/fire-yellow",
		"brass": "game:block/metal/ingot/brass",
		"chromium": "game:block/metal/ingot/chromium",
		"molybdochalkos": "game:block/metal/ingot/molybdochalkos"
	},
	"elements": [
		{
			"name": "Cube1",
			"from": [ 6.0, 2.0, 8.0 ],
			"to": [ 11.0, 4.0, 13.0 ],
			"rotationOrigin": [ 6.0, 2.0, 8.0 ],
			"faces": {
				"north": { "texture": "#brass", "uv": [ 0.0, 0.0, 5.0, 2.0 ] },
				"east": { "texture": "#brass", "uv": [ 0.0, 0.0, 5.0, 2.0 ] },
				"south": { "texture": "#brass", "uv": [ 0.0, 0.0, 5.0, 2.0 ] },
				"west": { "texture": "#brass", "uv": [ 0.0, 0.0, 5.0, 2.0 ] },
				"up": { "texture": "#brass", "uv": [ 0.0, 0.0, 5.0, 5.0 ] },
				"down": { "texture": "#brass", "uv": [ 0.0, 0.0, 5.0, 5.0 ] }
			},
			"children": [
				{
					"name": "Cube2",
					"from": [ 0.5, 2.0, 0.5 ],
					"to": [ 4.5, 6.0, 4.5 ],
					"rotationOrigin": [ 0.5, 2.0, 0.5 ],
					"faces": {
						"north": { "texture": "#molybdochalkos", "uv": [ 0.0, 0.0, 4.0, 4.0 ] },
						"east": { "texture": "#molybdochalkos", "uv": [ 0.0, 0.0, 4.0, 4.0 ] },
						"south": { "texture": "#molybdochalkos", "uv": [ 0.0, 0.0, 4.0, 4.0 ] },
						"west": { "texture": "#molybdochalkos", "uv": [ 0.0, 0.0, 4.0, 4.0 ] },
						"up": { "texture": "#molybdochalkos", "uv": [ 0.0, 0.0, 4.0, 4.0 ] },
						"down": { "texture": "#molybdochalkos", "uv": [ 0.0, 0.0, 4.0, 4.0 ] }
					}
				},
				{
					"name": "Cube3",
					"from": [ 0.0, 6.0, 0.0 ],
					"to": [ 5.0, 7.0, 5.0 ],
					"rotationOrigin": [ 0.0, 6.0, 0.0 ],
					"faces": {
						"north": { "texture": "#brass", "uv": [ 0.0, 0.0, 5.0, 1.0 ] },
						"east": { "texture": "#brass", "uv": [ 0.0, 0.0, 5.0, 1.0 ] },
						"south": { "texture": "#brass", "uv": [ 0.0, 0.0, 5.0, 1.0 ] },
						"west": { "texture": "#brass", "uv": [ 0.0, 0.0, 5.0, 1.0 ] },
						"up": { "texture": "#brass", "uv": [ 0.0, 0.0, 5.0, 5.0 ] },
						"down": { "texture": "#brass", "uv": [ 0.0, 0.0, 5.0, 5.0 ] }
					}
				},
				{
					"name": "Cube4",
					"from": [ 2.0, 3.5, -0.9 ],
					"to": [ 3.0, 4.5, 0.5 ],
					"rotationOrigin": [ 2.0, 3.5, -0.9 ],
					"faces": {
						"north": { "texture": "#molybdochalkos", "uv": [ 0.0, 0.0, 1.0, 1.0 ] },
						"east": { "texture": "#molybdochalkos", "uv": [ 0.0, 0.0, 1.0, 1.0 ] },
						"south": { "texture": "#molybdochalkos", "uv": [ 0.0, 0.0, 1.0, 1.0 ] },
						"west": { "texture": "#molybdochalkos", "uv": [ 0.0, 0.0, 1.0, 1.0 ] },
						"up": { "texture": "#molybdochalkos", "uv": [ 0.0, 0.0, 1.0, 1.0 ] },
						"down": { "texture": "#molybdochalkos", "uv": [ 0.0, 0.0, 1.0, 1.0 ] }
					}
				},
				{
					"name": "Cube5",
					"from": [ 1.0, 2.5, -0.5 ],
					"to": [ 4.0, 5.5, 0.0 ],
					"rotationOrigin": [ 1.0, 2.5, -0.5 ],
					"faces": {
						"north": { "texture": "#chromium", "uv": [ 0.0, 0.0, 3.0, 3.0 ] },
						"east": { "texture": "#chromium", "uv": [ 0.0, 0.0, 0.5, 3.0 ] },
						"south": { "texture": "#chromium", "uv": [ 0.0, 0.0, 3.0, 3.0 ] },
						"west": { "texture": "#chromium", "uv": [ 0.0, 0.0, 0.5, 3.0 ] },
						"up": { "texture": "#chromium", "uv": [ 0.0, 0.0, 3.0, 0.5 ] },
						"down": { "texture": "#chromium", "uv": [ 0.0, 0.0, 3.0, 0.5 ] }
					}
				},
				{
					"name": "Cube6",
					"from": [ 1.0, 2.5, -0.8 ],
					"to": [ 4.0, 2.8, -0.5 ],
					"rotationOrigin": [ 1.0, 2.5, -0.8 ],
					"faces": {
						"north": { "texture": "#chromium", "uv": [ 0.0, 0.0, 3.0, 0.5 ] },
						"east": { "texture": "#chromium", "uv": [ 0.0, 0.0, 0.5, 0.5 ] },
						"south": { "texture": "#chromium", "uv": [ 0.0, 0.0, 3.0, 0.5 ] },
						"west": { "texture": "#chromium", "uv": [ 0.0, 0.0, 0.5, 0.5 ] },
						"up": { "texture": "#chromium", "uv": [ 0.0, 0.0, 3.0, 0.5 ] },
						"down": { "texture": "#chromium", "uv": [ 0.0, 0.0, 3.0, 0.5 ] }
					}
				},
				{
					"name": "Cube7",
					"from": [ 1.0, 5.2, -0.8 ],
					"to": [ 4.0, 5.5, -0.5 ],
					"rotationOrigin": [ 1.0, 5.2, -0.8 ],
					"faces": {
						"north": { "texture": "#chromium", "uv": [ 0.0, 0.0, 3.0, 0.5 ] },
						"east": { "texture": "#chromium", "uv": [ 0.0, 0.0, 0.5, 0.5 ] },
						"south": { "texture": "#chromium", "uv": [ 0.0, 0.0, 3.0, 0.5 ] },
						"west": { "texture": "#chromium", "uv": [ 0.0, 0.0, 0.5, 0.5 ] },
						"up": { "texture": "#chromium", "uv": [ 0.0, 0.0, 3.0, 0.5 ] },
						"down": { "texture": "#chromium", "uv": [ 0.0, 0.0, 3.0, 0.5 ] }
					}
				},
				{
					"name": "Cube8",
					"from": [ 1.35, 2.51, -0.79 ],
					"to": [ 4.25, 2.81, -0.49 ],
					"rotationOrigin": [ 1.3, 2.5, -0.8 ],
					"rotationZ": 90.0,
					"faces": {
						"north": { "texture": "#chromium", "uv": [ 0.0, 0.0, 2.5, 0.5 ] },
						"east": { "texture": "#chromium", "uv": [ 0.0, 0.0, 0.5, 0.5 ] },
						"south": { "texture": "#chromium", "uv": [ 0.0, 0.0, 2.5, 0.5 ] },
						"west": { "texture": "#chromium", "uv": [ 0.0, 0.0, 0.5, 0.5 ] },
						"up": { "texture": "#chromium", "uv": [ 0.0, 0.0, 2.5, 0.5 ] },
						"down": { "texture": "#chromium", "uv": [ 0.0, 0.0, 2.5, 0.5 ] }
					}
				},
				{
					"name": "Cube9",
					"from": [ 4.05, 2.49, -0.79 ],
					"to": [ 6.95, 2.79, -0.49 ],
					"rotationOrigin": [ 4.0, 2.5, -0.8 ],
					"rotationZ": 90.0,
					"faces": {
						"north": { "texture": "#chromium", "uv": [ 0.0, 0.0, 2.5, 0.5 ] },
						"east": { "texture": "#chromium", "uv": [ 0.0, 0.0, 0.5, 0.5 ] },
						"south": { "texture": "#chromium", "uv": [ 0.0, 0.0, 2.5, 0.5 ] },
						"west": { "texture": "#chromium", "uv": [ 0.0, 0.0, 0.5, 0.5 ] },
						"up": { "texture": "#chromium", "uv": [ 0.0, 0.0, 2.5, 0.5 ] },
						"down": { "texture": "#chromium", "uv": [ 0.0, 0.0, 2.5, 0.5 ] }
					}
				},
				{
					"name": "Cube10",
					"from": [ 1.0, 7.0, 1.0 ],
					"to": [ 4.0, 7.5, 4.0 ],
					"rotationOrigin": [ 1.0, 7.0, 1.0 ],
					"faces": {
						"north": { "texture": "#brass", "uv": [ 0.0, 0.0, 3.0, 0.5 ] },
						"east": { "texture": "#brass", "uv": [ 0.0, 0.0, 3.0, 0.5 ] },
						"south": { "texture": "#brass", "uv": [ 0.0, 0.0, 3.0, 0.5 ] },
						"west": { "texture": "#brass", "uv": [ 0.0, 0.0, 3.0, 0.5 ] },
						"up": { "texture": "#brass", "uv": [ 0.0, 0.0, 3.0, 3.0 ] },
						"down": { "texture": "#brass", "uv": [ 0.0, 0.0, 3.0, 3.0 ] }
					}
				},
				{
					"name": "Cube11",
					"from": [ 0.3, 7.0, 2.25 ],
					"to": [ 0.8, 9.5, 2.75 ],
					"rotationOrigin": [ 0.3, 7.0, 2.3 ],
					"faces": {
						"north": { "texture": "#molybdochalkos", "uv": [ 0.0, 0.0, 0.5, 2.5 ] },
						"east": { "texture": "#molybdochalkos", "uv": [ 0.0, 0.0, 0.5, 2.5 ] },
						"south": { "texture": "#molybdochalkos", "uv": [ 0.0, 0.0, 0.5, 2.5 ] },
						"west": { "texture": "#molybdochalkos", "uv": [ 0.0, 0.0, 0.5, 2.5 ] },
						"up": { "texture": "#molybdochalkos", "uv": [ 0.0, 0.0, 0.5, 0.5 ] },
						"down": { "texture": "#molybdochalkos", "uv": [ 0.0, 0.0, 0.5, 0.5 ] }
					}
				},
				{
					"name": "Cube12",
					"from": [ 4.3, 7.0, 2.25 ],
					"to": [ 4.8, 9.5, 2.75 ],
					"rotationOrigin": [ 4.3, 7.0, 2.3 ],
					"faces": {
						"north": { "texture": "#molybdochalkos", "uv": [ 0.0, 0.0, 0.5, 2.5 ] },
						"east": { "texture": "#molybdochalkos", "uv": [ 0.0, 0.0, 0.5, 2.5 ] },
						"south": { "texture": "#molybdochalkos", "uv": [ 0.0, 0.0, 0.5, 2.5 ] },
						"west": { "texture": "#molybdochalkos", "uv": [ 0.0, 0.0, 0.5, 2.5 ] },
						"up": { "texture": "#molybdochalkos", "uv": [ 0.0, 0.0, 0.5, 0.5 ] },
						"down": { "texture": "#molybdochalkos", "uv": [ 0.0, 0.0, 0.5, 0.5 ] }
					}
				},
				{
					"name": "Cube13",
					"from": [ 0.3, 10.0, 2.25 ],
					"to": [ 0.8, 14.5, 2.75 ],
					"rotationOrigin": [ 0.3, 10.0, 2.3 ],
					"rotationZ": -90.0,
					"faces": {
						"north": { "texture": "#molybdochalkos", "uv": [ 0.0, 0.0, 0.5, 4.5 ] },
						"east": { "texture": "#molybdochalkos", "uv": [ 0.0, 0.0, 0.5, 4.5 ] },
						"south": { "texture": "#molybdochalkos", "uv": [ 0.0, 0.0, 0.5, 4.5 ] },
						"west": { "texture": "#molybdochalkos", "uv": [ 0.0, 0.0, 0.5, 4.5 ] },
						"up": { "texture": "#molybdochalkos", "uv": [ 0.0, 0.0, 0.5, 0.5 ] },
						"down": { "texture": "#molybdochalkos", "uv": [ 0.0, 0.0, 0.5, 0.5 ] }
					}
				},
				{
					"name": "Cube14",
					"from": [ 2.2, 3.7, -1.0 ],
					"to": [ 2.8, 4.3, -0.9 ],
					"rotationOrigin": [ 2.2, 3.7, -1.0 ],
					"faces": {
						"north": { "texture": "#platinum", "uv": [ 0.0, 0.0, 0.5, 0.5 ], "glow": 255 },
						"east": { "texture": "#platinum", "uv": [ 0.0, 0.0, 0.5, 0.5 ] },
						"south": { "texture": "#platinum", "uv": [ 0.0, 0.0, 0.5, 0.5 ] },
						"west": { "texture": "#platinum", "uv": [ 0.0, 0.0, 0.5, 0.5 ] },
						"up": { "texture": "#platinum", "uv": [ 0.0, 0.0, 0.5, 0.5 ] },
						"down": { "texture": "#platinum", "uv": [ 0.0, 0.0, 0.5, 0.5 ] }
					}
				},
				{
					"name": "Cube15",
					"from": [ 2.0, 10.0, 2.0 ],
					"to": [ 3.0, 10.5, 8.0 ],
					"rotationOrigin": [ 2.0, 10.0, 2.0 ],
					"faces": {
						"north": { "texture": "#chromium", "uv": [ 0.0, 0.0, 1.0, 0.5 ] },
						"east": { "texture": "#chromium", "uv": [ 0.0, 0.0, 6.0, 0.5 ] },
						"south": { "texture": "#chromium", "uv": [ 0.0, 0.0, 1.0, 0.5 ] },
						"west": { "texture": "#chromium", "uv": [ 0.0, 0.0, 6.0, 0.5 ] },
						"up": { "texture": "#chromium", "uv": [ 0.0, 0.0, 1.0, 6.0 ] },
						"down": { "texture": "#chromium", "uv": [ 0.0, 0.0, 1.0, 6.0 ] }
					},
					"children": [
						{
							"name": "Cube16",
							"from": [ 0.0, -1.0, 0.0 ],
							"to": [ 1.0, -0.5, 6.0 ],
							"rotationOrigin": [ 0.0, -1.0, 0.0 ],
							"faces": {
								"north": { "texture": "#chromium", "uv": [ 0.0, 0.0, 1.0, 0.5 ] },
								"east": { "texture": "#chromium", "uv": [ 0.0, 0.0, 6.0, 0.5 ] },
								"south": { "texture": "#chromium", "uv": [ 0.0, 0.0, 1.0, 0.5 ] },
								"west": { "texture": "#chromium", "uv": [ 0.0, 0.0, 6.0, 0.5 ] },
								"up": { "texture": "#chromium", "uv": [ 0.0, 0.0, 1.0, 6.0 ] },
								"down": { "texture": "#chromium", "uv": [ 0.0, 0.0, 1.0, 6.0 ] }
							}
						},
						{
							"name": "Cube17",
							"from": [ 0.0, -1.0, -0.5 ],
							"to": [ 1.0, 0.5, 0.0 ],
							"rotationOrigin": [ 0.0, -1.0, -0.5 ],
							"faces": {
								"north": { "texture": "#chromium", "uv": [ 0.0, 0.0, 1.0, 1.5 ] },
								"east": { "texture": "#chromium", "uv": [ 0.0, 0.0, 0.5, 1.5 ] },
								"south": { "texture": "#chromium", "uv": [ 0.0, 0.0, 1.0, 1.5 ] },
								"west": { "texture": "#chromium", "uv": [ 0.0, 0.0, 0.5, 1.5 ] },
								"up": { "texture": "#chromium", "uv": [ 0.0, 0.0, 1.0, 0.5 ] },
								"down": { "texture": "#chromium", "uv": [ 0.0, 0.0, 1.0, 0.5 ] }
							}
						},
						{
							"name": "Cube18",
							"from": [ 0.0, -0.5, 0.9 ],
							"to": [ 1.0, 0.0, 1.4 ],
							"rotationOrigin": [ 0.0, -0.5, 0.9 ],
							"faces": {
								"north": { "texture": "#chromium", "uv": [ 0.0, 0.0, 1.0, 0.5 ] },
								"east": { "texture": "#chromium", "uv": [ 0.0, 0.0, 0.5, 0.5 ] },
								"south": { "texture": "#chromium", "uv": [ 0.0, 0.0, 1.0, 0.5 ] },
								"west": { "texture": "#chromium", "uv": [ 0.0, 0.0, 0.5, 0.5 ] },
								"up": { "texture": "#chromium", "uv": [ 0.0, 0.0, 1.0, 0.5 ] },
								"down": { "texture": "#chromium", "uv": [ 0.0, 0.0, 1.0, 0.5 ] }
							}
						}
					]
				}
			]
		}
	]}