{
	"editor": {
		"collapsedPaths": "Root/Cube2/Cube6,Root/Cube2/Cube10",
		"allAngles": false,
		"entityTextureMode": true
	},
	"textureWidth": 16,
	"textureHeight": 16,
	"textureSizes": {
	},
	"textures": {
		"platinum1": "game:block/metal/sheet/platinum1",
		"oak": "game:block/wood/bark/oak",
		"redwood1": "game:block/wood/planks/redwood1"
	},
	"elements": [
		{
			"name": "Cube2",
			"from": [ 5.1, 0.0, 6.1 ],
			"to": [ 10.9, 3.0, 9.9 ],
			"autoUnwrap": false,
			"uv": [ 2.0, 9.0 ],
			"rotationOrigin": [ 5.1, 0.0, 6.1 ],
			"faces": {
				"north": { "texture": "#redwood1", "uv": [ 2.0, 13.0, 7.5, 16.0 ] },
				"east": { "texture": "#redwood1", "uv": [ 8.0, 13.0, 11.5, 16.0 ], "windMode": [-1,-1,-1,-1] },
				"south": { "texture": "#redwood1", "uv": [ 7.0, 6.5, 12.5, 9.5 ], "windMode": [-1,-1,-1,-1] },
				"west": { "texture": "#redwood1", "uv": [ 9.5, 9.5, 13.0, 12.5 ], "windMode": [-1,-1,-1,-1] },
				"up": { "texture": "#redwood1", "uv": [ 2.0, 9.0, 7.5, 12.5 ], "windMode": [-1,-1,-1,-1] },
				"down": { "texture": "#redwood1", "uv": [ 8.0, 9.0, 13.5, 12.5 ], "windMode": [-1,-1,-1,-1] }
			},
			"children": [
				{
					"name": "Cube3",
					"from": [ 1.5, 3.0, 1.75 ],
					"to": [ 2.0, 4.0, 2.25 ],
					"uv": [ 0.0, 0.0 ],
					"rotationOrigin": [ 1.5, 3.0, 1.8 ],
					"faces": {
						"north": { "texture": "#oak", "uv": [ 0.0, 0.5, 0.5, 1.5 ] },
						"east": { "texture": "#oak", "uv": [ 0.5, 0.5, 1.0, 1.5 ], "windMode": [-1,-1,-1,-1] },
						"south": { "texture": "#oak", "uv": [ 1.0, 0.5, 1.5, 1.5 ], "windMode": [-1,-1,-1,-1] },
						"west": { "texture": "#oak", "uv": [ 1.5, 0.5, 2.0, 1.5 ], "windMode": [-1,-1,-1,-1] },
						"up": { "texture": "#oak", "uv": [ 0.0, 0.0, 0.5, 0.5 ], "windMode": [-1,-1,-1,-1] },
						"down": { "texture": "#oak", "uv": [ 0.5, 0.0, 1.0, 0.5 ], "windMode": [-1,-1,-1,-1] }
					}
				},
				{
					"name": "Cube4",
					"from": [ 4.0, 3.0, 1.75 ],
					"to": [ 4.5, 4.0, 2.25 ],
					"uv": [ 0.0, 0.0 ],
					"rotationOrigin": [ 4.0, 3.0, 1.8 ],
					"faces": {
						"north": { "texture": "#oak", "uv": [ 0.0, 0.5, 0.5, 1.5 ] },
						"east": { "texture": "#oak", "uv": [ 0.5, 0.5, 1.0, 1.5 ], "windMode": [-1,-1,-1,-1] },
						"south": { "texture": "#oak", "uv": [ 1.0, 0.5, 1.5, 1.5 ], "windMode": [-1,-1,-1,-1] },
						"west": { "texture": "#oak", "uv": [ 1.5, 0.5, 2.0, 1.5 ], "windMode": [-1,-1,-1,-1] },
						"up": { "texture": "#oak", "uv": [ 0.0, 0.0, 0.5, 0.5 ], "windMode": [-1,-1,-1,-1] },
						"down": { "texture": "#oak", "uv": [ 0.5, 0.0, 1.0, 0.5 ], "windMode": [-1,-1,-1,-1] }
					}
				},
				{
					"name": "Cube5",
					"from": [ 1.5, 4.0, 1.75 ],
					"to": [ 4.5, 4.5, 2.25 ],
					"uv": [ 9.0, 0.5 ],
					"rotationOrigin": [ 1.5, 4.0, 1.8 ],
					"faces": {
						"north": { "texture": "#oak", "uv": [ 9.0, 1.0, 12.0, 1.5 ] },
						"east": { "texture": "#oak", "uv": [ 12.0, 1.0, 12.5, 1.5 ], "windMode": [-1,-1,-1,-1] },
						"south": { "texture": "#oak", "uv": [ 12.5, 1.0, 15.5, 1.5 ], "windMode": [-1,-1,-1,-1] },
						"west": { "texture": "#oak", "uv": [ 15.5, 1.0, 16.0, 1.5 ], "windMode": [-1,-1,-1,-1] },
						"up": { "texture": "#oak", "uv": [ 9.0, 0.5, 12.0, 1.0 ], "windMode": [-1,-1,-1,-1] },
						"down": { "texture": "#oak", "uv": [ 12.0, 0.5, 15.0, 1.0 ], "windMode": [-1,-1,-1,-1] }
					}
				},
				{
					"name": "Cube6",
					"from": [ 2.75, 0.6, 3.8 ],
					"to": [ 3.25, 1.6, 3.9 ],
					"uv": [ 0.0, 0.0 ],
					"rotationOrigin": [ 2.8, 0.6, 3.8 ],
					"faces": {
						"north": { "texture": "#platinum1", "uv": [ 0.0, 0.5, 0.5, 1.5 ] },
						"east": { "texture": "#platinum1", "uv": [ 0.5, 0.5, 1.0, 1.5 ] },
						"south": { "texture": "#platinum1", "uv": [ 1.0, 0.5, 1.5, 1.5 ] },
						"west": { "texture": "#platinum1", "uv": [ 1.5, 0.5, 2.0, 1.5 ] },
						"up": { "texture": "#platinum1", "uv": [ 0.0, 0.0, 0.5, 0.5 ] },
						"down": { "texture": "#platinum1", "uv": [ 0.5, 0.0, 1.0, 0.5 ] }
					},
					"children": [
						{
							"name": "Cube7",
							"from": [ -0.4, 1.0, 0.0 ],
							"to": [ 0.9, 1.3, 0.1 ],
							"uv": [ 0.0, 0.0 ],
							"rotationOrigin": [ -0.45, 1.0, 0.0 ],
							"faces": {
								"north": { "texture": "#platinum1", "uv": [ 0.0, 0.5, 1.0, 1.0 ] },
								"east": { "texture": "#platinum1", "uv": [ 1.0, 0.5, 1.5, 1.0 ] },
								"south": { "texture": "#platinum1", "uv": [ 1.5, 0.5, 2.5, 1.0 ] },
								"west": { "texture": "#platinum1", "uv": [ 2.5, 0.5, 3.0, 1.0 ] },
								"up": { "texture": "#platinum1", "uv": [ 0.0, 0.0, 1.0, 0.5 ] },
								"down": { "texture": "#platinum1", "uv": [ 1.0, 0.0, 2.0, 0.5 ] }
							}
						},
						{
							"name": "Cube8",
							"from": [ -0.4, 1.3, 0.0 ],
							"to": [ -0.1, 1.8, 0.1 ],
							"uv": [ 0.0, 0.0 ],
							"rotationOrigin": [ -0.35, 1.3, 0.0 ],
							"faces": {
								"north": { "texture": "#platinum1", "uv": [ 0.0, 0.5, 0.5, 1.0 ] },
								"east": { "texture": "#platinum1", "uv": [ 0.5, 0.5, 1.0, 1.0 ] },
								"south": { "texture": "#platinum1", "uv": [ 1.0, 0.5, 1.5, 1.0 ] },
								"west": { "texture": "#platinum1", "uv": [ 1.5, 0.5, 2.0, 1.0 ] },
								"up": { "texture": "#platinum1", "uv": [ 0.0, 0.0, 0.5, 0.5 ] },
								"down": { "texture": "#platinum1", "uv": [ 0.5, 0.0, 1.0, 0.5 ] }
							}
						},
						{
							"name": "Cube9",
							"from": [ 0.6, 1.3, 0.0 ],
							"to": [ 0.9, 1.8, 0.1 ],
							"uv": [ 0.0, 0.0 ],
							"rotationOrigin": [ 0.65, 1.3, 0.0 ],
							"faces": {
								"north": { "texture": "#platinum1", "uv": [ 0.0, 0.5, 0.5, 1.0 ] },
								"east": { "texture": "#platinum1", "uv": [ 0.5, 0.5, 1.0, 1.0 ] },
								"south": { "texture": "#platinum1", "uv": [ 1.0, 0.5, 1.5, 1.0 ] },
								"west": { "texture": "#platinum1", "uv": [ 1.5, 0.5, 2.0, 1.0 ] },
								"up": { "texture": "#platinum1", "uv": [ 0.0, 0.0, 0.5, 0.5 ] },
								"down": { "texture": "#platinum1", "uv": [ 0.5, 0.0, 1.0, 0.5 ] }
							}
						}
					]
				},
				{
					"name": "Cube10",
					"from": [ -0.1, 0.0, 3.8 ],
					"to": [ 0.2, 3.0, 3.9 ],
					"uv": [ 0.0, 0.0 ],
					"rotationOrigin": [ -0.05, 0.0, 3.8 ],
					"faces": {
						"north": { "texture": "#platinum1", "uv": [ 0.0, 0.5, 0.5, 3.5 ] },
						"east": { "texture": "#platinum1", "uv": [ 0.5, 0.5, 1.0, 3.5 ] },
						"south": { "texture": "#platinum1", "uv": [ 1.0, 0.5, 1.5, 3.5 ] },
						"west": { "texture": "#platinum1", "uv": [ 1.5, 0.5, 2.0, 3.5 ] },
						"up": { "texture": "#platinum1", "uv": [ 0.0, 0.0, 0.5, 0.5 ] },
						"down": { "texture": "#platinum1", "uv": [ 0.5, 0.0, 1.0, 0.5 ] }
					},
					"children": [
						{
							"name": "Cube11",
							"from": [ 5.7, 0.0, 0.0 ],
							"to": [ 6.0, 3.0, 0.1 ],
							"uv": [ 0.0, 0.0 ],
							"rotationOrigin": [ 5.75, 0.0, 0.0 ],
							"faces": {
								"north": { "texture": "#platinum1", "uv": [ 0.0, 0.5, 0.5, 3.5 ] },
								"east": { "texture": "#platinum1", "uv": [ 0.5, 0.5, 1.0, 3.5 ] },
								"south": { "texture": "#platinum1", "uv": [ 1.0, 0.5, 1.5, 3.5 ] },
								"west": { "texture": "#platinum1", "uv": [ 1.5, 0.5, 2.0, 3.5 ] },
								"up": { "texture": "#platinum1", "uv": [ 0.0, 0.0, 0.5, 0.5 ] },
								"down": { "texture": "#platinum1", "uv": [ 0.5, 0.0, 1.0, 0.5 ] }
							}
						},
						{
							"name": "Cube12",
							"from": [ 5.7, 0.0, -3.9 ],
							"to": [ 6.0, 3.0, -3.8 ],
							"uv": [ 0.0, 0.0 ],
							"rotationOrigin": [ 5.75, 0.0, -3.9 ],
							"faces": {
								"north": { "texture": "#platinum1", "uv": [ 0.0, 0.5, 0.5, 3.5 ] },
								"east": { "texture": "#platinum1", "uv": [ 0.5, 0.5, 1.0, 3.5 ] },
								"south": { "texture": "#platinum1", "uv": [ 1.0, 0.5, 1.5, 3.5 ] },
								"west": { "texture": "#platinum1", "uv": [ 1.5, 0.5, 2.0, 3.5 ] },
								"up": { "texture": "#platinum1", "uv": [ 0.0, 0.0, 0.5, 0.5 ] },
								"down": { "texture": "#platinum1", "uv": [ 0.5, 0.0, 1.0, 0.5 ] }
							}
						},
						{
							"name": "Cube13",
							"from": [ 0.0, 0.0, -3.9 ],
							"to": [ 0.3, 3.0, -3.8 ],
							"uv": [ 0.0, 0.0 ],
							"rotationOrigin": [ 0.05, 0.0, -3.9 ],
							"faces": {
								"north": { "texture": "#platinum1", "uv": [ 0.0, 0.5, 0.5, 3.5 ] },
								"east": { "texture": "#platinum1", "uv": [ 0.5, 0.5, 1.0, 3.5 ] },
								"south": { "texture": "#platinum1", "uv": [ 1.0, 0.5, 1.5, 3.5 ] },
								"west": { "texture": "#platinum1", "uv": [ 1.5, 0.5, 2.0, 3.5 ] },
								"up": { "texture": "#platinum1", "uv": [ 0.0, 0.0, 0.5, 0.5 ] },
								"down": { "texture": "#platinum1", "uv": [ 0.5, 0.0, 1.0, 0.5 ] }
							}
						},
						{
							"name": "Cube14",
							"from": [ 0.0, 0.0, -0.2 ],
							"to": [ 0.1, 3.0, 0.0 ],
							"uv": [ 0.0, 0.0 ],
							"rotationOrigin": [ 0.05, 0.0, -0.2 ],
							"faces": {
								"north": { "texture": "#platinum1", "uv": [ 0.0, 0.5, 0.5, 3.5 ] },
								"east": { "texture": "#platinum1", "uv": [ 0.5, 0.5, 1.0, 3.5 ] },
								"south": { "texture": "#platinum1", "uv": [ 1.0, 0.5, 1.5, 3.5 ] },
								"west": { "texture": "#platinum1", "uv": [ 1.5, 0.5, 2.0, 3.5 ] },
								"up": { "texture": "#platinum1", "uv": [ 0.0, 0.0, 0.5, 0.5 ] },
								"down": { "texture": "#platinum1", "uv": [ 0.5, 0.0, 1.0, 0.5 ] }
							}
						},
						{
							"name": "Cube15",
							"from": [ 5.9, 0.0, -0.2 ],
							"to": [ 6.0, 3.0, 0.0 ],
							"uv": [ 0.0, 0.0 ],
							"rotationOrigin": [ 5.95, 0.0, -0.2 ],
							"faces": {
								"north": { "texture": "#platinum1", "uv": [ 0.0, 0.5, 0.5, 3.5 ] },
								"east": { "texture": "#platinum1", "uv": [ 0.5, 0.5, 1.0, 3.5 ] },
								"south": { "texture": "#platinum1", "uv": [ 1.0, 0.5, 1.5, 3.5 ] },
								"west": { "texture": "#platinum1", "uv": [ 1.5, 0.5, 2.0, 3.5 ] },
								"up": { "texture": "#platinum1", "uv": [ 0.0, 0.0, 0.5, 0.5 ] },
								"down": { "texture": "#platinum1", "uv": [ 0.5, 0.0, 1.0, 0.5 ] }
							}
						},
						{
							"name": "Cube16",
							"from": [ 5.9, 0.0, -3.8 ],
							"to": [ 6.0, 3.0, -3.6 ],
							"uv": [ 0.0, 0.0 ],
							"rotationOrigin": [ 5.95, 0.0, -3.8 ],
							"faces": {
								"north": { "texture": "#platinum1", "uv": [ 0.0, 0.5, 0.5, 3.5 ] },
								"east": { "texture": "#platinum1", "uv": [ 0.5, 0.5, 1.0, 3.5 ] },
								"south": { "texture": "#platinum1", "uv": [ 1.0, 0.5, 1.5, 3.5 ] },
								"west": { "texture": "#platinum1", "uv": [ 1.5, 0.5, 2.0, 3.5 ] },
								"up": { "texture": "#platinum1", "uv": [ 0.0, 0.0, 0.5, 0.5 ] },
								"down": { "texture": "#platinum1", "uv": [ 0.5, 0.0, 1.0, 0.5 ] }
							}
						},
						{
							"name": "Cube17",
							"from": [ 0.0, 0.0, -3.8 ],
							"to": [ 0.1, 3.0, -3.6 ],
							"uv": [ 0.0, 0.0 ],
							"rotationOrigin": [ 0.05, 0.0, -3.8 ],
							"faces": {
								"north": { "texture": "#platinum1", "uv": [ 0.0, 0.5, 0.5, 3.5 ] },
								"east": { "texture": "#platinum1", "uv": [ 0.5, 0.5, 1.0, 3.5 ] },
								"south": { "texture": "#platinum1", "uv": [ 1.0, 0.5, 1.5, 3.5 ] },
								"west": { "texture": "#platinum1", "uv": [ 1.5, 0.5, 2.0, 3.5 ] },
								"up": { "texture": "#platinum1", "uv": [ 0.0, 0.0, 0.5, 0.5 ] },
								"down": { "texture": "#platinum1", "uv": [ 0.5, 0.0, 1.0, 0.5 ] }
							}
						},
						{
							"name": "Cube18",
							"from": [ 0.0, 3.0, -0.2 ],
							"to": [ 6.0, 3.1, 0.1 ],
							"uv": [ 0.0, 0.0 ],
							"rotationOrigin": [ 0.05, 3.0, -0.2 ],
							"faces": {
								"north": { "texture": "#platinum1", "uv": [ 0.0, 0.5, 6.0, 1.0 ] },
								"east": { "texture": "#platinum1", "uv": [ 6.0, 0.5, 6.5, 1.0 ] },
								"south": { "texture": "#platinum1", "uv": [ 6.5, 0.5, 12.5, 1.0 ] },
								"west": { "texture": "#platinum1", "uv": [ 12.5, 0.5, 13.0, 1.0 ] },
								"up": { "texture": "#platinum1", "uv": [ 0.0, 0.0, 6.0, 0.5 ] },
								"down": { "texture": "#platinum1", "uv": [ 6.0, 0.0, 12.0, 0.5 ] }
							}
						},
						{
							"name": "Cube19",
							"from": [ 0.0, 3.0, -3.9 ],
							"to": [ 6.0, 3.1, -3.6 ],
							"uv": [ 0.0, 0.0 ],
							"rotationOrigin": [ 0.05, 3.0, -3.9 ],
							"faces": {
								"north": { "texture": "#platinum1", "uv": [ 0.0, 0.5, 6.0, 1.0 ] },
								"east": { "texture": "#platinum1", "uv": [ 6.0, 0.5, 6.5, 1.0 ] },
								"south": { "texture": "#platinum1", "uv": [ 6.5, 0.5, 12.5, 1.0 ] },
								"west": { "texture": "#platinum1", "uv": [ 12.5, 0.5, 13.0, 1.0 ] },
								"up": { "texture": "#platinum1", "uv": [ 0.0, 0.0, 6.0, 0.5 ] },
								"down": { "texture": "#platinum1", "uv": [ 6.0, 0.0, 12.0, 0.5 ] }
							}
						},
						{
							"name": "Cube20",
							"from": [ 0.0, 3.0, -3.6 ],
							"to": [ 0.3, 3.1, -0.2 ],
							"uv": [ 0.0, 0.0 ],
							"rotationOrigin": [ 0.05, 3.0, -3.6 ],
							"faces": {
								"north": { "texture": "#platinum1", "uv": [ 0.0, 3.0, 0.5, 3.5 ] },
								"east": { "texture": "#platinum1", "uv": [ 0.5, 3.0, 3.5, 3.5 ] },
								"south": { "texture": "#platinum1", "uv": [ 3.5, 3.0, 4.0, 3.5 ] },
								"west": { "texture": "#platinum1", "uv": [ 4.0, 3.0, 7.0, 3.5 ] },
								"up": { "texture": "#platinum1", "uv": [ 0.0, 0.0, 0.5, 3.0 ] },
								"down": { "texture": "#platinum1", "uv": [ 0.5, 0.0, 1.0, 3.0 ] }
							}
						},
						{
							"name": "Cube21",
							"from": [ 5.7, 3.0, -3.6 ],
							"to": [ 6.0, 3.1, -0.2 ],
							"uv": [ 0.0, 0.0 ],
							"rotationOrigin": [ 5.75, 3.0, -3.6 ],
							"faces": {
								"north": { "texture": "#platinum1", "uv": [ 0.0, 3.0, 0.5, 3.5 ] },
								"east": { "texture": "#platinum1", "uv": [ 0.5, 3.0, 3.5, 3.5 ] },
								"south": { "texture": "#platinum1", "uv": [ 3.5, 3.0, 4.0, 3.5 ] },
								"west": { "texture": "#platinum1", "uv": [ 4.0, 3.0, 7.0, 3.5 ] },
								"up": { "texture": "#platinum1", "uv": [ 0.0, 0.0, 0.5, 3.0 ] },
								"down": { "texture": "#platinum1", "uv": [ 0.5, 0.0, 1.0, 3.0 ] }
							}
						},
						{
							"name": "Cube22",
							"from": [ 0.3, 0.0, 0.0 ],
							"to": [ 5.7, 0.1, 0.1 ],
							"uv": [ 0.0, 0.0 ],
							"rotationOrigin": [ 0.35, 0.0, 0.0 ],
							"faces": {
								"north": { "texture": "#platinum1", "uv": [ 0.0, 0.5, 5.0, 1.0 ] },
								"east": { "texture": "#platinum1", "uv": [ 5.0, 0.5, 5.5, 1.0 ] },
								"south": { "texture": "#platinum1", "uv": [ 5.5, 0.5, 10.5, 1.0 ] },
								"west": { "texture": "#platinum1", "uv": [ 10.5, 0.5, 11.0, 1.0 ] },
								"up": { "texture": "#platinum1", "uv": [ 0.0, 0.0, 5.0, 0.5 ] },
								"down": { "texture": "#platinum1", "uv": [ 5.0, 0.0, 10.0, 0.5 ] }
							}
						},
						{
							"name": "Cube23",
							"from": [ 0.3, 0.0, -3.9 ],
							"to": [ 5.7, 0.1, -3.8 ],
							"uv": [ 0.0, 0.0 ],
							"rotationOrigin": [ 0.35, 0.0, -3.9 ],
							"faces": {
								"north": { "texture": "#platinum1", "uv": [ 0.0, 0.5, 5.0, 1.0 ] },
								"east": { "texture": "#platinum1", "uv": [ 5.0, 0.5, 5.5, 1.0 ] },
								"south": { "texture": "#platinum1", "uv": [ 5.5, 0.5, 10.5, 1.0 ] },
								"west": { "texture": "#platinum1", "uv": [ 10.5, 0.5, 11.0, 1.0 ] },
								"up": { "texture": "#platinum1", "uv": [ 0.0, 0.0, 5.0, 0.5 ] },
								"down": { "texture": "#platinum1", "uv": [ 5.0, 0.0, 10.0, 0.5 ] }
							}
						},
						{
							"name": "Cube24",
							"from": [ 0.0, 0.0, -3.6 ],
							"to": [ 0.1, 0.1, -0.2 ],
							"uv": [ 0.0, 0.0 ],
							"rotationOrigin": [ 0.05, 0.0, -3.6 ],
							"faces": {
								"north": { "texture": "#platinum1", "uv": [ 0.0, 3.0, 0.5, 3.5 ] },
								"east": { "texture": "#platinum1", "uv": [ 0.5, 3.0, 3.5, 3.5 ] },
								"south": { "texture": "#platinum1", "uv": [ 3.5, 3.0, 4.0, 3.5 ] },
								"west": { "texture": "#platinum1", "uv": [ 4.0, 3.0, 7.0, 3.5 ] },
								"up": { "texture": "#platinum1", "uv": [ 0.0, 0.0, 0.5, 3.0 ] },
								"down": { "texture": "#platinum1", "uv": [ 0.5, 0.0, 1.0, 3.0 ] }
							}
						},
						{
							"name": "Cube25",
							"from": [ 5.9, 0.0, -3.6 ],
							"to": [ 6.0, 0.1, -0.2 ],
							"uv": [ 0.0, 0.0 ],
							"rotationOrigin": [ 5.95, 0.0, -3.6 ],
							"faces": {
								"north": { "texture": "#platinum1", "uv": [ 0.0, 3.0, 0.5, 3.5 ] },
								"east": { "texture": "#platinum1", "uv": [ 0.5, 3.0, 3.5, 3.5 ] },
								"south": { "texture": "#platinum1", "uv": [ 3.5, 3.0, 4.0, 3.5 ] },
								"west": { "texture": "#platinum1", "uv": [ 4.0, 3.0, 7.0, 3.5 ] },
								"up": { "texture": "#platinum1", "uv": [ 0.0, 0.0, 0.5, 3.0 ] },
								"down": { "texture": "#platinum1", "uv": [ 0.5, 0.0, 1.0, 3.0 ] }
							}
						}
					]
				}
			]
		}
	]}