{
    "editor": {
        "backDropShape": "entity/humanoid/seraph",
        "allAngles": true,
        "entityTextureMode": true
    },
    "textureWidth": 32,
    "textureHeight": 36,
    "textureSizes": {
        "pants": [ 32, 36 ]
    },
    "textures": {
        "lowerbody": "aldiclasses:clothing/lumberjack-pants-fancy"
    },
    "elements": [
        {
            "name": "LowertorsoWparented",
            "stepParentName": "LowerTorso",
            "from": [ -0.01, -0.01, -0.01 ],
            "to": [ 0.49, 4.51, 6.01 ],
            "unwrapMode": 4,
            "autoUnwrap": false,
            "uv": [ 12.9, 2.5 ],
            "rotationOrigin": [ -0.01, 3.5, -0.05 ],
            "faces": {
                "north": {
                    "texture": "#lowerbody",
                    "uv": [ 13.0, 2.5, 13.5, 7.0 ],
                    "windMode": [ -1, -1, -1, -1 ],
                    "windData": [ 0, 1, 1, 0 ]
                },
                "east": {
                    "texture": "#lowerbody",
                    "uv": [ 9.5, 7.0, 15.5, 11.5 ]
                },
                "south": {
                    "texture": "#lowerbody",
                    "uv": [ 19.5, 2.5, 20.0, 7.0 ]
                },
                "west": {
                    "texture": "#lowerbody",
                    "uv": [ 13.5, 2.5, 19.5, 7.0 ]
                },
                "up": {
                    "texture": "#lowerbody",
                    "uv": [ 13.5, 2.0, 19.5, 2.5 ],
                    "rotation": 90
                }
            },
            "children": [
                {
                    "name": "LowertorsoN",
                    "from": [ 0.5, 0.0, 0.0 ],
                    "to": [ 4.52, 4.5, 0.5 ],
                    "unwrapMode": 1,
                    "autoUnwrap": false,
                    "uv": [ 9.0, 2.0 ],
                    "rotationOrigin": [ 0.5, 3.55, 0.0 ],
                    "faces": {
                        "north": {
                            "texture": "#lowerbody",
                            "uv": [ 9.0, 2.5, 13.0, 7.0 ]
                        },
                        "south": {
                            "texture": "#lowerbody",
                            "uv": [ 10.5, 7.0, 14.5, 11.5 ]
                        },
                        "up": {
                            "texture": "#lowerbody",
                            "uv": [ 9.0, 2.0, 13.0, 2.5 ],
                            "rotation": 180
                        }
                    }
                },
                {
                    "name": "LowertorsoS",
                    "from": [ 0.5, 0.0, 5.52 ],
                    "to": [ 4.52, 4.5, 6.02 ],
                    "unwrapMode": 3,
                    "autoUnwrap": false,
                    "uv": [ 20.0, 2.0 ],
                    "rotationOrigin": [ 0.5, 5.0, 5.5 ],
                    "faces": {
                        "north": {
                            "texture": "#lowerbody",
                            "uv": [ 14.5, 7.0, 18.5, 11.5 ]
                        },
                        "south": {
                            "texture": "#lowerbody",
                            "uv": [ 20.0, 2.5, 24.0, 7.0 ]
                        },
                        "up": {
                            "texture": "#lowerbody",
                            "uv": [ 20.0, 2.0, 24.0, 2.5 ]
                        }
                    }
                },
                {
                    "name": "LowertorsoE",
                    "from": [ 4.52, 0.0, 0.0 ],
                    "to": [ 5.02, 4.5, 6.02 ],
                    "unwrapMode": 2,
                    "autoUnwrap": false,
                    "uv": [ 23.9, 2.0 ],
                    "rotationOrigin": [ 4.52, 5.0, 0.0 ],
                    "faces": {
                        "north": {
                            "texture": "#lowerbody",
                            "uv": [ 30.5, 2.5, 31.0, 7.0 ]
                        },
                        "east": {
                            "texture": "#lowerbody",
                            "uv": [ 24.5, 2.5, 30.5, 7.0 ]
                        },
                        "south": {
                            "texture": "#lowerbody",
                            "uv": [ 24.0, 2.5, 24.5, 7.0 ]
                        },
                        "west": {
                            "texture": "#lowerbody",
                            "uv": [ 13.5, 7.0, 19.5, 11.5 ]
                        },
                        "up": {
                            "texture": "#lowerbody",
                            "uv": [ 24.5, 2.0, 30.5, 2.5 ],
                            "rotation": 270
                        }
                    }
                },
                {
                    "name": "LowertorsoD",
                    "from": [ -0.01, 0.0, -0.01 ],
                    "to": [ 5.09, 2.0, 6.01 ],
                    "unwrapMode": 6,
                    "unwrapRotation": 1,
                    "autoUnwrap": false,
                    "uv": [ 1.5, 1.0 ],
                    "faces": {
                        "down": {
                            "texture": "#lowerbody",
                            "uv": [ 1.5, 1.0, 7.5, 6.0 ],
                            "rotation": 90
                        }
                    }
                },
                {
                    "name": "SuspenderLFrontLower",
                    "from": [ -0.01, 2.0, 4.5 ],
                    "to": [ 0.19, 5.0, 5.5 ],
                    "unwrapMode": 4,
                    "unwrapRotation": 1,
                    "uv": [ 13.5, 23.5 ],
                    "rotationOrigin": [ 0.0, 2.0, 4.5 ],
                    "faces": {
                        "north": {
                            "texture": "#lowerbody",
                            "uv": [ 14.0, 25.0, 17.0, 25.5 ],
                            "rotation": 90
                        },
                        "east": {
                            "texture": "#lowerbody",
                            "uv": [ 17.5, 24.0, 20.5, 25.0 ],
                            "rotation": 270
                        },
                        "south": {
                            "texture": "#lowerbody",
                            "uv": [ 14.0, 23.5, 17.0, 24.0 ],
                            "rotation": 90
                        },
                        "west": {
                            "texture": "#lowerbody",
                            "uv": [ 14.0, 24.0, 17.0, 25.0 ],
                            "rotation": 90
                        },
                        "up": {
                            "texture": "#lowerbody",
                            "uv": [ 13.5, 24.0, 14.0, 25.0 ],
                            "rotation": 180
                        },
                        "down": {
                            "texture": "#lowerbody",
                            "uv": [ 17.0, 24.0, 17.5, 25.0 ],
                            "rotation": 180
                        }
                    },
                    "children": [
                        {
                            "name": "SuspenderLFrontLower2",
                            "from": [ 4.84, 0.0, 0.0 ],
                            "to": [ 5.04, 3.5, 1.0 ],
                            "unwrapMode": 4,
                            "unwrapRotation": 1,
                            "uv": [ 12.5, 23.5 ],
                            "rotationOrigin": [ 4.81, 0.0, 0.0 ],
                            "faces": {
                                "north": {
                                    "texture": "#lowerbody",
                                    "uv": [ 13.0, 25.0, 16.5, 25.5 ],
                                    "rotation": 90
                                },
                                "east": {
                                    "texture": "#lowerbody",
                                    "uv": [ 17.0, 24.0, 20.5, 25.0 ],
                                    "rotation": 270
                                },
                                "south": {
                                    "texture": "#lowerbody",
                                    "uv": [ 13.0, 23.5, 16.5, 24.0 ],
                                    "rotation": 90
                                },
                                "west": {
                                    "texture": "#lowerbody",
                                    "uv": [ 13.0, 24.0, 16.5, 25.0 ],
                                    "rotation": 90
                                },
                                "up": {
                                    "texture": "#lowerbody",
                                    "uv": [ 12.5, 24.0, 13.0, 25.0 ],
                                    "rotation": 180
                                },
                                "down": {
                                    "texture": "#lowerbody",
                                    "uv": [ 16.5, 24.0, 17.0, 25.0 ],
                                    "rotation": 180
                                }
                            }
                        }
                    ]
                },
                {
                    "name": "SuspenderLFrontLower3",
                    "from": [ -0.01, 2.0, 0.5 ],
                    "to": [ 0.19, 5.0, 1.5 ],
                    "unwrapMode": 4,
                    "unwrapRotation": 1,
                    "uv": [ 8.5, 21.5 ],
                    "rotationOrigin": [ 0.0, 2.0, 0.5 ],
                    "faces": {
                        "north": {
                            "texture": "#lowerbody",
                            "uv": [ 9.0, 23.0, 12.0, 23.5 ],
                            "rotation": 90
                        },
                        "east": {
                            "texture": "#lowerbody",
                            "uv": [ 12.5, 22.0, 15.5, 23.0 ],
                            "rotation": 270
                        },
                        "south": {
                            "texture": "#lowerbody",
                            "uv": [ 9.0, 21.5, 12.0, 22.0 ],
                            "rotation": 90
                        },
                        "west": {
                            "texture": "#lowerbody",
                            "uv": [ 9.0, 22.0, 12.0, 23.0 ],
                            "rotation": 90
                        },
                        "up": {
                            "texture": "#lowerbody",
                            "uv": [ 8.5, 22.0, 9.0, 23.0 ],
                            "rotation": 180
                        },
                        "down": {
                            "texture": "#lowerbody",
                            "uv": [ 12.0, 22.0, 12.5, 23.0 ],
                            "rotation": 180
                        }
                    },
                    "children": [
                        {
                            "name": "SuspenderLFrontLower4",
                            "from": [ 4.84, 0.0, 0.0 ],
                            "to": [ 5.04, 3.5, 1.0 ],
                            "unwrapMode": 4,
                            "autoUnwrap": false,
                            "uv": [ 10.0, 23.5 ],
                            "rotationOrigin": [ 4.81, 0.0, 0.0 ],
                            "faces": {
                                "north": {
                                    "texture": "#lowerbody",
                                    "uv": [ 12.0, 21.5, 15.5, 22.0 ],
                                    "rotation": 90
                                },
                                "east": {
                                    "texture": "#lowerbody",
                                    "uv": [ 12.0, 22.0, 15.5, 23.0 ],
                                    "rotation": 90
                                },
                                "south": {
                                    "texture": "#lowerbody",
                                    "uv": [ 10.5, 23.0, 14.0, 23.5 ],
                                    "rotation": 90
                                },
                                "west": {
                                    "texture": "#lowerbody",
                                    "uv": [ 10.0, 22.0, 13.5, 23.0 ],
                                    "rotation": 90
                                },
                                "up": {
                                    "texture": "#lowerbody",
                                    "uv": [ 15.0, 22.0, 15.5, 23.0 ]
                                },
                                "down": {
                                    "texture": "#lowerbody",
                                    "uv": [ 8.5, 22.0, 9.0, 23.0 ]
                                }
                            }
                        }
                    ]
                }
            ]
        },
        {
            "name": "upper foot R",
            "stepParentName": "UpperFootR",
            "from": [ -0.01, -0.01, -0.01 ],
            "to": [ 4.21, 9.01, 3.21 ],
            "unwrapMode": 4,
            "uv": [ 1.5, 8.5 ],
            "rotationOrigin": [ 0.0, 9.0, 0.0 ],
            "faces": {
                "north": {
                    "texture": "#lowerbody",
                    "uv": [ 1.5, 12.5, 5.5, 21.5 ]
                },
                "east": {
                    "texture": "#lowerbody",
                    "uv": [ 12.5, 12.5, 15.5, 21.5 ]
                },
                "south": {
                    "texture": "#lowerbody",
                    "uv": [ 8.5, 12.5, 12.5, 21.5 ],
                    "windMode": [ -1, -1, -1, -1 ]
                },
                "west": {
                    "texture": "#lowerbody",
                    "uv": [ 5.5, 12.5, 8.5, 21.5 ]
                },
                "up": {
                    "texture": "#lowerbody",
                    "uv": [ 5.5, 8.5, 8.5, 12.5 ],
                    "rotation": 90,
                    "windMode": [ -1, -1, -1, -1 ],
                    "windData": [ 1, 1, 1, 1 ]
                },
                "down": {
                    "texture": "#lowerbody",
                    "uv": [ 5.5, 21.5, 8.5, 25.5 ],
                    "rotation": 90,
                    "windMode": [ -1, -1, -1, -1 ]
                }
            }
        },
        {
            "name": "upper foot L",
            "stepParentName": "UpperFootL",
            "from": [ -0.01, -0.01, -0.01 ],
            "to": [ 4.21, 9.01, 3.21 ],
            "unwrapMode": 4,
            "uv": [ 16.5, 8.5 ],
            "rotationOrigin": [ 0.0, 9.0, 3.0 ],
            "faces": {
                "north": {
                    "texture": "#lowerbody",
                    "uv": [ 16.5, 12.5, 20.5, 21.5 ]
                },
                "east": {
                    "texture": "#lowerbody",
                    "uv": [ 27.5, 12.5, 30.5, 21.5 ]
                },
                "south": {
                    "texture": "#lowerbody",
                    "uv": [ 23.5, 12.5, 27.5, 21.5 ]
                },
                "west": {
                    "texture": "#lowerbody",
                    "uv": [ 20.5, 12.5, 23.5, 21.5 ]
                },
                "up": {
                    "texture": "#lowerbody",
                    "uv": [ 20.5, 8.5, 23.5, 12.5 ],
                    "rotation": 90,
                    "windMode": [ -1, -1, -1, -1 ],
                    "windData": [ 1, 1, 1, 1 ]
                },
                "down": {
                    "texture": "#lowerbody",
                    "uv": [ 20.5, 21.5, 23.5, 25.5 ],
                    "rotation": 90,
                    "windMode": [ -1, -1, -1, -1 ]
                }
            }
        },
        {
            "name": "lower foot R",
            "stepParentName": "LowerFootR",
            "from": [ -0.01, -0.01, -0.01 ],
            "to": [ 4.01, 10.01, 3.01 ],
            "unwrapMode": 4,
            "uv": [ 1.5, 21.5 ],
            "rotationOrigin": [ 0.0, 0.0, -0.1 ],
            "faces": {
                "north": {
                    "texture": "#lowerbody",
                    "uv": [ 1.5, 25.5, 5.5, 35.5 ]
                },
                "east": {
                    "texture": "#lowerbody",
                    "uv": [ 12.5, 25.5, 15.5, 35.5 ]
                },
                "south": {
                    "texture": "#lowerbody",
                    "uv": [ 8.5, 25.5, 12.5, 35.5 ]
                },
                "west": {
                    "texture": "#lowerbody",
                    "uv": [ 5.5, 25.5, 8.5, 35.5 ]
                },
                "up": {
                    "texture": "#lowerbody",
                    "uv": [ 5.5, 21.5, 8.5, 25.5 ],
                    "rotation": 90,
                    "windMode": [ -1, -1, -1, -1 ]
                }
            }
        },
        {
            "name": "lower foot L",
            "stepParentName": "LowerFootL",
            "from": [ -0.01, -0.01, -0.01 ],
            "to": [ 4.01, 10.01, 3.01 ],
            "unwrapMode": 4,
            "uv": [ 16.5, 21.5 ],
            "faces": {
                "north": {
                    "texture": "#lowerbody",
                    "uv": [ 16.5, 25.5, 20.5, 35.5 ]
                },
                "east": {
                    "texture": "#lowerbody",
                    "uv": [ 27.5, 25.5, 30.5, 35.5 ]
                },
                "south": {
                    "texture": "#lowerbody",
                    "uv": [ 23.5, 25.5, 27.5, 35.5 ]
                },
                "west": {
                    "texture": "#lowerbody",
                    "uv": [ 20.5, 25.5, 23.5, 35.5 ]
                },
                "up": {
                    "texture": "#lowerbody",
                    "uv": [ 20.5, 21.5, 23.5, 25.5 ],
                    "rotation": 90,
                    "windMode": [ -1, -1, -1, -1 ]
                }
            }
        },
        {
            "name": "SuspenderLFrontUpper",
            "stepParentName": "UpperTorso",
            "from": [ -0.01, -0.01, 4.6 ],
            "to": [ 0.19, 5.01, 5.6 ],
            "unwrapMode": 4,
            "unwrapRotation": 1,
            "uv": [ 9.5, 23.5 ],
            "rotationOrigin": [ 0.0, 0.0, 4.6 ],
            "faces": {
                "north": {
                    "texture": "#lowerbody",
                    "uv": [ 10.0, 25.0, 15.0, 25.5 ],
                    "rotation": 90
                },
                "east": {
                    "texture": "#lowerbody",
                    "uv": [ 15.5, 24.0, 20.5, 25.0 ],
                    "rotation": 270
                },
                "south": {
                    "texture": "#lowerbody",
                    "uv": [ 10.0, 23.5, 15.0, 24.0 ],
                    "rotation": 90
                },
                "west": {
                    "texture": "#lowerbody",
                    "uv": [ 10.0, 24.0, 15.0, 25.0 ],
                    "rotation": 90
                },
                "up": {
                    "texture": "#lowerbody",
                    "uv": [ 9.5, 24.0, 10.0, 25.0 ],
                    "rotation": 180
                },
                "down": {
                    "texture": "#lowerbody",
                    "uv": [ 15.0, 24.0, 15.5, 25.0 ],
                    "rotation": 180
                }
            },
            "children": [
                {
                    "name": "SuspenderLFrontUpper2",
                    "from": [ 0.2, 4.82, 0.0 ],
                    "to": [ 4.82, 5.02, 1.0 ],
                    "unwrapMode": 5,
                    "uv": [ 10.0, 23.5 ],
                    "rotationOrigin": [ 0.21, 4.8, 0.0 ],
                    "faces": {
                        "north": {
                            "texture": "#lowerbody",
                            "uv": [ 10.5, 23.5, 15.0, 24.0 ],
                            "rotation": 180
                        },
                        "east": {
                            "texture": "#lowerbody",
                            "uv": [ 15.0, 24.0, 15.5, 25.0 ],
                            "rotation": 90
                        },
                        "south": {
                            "texture": "#lowerbody",
                            "uv": [ 10.5, 25.0, 15.0, 25.5 ]
                        },
                        "west": {
                            "texture": "#lowerbody",
                            "uv": [ 10.0, 24.0, 10.5, 25.0 ],
                            "rotation": 270
                        },
                        "up": {
                            "texture": "#lowerbody",
                            "uv": [ 10.5, 24.0, 15.0, 25.0 ]
                        },
                        "down": {
                            "texture": "#lowerbody",
                            "uv": [ 15.5, 24.0, 20.0, 25.0 ]
                        }
                    }
                },
                {
                    "name": "SuspenderLFrontUpper3",
                    "from": [ 4.82, 0.0, 0.0 ],
                    "to": [ 5.02, 5.02, 1.0 ],
                    "unwrapMode": 4,
                    "unwrapRotation": 1,
                    "uv": [ 9.5, 23.5 ],
                    "rotationOrigin": [ 4.81, 0.0, 0.0 ],
                    "faces": {
                        "north": {
                            "texture": "#lowerbody",
                            "uv": [ 10.0, 25.0, 15.0, 25.5 ],
                            "rotation": 90
                        },
                        "east": {
                            "texture": "#lowerbody",
                            "uv": [ 15.5, 24.0, 20.5, 25.0 ],
                            "rotation": 270
                        },
                        "south": {
                            "texture": "#lowerbody",
                            "uv": [ 10.0, 23.5, 15.0, 24.0 ],
                            "rotation": 90
                        },
                        "west": {
                            "texture": "#lowerbody",
                            "uv": [ 10.0, 24.0, 15.0, 25.0 ],
                            "rotation": 90
                        },
                        "up": {
                            "texture": "#lowerbody",
                            "uv": [ 9.5, 24.0, 10.0, 25.0 ],
                            "rotation": 180
                        },
                        "down": {
                            "texture": "#lowerbody",
                            "uv": [ 15.0, 24.0, 15.5, 25.0 ],
                            "rotation": 180
                        }
                    }
                },
                {
                    "name": "SuspenderLFrontUpper4",
                    "from": [ 0.0, 0.0, -4.0 ],
                    "to": [ 0.2, 5.02, -3.0 ],
                    "unwrapMode": 4,
                    "unwrapRotation": 1,
                    "uv": [ 8.5, 21.5 ],
                    "rotationOrigin": [ 0.01, 0.0, -4.0 ],
                    "faces": {
                        "north": {
                            "texture": "#lowerbody",
                            "uv": [ 9.0, 23.0, 14.0, 23.5 ],
                            "rotation": 90
                        },
                        "east": {
                            "texture": "#lowerbody",
                            "uv": [ 14.5, 22.0, 19.5, 23.0 ],
                            "rotation": 270
                        },
                        "south": {
                            "texture": "#lowerbody",
                            "uv": [ 9.0, 21.5, 14.0, 22.0 ],
                            "rotation": 90
                        },
                        "west": {
                            "texture": "#lowerbody",
                            "uv": [ 9.0, 22.0, 14.0, 23.0 ],
                            "rotation": 90
                        },
                        "up": {
                            "texture": "#lowerbody",
                            "uv": [ 8.5, 22.0, 9.0, 23.0 ],
                            "rotation": 180
                        },
                        "down": {
                            "texture": "#lowerbody",
                            "uv": [ 14.0, 22.0, 14.5, 23.0 ],
                            "rotation": 180
                        }
                    },
                    "children": [
                        {
                            "name": "SuspenderLFrontUpper5",
                            "from": [ 0.2, 4.82, 0.0 ],
                            "to": [ 4.82, 5.02, 1.0 ],
                            "unwrapMode": 5,
                            "uv": [ 10.5, 21.5 ],
                            "rotationOrigin": [ 0.21, 4.8, 0.0 ],
                            "faces": {
                                "north": {
                                    "texture": "#lowerbody",
                                    "uv": [ 11.0, 21.5, 15.5, 22.0 ],
                                    "rotation": 180
                                },
                                "east": {
                                    "texture": "#lowerbody",
                                    "uv": [ 15.5, 22.0, 16.0, 23.0 ],
                                    "rotation": 90
                                },
                                "south": {
                                    "texture": "#lowerbody",
                                    "uv": [ 11.0, 23.0, 15.5, 23.5 ]
                                },
                                "west": {
                                    "texture": "#lowerbody",
                                    "uv": [ 10.5, 22.0, 11.0, 23.0 ],
                                    "rotation": 270
                                },
                                "up": {
                                    "texture": "#lowerbody",
                                    "uv": [ 11.0, 22.0, 15.5, 23.0 ]
                                },
                                "down": {
                                    "texture": "#lowerbody",
                                    "uv": [ 16.0, 22.0, 20.5, 23.0 ]
                                }
                            }
                        },
                        {
                            "name": "SuspenderLFrontUpper6",
                            "from": [ 4.82, 0.0, 0.0 ],
                            "to": [ 5.02, 5.02, 1.0 ],
                            "unwrapMode": 4,
                            "unwrapRotation": 1,
                            "uv": [ 9.0, 21.5 ],
                            "rotationOrigin": [ 4.81, 0.0, 0.0 ],
                            "faces": {
                                "north": {
                                    "texture": "#lowerbody",
                                    "uv": [ 9.5, 23.0, 14.5, 23.5 ],
                                    "rotation": 90
                                },
                                "east": {
                                    "texture": "#lowerbody",
                                    "uv": [ 15.0, 22.0, 20.0, 23.0 ],
                                    "rotation": 270
                                },
                                "south": {
                                    "texture": "#lowerbody",
                                    "uv": [ 9.5, 21.5, 14.5, 22.0 ],
                                    "rotation": 90
                                },
                                "west": {
                                    "texture": "#lowerbody",
                                    "uv": [ 9.5, 22.0, 14.5, 23.0 ],
                                    "rotation": 90
                                },
                                "up": {
                                    "texture": "#lowerbody",
                                    "uv": [ 9.0, 22.0, 9.5, 23.0 ],
                                    "rotation": 180
                                },
                                "down": {
                                    "texture": "#lowerbody",
                                    "uv": [ 14.5, 22.0, 15.0, 23.0 ],
                                    "rotation": 180
                                }
                            }
                        }
                    ]
                }
            ]
        }
    ]
}