[
  {
    "op": "replace",
    "path": "/enabled",
    "value": true,
    "file": "wethology:itemtypes/butchercreatures/land/mountaingoat.json",
    "dependsOn": [ { "modid": "butchering" } ]
  },
  {
    "op": "add",
    "path": "/server/behaviors/-",
    "value": {
      "code": "butcherable",
      "item": "wethology:deadmountaingoat-female-dead"
    },
    "file": "wethology:entities/land/mountaingoat-female.json",
    "dependsOn": [ { "modid": "butchering" } ]
  },
  {
    "op": "add",
    "path": "/client/behaviors/-",
    "value": {
      "code": "butcherable",
      "item": "wethology:deadmountaingoat-female-dead"
    },
    "file": "wethology:entities/land/mountaingoat-female.json",
    "dependsOn": [ { "modid": "butchering" } ]
  },
  {
    "op": "add",
    "path": "/server/behaviors/-",
    "value": {
      "code": "butcherable",
      "item": "wethology:deadmountaingoat-male-dead"
    },
    "file": "wethology:entities/land/mountaingoat-male.json",
    "dependsOn": [ { "modid": "butchering" } ]
  },
  {
    "op": "add",
    "path": "/client/behaviors/-",
    "value": {
      "code": "butcherable",
      "item": "wethology:deadmountaingoat-male-dead"
    },
    "file": "wethology:entities/land/mountaingoat-male.json",
    "dependsOn": [ { "modid": "butchering" } ]
  },
  {
    "op": "add",
    "path": "/server/behaviors/-",
    "value": {
      "code": "butcherable",
      "item": "wethology:deadmountaingoat-kid-dead"
    },
    "file": "wethology:entities/land/mountaingoat-kid.json",
    "dependsOn": [ { "modid": "butchering" } ]
  },
  {
    "op": "add",
    "path": "/client/behaviors/-",
    "value": {
      "code": "butcherable",
      "item": "wethology:deadmountaingoat-kid-dead"
    },
    "file": "wethology:entities/land/mountaingoat-kid.json",
    "dependsOn": [ { "modid": "butchering" } ]
  }
]
