{
  "code": "shutoffvalve",
  "class": "HoD:BlockShutoffValve",
  "entityClass": "HoD:BlockEntityShutoffValve",
  "attributes": {
    "handbook": {
      "groupBy": ["shutoffvalve-*"]
    }
  },
  "creativeinventory": {
    "general": ["shutoffvalve-*"],
    "mechanics": ["shutoffvalve-*"]
  },
  "variantgroups": [
    { "code": "metal", "states": ["copper", "lead"] }
  ],
  "shape": { "base": "hydrateordiedrate:block/shutoffvalve/valve-full", "rotateY": -90},
  "blockmaterial": "Metal",
  "materialDensity": 450,
  "textures": {
    "metal": { "base": "game:block/metal/sheet/{metal}2" }
  },
  "sidesolid": {
    "all": false
  },
  "sideopaque": {
    "all": false
  },
  "rainPermeable": true,
  "resistance": 3.5,
  "lightAbsorption": 0,
  "maxStackSize": 16,
  "groundTransform": {
    "translation": { "x": 0, "y": 0, "z": 0 },
    "rotation": { "x": -90, "y": 0, "z": 0 },
    "origin": { "x": 0.5, "y": 0.45, "z": 0.38 },
    "scale": 2.7
  },
  "guiTransform": {
    "rotation": { "x": -55, "y": -10, "z": -43 },
    "scale": 1.88
  },
  "tpHandTransform": {
    "translation": { "x": -1.5, "y": -0.4, "z": -0.9 },
    "rotation": { "x": 0, "y": 0, "z": 90 },
    "origin": { "x": 0.5, "y": 0.25, "z": 0.5 },
    "scale": 0.55
  },
  "collisionSelectionBoxByType": {
    "*-we": { "x1": 0, "y1": 0, "z1": 0.25, "x2": 1, "y2": 0.875, "z2": 0.75 },
    "*-ns": { "x1": 0, "y1": 0, "z1": 0.25, "x2": 1, "y2": 0.875, "z2": 0.75, "rotateY": 90 },
    "*-ud": { "x1": 0.25, "y1": 0, "z1": 0.25, "x2": 0.75, "y2": 1, "z2": 0.75 }
  },
  "particleCollisionBoxByType": {
    "*-we": { "x1": 0, "y1": 0, "z1": 0.375, "x2": 1, "y2": 0.625, "z2": 0.625 },
    "*-ns": { "x1": 0, "y1": 0, "z1": 0.375, "x2": 1, "y2": 0.625, "z2": 0.625, "rotateY": 90 },
    "*-ud": { "x1": 0.375, "y1": 0, "z1": 0.375, "x2": 0.625, "y2": 1, "z2": 0.625 }
  },
  "sounds": {
    "hit": "game:block/metaldoor-place",
    "break": "game:block/metaldoor-place",
    "place": "game:block/metaldoor-place",
    "walk": "game:block/metaldoor-place"
  }
}
