[
  {
    "ingredientPattern": "HFP",
    "requiresTrait": "backpacker",
    "width": 3,
    "height": 1,
    "ingredients": {
      "H": {
        "type": "item",
        "code": "game:hunterbackpack"
      },
      "F": {
        "type": "item",
        "code": "game:flaxtwine"
      },
      "P": {
        "type": "item",
        "code": "game:hide-pelt-small"
      }

    },
    "output": {
      "type": "item",
      "code": "biggerhunterbackpack"
    }
  },
  {
    "ingredientPattern": "BK",
    "width": 2,
    "height": 1,
    "ingredients": {
      "B": {
        "type": "item",
        "code": "aldiclasses:biggerhunterbackpack"
      },
      "K": {
        "type": "item",
        "code": "game:knife-*",
        "isTool": true,
        "toolDurabilityCost": 1
      }
    },
    "output": {
      "type": "item",
      "code": "game:hunterbackpack"
    }
  },
  {
    "ingredientPattern": "HSL",
    "requiresTrait": "backpacker",
    "width": 3,
    "height": 1,
    "ingredients": {
      "H": {
        "type": "item",
        "code": "game:backpack-normal"
      },
      "S": {
        "type": "item",
        "code": "game:sewingkit"
      },
      "L": {
        "type": "item",
        "code": "game:leather-normal-plain"
      }
    },
    "output": {
      "type": "item",
      "code": "biggerbackpack"
    }
  },
  {
    "ingredientPattern": "BK",
    "width": 2,
    "height": 1,
    "ingredients": {
      "B": {
        "type": "item",
        "code": "aldiclasses:biggerbackpack"
      },
      "K": {
        "type": "item",
        "code": "game:knife-*",
        "isTool": true,
        "toolDurabilityCost": 1
      }
    },
    "output": {
      "type": "item",
      "code": "game:backpack-normal"
    }
  },
  {
    "ingredientPattern": "HSL",
    "requiresTrait": "backpacker",
    "width": 3,
    "height": 1,
    "ingredients": {
      "H": {
        "type": "item",
        "code": "game:backpack-sturdy"
      },
      "S": {
        "type": "item",
        "code": "game:sewingkit"
      },
      "L": {
        "type": "item",
        "code": "game:leather-sturdy-plain"
      }
    },
    "output": {
      "type": "item",
      "code": "biggerbackpack-sturdy"
    }
  },
  {
    "ingredientPattern": "BK",
    "width": 2,
    "height": 1,
    "ingredients": {
      "B": {
        "type": "item",
        "code": "aldiclasses:biggerbackpack-sturdy"
      },
      "K": {
        "type": "item",
        "code": "game:knife-*",
        "isTool": true,
        "toolDurabilityCost": 1
      }
    },
    "output": {
      "type": "item",
      "code": "game:backpack-sturdy"
    }
  }
]