[
  {
    "ingredientPattern": "___,KP_,_F_",
    "requiresTrait": "threadweaver",
    "width": 3,
    "height": 3,
    "ingredients": {
      "F": {
        "type": "item",
        "code": "game:firewood"
      },
      "K": {
        "type": "item",
        "code": "game:knife-*",
        "isTool": true,
        "toolDurabilityCost": 3
      },
      "P": {
        "type": "item",
        "code": "game:hide-raw-small"
      }

    },
    "output": {
      "type": "item",
      "code": "aldiclasses:brush-wood"
    }
  },
  {
    "ingredientPattern": "_S_,KPH,_F_",
    "requiresTrait": "threadweaver",
    "width": 3,
    "height": 3,
    "ingredients": {
      "F": {
        "type": "item",
        "code": "game:firewood"
      },
      "K": {
        "type": "item",
        "code": "game:knife-*",
        "isTool": true,
        "toolDurabilityCost": 3
      },
      "P": {
        "type": "item",
        "code": "game:hide-raw-small"
      },
      "S": {
        "type": "item",
        "code": "game:hoop-steel"
      },
      "H": {
        "type": "item",
        "code": "game:hammer-*",
        "isTool": true,
        "toolDurabilityCost": 1
      }
    },
    "output": {
      "type": "item",
      "code": "aldiclasses:brush-reinforced"
    }
  },
  {
    "ingredientPattern": "BSH",
    "requiresTrait": "threadweaver",
    "width": 3,
    "height": 1,
    "ingredients": {
      "B": {
        "type": "item",
        "code": "aldiclasses:brush-wood"
      },
      "S": {
        "type": "item",
        "code": "game:hoop-steel"
      },
      "H": {
        "type": "item",
        "code": "game:hammer-*",
        "isTool": true,
        "toolDurabilityCost": 1
      }
    },
    "output": {
      "type": "item",
      "code": "aldiclasses:brush-reinforced"
    }
  },
  {
    "ingredientPattern": "_B_,SGS,_H_",
    "width": 3,
    "height": 3,
    "ingredients": {
      "G": {
        "type": "item",
        "code": "game:drygrass",
        "quantity": 16
      },
      "B": {
        "type": "item",
        "code": "aldiclasses:brush-*",
        "isTool": true,
        "toolDurabilityCost": 1
      },
      "S": {
        "type": "item",
        "code": "game:stick"
      },
      "H": {
        "type": "block",
        "code": "aldiclasses:hackle-*",
        "isTool": true,
        "toolDurabilityCost": 1
      }

    },
    "output": {
      "type": "item",
      "code": "game:flaxfibers",
      "quantity": 4
    }
  }
]