[
  {
    "ingredientPattern": "_B_,SGS,_H_",
    "width": 3,
    "height": 3,
    "ingredients": {
      "G": {
        "type": "item",
        "code": "game:drygrass",
        "quantity": 16
      },
      "B": {
        "type": "item",
        "code": "aldiclasses:brush",
        "isTool": true,
        "toolDurabilityCost": 1
      },
      "S": {
        "type": "item",
        "code": "game:stick"
      },
      "H": {
        "type": "block",
        "code": "aldiclasses:hackle",
        "isTool": true,
        "toolDurabilityCost": 1
      }

    },
    "output": {
      "type": "item",
      "code": "game:flaxfibers",
      "quantity": 4
    }
  },
  {
    "ingredientPattern": "_B_,SGS,_H_",
    "width": 3,
    "height": 3,
    "ingredients": {
      "G": {
        "type": "item",
        "code": "game:drygrass",
        "quantity": 16
      },
      "B": {
        "type": "item",
        "code": "aldiclasses:brush-*",
        "isTool": true,
        "toolDurabilityCost": 1
      },
      "S": {
        "type": "item",
        "code": "game:stick"
      },
      "H": {
        "type": "block",
        "code": "aldiclasses:hackle",
        "isTool": true,
        "toolDurabilityCost": 1
      }

    },
    "output": {
      "type": "item",
      "code": "game:flaxfibers",
      "quantity": 4
    }
  },
  {
    "ingredientPattern": "_B_,SGS,_H_",
    "width": 3,
    "height": 3,
    "ingredients": {
      "G": {
        "type": "item",
        "code": "game:drygrass",
        "quantity": 16
      },
      "B": {
        "type": "item",
        "code": "aldiclasses:brush",
        "isTool": true,
        "toolDurabilityCost": 1
      },
      "S": {
        "type": "item",
        "code": "game:stick"
      },
      "H": {
        "type": "block",
        "code": "aldiclasses:hackle-*",
        "isTool": true,
        "toolDurabilityCost": 1
      }

    },
    "output": {
      "type": "item",
      "code": "game:flaxfibers",
      "quantity": 4
    }
  }
]