[
  /// Frames

    {
      "file": "floralzonescosmopolitanregion:itemtypes/resource/plank.json",
      "op": "addmerge",
      "path": "/behaviors",
      "value": [{ "name": "vsroofing.PlaceFrame", "properties": { "primary": "rafterbeam" } }]
    },
    {
		"op": "addeach",
    	"path": "/attributes/Frames/rafterbeam/Material/Code/-",
    	"file": "vsroofing:blocktypes/roof.json",
        "value": [ "floralzonescosmopolitanregion:plank-*" ]
    },

    // wood basic
    {
		  "op": "addeach",
    	"path": "/attributes/Roofs/wood-basic/Materials/0/Primary/Code/-",
    	"file": "vsroofing:blocktypes/roof.json",
        "value": [ "floralzonescosmopolitanregion:plank-*" ]
    },
     {
		  "op": "addmerge",
    	"path": "/attributes/Roofs/wood-basic/TexturesByMaterial/aged-side/Textures",
    	"file": "vsroofing:blocktypes/roof.json",
      "value": { 
        "floralzonescosmopolitanregion:plank-*": "floralzonescosmopolitanregion:block/wood/shingles/{wood}-side",
        }
    },
    {
		  "op": "addmerge",
    	"path": "/attributes/Roofs/wood-basic/TexturesByMaterial/material/Textures",
    	"file": "vsroofing:blocktypes/roof.json",
      "value": {
        "floralzonescosmopolitanregion:plank-*": "floralzonescosmopolitanregion:block/wood/planks/{wood}*"
      }
    },

    // Standard wood

    {
		  "op": "addeach",
    	"path": "/attributes/Roofs/wood/Materials/0/Primary/Code/-",
    	"file": "vsroofing:blocktypes/roof.json",
        "value": [ "floralzonescosmopolitanregion:plank-*" ]
    },
    {
		  "op": "addeach",
    	"path": "/attributes/Roofs/wood/Materials/1/Primary/Code/-",
    	"file": "vsroofing:blocktypes/roof.json",
        "value": [ "floralzonescosmopolitanregion:plank-*" ]
    },
    {
		  "op": "addmerge",
    	"path": "/attributes/Roofs/wood/TexturesByMaterial/oak-side/Textures",
    	"file": "vsroofing:blocktypes/roof.json",
      "value": { 
        "floralzonescosmopolitanregion:plank-*": "floralzonescosmopolitanregion:block/wood/shingles/{wood}-side",
    }
    },
    {
		  "op": "addmerge",
    	"path": "/attributes/Roofs/wood/TexturesByMaterial/oak-top/Textures",
    	"file": "vsroofing:blocktypes/roof.json",
      "value": { 
        "floralzonescosmopolitanregion:plank-*": "floralzonescosmopolitanregion:block/wood/shingles/{wood}-top",
    }
  },
  {
		  "op": "addmerge",
    	"path": "/attributes/Roofs/wood/TexturesByMaterial/oak1/Textures",
    	"file": "vsroofing:blocktypes/roof.json",
      "value": {
        "floralzonescosmopolitanregion:plank-*": "floralzonescosmopolitanregion:block/wood/planks/{wood}*"
      }},
    // Sod bare
    {
		  "op": "addeach",
    	"path": "/attributes/Roofs/sod-bare/Materials/0/Primary/Code/-",
    	"file": "vsroofing:blocktypes/roof.json",
        "value": [ "floralzonescosmopolitanregion:plank-*" ]
    },
     {
		  "op": "addmerge",
    	"path": "/attributes/Roofs/sod-bare/TexturesByMaterial/aged-side/Textures",
    	"file": "vsroofing:blocktypes/roof.json",
      "value": { 
        "floralzonescosmopolitanregion:plank-*": "floralzonescosmopolitanregion:block/wood/shingles/{wood}-side",
     }},
 {
		  "op": "addmerge",
    	"path": "/attributes/Roofs/sod-bare/TexturesByMaterial/aged-top/Textures",
    	"file": "vsroofing:blocktypes/roof.json",
      "value": { 
        "floralzonescosmopolitanregion:plank-*": "floralzonescosmopolitanregion:block/wood/shingles/{wood}-top",
 }},
     {
		  "op": "addmerge",
    	"path": "/attributes/Roofs/sod-bare/TexturesByMaterial/material/Textures",
    	"file": "vsroofing:blocktypes/roof.json",
      "value": {
        "floralzonescosmopolitanregion:plank-*": "floralzonescosmopolitanregion:block/wood/planks/{wood}*",
      }},

      // Sod
    {
		  "op": "addeach",
    	"path": "/attributes/Roofs/sod/Materials/0/Primary/Code/-",
    	"file": "vsroofing:blocktypes/roof.json",
        "value": [ "floralzonescosmopolitanregion:plank-*" ]
    },
    {
		  "op": "addmerge",
    	"path": "/attributes/Roofs/sod/TexturesByMaterial/aged-side/Textures",
    	"file": "vsroofing:blocktypes/roof.json",
      "value": { 
        "floralzonescosmopolitanregion:plank-*": "floralzonescosmopolitanregion:block/wood/shingles/{wood}-side",
    }},
 {
		  "op": "addmerge",
    	"path": "/attributes/Roofs/sod/TexturesByMaterial/aged-top/Textures",
    	"file": "vsroofing:blocktypes/roof.json",
      "value": { 
        "floralzonescosmopolitanregion:plank-*": "floralzonescosmopolitanregion:block/wood/shingles/{wood}-top",
 }},
{
		  "op": "addmerge",
    	"path": "/attributes/Roofs/sod/TexturesByMaterial/material/Textures",
    	"file": "vsroofing:blocktypes/roof.json",
      "value": {
        "floralzonescosmopolitanregion:plank-*": "floralzonescosmopolitanregion:block/wood/planks/{wood}*",
      }}

]