[
  //this file gives traits to classes, when CO is installed
  {
    //miner
    "op": "addmerge",
    "path": "/0/traits",
    "value": [
      "skilledatmeleecombat",
      "clumsyatrangedcombat",
      "macesProficiency",
      "clubsProficiency",
      "clumsyHands"
    ],
    "file": "config/characterclasses.json",
    "dependsOn": [ { "modid": "combatoverhaul" } ]
  },
  {
    //farmer
    "op": "addmerge",
    "path": "/1/traits",
    "value": [
      "skilledatrangedcombat",
      "firearmsProficiency",
      "crossbowsProficiency",
      "slingsProficiency",
      "steadyAim"
    ],
    "file": "config/characterclasses.json",
    "dependsOn": [ { "modid": "combatoverhaul" } ]
  },
  {
    //lumberjack
    "op": "addmerge",
    "path": "/2/traits",
    "value": [
      "skilledatmeleecombat",
      "axesProficiency",
      "halberdsProficiency"
    ],
    "file": "config/characterclasses.json",
    "dependsOn": [ { "modid": "combatoverhaul" } ]
  },
  {
    //blacksmith
    "op": "addmerge",
    "path": "/3/traits",
    "value": [
      "skilledatmeleecombat",
      "macesProficiency",
      "clubsProficiency"
    ],
    "file": "config/characterclasses.json",
    "dependsOn": [ { "modid": "combatoverhaul" } ]
  },
  {
    //potter
    "op": "addmerge",
    "path": "/4/traits",
    "value": [
      "skilledatmeleecombat",
      "halberdsProficiency",
      "spearsProficiency"
    ],
    "file": "config/characterclasses.json",
    "dependsOn": [ { "modid": "combatoverhaul" } ]
  },
  {
    //carpenter
    "op": "addmerge",
    "path": "/5/traits",
    "value": [
      "skilledatmeleecombat",
      "axesProficiency",
      "oneHandedSwordsProficiency"
    ],
    "file": "config/characterclasses.json",
    "dependsOn": [ { "modid": "combatoverhaul" } ]
  },
  {
    //wanderer
    "op": "addmerge",
    "path": "/6/traits",
    "value": [
      "spearsProficiency",
      "oneHandedSwordsProficiency"
    ],
    "file": "config/characterclasses.json",
    "dependsOn": [ { "modid": "combatoverhaul" } ]
  },
  {
    //innkeeper
    "op": "addmerge",
    "path": "/7/traits",
    "value": [
      "skilledatmeleecombat",
      "clumsyatrangedcombat",
      "twoHandedSwordsProficiency",
      "oneHandedSwordsProficiency",
      "clubsProficiency",
      "clumsyHands"
    ],
    "file": "config/characterclasses.json",
    "dependsOn": [ { "modid": "combatoverhaul" } ]
  },
  {
    //handwright
    "op": "addmerge",
    "path": "/8/traits",
    "value": [
      "skilledatrangedcombat",
      "axesProficiency",
      "halberdsProficiency",
      "spearsProficiency"
    ],
    "file": "config/characterclasses.json",
    "dependsOn": [ { "modid": "combatoverhaul" } ]
  },
  {
    //druid
    "op": "addmerge",
    "path": "/9/traits",
    "value": [
      "skilledatrangedcombat",
      "crossbowsProficiency",
      "bowsProficiency"
    ],
    "file": "config/characterclasses.json",
    "dependsOn": [ { "modid": "combatoverhaul" } ]
  },
  {
    //squire
    "op": "addmerge",
    "path": "/10/traits",
    "value": [
      "skilledatmeleecombat",
      "skilledatrangedcombat",
      "oneHandedSwordsProficiency",
      "twoHandedSwordsProficiency",
      "crossbowsProficiency",
      "firearmsProficiency",
      "spearsProficiency",
      "halberdsProficiency"
    ],
    "file": "config/characterclasses.json",
    "dependsOn": [ { "modid": "combatoverhaul" } ]
  },
  {
    //wildrunner
    "op": "addmerge",
    "path": "/11/traits",
    "value": [
      "rangedmastery",
      "bowsProficiency",
      "crossbowsProficiency",
      "firearmsProficiency",
      "steadyAim"
    ],
    "file": "config/characterclasses.json",
    "dependsOn": [ { "modid": "combatoverhaul" } ]
  },
  {
    //mercenary
    "op": "addmerge",
    "path": "/12/traits",
    "value": [
      "meleemastery",
      "oneHandedSwordsProficiency",
      "twoHandedSwordsProficiency",
      "tremblingAim",
      "canParryProjectiles"
    ],
    "file": "config/characterclasses.json",
    "dependsOn": [ { "modid": "combatoverhaul" } ]
  },
  {
    //entropic
    "op": "addmerge",
    "path": "/13/traits",
    "value": [
      "skilledatrangedcombat",
      "spearsProficiency",
      "crossbowsProficiency",
      "firearmsProficiency"
    ],
    "file": "config/characterclasses.json",
    "dependsOn": [ { "modid": "combatoverhaul" } ]
  },
  {
    //threadweaver
    "op": "addmerge",
    "path": "/14/traits",
    "value": [
      "oneHandedSwordsProficiency",
      "halberdsProficiency"
    ],
    "file": "config/characterclasses.json",
    "dependsOn": [ { "modid": "combatoverhaul" } ]
  },
  {
    //mason
    "op": "addmerge",
    "path": "/15/traits",
    "value": [
      "skilledatmeleecombat",
      "twoHandedSwordsProficiency",
      "macesProficiency"
    ],
    "file": "config/characterclasses.json",
    "dependsOn": [ { "modid": "combatoverhaul" } ]
  },
  {
    //earthshaper
    "op": "addmerge",
    "path": "/16/traits",
    "value": [
      "skilledatmeleecombat",
      "macesProficiency",
      "halberdsProficiency",
      "twoHandedSwordsProficiency"
    ],
    "file": "config/characterclasses.json",
    "dependsOn": [ { "modid": "combatoverhaul" } ]
  },
  {
    //deepforger
    "op": "addmerge",
    "path": "/17/traits",
    "value": [
      "skilledatmeleecombat",
      "macesProficiency",
      "clubsProficiency"
    ],
    "file": "config/characterclasses.json",
    "dependsOn": [ { "modid": "combatoverhaul" } ]
  },
  {
    //shadowstrider
    "op": "addmerge",
    "path": "/18/traits",
    "value": [
      "horribleatmeleecombat",
      "horribleatrangedcombat",
      "tremblingAim"
    ],
    "file": "config/characterclasses.json",
    "dependsOn": [ { "modid": "combatoverhaul" } ]
  },
  {
    //timberborn
    "op": "addmerge",
    "path": "/19/traits",
    "value": [
      "skilledatmeleecombat",
      "axesProficiency",
      "halberdsProficiency",
      "twoHandedSwordsProficiency"
    ],
    "file": "config/characterclasses.json",
    "dependsOn": [ { "modid": "combatoverhaul" } ]
  }

]