{
	"editor": {
		"collapsedPaths": ",Root/food,Root/large",
		"allAngles": false,
		"entityTextureMode": true
	},
	"textureWidth": 16,
	"textureHeight": 16,
	"textureSizes": {
		"fat": [8,8],
		"animalfat": [16,16],
		"potato": [8,8]
	},
	"textures": {
		"material": "block/metal/sheet/iron2",
		"iron2": "game:block/metal/sheet/iron2"
	},
	"elements": [
		{
			"name": "Cube2",
			"from": [ 3.0, 1.0, 3.0 ],
			"to": [ 13.0, 1.8, 13.0 ],
			"autoUnwrap": false,
			"uv": [ 0.0, 0.0 ],
			"rotationOrigin": [ 3.0, 1.0, 3.0 ],
			"faces": {
				"north": { "texture": "#material", "uv": [ 0.0, 8.0, 10.0, 8.5 ] },
				"east": { "texture": "#material", "uv": [ 5.0, 8.0, 15.0, 8.5 ] },
				"south": { "texture": "#material", "uv": [ 5.0, 4.0, 15.0, 4.5 ] },
				"west": { "texture": "#material", "uv": [ 2.0, 8.0, 12.0, 8.5 ] },
				"up": { "texture": "#material", "uv": [ 0.0, 0.0, 10.0, 10.0 ], "windMode": [-1,-1,-1,-1] },
				"down": { "texture": "#material", "uv": [ 3.0, 0.0, 13.0, 10.0 ] }
			}
		},
		{
			"name": "Cube3",
			"from": [ 2.5, 1.5, 2.5 ],
			"to": [ 3.0, 7.5, 13.5 ],
			"autoUnwrap": false,
			"uv": [ 0.0, 0.0 ],
			"rotationOrigin": [ 2.5, 1.5, 2.5 ],
			"faces": {
				"north": { "texture": "#material", "uv": [ 1.5, 3.5, 2.0, 9.5 ] },
				"east": { "texture": "#material", "uv": [ 1.0, 2.0, 12.0, 8.0 ], "windMode": [-1,-1,-1,-1] },
				"south": { "texture": "#material", "uv": [ 8.5, 4.5, 9.0, 10.5 ] },
				"west": { "texture": "#material", "uv": [ 5.0, 1.0, 16.0, 7.0 ] },
				"up": { "texture": "#material", "uv": [ 0.0, 0.0, 0.5, 11.0 ] },
				"down": { "texture": "#material", "uv": [ 0.5, 0.0, 1.0, 11.0 ] }
			},
			"children": [
				{
					"name": "Cube21",
					"from": [ 3.5, 1.9, 11.0 ],
					"to": [ 7.5, 2.1, 11.1 ],
					"uv": [ 0.0, 0.0 ],
					"rotationOrigin": [ 4.5, 1.9, 11.0 ],
					"faces": {
						"north": { "texture": "#material", "uv": [ 0.0, 0.5, 4.0, 1.0 ] },
						"east": { "texture": "#material", "uv": [ 4.0, 0.5, 4.5, 1.0 ] },
						"south": { "texture": "#material", "uv": [ 4.5, 0.5, 8.5, 1.0 ] },
						"west": { "texture": "#material", "uv": [ 8.5, 0.5, 9.0, 1.0 ] },
						"up": { "texture": "#material", "uv": [ 0.0, 0.0, 4.0, 0.5 ] },
						"down": { "texture": "#material", "uv": [ 4.0, 0.0, 8.0, 0.5 ] }
					}
				},
				{
					"name": "Cube4",
					"from": [ 10.5, 0.0, 0.0 ],
					"to": [ 11.0, 6.0, 11.0 ],
					"autoUnwrap": false,
					"uv": [ 0.0, 0.0 ],
					"rotationOrigin": [ 10.5, 0.0, 0.0 ],
					"faces": {
						"north": { "texture": "#material", "uv": [ 1.5, 2.0, 2.0, 8.0 ] },
						"east": { "texture": "#material", "uv": [ 0.5, 2.0, 11.5, 8.0 ] },
						"south": { "texture": "#material", "uv": [ 7.5, 2.5, 8.0, 8.5 ] },
						"west": { "texture": "#material", "uv": [ 5.0, 2.5, 16.0, 8.5 ], "windMode": [-1,-1,-1,-1] },
						"up": { "texture": "#material", "uv": [ 0.0, 0.0, 0.5, 11.0 ] },
						"down": { "texture": "#material", "uv": [ 0.5, 0.0, 1.0, 11.0 ] }
					}
				},
				{
					"name": "Cube5",
					"from": [ 0.5, 0.0, 0.0 ],
					"to": [ 10.5, 6.0, 0.5 ],
					"autoUnwrap": false,
					"uv": [ 0.0, 0.0 ],
					"rotationOrigin": [ 0.5, 0.0, 0.0 ],
					"faces": {
						"north": { "texture": "#material", "uv": [ 0.0, 0.5, 10.0, 6.5 ] },
						"east": { "texture": "#material", "uv": [ 9.0, 0.5, 9.5, 6.5 ] },
						"south": { "texture": "#material", "uv": [ 5.0, 0.5, 15.0, 6.5 ], "windMode": [-1,-1,-1,-1] },
						"west": { "texture": "#material", "uv": [ 10.5, 0.5, 11.0, 6.5 ] },
						"up": { "texture": "#material", "uv": [ 0.0, 0.0, 10.0, 0.5 ] },
						"down": { "texture": "#material", "uv": [ 6.0, 0.0, 16.0, 0.5 ] }
					}
				},
				{
					"name": "Cube6",
					"from": [ 0.5, 0.0, 10.5 ],
					"to": [ 10.5, 6.0, 11.0 ],
					"autoUnwrap": false,
					"uv": [ 0.0, 0.0 ],
					"rotationOrigin": [ 0.5, 0.0, 10.5 ],
					"faces": {
						"north": { "texture": "#material", "uv": [ 0.0, 0.5, 10.0, 6.5 ], "windMode": [-1,-1,-1,-1] },
						"east": { "texture": "#material", "uv": [ 9.0, 0.5, 9.5, 6.5 ] },
						"south": { "texture": "#material", "uv": [ 4.5, 0.5, 14.5, 6.5 ] },
						"west": { "texture": "#material", "uv": [ 13.5, 0.5, 14.0, 6.5 ] },
						"up": { "texture": "#material", "uv": [ 0.0, 0.0, 10.0, 0.5 ] },
						"down": { "texture": "#material", "uv": [ 5.0, 0.0, 15.0, 0.5 ] }
					}
				},
				{
					"name": "Cube7",
					"from": [ 0.5, 6.0, 1.0 ],
					"to": [ 1.0, 6.7, 10.0 ],
					"uv": [ 0.0, 0.0 ],
					"rotationOrigin": [ 0.5, 6.0, 1.0 ],
					"faces": {
						"north": { "texture": "#material", "uv": [ 0.0, 9.0, 0.5, 9.5 ] },
						"east": { "texture": "#material", "uv": [ 0.5, 7.0, 9.5, 7.5 ], "windMode": [-1,-1,-1,-1] },
						"south": { "texture": "#material", "uv": [ 0.5, 9.0, 1.0, 9.5 ] },
						"west": { "texture": "#material", "uv": [ 1.0, 9.0, 10.0, 9.5 ] },
						"up": { "texture": "#material", "uv": [ 0.0, 0.0, 0.5, 9.0 ] },
						"down": { "texture": "#material", "uv": [ 0.5, 0.0, 1.0, 9.0 ] }
					}
				},
				{
					"name": "Cube11",
					"from": [ 0.5, 6.0, 10.0 ],
					"to": [ 10.5, 6.7, 10.5 ],
					"autoUnwrap": false,
					"uv": [ 0.0, 0.0 ],
					"rotationOrigin": [ 0.5, 6.0, 10.0 ],
					"faces": {
						"north": { "texture": "#material", "uv": [ 0.0, 0.5, 10.0, 1.0 ], "windMode": [-1,-1,-1,-1] },
						"east": { "texture": "#material", "uv": [ 8.0, 0.5, 8.5, 1.0 ] },
						"south": { "texture": "#material", "uv": [ 4.5, 2.5, 14.5, 3.0 ] },
						"west": { "texture": "#material", "uv": [ 11.5, 0.5, 12.0, 1.0 ] },
						"up": { "texture": "#material", "uv": [ 0.0, 0.0, 10.0, 0.5 ] },
						"down": { "texture": "#material", "uv": [ 5.0, 0.0, 15.0, 0.5 ] }
					}
				},
				{
					"name": "Cube12",
					"from": [ 0.5, 6.0, 0.5 ],
					"to": [ 10.5, 6.7, 1.0 ],
					"autoUnwrap": false,
					"uv": [ 0.0, 0.0 ],
					"rotationOrigin": [ 0.5, 6.0, 0.5 ],
					"faces": {
						"north": { "texture": "#material", "uv": [ 0.0, 0.5, 10.0, 1.0 ] },
						"east": { "texture": "#material", "uv": [ 8.0, 0.5, 8.5, 1.0 ] },
						"south": { "texture": "#material", "uv": [ 4.5, 0.5, 14.5, 1.0 ], "windMode": [-1,-1,-1,-1] },
						"west": { "texture": "#material", "uv": [ 12.5, 0.5, 13.0, 1.0 ] },
						"up": { "texture": "#material", "uv": [ 0.0, 0.0, 10.0, 0.5 ] },
						"down": { "texture": "#material", "uv": [ 5.0, 0.0, 15.0, 0.5 ] }
					}
				},
				{
					"name": "Cube13",
					"from": [ 10.0, 6.0, 1.0 ],
					"to": [ 10.5, 6.7, 10.0 ],
					"uv": [ 0.0, 0.0 ],
					"rotationOrigin": [ 10.0, 6.0, 1.0 ],
					"faces": {
						"north": { "texture": "#material", "uv": [ 0.0, 9.0, 0.5, 9.5 ] },
						"east": { "texture": "#material", "uv": [ 0.5, 9.0, 9.5, 9.5 ] },
						"south": { "texture": "#material", "uv": [ 9.5, 9.0, 10.0, 9.5 ] },
						"west": { "texture": "#material", "uv": [ 8.0, 7.0, 15.0, 7.5 ], "autoUv": false, "windMode": [-1,-1,-1,-1] },
						"up": { "texture": "#material", "uv": [ 0.0, 0.0, 0.5, 9.0 ] },
						"down": { "texture": "#material", "uv": [ 0.5, 0.0, 1.0, 9.0 ] }
					}
				},
				{
					"name": "Cube20",
					"from": [ 3.5, 4.6, 11.0 ],
					"to": [ 7.5, 4.8, 11.1 ],
					"uv": [ 0.0, 0.0 ],
					"rotationOrigin": [ 4.5, 4.6, 11.0 ],
					"faces": {
						"north": { "texture": "#material", "uv": [ 0.0, 0.5, 4.0, 1.0 ] },
						"east": { "texture": "#material", "uv": [ 4.0, 0.5, 4.5, 1.0 ] },
						"south": { "texture": "#material", "uv": [ 4.5, 0.5, 8.5, 1.0 ] },
						"west": { "texture": "#material", "uv": [ 8.5, 0.5, 9.0, 1.0 ] },
						"up": { "texture": "#material", "uv": [ 0.0, 0.0, 4.0, 0.5 ] },
						"down": { "texture": "#material", "uv": [ 4.0, 0.0, 8.0, 0.5 ] }
					}
				},
				{
					"name": "Cube22",
					"from": [ 3.3, 1.9, 11.0 ],
					"to": [ 3.5, 4.8, 11.1 ],
					"uv": [ 0.0, 0.0 ],
					"rotationOrigin": [ 4.3, 1.9, 11.0 ],
					"faces": {
						"north": { "texture": "#material", "uv": [ 0.0, 0.5, 0.5, 3.0 ] },
						"east": { "texture": "#material", "uv": [ 0.5, 0.5, 1.0, 3.0 ] },
						"south": { "texture": "#material", "uv": [ 1.0, 0.5, 1.5, 3.0 ] },
						"west": { "texture": "#material", "uv": [ 1.5, 0.5, 2.0, 3.0 ] },
						"up": { "texture": "#material", "uv": [ 0.0, 0.0, 0.5, 0.5 ] },
						"down": { "texture": "#material", "uv": [ 0.5, 0.0, 1.0, 0.5 ] }
					}
				},
				{
					"name": "Cube24",
					"from": [ 7.5, 1.9, 11.0 ],
					"to": [ 7.7, 4.8, 11.1 ],
					"uv": [ 0.0, 0.0 ],
					"rotationOrigin": [ 8.5, 1.9, 11.0 ],
					"faces": {
						"north": { "texture": "#material", "uv": [ 0.0, 0.5, 0.5, 3.0 ] },
						"east": { "texture": "#material", "uv": [ 0.5, 0.5, 1.0, 3.0 ] },
						"south": { "texture": "#material", "uv": [ 1.0, 0.5, 1.5, 3.0 ] },
						"west": { "texture": "#material", "uv": [ 1.5, 0.5, 2.0, 3.0 ] },
						"up": { "texture": "#material", "uv": [ 0.0, 0.0, 0.5, 0.5 ] },
						"down": { "texture": "#material", "uv": [ 0.5, 0.0, 1.0, 0.5 ] }
					}
				}
			]
		},
		{
			"name": "Cube9",
			"from": [ 3.0, -0.4, 12.0 ],
			"to": [ 4.0, 1.6, 13.0 ],
			"uv": [ 0.0, 0.0 ],
			"rotationOrigin": [ 3.0, -0.4, 12.0 ],
			"rotationX": -15.0,
			"rotationY": 0.0,
			"rotationZ": -15.0,
			"faces": {
				"north": { "texture": "#iron2", "uv": [ 0.0, 1.0, 1.0, 3.0 ] },
				"east": { "texture": "#material", "uv": [ 1.0, 1.0, 2.0, 3.0 ] },
				"south": { "texture": "#material", "uv": [ 2.0, 1.0, 3.0, 3.0 ] },
				"west": { "texture": "#material", "uv": [ 3.0, 1.0, 4.0, 3.0 ] },
				"up": { "texture": "#material", "uv": [ 0.0, 0.0, 1.0, 1.0 ] },
				"down": { "texture": "#material", "uv": [ 1.0, 0.0, 2.0, 1.0 ] }
			}
		},
		{
			"name": "Cube8",
			"from": [ 12.0, -0.6, 12.0 ],
			"to": [ 13.0, 1.4, 13.0 ],
			"uv": [ 0.0, 0.0 ],
			"rotationOrigin": [ 12.0, -0.6, 12.0 ],
			"rotationX": -15.0,
			"rotationY": 0.0,
			"rotationZ": 15.0,
			"faces": {
				"north": { "texture": "#material", "uv": [ 0.0, 1.0, 1.0, 3.0 ] },
				"east": { "texture": "#material", "uv": [ 1.0, 1.0, 2.0, 3.0 ] },
				"south": { "texture": "#material", "uv": [ 2.0, 1.0, 3.0, 3.0 ] },
				"west": { "texture": "#material", "uv": [ 3.0, 1.0, 4.0, 3.0 ] },
				"up": { "texture": "#material", "uv": [ 0.0, 0.0, 1.0, 1.0 ] },
				"down": { "texture": "#material", "uv": [ 1.0, 0.0, 2.0, 1.0 ] }
			}
		},
		{
			"name": "Cube10",
			"from": [ 12.0, -0.4, 3.0 ],
			"to": [ 13.0, 1.6, 4.0 ],
			"uv": [ 0.0, 0.0 ],
			"rotationOrigin": [ 12.0, -0.4, 3.0 ],
			"rotationX": 15.0,
			"rotationY": 0.0,
			"rotationZ": 15.0,
			"faces": {
				"north": { "texture": "#iron2", "uv": [ 0.0, 1.0, 1.0, 3.0 ] },
				"east": { "texture": "#material", "uv": [ 1.0, 1.0, 2.0, 3.0 ] },
				"south": { "texture": "#material", "uv": [ 2.0, 1.0, 3.0, 3.0 ] },
				"west": { "texture": "#material", "uv": [ 3.0, 1.0, 4.0, 3.0 ] },
				"up": { "texture": "#material", "uv": [ 0.0, 0.0, 1.0, 1.0 ] },
				"down": { "texture": "#material", "uv": [ 1.0, 0.0, 2.0, 1.0 ] }
			}
		},
		{
			"name": "feet",
			"from": [ 3.0, -0.4, 3.0 ],
			"to": [ 4.0, 1.6, 4.0 ],
			"uv": [ 0.0, 0.0 ],
			"rotationOrigin": [ 3.0, -0.4, 3.0 ],
			"rotationX": 15.0,
			"rotationY": 0.0,
			"rotationZ": -15.0,
			"faces": {
				"north": { "texture": "#iron2", "uv": [ 0.0, 1.0, 1.0, 3.0 ] },
				"east": { "texture": "#material", "uv": [ 1.0, 1.0, 2.0, 3.0 ] },
				"south": { "texture": "#material", "uv": [ 2.0, 1.0, 3.0, 3.0 ] },
				"west": { "texture": "#material", "uv": [ 3.0, 1.0, 4.0, 3.0 ] },
				"up": { "texture": "#material", "uv": [ 0.0, 0.0, 1.0, 1.0 ] },
				"down": { "texture": "#material", "uv": [ 1.0, 0.0, 2.0, 1.0 ] }
			}
		}
	]}