{
	"code": "metalpot",
	"classByType": {
		"*-fired": "BlockCookingContainer",
		"*-cooked": "BlockCookedContainer"
	},
	"entityclassByType": {
		"*-cooked": "CookedContainer"
	},
	"entityBehaviors": [
		{ "name": "XskillsOwnable" }
	],
	"behaviors": [
		{
			"name": "GroundStorable",
			"properties": {
				"layout": "Quadrants",
				"collisionBox": {
					"x1": 0,
					"y1": 0,
					"z1": 0,
					"x2": 1,
					"y2": 0.4375,
					"z2": 1
				}
			}
		},
		{ "name": "Unplaceable" }
	],
	"heldTpIdleAnimationByType": {
		"metalpot-copper-*": "holdbothhandslarge",
		"metalpot-bismuthbronze-*": "holdbothhandslarge",
		"metalpot-steel-*": "holdbothhandslarge",
		"metalpot-gold-*": "holdbothhandslarge"
	},
	"heldTpUseAnimationByType": {
		"metalpot-copper-*": "twohandplaceblock",
		"metalpot-bismuthbronze-*": "twohandplaceblock",
		"metalpot-steel-*": "twohandplaceblock",
		"metalpot-gold-*": "twohandplaceblock"
	},
	"variantgroups": [
		{
			"code": "color",
			"states": [ "copper", "bismuthbronze", "iron", "steel", "gold", "meteoriciron" ]
		},
		{
			"code": "type",
			"states": [ "fired", "cooked" ]
		}
	],
	"shape": { "base": "aldiclasses:block/metalpot/{color}" },
	"texturesByType": {
		"metalpot-copper-*": {
			"transparent": { "base": "game:block/transparent" },
			"ceramic": { "base": "game:block/metal/sheet/copper1" },
			"lid": { "base": "game:block/metal/plate/copper" },
			"handle": { "base": "game:block/wood/firewood/side" }
		},
		"metalpot-bismuthbronze-*": {
			"transparent": { "base": "game:block/transparent" },
			"ceramic": { "base": "game:block/metal/sheet/bismuthbronze4" },
			"dark": { "base": "game:block/metal/sheet/bismuthbronze4" },
			"lid": { "base": "game:block/metal/plate/bismuthbronze" },
			"handle": { "base": "game:block/wood/firewood/side" }
		},
		"metalpot-iron-*": {
			"transparent": { "base": "game:block/transparent" },
			"ceramic": { "base": "game:block/metal/sheet/iron1" },
			"dark": { "base": "game:block/metal/sheet/iron1" },
			"lid": { "base": "game:block/metal/plate/iron" },
			"handle": { "base": "game:block/wood/firewood/side" }
		},
		"metalpot-steel-*": {
			"transparent": { "base": "game:block/transparent" },
			"ceramic": { "base": "game:block/metal/sheet/steel3" },
			"dark": { "base": "game:block/metal/sheet/steel3" },
			"lid": { "base": "game:block/metal/plate/steel" },
			"handle": { "base": "game:block/wood/firewood/side" }
		},
		"metalpot-gold-*": {
			"transparent": { "base": "game:block/transparent" },
			"ceramic": { "base": "game:block/metal/sheet/gold3" },
			"dark": { "base": "game:block/metal/sheet/gold3" },
			"lid": { "base": "game:block/metal/plate/gold" },
			"handle": { "base": "game:block/wood/firewood/side" }
		},
		"metalpot-meteoriciron-*": {
			"transparent": { "base": "game:block/transparent" },
			"ceramic": { "base": "game:block/metal/sheet/meteoriciron3" },
			"dark": { "base": "game:block/metal/sheet/meteoriciron3" },
			"lid": { "base": "game:block/metal/plate/meteoriciron" },
			"handle": { "base": "game:block/wood/firewood/side" }
		},
		"*": {
			"group1": { "base": "game:block/food/meal/group1-flax-carrot-blueberry-cottagecheese-fish" },
			"group2": { "base": "game:block/food/meal/group2-soup-flyagaric-cactifruit-redmeat" },
			"group3": { "base": "game:block/food/meal/group3-millet-bolete-cranberry-poultry" },
			"group4": { "base": "game:block/food/meal/group4-rice-parsnip-whitecurrant-bluecheese-fishstew" },
			"group5": { "base": "game:block/food/meal/group5-rye-turnip-blackcurrant-cheddarcheese-poultrystew" },
			"group6": { "base": "game:block/food/meal/group6-spelt-onion-redcurrant-egg-redmeatstew" },
			"group7": { "base": "game:block/food/meal/group7-honey-fieldmushroom-pineapple-scrambledegg-bushmeat" },
			"group8": { "base": "game:block/food/meal/group8-amaranth-pumpkin-bellpepper-bushmeatstew" },
			"group9": { "base": "game:block/food/meal/group9-sunflower-soya" },
			"group10": { "base": "game:block/food/meal/group10-cabbage" },
			"group11": { "base": "game:block/food/meal/group11-cassava" },
			"group12": { "base": "game:block/food/meal/group12-peanut" },
			"group13": { "base": "game:block/food/meal/group13-aubergine" },
			"group14": { "base": "game:block/food/meal/group14-tomato" },
			"group15": { "base": "game:block/food/meal/group15-walnut" },
			"group17": { "base": "game:block/food/meal/group17-olive" },
			"honey": { "base": "game:block/liquid/honey" },
			"fruit-redapple": { "base": "game:block/food/pie/fill-apple" },
			"fruit-pinkapple": { "base": "game:block/food/pie/fill-apple" },
			"fruit-yellowapple": { "base": "game:block/food/pie/fill-apple" },
			"fruit-cherry": { "base": "game:block/food/pie/fill-cherry" },
			"fruit-peach": { "base": "game:block/food/pie/fill-peach" },
			"fruit-pear": { "base": "game:block/food/pie/fill-pear" },
			"fruit-orange": { "base": "game:block/food/pie/fill-orange" },
			"fruit-mango": { "base": "game:block/food/pie/fill-mango" },
			"fruit-pomegranate": { "base": "game:block/food/pie/fill-pomegranate" },
			"fruit-lychee": { "base": "game:block/food/pie/fill-lychee" },
			"fruit-breadfruit": { "base": "game:block/food/pie/fill-breadfruit" },

			"rot-solids": { "base": "game:item/resource/rot/rot-solids" },
			"rot-spill": { "base": "game:item/resource/rot/rot-spill" },

			"milkportion": { "base": "game:block/food/dairy/milk" },
			"cottagecheeseportion": { "base": "game:block/food/dairy/cottagecheese" },
			"glue-hot": { "base": "game:block/liquid/glue-hot" },
			"glue-cold": { "base": "game:block/liquid/glue-cold" }
		}
	},
	"attributes": {
		"tempGlowMode": 1,
		"displaycaseable": true,
		"shelvable": true,
		"mealContainer": true,
		"dirtiedBlockCode": "aldiclasses:metalpotdirty-{color}-cooked",
		"storageType": 1,
		"maxTemperature": 220,
		"emptiedBlockCode": "aldiclasses:metalpot-{color}-fired",
		"mealBlockCode": "aldiclasses:metalpot-{color}-cooked",
		"attachShape": { "base": "game:item/wearable/hooved/cookpot" },
		"wearableAttachment": true,
		"wearableCategoryCode": "frontrightside",
		"attachableToEntity": {
			"categoryCode": "utilities",
			"texturePrefixCode": "cookpot",
			"attachedShapeBySlotCode": {
				"frontrightside": { "base": "game:item/wearable/hooved/cookpotr-elk" },
				"frontleftside": { "base": "game:item/wearable/hooved/cookpotl-elk" }
			}
		},
		"inFirePitProps": {
			"transform": {
				"translation": {
					"x": 0,
					"y": 0.125,
					"z": 0
				}
			},
			"useFirepitModel": "Wide"
		},
		"onTongTransform": {
			"translation": {
				"x": -1.23,
				"y": -0.9,
				"z": -0.51
			},
			"rotation": {
				"x": 5,
				"y": 0,
				"z": 72
			},
			"scale": 0.8
		},
		"handbook": {
			"groupBy": [ "metalpot-*-{type}" ]
		}
	},
	"attributesByType": {
		"*-copper-*": {
			"attachmentArea": {
				"x1": 4,
				"y1": 0,
				"z1": 4,
				"x2": 11,
				"y2": 0,
				"z2": 11
			},
			"onshelfTransform": {
				"translation": {
					"x": 0,
					"y": -0.1,
					"z": 0
				},
				"scale": 0.8
			},
			"onDisplayTransform": {
				"translation": {
					"x": 0.05,
					"y": -0.1,
					"z": 0
				},
				"origin": {
					"x": 0.6,
					"y": 0.5,
					"z": 0.5
				},
				"scale": 0.8
			},
			"cookingContainerSlots": 4,
			"maxContainerSlotStackSize": 8,
			"servingCapacity": 8,
			"maxServingSize": 8,
			"cookingSlotCapacityLitres": 8
		},
		"*-bismuthbronze-*": {
			"attachmentArea": {
				"x1": 4,
				"y1": 0,
				"z1": 4,
				"x2": 11,
				"y2": 0,
				"z2": 11
			},
			"onshelfTransform": {
				"translation": {
					"x": 0,
					"y": -0.1,
					"z": 0
				},
				"scale": 0.8
			},
			"onDisplayTransform": {
				"translation": {
					"x": 0.05,
					"y": -0.1,
					"z": 0
				},
				"origin": {
					"x": 0.6,
					"y": 0.5,
					"z": 0.5
				},
				"scale": 0.8
			},
			"cookingContainerSlots": 4,
			"maxContainerSlotStackSize": 10,
			"servingCapacity": 10,
			"maxServingSize": 10,
			"cookingSlotCapacityLitres": 10
		},
		"*-iron-*": {
			"attachmentArea": {
				"x1": 4,
				"y1": 0,
				"z1": 4,
				"x2": 11,
				"y2": 0,
				"z2": 11
			},
			"onshelfTransform": {
				"translation": {
					"x": 0,
					"y": -0.12,
					"z": 0
				},
				"scale": 0.78
			},
			"onDisplayTransform": {
				"translation": {
					"x": 0.05,
					"y": -0.1,
					"z": 0
				},
				"origin": {
					"x": 0.6,
					"y": 0.5,
					"z": 0.5
				},
				"scale": 0.8
			},
			"groundStorageTransform": {
				"rotation": {
					"x": 0,
					"y": -50,
					"z": 0
				}
			},
			"cookingContainerSlots": 4,
			"maxContainerSlotStackSize": 12,
			"servingCapacity": 12,
			"maxServingSize": 12,
			"cookingSlotCapacityLitres": 12
		},
		"*-steel-*": {
			"attachmentArea": {
				"x1": 4,
				"y1": 0,
				"z1": 4,
				"x2": 11,
				"y2": 0,
				"z2": 11
			},
			"onshelfTransform": {
				"translation": {
					"x": 0,
					"y": -0.12,
					"z": 0
				},
				"rotation": {
					"x": 0,
					"y": 31,
					"z": 0
				},
				"scale": 0.78
			},
			"onDisplayTransform": {
				"translation": {
					"x": 0.05,
					"y": -0.1,
					"z": 0
				},
				"origin": {
					"x": 0.6,
					"y": 0.5,
					"z": 0.5
				},
				"scale": 0.8
			},
			"groundStorageTransform": {
				"rotation": {
					"x": 0,
					"y": -50,
					"z": 0
				}
			},
			"cookingContainerSlots": 4,
			"maxContainerSlotStackSize": 20,
			"servingCapacity": 20,
			"maxServingSize": 20,
			"cookingSlotCapacityLitres": 20
		},
		"*-meteoriciron-*": {
			"attachmentArea": {
				"x1": 4,
				"y1": 0,
				"z1": 4,
				"x2": 11,
				"y2": 0,
				"z2": 11
			},
			"onshelfTransform": {
				"translation": {
					"x": 0,
					"y": -0.12,
					"z": 0
				},
				"rotation": {
					"x": 0,
					"y": 31,
					"z": 0
				},
				"scale": 0.73
			},
			"onDisplayTransform": {
				"translation": {
					"x": 0.05,
					"y": -0.1,
					"z": 0
				},
				"origin": {
					"x": 0.6,
					"y": 0.5,
					"z": 0.5
				},
				"scale": 0.8
			},
			"groundStorageTransform": {
				"rotation": {
					"x": 0,
					"y": -50,
					"z": 0
				}
			},
			"cookingContainerSlots": 4,
			"maxContainerSlotStackSize": 16,
			"servingCapacity": 16,
			"maxServingSize": 16,
			"cookingSlotCapacityLitres": 16
		},
		"*-gold-*": {
			"attachmentArea": {
				"x1": 4,
				"y1": 0,
				"z1": 4,
				"x2": 11,
				"y2": 0,
				"z2": 11
			},
			"onshelfTransform": {
				"translation": {
					"x": 0,
					"y": -0.12,
					"z": 0
				},
				"rotation": {
					"x": 0,
					"y": 31,
					"z": 0
				},
				"scale": 0.73
			},
			"onDisplayTransform": {
				"translation": {
					"x": 0.05,
					"y": -0.1,
					"z": 0
				},
				"origin": {
					"x": 0.6,
					"y": 0.5,
					"z": 0.5
				},
				"scale": 0.8
			},
			"groundStorageTransform": {
				"rotation": {
					"x": 0,
					"y": -50,
					"z": 0
				}
			},
			"cookingContainerSlots": 4,
			"maxContainerSlotStackSize": 24,
			"servingCapacity": 24,
			"maxServingSize": 24,
			"cookingSlotCapacityLitres": 24
		},
		"*-cooked": {
			"allowHeating": true,
			"handleCookingContainerInteract": true,
			"textureMapping": {
				"grain-flax": [ "grain", "group1" ],
				"vegetable-carrot": [ "vegetable", "group1" ],
				"pickledvegetable-carrot": [ "vegetable", "group1" ],
				"fruit-blueberry": [ "fruit", "group1" ],

				"fruit-saguaro": [ "fruit", "group2" ],
				"waterportion": [ "water", "group2" ],

				"grain-millet": [ "grain", "group3" ],
				"fruit-cranberry": [ "fruit", "group3" ],

				"grain-rice": [ "grain", "group4" ],
				"vegetable-parsnip": [ "vegetable", "group4" ],
				"pickledvegetable-parsnip": [ "vegetable", "group4" ],
				"fruit-whitecurrant": [ "fruit", "group4" ],
				"cheese-blue-1slice": [ "cheese", "group4" ],
				"fish-raw": [ "meat", "group4" ],
				"fish-cured": [ "meat", "group4" ],

				"grain-rye": [ "grain", "group5" ],
				"vegetable-turnip": [ "vegetable", "group5" ],
				"pickledvegetable-turnip": [ "vegetable", "group5" ],
				"fruit-blackcurrant": [ "fruit", "group5" ],
				"poultry-raw": [ "meat", "group5" ],
				"poultry-cured": [ "meat", "group5" ],
				"cheese-cheddar-1slice": [ "cheese", "group5" ],

				"grain-spelt": [ "grain", "group6" ],
				"vegetable-onion": [ "vegetable", "group6" ],
				"pickledvegetable-onion": [ "vegetable", "group6" ],
				"fruit-redcurrant": [ "fruit", "group6" ],
				"redmeat-raw": [ "meat", "group6" ],
				"redmeat-cured": [ "meat", "group6" ],
				"egg-chicken-raw": [ "egg", "group6" ],

				"fruit-pineapple": [ "fruit", "group7" ],

				"grain-amaranth": [ "grain", "group8" ],
				"pumpkin-fruit-4": [ "vegetable", "group8" ],
				"vegetable-pumpkin": [ "vegetable", "group8" ],
				"vegetable-bellpepper": [ "fruit", "group8" ],
				"pickledvegetable-bellpepper": [ "fruit", "group8" ],
				"pickledvegetable-pumpkin": [ "vegetable", "group8" ],

				"grain-sunflower": [ "grain", "group9" ],
				"legume-soybean": [ "vegetable", "group9" ],
				"legume-peanut": [ "vegetable", "group12" ],

				"pickledlegume-soybean": [ "vegetable", "group9" ],

				"vegetable-cabbage": [ "vegetable", "group10" ],
				"pickledvegetable-cabbage": [ "vegetable", "group10" ],
				"vegetable-olive": [ "vegetable", "group17" ],
				"pickledvegetable-olive": [ "vegetable", "group17" ],

				"vegetable-cassava": [ "vegetable", "group11" ],

				"honeyportion": [ "topping", "honey" ],
				"jamhoneyportion": [ "topping", "honey" ],

				"milkportion": [ "liquid", "milkportion" ],
				"cottagecheeseportion": [ "liquid", "cottagecheeseportion" ],

				"glueportion-pitch-hot": [ "liquid", "glue-hot" ],
				"glueportion-pitch-cold": [ "liquid", "glue-cold" ],

				"fruit-pomegranate": [ "fruit", "fruit-pomegranate" ],
				"fruit-lychee": [ "fruit", "fruit-lychee" ],
				"fruit-breadfruit": [ "fruit", "fruit-breadfruit" ],
				"fruit-redapple": [ "fruit", "fruit-redapple" ],
				"fruit-pinkapple": [ "fruit", "fruit-pinkapple" ],
				"fruit-yellowapple": [ "fruit", "fruit-yellowapple" ],
				"fruit-cherry": [ "fruit", "fruit-cherry" ],
				"fruit-peach": [ "fruit", "fruit-peach" ],
				"fruit-pear": [ "fruit", "fruit-pear" ],
				"fruit-orange": [ "fruit", "fruit-orange" ],
				"fruit-mango": [ "fruit", "fruit-mango" ],

				"mushroom-fieldmushroom-normal": [ "vegetable", "group7" ],
				"mushroom-flyagaric-normal": [ "vegetable", "group2" ],

				"mushroom-almondmushroom-normal": [ "vegetable", "group3" ],
				"mushroom-beardedtooth-normal-north": [ "vegetable", "group7" ],
				"mushroom-bitterbolete-normal": [ "vegetable", "group3" ],
				"mushroom-blacktrumpet-normal": [ "vegetable", "group3" ],
				"mushroom-chanterelle-normal": [ "vegetable", "group3" ],
				"mushroom-chickenofthewoods-normal-north": [ "vegetable", "group3" ],
				"mushroom-commonmorel-normal": [ "vegetable", "group3" ],
				"mushroom-deathcap-normal": [ "vegetable", "group7" ],
				"mushroom-devilstooth-normal": [ "vegetable", "group3" ],
				"mushroom-devilbolete-normal": [ "vegetable", "group3" ],
				"mushroom-dryadsaddle-normal-north": [ "vegetable", "group3" ],
				"mushroom-earthball-normal": [ "vegetable", "group7" ],
				"mushroom-elfinsaddle-normal": [ "vegetable", "group3" ],
				"mushroom-golddropmilkcap-normal": [ "vegetable", "group3" ],
				"mushroom-greencrackedrussula-normal": [ "vegetable", "group3" ],
				"mushroom-indigomilkcap-normal": [ "vegetable", "group3" ],
				"mushroom-jackolantern-normal": [ "vegetable", "group3" ],
				"mushroom-kingbolete-normal": [ "vegetable", "group3" ],
				"mushroom-lobster-normal": [ "vegetable", "group3" ],
				"mushroom-orangeoakbolete-normal": [ "vegetable", "group3" ],
				"mushroom-paddystraw-normal": [ "vegetable", "group7" ],
				"mushroom-pinkoyster-normal-north": [ "vegetable", "group7" ],
				"mushroom-puffball-normal": [ "vegetable", "group7" ],
				"mushroom-redwinecap-normal": [ "vegetable", "group3" ],
				"mushroom-saffronmilkcap-normal": [ "vegetable", "group3" ],
				"mushroom-tinderhoof-normal-north": [ "vegetable", "group7" ],
				"mushroom-violetwebcap-normal": [ "vegetable", "group3" ],
				"mushroom-whiteoyster-normal-north": [ "vegetable", "group7" ],

				"mushroom-reishi-normal-north": [ "vegetable", "group7" ],
				"mushroom-funeralbell-normal-north": [ "vegetable", "group7" ],
				"mushroom-deerear-normal-north": [ "vegetable", "group7" ],
				"mushroom-livermushroom-normal-north": [ "vegetable", "group7" ],
				"mushroom-pinkbonnet-normal-north": [ "vegetable", "group7" ],
				"mushroom-shiitake-normal-north": [ "vegetable", "group7" ],
				"mushroom-witchhat-normal": [ "vegetable", "group7" ]
			}
		}
	},
	"doNotRenderAtLod2": true,
	"blockmaterial": "Metal",
	"creativeinventory": {
		"general": [ "*-fired" ],
		"decorative": [ "*-fired" ],
		"aldiclasses": [ "*-fired" ]
	},
	"replaceable": 400,
	"resistance": 1.5,
	"maxStackSizeByType": {
		"*-cooked": 1,
		"*-fired": 8
	},
	"lightAbsorption": 0,
	"sounds": {
		"walk": "game:walk/metal"
	},
	"sideopaque": {
		"all": false
	},
	"sidesolid": {
		"all": false
	},
	"collisionbox": {
		"x1": 0.28,
		"y1": 0,
		"z1": 0.28,
		"x2": 0.72,
		"y2": 0.35,
		"z2": 0.72
	},
	"selectionbox": {
		"x1": 0.28,
		"y1": 0,
		"z1": 0.28,
		"x2": 0.72,
		"y2": 0.35,
		"z2": 0.72
	},
	"guiTransform": {
		"origin": {
			"x": 0.5,
			"y": 0.2,
			"z": 0.5
		},
		"scale": 2
	},
	"groundTransform": {
		"scale": 3
	},
	"fpHandTransform": {
		"translation": {
			"x": 0,
			"y": 0.1,
			"z": 0.5
		},
		"scale": 2
	},
	"tpHandTransform": {
		"translation": {
			"x": -0.67,
			"y": 0.06,
			"z": -0.5
		},
		"rotation": {
			"x": -52,
			"y": 20,
			"z": -113
		},
		"origin": {
			"x": 0.5,
			"y": 0,
			"z": 0.5
		},
		"scale": 0.76
	}
}
