{
  "code": "stewpotmetal",
  "behaviors": [
    {
      "name": "GroundStorable",
      "properties": {
        "layout": "SingleCenter",
        "placeRemoveSound": "game:sounds/player/build",
        "collisionBox": {
          "x1": 0,
          "y1": 0,
          "z1": 0,
          "x2": 1,
          "y2": 0.9,
          "z2": 1
        }
      }
    },
    { "name": "Unplaceable" }, // The ground storable obsoletes this being a block. Should be an item, but is kept a block for backwards compatibility
    { "name": "RightClickPickup" }
  ],
  "heldTpIdleAnimation": "holdbothhandslarge",
  "heldTpUseAnimation": "twohandplaceblock",
  "class": "BlockCrock",
  "entityClass": "Crock",
  "variantgroups": [
    {
      "code": "metal",
      "states": [ "copper", "tinbronze", "blackbronze", "gold", "silver", "iron" ]
    }
  ],
  "shape": { "base": "aldiclasses:block/metal/stewpotmetal/base" },
  "textures": {
    "material": {
      "base": "game:block/metal/sheet/{metal}2"
    },
    "seal": { "base": "game:item/resource/ungraded/sulfur" },
    "label": { "base": "game:block/clay/crock/label" }
  },
  "attributes": {
    "mealContainer": true,
    "mealBlockCode": "aldiclasses:stewpotmetalfull-{metal}",
    "servingCapacity": 64,
    "bowlContents": null,
    "emptiedBlockCode": "aldiclasses:stewpotmetal-{metal}",
    "groundStorageTransform": {
      "translation": {
        "x": 0,
        "y": 0.25,
        "z": 0
      },
      "scale": 1.45
    },
    "handbook": {
      "groupBy": [ "stewpotmetal-*" ]
    }
  },
  "doNotRenderAtLod2": true,
  "blockmaterial": "Metal",
  "creativeinventory": {
    "aldiclasses": [ "*" ]
  },
  "replaceable": 400,
  "resistance": 1.5,
  "maxStackSize": 1,
  "lightAbsorption": 0,
  "sounds": {
    "place": "block/anvil",
    "break": "block/anvil",
    "hit": "block/anvil",
    "walk": "walk/stone*"
  },
  "sideopaque": {
    "all": false
  },
  "sidesolid": {
    "all": false
  },
  "emitsideao": {
    "all": false
  },
  "collisionbox": {
    "x1": 0,
    "y1": 0,
    "z1": 0,
    "x2": 1,
    "y2": 1,
    "z2": 1
  },
  "selectionbox": {
    "x1": 0,
    "y1": 0,
    "z1": 0,
    "x2": 1,
    "y2": 0.5,
    "z2": 1
  },
  "guiTransform": {
    "rotation": {
      "x": -22.6,
      "y": -125,
      "z": 0
    },
    "origin": {
      "x": 0.5,
      "y": 0.38,
      "z": 0.5
    },
    "scale": 1.53
  },
  "groundTransform": {
    "scale": 3
  },
  "fpHandTransform": {
    "translation": {
      "x": 0,
      "y": 0,
      "z": 0.5
    },
    "origin": {
      "x": 0.5,
      "y": 0,
      "z": 0.5
    },
    "scale": 2
  },
  "tpHandTransform": {
    "translation": {
      "x": -0.6,
      "y": -0.03,
      "z": -0.3899
    },
    "rotation": {
      "x": -168,
      "y": -13,
      "z": -106
    },
    "origin": {
      "x": 0.3,
      "y": -0.09,
      "z": 0.1
    },
    "scale": 0.68
  }
}