[
  {
    "dependsOn": [
      {
        "modid": "tailorsdelight"
      }
    ],
    "file": "aldiclasses:recipes/grid/farmer-animal-wearables.json",
    "op": "replace",
    "path": "/0/ingredientPattern",
    "value": "AKT,LNL,LLL",
    "side": "server"
  },
  {
    "dependsOn": [
      {
        "modid": "tailorsdelight"
      }
    ],
    "file": "aldiclasses:recipes/grid/farmer-animal-wearables.json",
    "op": "addmerge",
    "path": "/0/ingredients/A",
    "value": {
      "type": "item",
      "code": "tailorsdelight:awl-*",
      "isTool": true
    },
    "side": "server"
  },
  {
    "dependsOn": [
      {
        "modid": "tailorsdelight"
      }
    ],
    "file": "aldiclasses:recipes/grid/farmer-animal-wearables.json",
    "op": "addmerge",
    "path": "/0/ingredients/T",
    "value": {
      "type": "item",
      "code": "tailorsdelight:twine-brown",
      "quantity": 2
    },
    "side": "server"
  },
  {
    "dependsOn": [
      {
        "modid": "tailorsdelight"
      }
    ],
    "file": "aldiclasses:recipes/grid/farmer-animal-wearables.json",
    "op": "addmerge",
    "path": "/0/ingredients/K",
    "value": {
      "type": "item",
      "code": "game:knife-generic-*",
      "isTool": true
    },
    "side": "server"
  },
  {
    "dependsOn": [
      {
        "modid": "tailorsdelight"
      }
    ],
    "file": "aldiclasses:recipes/grid/farmer-animal-wearables.json",
    "op": "replace",
    "path": "/0/height",
    "value": 3,
    "side": "server"
  },
  {
    "dependsOn": [
      {
        "modid": "tailorsdelight"
      }
    ],
    "file": "aldiclasses:recipes/grid/farmer-animal-wearables.json",
    "op": "remove",
    "path": "/0/dependsOn/0/invert",
    "side": "server"
  },
  {
    "dependsOn": [
      {
        "modid": "tailorsdelight"
      }
    ],
    "file": "aldiclasses:recipes/grid/farmer-animal-wearables.json",
    "op": "replace",
    "path": "/1/ingredientPattern",
    "value": "ALT,NLN,LLL",
    "side": "server"
  },
  {
    "dependsOn": [
      {
        "modid": "tailorsdelight"
      }
    ],
    "file": "aldiclasses:recipes/grid/farmer-animal-wearables.json",
    "op": "addmerge",
    "path": "/1/ingredients/A",
    "value": {
      "type": "item",
      "code": "tailorsdelight:awl-*",
      "isTool": true
    },
    "side": "server"
  },
  {
    "dependsOn": [
      {
        "modid": "tailorsdelight"
      }
    ],
    "file": "aldiclasses:recipes/grid/farmer-animal-wearables.json",
    "op": "addmerge",
    "path": "/1/ingredients/T",
    "value": {
      "type": "item",
      "code": "tailorsdelight:twine-brown",
      "quantity": 2
    },
    "side": "server"
  },
  {
    "dependsOn": [
      {
        "modid": "tailorsdelight"
      }
    ],
    "file": "aldiclasses:recipes/grid/farmer-animal-wearables.json",
    "op": "remove",
    "path": "/1/dependsOn/0/invert",
    "side": "server"
  },
  {
    "dependsOn": [
      {
        "modid": "tailorsdelight"
      }
    ],
    "file": "aldiclasses:recipes/grid/farmer-animal-wearables.json",
    "op": "replace",
    "path": "/2/ingredientPattern",
    "value": "ALT,NLN,LLL",
    "side": "server"
  },
  {
    "dependsOn": [
      {
        "modid": "tailorsdelight"
      }
    ],
    "file": "aldiclasses:recipes/grid/farmer-animal-wearables.json",
    "op": "addmerge",
    "path": "/2/ingredients/A",
    "value": {
      "type": "item",
      "code": "tailorsdelight:awl-*",
      "isTool": true
    },
    "side": "server"
  },
  {
    "dependsOn": [
      {
        "modid": "tailorsdelight"
      }
    ],
    "file": "aldiclasses:recipes/grid/farmer-animal-wearables.json",
    "op": "addmerge",
    "path": "/2/ingredients/T",
    "value": {
      "type": "item",
      "code": "tailorsdelight:twine-brown",
      "quantity": 2
    },
    "side": "server"
  },
  {
    "dependsOn": [
      {
        "modid": "tailorsdelight"
      }
    ],
    "file": "aldiclasses:recipes/grid/farmer-animal-wearables.json",
    "op": "remove",
    "path": "/2/dependsOn/0/invert",
    "side": "server"
  }
]