{
	"code": "advanced-repairkit",
	"behaviors": [
		{
			"name": "GroundStorable",
			"properties": {
				"layout": "Stacking",
				"stackingModel": "aldiclasses:item/advanced-repairkit-pile",
				"upSolid": false,
				"modelItemsToStackSizeRatio": 24,
				"stackingCapacity": 16,
				"transferQuantity": 1,
				"bulkTransferQuantity": 8,
				"collisionBox": {
					"x1": 0,
					"y1": 0,
					"z1": 0,
					"x2": 1,
					"y2": 0.12,
					"z2": 1
				},
				"cbScaleYByLayer": 0.12
			}
		}
	],
	"attributes": {
		"groundStorageTransform": {
			"translation": {
				"x": 0,
				"y": -0.1,
				"z": 0.05
			},
			"scale": 0.8
		}
	},
	"shape": {
		"base": "aldiclasses:item/advanced-repairkit"
	},
	"creativeinventory": {
		"general": [
			"*"
		],
		"items": [
			"*"
		],
		"aldiclasses": [ "*" ]
	},
	"maxstacksize": 16,

	"fpHandTransform": {
		"translation": {
			"x": 0.15,
			"y": -0.2,
			"z": 0
		},
		"rotation": {
			"x": -180,
			"y": -130,
			"z": -180
		},
		"scale": 2
	},
	"guiTransform": {
		"rotation": {
			"x": -20,
			"y": -19,
			"z": -180
		},
		"origin": {
			"x": 0.68,
			"y": -0.05,
			"z": 0
		},
		"scale": 3.28
	},
	"tpHandTransform": {
		"rotation": {
			"x": 0,
			"y": 155,
			"z": 1
		},
		"origin": {
			"x": 0.7,
			"y": 3.4,
			"z": 2
		},
		"scale": 0.72
	},
	"groundTransform": {
		"translation": {
			"x": 0,
			"y": 0,
			"z": 0
		},
		"rotation": {
			"x": 0,
			"y": 0,
			"z": 0
		},
		"origin": {
			"x": 0.5,
			"y": 0,
			"z": 0.5299
		},
		"scale": 4.5
	}
}