{
	"code": "individuallamellar",
	"behaviors": [
		{
			"name": "GroundStorable",
			"properties": {
				"layout": "Quadrants",
				"collisionBox": {
					"x1": 0,
					"y1": 0,
					"z1": 0,
					"x2": 1,
					"y2": 0.125,
					"z2": 1
				}
			}
		}
	],
	"variantgroups": [
		{
			"code": "metal",
			"loadFromProperties": "block/metal"
		}
	],
	"skipVariants": [ "*-cupronickel", "*-nickel", "*-electrum" ],
	"shape": { "base": "aldiclasses:item/lamellar" },
	"textures": {
		"material": { "base": "game:block/metal/sheet/{metal}1" }
	},
	"attributes": {
		"onTongTransform": {
			"translation": {
				"x": -0.89,
				"y": -0.8,
				"z": -0.5
			},
			"rotation": {
				"x": 73,
				"y": -10,
				"z": 85
			},
			"origin": {
				"x": 0.5,
				"y": 0,
				"z": 0.5
			},
			"scale": 0.79
		},
		"handbook": {
			"groupBy": [ "individuallamellar-*" ],
			"excludeByType": {
				"*-chromium": true,
				"*-platinum": true,
				"*-titanium": true,
				"*-stainlessteel": true,
				"*-uranium": true
			}
		}
		
	},
	"creativeinventory": {
		"general": [ "*" ],
		"items": [ "*" ]
	},
	"maxstacksize": 72,
	"storageFlags": 5,
	"materialDensityByType": {
		"*-copper": 8960,
		"*-brass": 8500,
		"*-tinbronze": 7600,
		"*-bismuthbronze": 7900,
		"*-blackbronze": 9000,
		"*-iron": 7870,
		"*-gold": 19300,
		"*-lead": 11300,
		"*-tin": 7260,
		"*-chromium": 7150,
		"*-platinum": 21500,
		"*-titanium": 4510,
		"*-zinc": 7140,
		"*-silver": 10500,
		"*-bismuth": 9790,
		"*-molybdochalkos": 9600
	},
	"combustiblePropsByType": {
		"individuallamellar-copper": {
			"meltingPoint": 1084,
			"meltingDuration": 30,
			"smeltedRatio": 1,
			"smeltedStack": {
				"type": "item",
				"code": "game:ingot-copper",
				"stacksize": 1
			}
		},
		"individuallamellar-brass": {
			"meltingPoint": 920,
			"meltingDuration": 30,
			"smeltedRatio": 1,
			"smeltedStack": {
				"type": "item",
				"code": "game:ingot-brass",
				"stacksize": 1
			}
		},
		"individuallamellar-tinbronze": {
			"meltingPoint": 950,
			"meltingDuration": 30,
			"smeltedRatio": 1,
			"smeltedStack": {
				"type": "item",
				"code": "game:ingot-tinbronze",
				"stacksize": 1
			}
		},
		"individuallamellar-bismuthbronze": {
			"meltingPoint": 850,
			"meltingDuration": 30,
			"smeltedRatio": 1,
			"smeltedStack": {
				"type": "item",
				"code": "game:ingot-bismuthbronze",
				"stacksize": 1
			}
		},
		"individuallamellar-blackbronze": {
			"meltingPoint": 1020,
			"meltingDuration": 30,
			"smeltedRatio": 1,
			"smeltedStack": {
				"type": "item",
				"code": "game:ingot-blackbronze",
				"stacksize": 1
			}
		},
		"individuallamellar-iron": {
			"meltingPoint": 1482,
			"meltingDuration": 30,
			"smeltedRatio": 1,
			"smeltedStack": {
				"type": "item",
				"code": "game:ingot-iron",
				"stacksize": 1
			}
		},
		"individuallamellar-gold": {
			"meltingPoint": 1063,
			"meltingDuration": 30,
			"smeltedRatio": 1,
			"smeltedStack": {
				"type": "item",
				"code": "game:ingot-gold",
				"stacksize": 1
			}
		},
		"individuallamellar-lead": {
			"meltingPoint": 327,
			"meltingDuration": 30,
			"smeltedRatio": 1,
			"smeltedStack": {
				"type": "item",
				"code": "game:ingot-lead",
				"stacksize": 1
			}
		},
		"individuallamellar-tin": {
			"meltingPoint": 232,
			"meltingDuration": 30,
			"smeltedRatio": 1,
			"smeltedStack": {
				"type": "item",
				"code": "game:ingot-tin",
				"stacksize": 1
			}
		},
		"individuallamellar-chromium": {
			"meltingPoint": 1907,
			"meltingDuration": 30,
			"smeltedRatio": 1,
			"smeltedStack": {
				"type": "item",
				"code": "game:ingot-chromium",
				"stacksize": 1
			}
		},
		"individuallamellar-platinum": {
			"meltingPoint": 1770,
			"meltingDuration": 30,
			"smeltedRatio": 1,
			"smeltedStack": {
				"type": "item",
				"code": "game:ingot-platinum",
				"stacksize": 1
			}
		},
		"individuallamellar-titanium": {
			"meltingPoint": 1668,
			"meltingDuration": 30,
			"smeltedRatio": 1,
			"smeltedStack": {
				"type": "item",
				"code": "game:ingot-titanium",
				"stacksize": 1
			}
		},
		"individuallamellar-zinc": {
			"meltingPoint": 419,
			"meltingDuration": 30,
			"smeltedRatio": 1,
			"smeltedStack": {
				"type": "item",
				"code": "game:ingot-zinc",
				"stacksize": 1
			}
		},
		"individuallamellar-silver": {
			"meltingPoint": 961,
			"meltingDuration": 30,
			"smeltedRatio": 1,
			"smeltedStack": {
				"type": "item",
				"code": "game:ingot-silver",
				"stacksize": 1
			}
		},
		"individuallamellar-bismuth": {
			"meltingPoint": 271,
			"meltingDuration": 30,
			"smeltedRatio": 1,
			"smeltedStack": {
				"type": "item",
				"code": "game:ingot-bismuth",
				"stacksize": 1
			}
		},
		"individuallamellar-molybdochalkos": {
			"meltingPoint": 902,
			"meltingDuration": 30,
			"smeltedRatio": 1,
			"smeltedStack": {
				"type": "item",
				"code": "game:ingot-molybdochalkos"
			}
		}
	},
	"fpHandTransform": {
		"translation": {
			"x": 0,
			"y": 0.2,
			"z": 0
		},
		"rotation": {
			"x": 21,
			"y": 0,
			"z": -1
		},
		"origin": {
			"x": 0.5,
			"y": -0.3,
			"z": 0.5
		},
		"scale": 1.8
	},
	"guiTransform": {
		"translation": {
			"x": -37,
			"y": -18,
			"z": 0
		},
		"rotation": {
			"x": -28,
			"y": 79,
			"z": -180
		},
		"origin": {
			"x": 0.47,
			"y": 0.07,
			"z": 0.48
		},
		"scale": 8.00
	},
	"groundTransform": {
		"translation": {
			"x": 0,
			"y": 0,
			"z": 0
		},
		"rotation": {
			"x": 0,
			"y": 90,
			"z": 0
		},
		"origin": {
			"x": 0.5,
			"y": 0,
			"z": 0.5
		},
		"scale": 3.31
	},
	"tpHandTransform": {
		"translation": {
			"x": -0.7,
			"y": 0.1,
			"z": -0.53
		},
		"rotation": {
			"x": 94,
			"y": 0,
			"z": 0
		},
		"origin": {
			"x": 0.5,
			"y": 0.1,
			"z": 0.5
		},
		"scale": 0.75
	}
}