[
  {
    "op": "move",
    "frompath": "/dropsByType/*",
    "path": "/temp",
    "file": "game:blocktypes/plant/crop/spelt.json",
    "dependsOn": [
      {
        "modid": "artofgrowingpatch",
        "invert": true
      }
    ]
  },
  {
    "op": "addmerge",
    "path": "/dropsByType/*-5",
    "value": [
      {
        "type": "item",
        "code": "seeds-spelt",
        "quantity": {
          "avg": 2.5,
          "var": 0.5
        }
      }
    ],
    "file": "game:blocktypes/plant/crop/spelt.json",
    "dependsOn": [
      {
        "modid": "artofgrowingpatch",
        "invert": true
      }
    ],
    "side": "Server"
  },
  {
    "op": "move",
    "frompath": "/temp",
    "path": "/dropsByType/*",
    "file": "game:blocktypes/plant/crop/spelt.json",
    "dependsOn": [
      {
        "modid": "artofgrowingpatch",
        "invert": true
      }
    ]
  }
]