[
  {
    "op": "add",
    "path": "/enabled",
    "value": false,
    "file": "rpvoicechat:itemtypes/handbell.json",
    "condition": {
      "when": "rpvoicechat:additional-content",
      "isValue": "false"
    }
  },
  {
    "op": "add",
    "path": "/enabled",
    "value": false,
    "file": "rpvoicechat:itemtypes/royalhorn.json",
    "condition": {
      "when": "rpvoicechat:additional-content",
      "isValue": "false"
    }
  },
  {
    "op": "add",
    "path": "/enabled",
    "value": false,
    "file": "rpvoicechat:itemtypes/warhorn.json",
    "condition": {
      "when": "rpvoicechat:additional-content",
      "isValue": "false"
    }
  },
  {
    "op": "add",
    "path": "/enabled",
    "value": false,
    "file": "rpvoicechat:itemtypes/megaphone.json",
    "condition": {
      "when": "rpvoicechat:additional-content",
      "isValue": "false"
    }
  },
  {
    "op": "add",
    "path": "/enabled",
    "value": false,
    "file": "rpvoicechat:itemtypes/enhancedmegaphone.json",
    "condition": {
      "when": "rpvoicechat:additional-content",
      "isValue": "false"
    }
  },
  {
    "op": "add",
    "path": "/enabled",
    "value": false,
    "file": "rpvoicechat:itemtypes/handheldradio.json",
    "condition": {
      "when": "rpvoicechat:additional-content",
      "isValue": "false"
    }
  },
  {
    "op": "add",
    "path": "/enabled",
    "value": false,
    "file": "rpvoicechat:itemtypes/radiocase.json",
    "condition": {
      "when": "rpvoicechat:additional-content",
      "isValue": "false"
    }
  },
  {
    "op": "add",
    "path": "/enabled",
    "value": false,
    "file": "rpvoicechat:itemtypes/resource/smallbellparts.json",
    "condition": {
      "when": "rpvoicechat:additional-content",
      "isValue": "false"
    }
  },
  {
    "op": "add",
    "path": "/enabled",
    "value": false,
    "file": "rpvoicechat:itemtypes/resource/royalhornhead.json",
    "condition": {
      "when": "rpvoicechat:additional-content",
      "isValue": "false"
    }
  },
  {
    "op": "add",
    "path": "/enabled",
    "value": false,
    "file": "rpvoicechat:itemtypes/resource/royalhornhandle.json",
    "condition": {
      "when": "rpvoicechat:additional-content",
      "isValue": "false"
    }
  },
  {
    "op": "add",
    "path": "/enabled",
    "value": false,
    "file": "rpvoicechat:itemtypes/resource/perfectgoathorn.json",
    "condition": {
      "when": "rpvoicechat:additional-content",
      "isValue": "false"
    }
  }
]

