[
  {
    "op": "add",
    "path": "/enabled",
    "value": false,
    "file": "rpvoicechat:blocktypes/callbell.json",
    "condition": {
      "when": "rpvoicechat:additional-content",
      "isValue": "false"
    }
  },
  {
    "op": "add",
    "path": "/enabled",
    "value": false,
    "file": "rpvoicechat:blocktypes/carillonbell.json",
    "condition": {
      "when": "rpvoicechat:additional-content",
      "isValue": "false"
    }
  },
  {
    "op": "add",
    "path": "/enabled",
    "value": false,
    "file": "rpvoicechat:blocktypes/churchbell.json",
    "condition": {
      "when": "rpvoicechat:additional-content",
      "isValue": "false"
    }
  },
  {
    "op": "add",
    "path": "/enabled",
    "value": false,
    "file": "rpvoicechat:blocktypes/churchbell-part.json",
    "condition": {
      "when": "rpvoicechat:additional-content",
      "isValue": "false"
    }
  },
  {
    "op": "add",
    "path": "/enabled",
    "value": false,
    "file": "rpvoicechat:blocktypes/churchbell-layer.json",
    "condition": {
      "when": "rpvoicechat:additional-content",
      "isValue": "false"
    }
  },
  {
    "op": "add",
    "path": "/enabled",
    "value": false,
    "file": "rpvoicechat:blocktypes/claymold/smallbellpartsmold.json",
    "condition": {
      "when": "rpvoicechat:additional-content",
      "isValue": "false"
    }
  },
  {
    "op": "add",
    "path": "/enabled",
    "value": false,
    "file": "rpvoicechat:blocktypes/claymold/royalhornheadmold.json",
    "condition": {
      "when": "rpvoicechat:additional-content",
      "isValue": "false"
    }
  },
  {
    "op": "add",
    "path": "/enabled",
    "value": false,
    "file": "rpvoicechat:blocktypes/claymold/carillonbellmold.json",
    "condition": {
      "when": "rpvoicechat:additional-content",
      "isValue": "false"
    }
  },
  {
    "op": "add",
    "path": "/enabled",
    "value": false,
    "file": "rpvoicechat:blocktypes/claymold/churchbellpartmold.json",
    "condition": {
      "when": "rpvoicechat:additional-content",
      "isValue": "false"
    }
  }
]

