[
  {
    "op": "add",
    "path": "/enabled",
    "value": false,
    "file": "rpvoicechat:blocktypes/telegraph.json",
    "condition": {
      "when": "rpvoicechat:telegraph-content",
      "isValue": "false"
    }
  },
  {
    "op": "add",
    "path": "/enabled",
    "value": false,
    "file": "rpvoicechat:blocktypes/connector.json",
    "condition": {
      "when": "rpvoicechat:telegraph-content",
      "isValue": "false"
    }
  },
  {
    "op": "add",
    "path": "/enabled",
    "value": false,
    "file": "rpvoicechat:blocktypes/printer.json",
    "condition": {
      "when": "rpvoicechat:telegraph-content",
      "isValue": "false"
    }
  },
  {
    "op": "add",
    "path": "/enabled",
    "value": false,
    "file": "rpvoicechat:blocktypes/claymold/wirecutterjawmold.json",
    "condition": {
      "when": "rpvoicechat:telegraph-content",
      "isValue": "false"
    }
  },
  {
    "op": "add",
    "path": "/enabled",
    "value": false,
    "file": "rpvoicechat:blocktypes/telegraph.json",
    "condition": {
      "when": "rpvoicechat:additional-content",
      "isValue": "false"
    }
  },
  {
    "op": "add",
    "path": "/enabled",
    "value": false,
    "file": "rpvoicechat:blocktypes/connector.json",
    "condition": {
      "when": "rpvoicechat:additional-content",
      "isValue": "false"
    }
  },
  {
    "op": "add",
    "path": "/enabled",
    "value": false,
    "file": "rpvoicechat:blocktypes/printer.json",
    "condition": {
      "when": "rpvoicechat:additional-content",
      "isValue": "false"
    }
  },
  {
    "op": "add",
    "path": "/enabled",
    "value": false,
    "file": "rpvoicechat:blocktypes/claymold/wirecutterjawmold.json",
    "condition": {
      "when": "rpvoicechat:additional-content",
      "isValue": "false"
    }
  }
]

