{
	"editor": {
		"allAngles": false,
		"entityTextureMode": false
	},
	"textureWidth": 16,
	"textureHeight": 16,
	"textureSizes": {
	},
	"textures": {
		"devilstooth": "aldiclasses:item/shrooms/washed/devilstooth/devilstooth"
	},
	"elements": [
		{
			"name": "origin",
			"from": [ 8.0, 0.0, 8.0 ],
			"to": [ 8.0, 0.0, 8.0 ],
			"rotationOrigin": [ 8.0, 0.0, 8.0 ],
			"faces": {
				"north": {
					"texture": "#null",
					"uv": [ 0.0, 0.0, 0.5, 0.5 ],
					"enabled": false
				},
				"east": {
					"texture": "#null",
					"uv": [ 0.0, 0.0, 0.5, 0.5 ],
					"enabled": false
				},
				"south": {
					"texture": "#null",
					"uv": [ 0.0, 0.0, 0.5, 0.5 ],
					"enabled": false
				},
				"west": {
					"texture": "#null",
					"uv": [ 0.0, 0.0, 0.5, 0.5 ],
					"enabled": false
				},
				"up": {
					"texture": "#null",
					"uv": [ 0.0, 0.0, 0.5, 0.5 ],
					"enabled": false
				},
				"down": {
					"texture": "#null",
					"uv": [ 0.0, 0.0, 0.5, 0.5 ],
					"enabled": false
				}
			},
			"children": [
				{
					"name": "main",
					"from": [ -1.5, 0.5, -1.5 ],
					"to": [ 1.5, 2.5, 1.5 ],
					"faces": {
						"north": {
							"texture": "#devilstooth",
							"uv": [ 8.0, 6.0, 11.0, 8.0 ]
						},
						"east": {
							"texture": "#devilstooth",
							"uv": [ 10.5, 4.0, 13.5, 6.0 ]
						},
						"south": {
							"texture": "#devilstooth",
							"uv": [ 7.5, 6.0, 10.5, 8.0 ]
						},
						"west": {
							"texture": "#devilstooth",
							"uv": [ 10.0, 7.5, 13.0, 9.5 ]
						},
						"up": {
							"texture": "#devilstooth",
							"uv": [ 6.0, 4.5, 9.0, 7.5 ]
						},
						"down": {
							"texture": "#devilstooth",
							"uv": [ 9.0, 4.5, 12.0, 7.5 ]
						}
					},
					"children": [
						{
							"name": "top",
							"from": [ 0.5, 2.0, 0.5 ],
							"to": [ 2.5, 2.5, 2.5 ],
							"rotationOrigin": [ 1.5, 2.0, 1.5 ],
							"faces": {
								"north": {
									"texture": "#devilstooth",
									"uv": [ 1.5, 2.0, 3.5, 2.5 ]
								},
								"east": {
									"texture": "#devilstooth",
									"uv": [ 2.0, 2.0, 4.0, 2.5 ]
								},
								"south": {
									"texture": "#devilstooth",
									"uv": [ 0.0, 1.5, 2.0, 2.0 ]
								},
								"west": {
									"texture": "#devilstooth",
									"uv": [ 2.5, 1.5, 4.5, 2.0 ]
								},
								"up": {
									"texture": "#devilstooth",
									"uv": [ 10.0, 1.5, 12.0, 3.5 ]
								},
								"down": {
									"texture": "#devilstooth",
									"uv": [ 0.0, 0.0, 2.0, 2.0 ],
									"enabled": false
								}
							}
						},
						{
							"name": "bottom",
							"from": [ 0.5, -0.5, 0.5 ],
							"to": [ 2.5, 0.0, 2.5 ],
							"rotationOrigin": [ 3.0, -0.5, 3.0 ],
							"faces": {
								"north": {
									"texture": "#devilstooth",
									"uv": [ 10.0, 8.0, 12.0, 8.5 ]
								},
								"east": {
									"texture": "#devilstooth",
									"uv": [ 8.0, 9.5, 10.0, 10.0 ]
								},
								"south": {
									"texture": "#devilstooth",
									"uv": [ 9.0, 8.0, 11.0, 8.5 ]
								},
								"west": {
									"texture": "#devilstooth",
									"uv": [ 8.0, 11.5, 10.0, 12.0 ]
								},
								"up": {
									"texture": "#devilstooth",
									"uv": [ 0.0, 0.0, 2.0, 2.0 ],
									"enabled": false
								},
								"down": {
									"texture": "#devilstooth",
									"uv": [ 9.5, 10.0, 11.5, 12.0 ]
								}
							}
						}
					]
				}
			]
		}
	]
}