{
	"editor": {
		"allAngles": false,
		"entityTextureMode": false
	},
	"textureWidth": 16,
	"textureHeight": 16,
	"textureSizes": {
	},
	"textures": {
		"funeralbell": "aldiclasses:item/shrooms/washed/funeralbell/funeralbell",
		"pores": "game:block/plant/mushroom/pores"
	},
	"elements": [
		{
			"name": "origin",
			"from": [ 8.0, 0.0, 8.0 ],
			"to": [ 8.0, 0.0, 8.0 ],
			"rotationOrigin": [ 8.0, 0.0, 8.0 ],
			"faces": {
				"north": {
					"texture": "#funeralbell",
					"uv": [ 0.0, 0.0, 0.5, 0.5 ],
					"enabled": false
				},
				"east": {
					"texture": "#funeralbell",
					"uv": [ 0.0, 0.0, 0.5, 0.5 ],
					"enabled": false
				},
				"south": {
					"texture": "#funeralbell",
					"uv": [ 0.0, 0.0, 0.5, 0.5 ],
					"enabled": false
				},
				"west": {
					"texture": "#funeralbell",
					"uv": [ 0.0, 0.0, 0.5, 0.5 ],
					"enabled": false
				},
				"up": {
					"texture": "#funeralbell",
					"uv": [ 0.0, 0.0, 0.5, 0.5 ],
					"enabled": false
				},
				"down": {
					"texture": "#funeralbell",
					"uv": [ 0.0, 0.0, 0.5, 0.5 ],
					"enabled": false
				}
			},
			"children": [
				{
					"name": "big-stalk",
					"from": [ -0.4, -0.1, -0.4 ],
					"to": [ 0.4, 1.9, 0.4 ],
					"rotationOrigin": [ 0.0, -0.1, 0.0 ],
					"rotationX": 4.0,
					"rotationY": 10.0,
					"rotationZ": 4.0,
					"faces": {
						"north": {
							"texture": "#funeralbell",
							"uv": [ 10.0, 13.0, 10.5, 15.0 ]
						},
						"east": {
							"texture": "#funeralbell",
							"uv": [ 10.0, 14.0, 10.5, 16.0 ]
						},
						"south": {
							"texture": "#funeralbell",
							"uv": [ 10.5, 13.5, 11.0, 15.5 ]
						},
						"west": {
							"texture": "#funeralbell",
							"uv": [ 11.5, 13.0, 12.0, 15.0 ]
						},
						"up": {
							"texture": "#funeralbell",
							"uv": [ 10.0, 6.5, 10.5, 7.0 ]
						},
						"down": {
							"texture": "#funeralbell",
							"uv": [ 11.5, 14.5, 12.0, 15.0 ]
						}
					},
					"children": [
						{
							"name": "big-stalk-up",
							"from": [ 0.0, 1.8, 0.0 ],
							"to": [ 0.8, 3.3, 0.8 ],
							"rotationOrigin": [ 0.4, 1.8, 0.4 ],
							"rotationX": 8.0,
							"rotationZ": 3.0,
							"faces": {
								"north": {
									"texture": "#funeralbell",
									"uv": [ 11.5, 11.0, 12.0, 12.5 ]
								},
								"east": {
									"texture": "#funeralbell",
									"uv": [ 12.5, 10.5, 13.0, 12.0 ]
								},
								"south": {
									"texture": "#funeralbell",
									"uv": [ 13.5, 11.0, 14.0, 12.5 ]
								},
								"west": {
									"texture": "#funeralbell",
									"uv": [ 12.0, 10.0, 12.5, 11.5 ]
								},
								"up": {
									"texture": "#funeralbell",
									"uv": [ 0.0, 0.0, 0.5, 0.5 ],
									"enabled": false
								},
								"down": {
									"texture": "#funeralbell",
									"uv": [ 0.0, 0.0, 0.5, 0.5 ],
									"enabled": false
								}
							},
							"children": [
								{
									"name": "big-cap",
									"from": [ -1.1, 1.5, -1.1 ],
									"to": [ 1.9, 2.5, 1.9 ],
									"rotationOrigin": [ 0.4, 1.5, 0.4 ],
									"faces": {
										"north": {
											"texture": "#funeralbell",
											"uv": [ 3.0, 14.5, 6.0, 15.5 ]
										},
										"east": {
											"texture": "#funeralbell",
											"uv": [ 1.5, 14.5, 4.5, 15.5 ]
										},
										"south": {
											"texture": "#funeralbell",
											"uv": [ 0.5, 13.5, 3.5, 14.5 ]
										},
										"west": {
											"texture": "#funeralbell",
											"uv": [ 1.0, 14.5, 4.0, 15.5 ]
										},
										"up": {
											"texture": "#funeralbell",
											"uv": [ 1.0, 9.0, 4.0, 12.0 ]
										},
										"down": {
											"texture": "#pores",
											"uv": [ 3.5, 9.5, 6.5, 12.5 ]
										}
									},
									"children": [
										{
											"name": "big-capup",
											"from": [ 0.5, 1.0, 0.5 ],
											"to": [ 2.5, 1.5, 2.5 ],
											"rotationOrigin": [ 1.5, 1.0, 1.5 ],
											"faces": {
												"north": {
													"texture": "#funeralbell",
													"uv": [ 1.5, 14.0, 3.5, 14.5 ]
												},
												"east": {
													"texture": "#funeralbell",
													"uv": [ 3.5, 13.0, 5.5, 13.5 ]
												},
												"south": {
													"texture": "#funeralbell",
													"uv": [ 3.0, 13.0, 5.0, 13.5 ]
												},
												"west": {
													"texture": "#funeralbell",
													"uv": [ 3.5, 12.0, 5.5, 12.5 ]
												},
												"up": {
													"texture": "#funeralbell",
													"uv": [ 1.0, 10.0, 3.0, 12.0 ]
												},
												"down": {
													"texture": "#funeralbell",
													"uv": [ 0.0, 0.0, 2.0, 2.0 ],
													"enabled": false
												}
											}
										}
									]
								},
								{
									"name": "big-skirt",
									"from": [ -0.1, 0.3, -0.1 ],
									"to": [ 0.9, 1.3, 0.9 ],
									"rotationOrigin": [ 0.4, 0.3, 0.4 ],
									"faces": {
										"north": {
											"texture": "#funeralbell",
											"uv": [ 5.0, 14.5, 6.0, 15.5 ]
										},
										"east": {
											"texture": "#funeralbell",
											"uv": [ 3.0, 14.0, 4.0, 15.0 ]
										},
										"south": {
											"texture": "#funeralbell",
											"uv": [ 4.0, 14.0, 5.0, 15.0 ]
										},
										"west": {
											"texture": "#funeralbell",
											"uv": [ 4.0, 14.0, 5.0, 15.0 ]
										},
										"up": {
											"texture": "#funeralbell",
											"uv": [ 1.5, 9.0, 2.5, 10.0 ]
										},
										"down": {
											"texture": "#funeralbell",
											"uv": [ 2.0, 9.5, 3.0, 10.5 ]
										}
									}
								}
							]
						}
					]
				},
				{
					"name": "med-stalk1",
					"from": [ -0.2, -0.1, -1.2 ],
					"to": [ 0.6, 1.4, -0.4 ],
					"rotationOrigin": [ 0.2, -0.1, -0.8 ],
					"rotationX": -9.0,
					"rotationY": 4.0,
					"rotationZ": -22.5,
					"faces": {
						"north": {
							"texture": "#funeralbell",
							"uv": [ 10.0, 13.0, 10.5, 14.5 ]
						},
						"east": {
							"texture": "#funeralbell",
							"uv": [ 10.0, 14.0, 10.5, 15.5 ]
						},
						"south": {
							"texture": "#funeralbell",
							"uv": [ 10.5, 13.5, 11.0, 15.0 ]
						},
						"west": {
							"texture": "#funeralbell",
							"uv": [ 11.5, 13.0, 12.0, 14.5 ]
						},
						"up": {
							"texture": "#funeralbell",
							"uv": [ 10.0, 6.5, 10.5, 7.0 ]
						},
						"down": {
							"texture": "#funeralbell",
							"uv": [ 11.5, 14.5, 12.0, 15.0 ]
						}
					},
					"children": [
						{
							"name": "med-stalk-up1",
							"from": [ 0.0, 1.3, 0.0 ],
							"to": [ 0.8, 2.8, 0.8 ],
							"rotationOrigin": [ 0.4, 1.3, 0.4 ],
							"rotationX": 3.0,
							"rotationZ": 5.0,
							"faces": {
								"north": {
									"texture": "#funeralbell",
									"uv": [ 11.5, 11.0, 12.0, 12.5 ]
								},
								"east": {
									"texture": "#funeralbell",
									"uv": [ 12.5, 10.5, 13.0, 12.0 ]
								},
								"south": {
									"texture": "#funeralbell",
									"uv": [ 13.5, 11.0, 14.0, 12.5 ]
								},
								"west": {
									"texture": "#funeralbell",
									"uv": [ 12.0, 10.0, 12.5, 11.5 ]
								},
								"up": {
									"texture": "#funeralbell",
									"uv": [ 0.0, 0.0, 0.5, 0.5 ],
									"enabled": false
								},
								"down": {
									"texture": "#funeralbell",
									"uv": [ 0.0, 0.0, 0.5, 0.5 ],
									"enabled": false
								}
							},
							"children": [
								{
									"name": "med-cap1",
									"from": [ -0.6, 1.5, -0.6 ],
									"to": [ 1.4, 2.5, 1.4 ],
									"rotationOrigin": [ 0.4, 1.5, 0.4 ],
									"faces": {
										"north": {
											"texture": "#funeralbell",
											"uv": [ 3.0, 14.5, 5.0, 15.5 ]
										},
										"east": {
											"texture": "#funeralbell",
											"uv": [ 1.5, 14.5, 3.5, 15.5 ]
										},
										"south": {
											"texture": "#funeralbell",
											"uv": [ 0.5, 13.5, 2.5, 14.5 ]
										},
										"west": {
											"texture": "#funeralbell",
											"uv": [ 1.0, 14.5, 3.0, 15.5 ]
										},
										"up": {
											"texture": "#funeralbell",
											"uv": [ 1.0, 9.0, 3.0, 11.0 ]
										},
										"down": {
											"texture": "#pores",
											"uv": [ 3.5, 9.5, 5.5, 11.5 ]
										}
									},
									"children": [
										{
											"name": "med-capup1",
											"from": [ 0.5, 1.0, 0.5 ],
											"to": [ 1.5, 1.5, 1.5 ],
											"rotationOrigin": [ 1.5, 1.0, 1.5 ],
											"faces": {
												"north": {
													"texture": "#funeralbell",
													"uv": [ 1.5, 14.0, 2.5, 14.5 ]
												},
												"east": {
													"texture": "#funeralbell",
													"uv": [ 3.5, 13.0, 4.5, 13.5 ]
												},
												"south": {
													"texture": "#funeralbell",
													"uv": [ 3.0, 13.0, 4.0, 13.5 ]
												},
												"west": {
													"texture": "#funeralbell",
													"uv": [ 3.5, 12.0, 4.5, 12.5 ]
												},
												"up": {
													"texture": "#funeralbell",
													"uv": [ 1.0, 10.0, 2.0, 11.0 ]
												},
												"down": {
													"texture": "#funeralbell",
													"uv": [ 0.0, 0.0, 1.0, 1.0 ],
													"enabled": false
												}
											}
										}
									]
								},
								{
									"name": "med-skirt1",
									"from": [ -0.1, 0.3, -0.1 ],
									"to": [ 0.9, 0.8, 0.9 ],
									"rotationOrigin": [ 0.4, 0.3, 0.4 ],
									"faces": {
										"north": {
											"texture": "#funeralbell",
											"uv": [ 5.0, 14.5, 6.0, 15.0 ]
										},
										"east": {
											"texture": "#funeralbell",
											"uv": [ 3.0, 14.0, 4.0, 14.5 ]
										},
										"south": {
											"texture": "#funeralbell",
											"uv": [ 4.0, 14.0, 5.0, 14.5 ]
										},
										"west": {
											"texture": "#funeralbell",
											"uv": [ 4.0, 14.0, 5.0, 14.5 ]
										},
										"up": {
											"texture": "#funeralbell",
											"uv": [ 1.5, 9.0, 2.5, 10.0 ]
										},
										"down": {
											"texture": "#funeralbell",
											"uv": [ 2.0, 9.5, 3.0, 10.5 ]
										}
									}
								}
							]
						}
					]
				},
				{
					"name": "med-stalk2",
					"from": [ -1.2, -0.1, 0.3 ],
					"to": [ -0.4, 1.4, 1.1 ],
					"rotationOrigin": [ -0.8, -0.1, 0.7 ],
					"rotationX": 18.0,
					"rotationY": 4.0,
					"rotationZ": 15.0,
					"faces": {
						"north": {
							"texture": "#funeralbell",
							"uv": [ 10.0, 13.0, 10.5, 14.5 ]
						},
						"east": {
							"texture": "#funeralbell",
							"uv": [ 10.0, 14.0, 10.5, 15.5 ]
						},
						"south": {
							"texture": "#funeralbell",
							"uv": [ 10.5, 13.5, 11.0, 15.0 ]
						},
						"west": {
							"texture": "#funeralbell",
							"uv": [ 11.5, 13.0, 12.0, 14.5 ]
						},
						"up": {
							"texture": "#funeralbell",
							"uv": [ 10.0, 6.5, 10.5, 7.0 ]
						},
						"down": {
							"texture": "#funeralbell",
							"uv": [ 11.5, 14.5, 12.0, 15.0 ]
						}
					},
					"children": [
						{
							"name": "med-stalk-up2",
							"from": [ 0.0, 1.3, 0.0 ],
							"to": [ 0.8, 2.3, 0.8 ],
							"rotationOrigin": [ 0.4, 1.3, 0.4 ],
							"rotationX": 3.0,
							"rotationZ": -9.0,
							"faces": {
								"north": {
									"texture": "#funeralbell",
									"uv": [ 11.5, 11.0, 12.0, 12.0 ]
								},
								"east": {
									"texture": "#funeralbell",
									"uv": [ 12.5, 10.5, 13.0, 11.5 ]
								},
								"south": {
									"texture": "#funeralbell",
									"uv": [ 13.5, 11.0, 14.0, 12.0 ]
								},
								"west": {
									"texture": "#funeralbell",
									"uv": [ 12.0, 10.0, 12.5, 11.0 ]
								},
								"up": {
									"texture": "#funeralbell",
									"uv": [ 0.0, 0.0, 0.5, 0.5 ],
									"enabled": false
								},
								"down": {
									"texture": "#funeralbell",
									"uv": [ 0.0, 0.0, 0.5, 0.5 ],
									"enabled": false
								}
							},
							"children": [
								{
									"name": "med-cap2",
									"from": [ -0.6, 1.0, -0.6 ],
									"to": [ 1.4, 1.5, 1.4 ],
									"rotationOrigin": [ 0.4, 1.0, 0.4 ],
									"faces": {
										"north": {
											"texture": "#funeralbell",
											"uv": [ 3.0, 14.5, 5.0, 15.0 ]
										},
										"east": {
											"texture": "#funeralbell",
											"uv": [ 1.5, 14.5, 3.5, 15.0 ]
										},
										"south": {
											"texture": "#funeralbell",
											"uv": [ 0.5, 13.5, 2.5, 14.0 ]
										},
										"west": {
											"texture": "#funeralbell",
											"uv": [ 1.0, 14.5, 3.0, 15.0 ]
										},
										"up": {
											"texture": "#funeralbell",
											"uv": [ 1.0, 9.0, 3.0, 11.0 ]
										},
										"down": {
											"texture": "#pores",
											"uv": [ 3.5, 9.5, 5.5, 11.5 ]
										}
									},
									"children": [
										{
											"name": "med-capup2",
											"from": [ 0.5, 0.5, 0.5 ],
											"to": [ 1.5, 1.0, 1.5 ],
											"rotationOrigin": [ 1.5, 0.5, 1.5 ],
											"faces": {
												"north": {
													"texture": "#funeralbell",
													"uv": [ 1.5, 14.0, 2.5, 14.5 ]
												},
												"east": {
													"texture": "#funeralbell",
													"uv": [ 3.5, 13.0, 4.5, 13.5 ]
												},
												"south": {
													"texture": "#funeralbell",
													"uv": [ 3.0, 13.0, 4.0, 13.5 ]
												},
												"west": {
													"texture": "#funeralbell",
													"uv": [ 3.5, 12.0, 4.5, 12.5 ]
												},
												"up": {
													"texture": "#funeralbell",
													"uv": [ 1.0, 10.0, 2.0, 11.0 ]
												},
												"down": {
													"texture": "#funeralbell",
													"uv": [ 0.0, 0.0, 1.0, 1.0 ],
													"enabled": false
												}
											}
										}
									]
								},
								{
									"name": "med-skirt2",
									"from": [ -0.1, 0.3, -0.1 ],
									"to": [ 0.9, 0.8, 0.9 ],
									"rotationOrigin": [ 0.4, 0.3, 0.4 ],
									"faces": {
										"north": {
											"texture": "#funeralbell",
											"uv": [ 5.0, 14.5, 6.0, 15.0 ]
										},
										"east": {
											"texture": "#funeralbell",
											"uv": [ 3.0, 14.0, 4.0, 14.5 ]
										},
										"south": {
											"texture": "#funeralbell",
											"uv": [ 4.0, 14.0, 5.0, 14.5 ]
										},
										"west": {
											"texture": "#funeralbell",
											"uv": [ 4.0, 14.0, 5.0, 14.5 ]
										},
										"up": {
											"texture": "#funeralbell",
											"uv": [ 1.5, 9.0, 2.5, 10.0 ]
										},
										"down": {
											"texture": "#funeralbell",
											"uv": [ 2.0, 9.5, 3.0, 10.5 ]
										}
									}
								}
							]
						}
					]
				},
				{
					"name": "sml-stalk1",
					"from": [ -0.9, -0.1, -0.8 ],
					"to": [ -0.3, 0.9, -0.2 ],
					"rotationOrigin": [ -0.6, -0.1, -0.5 ],
					"rotationX": -6.0,
					"rotationZ": 22.5,
					"faces": {
						"north": {
							"texture": "#funeralbell",
							"uv": [ 10.0, 13.0, 10.5, 14.0 ]
						},
						"east": {
							"texture": "#funeralbell",
							"uv": [ 10.0, 14.0, 10.5, 15.0 ]
						},
						"south": {
							"texture": "#funeralbell",
							"uv": [ 10.5, 13.5, 11.0, 14.5 ]
						},
						"west": {
							"texture": "#funeralbell",
							"uv": [ 11.5, 13.0, 12.0, 14.0 ]
						},
						"up": {
							"texture": "#funeralbell",
							"uv": [ 10.0, 6.5, 10.5, 7.0 ]
						},
						"down": {
							"texture": "#funeralbell",
							"uv": [ 11.5, 14.5, 12.0, 15.0 ]
						}
					},
					"children": [
						{
							"name": "sml-stalk-up1",
							"from": [ 0.0, 0.9, 0.0 ],
							"to": [ 0.6, 1.9, 0.6 ],
							"rotationOrigin": [ 0.3, 0.9, 0.3 ],
							"rotationX": 3.0,
							"rotationZ": -9.0,
							"faces": {
								"north": {
									"texture": "#funeralbell",
									"uv": [ 11.5, 11.0, 12.0, 12.0 ]
								},
								"east": {
									"texture": "#funeralbell",
									"uv": [ 12.5, 10.5, 13.0, 11.5 ]
								},
								"south": {
									"texture": "#funeralbell",
									"uv": [ 13.5, 11.0, 14.0, 12.0 ]
								},
								"west": {
									"texture": "#funeralbell",
									"uv": [ 12.0, 10.0, 12.5, 11.0 ]
								},
								"up": {
									"texture": "#funeralbell",
									"uv": [ 0.0, 0.0, 0.5, 0.5 ],
									"enabled": false
								},
								"down": {
									"texture": "#funeralbell",
									"uv": [ 0.0, 0.0, 0.5, 0.5 ],
									"enabled": false
								}
							},
							"children": [
								{
									"name": "sml-cap1",
									"from": [ -0.4, 1.0, -0.4 ],
									"to": [ 1.1, 1.5, 1.1 ],
									"rotationOrigin": [ 0.3, 1.0, 0.3 ],
									"faces": {
										"north": {
											"texture": "#funeralbell",
											"uv": [ 3.0, 14.5, 4.5, 15.0 ]
										},
										"east": {
											"texture": "#funeralbell",
											"uv": [ 1.5, 14.5, 3.0, 15.0 ]
										},
										"south": {
											"texture": "#funeralbell",
											"uv": [ 0.5, 13.5, 2.0, 14.0 ]
										},
										"west": {
											"texture": "#funeralbell",
											"uv": [ 1.0, 14.5, 2.5, 15.0 ]
										},
										"up": {
											"texture": "#funeralbell",
											"uv": [ 1.0, 9.0, 2.5, 10.5 ]
										},
										"down": {
											"texture": "#pores",
											"uv": [ 3.5, 9.5, 5.0, 11.0 ]
										}
									}
								},
								{
									"name": "sml-skirt1",
									"from": [ -0.1, 0.1, -0.1 ],
									"to": [ 0.7, 0.6, 0.7 ],
									"rotationOrigin": [ 0.3, 0.1, 0.3 ],
									"faces": {
										"north": {
											"texture": "#funeralbell",
											"uv": [ 5.0, 14.5, 5.5, 15.0 ]
										},
										"east": {
											"texture": "#funeralbell",
											"uv": [ 3.0, 14.0, 3.5, 14.5 ]
										},
										"south": {
											"texture": "#funeralbell",
											"uv": [ 4.0, 14.0, 4.5, 14.5 ]
										},
										"west": {
											"texture": "#funeralbell",
											"uv": [ 4.0, 14.0, 4.5, 14.5 ]
										},
										"up": {
											"texture": "#funeralbell",
											"uv": [ 1.5, 9.0, 2.0, 9.5 ]
										},
										"down": {
											"texture": "#funeralbell",
											"uv": [ 2.0, 9.5, 2.5, 10.0 ]
										}
									}
								}
							]
						}
					]
				}
			]
		}
	]
}